[{"$i":"brandShortName","$v":"KaiOS"},{"$i":"browserBrandShortName","$v":"Web Browser"},{"$i":"browserBrandFullName","$v":"Mozilla Web Browser"},{"$i":"ringtoneBrandName","$v":"Default"},{"$i":"ringtoneSectionBrandName","$v":"System"},{"$i":"ok","$v":"U redu"},{"$i":"back","$v":"Nazad"},{"$i":"help","$v":"Pomoć"},{"$i":"cancel","$v":"Otkaži"},{"$i":"close","$v":"Zatvori"},{"$i":"skip","$v":"Preskoči"},{"$i":"enable","$v":"Omogući"},{"$i":"turnOn","$v":"Uključi"},{"$i":"save","$v":"Sačuvaj"},{"$i":"select","$v":"Odaberi"},{"$i":"deselect","$v":"Poništi odabir"},{"$i":"go","$v":"Idi"},{"$i":"search","$v":"Traži"},{"$i":"options","$v":"Opcije"},{"$i":"exit","$v":"Izađi"},{"$i":"signIn","$v":"Prijava"},{"$i":"dismiss","$v":"Odbaci"},{"$i":"dismiss-all","$v":"Odbaci sve"},{"$i":"undo","ariaLabel":"Opozovi"},{"$i":"lockscreenEnterLockCode","$v":"Unesi kod od 4 cifre"},{"$i":"lockscreenCheckLockCode","$v":"Nevažeći kôd. Pokušajte ponovo."},{"$i":"lockscreenDeviceLocked","$v":"Uređaj je zaključan, pokušajte ponovo za 30 sekundi."},{"$i":"pocketmodeLongPress","$v":"Klizanje ili pritiskanje"},{"$i":"pocketmodeToUnlock","$v":"za otključavanje"},{"$i":"enterPIN","$v":"Unesite kôd od 6 cifara da otključate"},{"$i":"mediaPlaybackTrack","$v":"Naziv i izvođač numere"},{"$i":"mediaPlaybackControls","$v":"Kontrole reprodukcije"},{"$i":"mediaPlaybackPrevious","$v":"Prethodno"},{"$i":"mediaPlaybackPlay","$v":"Reprodukuj"},{"$i":"mediaPlaybackPause","$v":"Pauza"},{"$i":"mediaPlaybackNext","$v":"Sljedeće"},{"$i":"UnknownTrack","$v":"Nepoznata numera"},{"$i":"wifiButton-on","$v":"Wi-Fi uklj."},{"$i":"wifiButton-on-initializing","$v":"Wi-Fi uklj, pokretanje"},{"$i":"wifiButton-off","$v":"Wi-Fi isklj."},{"$i":"dataButton-on","$v":["Podaci ",{"t":"idOrVar","v":"type"}," uklj."]},{"$i":"dataButton-off","$v":["Podaci ",{"t":"idOrVar","v":"type"}," isklj."]},{"$i":"bluetoothButton-on","$v":"Bluetooth uključen"},{"$i":"bluetoothButton-on-initializing","$v":"Bluetooth uklj, pokretanje"},{"$i":"bluetoothButton-off","$v":"Bluetooth isključen"},{"$i":"airplaneMode-on","$v":"Režim u avionu uklj."},{"$i":"airplaneMode-off","$v":"Režim u avionu je isklj."},{"$i":"airplaneOff","$v":"Isključi avio. režim"},{"$i":"settingsButton","ariaLabel":"Postavke"},{"$i":"simLabel","$v":["SIM ",{"t":"idOrVar","v":"id"}]},{"$i":"statusbarLabel","$v":[{"t":"idOrVar","v":"date"},", ",{"t":"idOrVar","v":"operator"}]},{"$i":"statusbarDateFormat","$v":"%b %e"},{"$i":"statusbar","ariaLabel":"Traka statusa"},{"$i":"statusbarBattery","ariaLabel":["Procenat ",{"t":"idOrVar","v":"level"}," baterije"]},{"$i":"statusbarBatteryCharging","ariaLabel":["Procenat ",{"t":"idOrVar","v":"level"}," baterije, punjenje"]},{"$i":"statusbarFlightMode","ariaLabel":"Režim u avionu uklj."},{"$i":"statusbarWiFiConnecting","$v":"Wi-Fi: povezivanje"},{"$i":"statusbarWiFiConnected","$v":["Wi-Fi: ",{"t":"idOrVar","v":"level"}," sa 4 crtice"]},{"$i":"statusbarSignal","$v":[{"t":"idOrVar","v":"operator"}," mreža, ",{"t":"idOrVar","v":"level"}," s 5 crtica"]},{"$i":"statusbarSignalRoaming","$v":[{"t":"idOrVar","v":"operator"}," mreža (roaming), ",{"t":"idOrVar","v":"level"}," s 5 crtica"]},{"$i":"statusbarSignalNoneSearching","$v":"Traženje… Samo hitni pozivi"},{"$i":"statusbarHeadphones","ariaLabel":"Slušalice uklj."},{"$i":"statusbarBluetoothHeadphones","ariaLabel":"Bluetooth slušalice su uklj."},{"$i":"statusbarBluetoothTransferring","ariaLabel":"Uređaj za prenos pomoću Bluetooth-a"},{"$i":"statusbarIconOn-tethering","$v":"Povezivanje uklj."},{"$i":"statusbarIconOnActive-tethering","$v":"Povezivanje uklj., aktivno"},{"$i":"statusbarAlarm","ariaLabel":"Alarm uključen"},{"$i":"statusbarIME","ariaLabel":"IME uklj."},{"$i":"statusbarIconOn-bluetooth","$v":"Bluetooth je uključen"},{"$i":"statusbarIconOnActive-bluetooth","$v":"Bluetooth uklj, aktivan"},{"$i":"statusbarIconOn-mute","$v":"Zvuk isključen"},{"$i":"statusbarIconOn-vibration","$v":"Vibracija uklj."},{"$i":"statusbarRecording","ariaLabel":"Snimanje uklj."},{"$i":"statusbarGeolocation","ariaLabel":"Geolokacija uklj."},{"$i":"statusbarUsb","ariaLabel":"USB uklj."},{"$i":"statusbarForwarding","$v":"Uključeno preusmjeravanje poziva"},{"$i":"statusbarPlaying","ariaLabel":"Reprodukovanje medija"},{"$i":"statusbarNfc","ariaLabel":"NFC uklj."},{"$i":"statusbarDownloads","ariaLabel":"Preuzimanje…"},{"$i":"statusbarNetworkActivity","ariaLabel":"Umrežavanje uklj."},{"$i":"statusbarEmergencyCBNotification","ariaLabel":"Povratni poziv u nuždi"},{"$i":"statusbarNotifications","$v":{"few":[{"t":"idOrVar","v":"n"}," obavijesti"],"many":[{"t":"idOrVar","v":"n"}," obavijesti"],"one":[{"t":"idOrVar","v":"n"}," obavijesti"],"other":[{"t":"idOrVar","v":"n"}," obavijesti"],"two":[{"t":"idOrVar","v":"n"}," obavijesti"]},"$x":[{"t":"idOrVar","v":"plural"},"n"]},{"$i":"statusbarNotifications-unread","ariaLabel":{"$x":[{"t":"idOrVar","v":"plural"},"n"],"$v":{"few":[{"t":"idOrVar","v":"n"}," nepročitane obavijesti"],"many":[{"t":"idOrVar","v":"n"}," nepročitane obavijesti"],"one":[{"t":"idOrVar","v":"n"}," nepročitana obavijest"],"other":[{"t":"idOrVar","v":"n"}," nepročitane obavijesti"],"two":[{"t":"idOrVar","v":"n"}," nepročitane obavijesti"]}}},{"$i":"clear","$v":"Obriši"},{"$i":"clear-all","$v":"Obriši sve"},{"$i":"notification-title","$v":{"few":[{"t":"idOrVar","v":"n"}," obavijesti"],"many":[{"t":"idOrVar","v":"n"}," obavijesti"],"one":[{"t":"idOrVar","v":"n"}," obavijesti"],"other":[{"t":"idOrVar","v":"n"}," obavijesti"],"two":[{"t":"idOrVar","v":"n"}," obavijesti"],"zero":[{"t":"idOrVar","v":"n"}," obavijesti"]},"$x":[{"t":"idOrVar","v":"plural"},"n"]},{"$i":"notification-dialog-no-notices","$v":"Nema napomena"},{"$i":"notification-title-new","$v":{"few":[{"t":"idOrVar","v":"n"}," obavijesti"],"many":[{"t":"idOrVar","v":"n"}," obavijesti"],"other":[{"t":"idOrVar","v":"n"}," obavijesti"],"two":[{"t":"idOrVar","v":"n"}," obavijesti"],"one":[{"t":"idOrVar","v":"n"}," bilješka"],"zero":[{"t":"idOrVar","v":"n"}," bilješka"]},"$x":[{"t":"idOrVar","v":"plural"},"n"]},{"$i":"notification-dialog-no-notices-new","$v":"Nema bilježaka"},{"$i":"tcl-ntf-open","$v":"Otvori"},{"$i":"tcl-ntf-next_song","$v":"Sljedeće"},{"$i":"tcl-ntf_play","$v":"Reprodukuj"},{"$i":"tcl-ntf-pause","$v":"Pauza"},{"$i":"tcl-ntf-dismiss-all","$v":"Odbaci sve"},{"$i":"tcl-ntf-dismiss","$v":"Odbaci"},{"$i":"tcl-ntf-toaster-clear","$v":"Napomena odbačena"},{"$i":"tcl-ntf-toaster-clear-all","$v":"Napomene odbačene"},{"$i":"attentionScreen-tapToShow","$v":"Dodirni za prikaz"},{"$i":"tcl-cmas-ok","$v":"U redu"},{"$i":"tcl-cmas-screen-help","$v":"Pritisni OK za više info."},{"$i":"tcl-cmas-title","$v":"CMAS uzbuna"},{"$i":"camera","$v":"Kamera"},{"$i":"tcl-dflt-value-level","$v":"Postavi nivo vrijednosti"},{"$i":"tcl-dflt-range-value-name","$v":"Nivo"},{"$i":"newVoicemails","$v":{"few":[{"t":"idOrVar","v":"n"}," novih govornih pošti"],"many":[{"t":"idOrVar","v":"n"}," novih govornih pošti"],"one":"Jedna nova govorna pošta","other":[{"t":"idOrVar","v":"n"}," novih govornih pošti"],"two":[{"t":"idOrVar","v":"n"}," novih govornih pošti"],"zero":"Nema nove govorne pošte"},"$x":[{"t":"idOrVar","v":"plural"},"n"]},{"$i":"newVoicemailsUnknown","$v":"Nova govorna pošta"},{"$i":"dialNumber","$v":["Biraj ",{"t":"idOrVar","v":"number"}]},{"$i":"voicemailNotificationMultiSim","$v":["(SIM ",{"t":"idOrVar","v":"n"},") ",{"t":"idOrVar","v":"title"}]},{"$i":"euRoamingNotificationTitle","$v":"Otkriven EU internet"},{"$i":"euRoamingNotificationMsg","$v":"Dodirni za promjenu."},{"$i":"restart","$v":"Restartovati"},{"$i":"power","$v":"Isključivanje"},{"$i":"lock","$v":"Zaključaj"},{"$i":"cleanup","$v":"Očisti memoriju"},{"$i":"no-recent-app-windows","$v":"Ovdje su prikazani vaši nedavni prozori aplikacija"},{"$i":"no-recent-browser-windows","$v":"Ovdje su prikazani vaši nedavni prozori pregledanja"},{"$i":"closeCard","ariaLabel":"Zatvori"},{"$i":"openCard","ariaLabel":"Otvori"},{"$i":"yes","$v":"Da"},{"$i":"no","$v":"Ne"},{"$i":"dontallow","$v":"Ne dozvoli"},{"$i":"allow","$v":"Dozvoli"},{"$i":"dontshare-geolocation","$v":"Ne dijeli"},{"$i":"share-geolocation","$v":"Podijeli"},{"$i":"dontshare-audio-capture","$v":"Ne dijeli"},{"$i":"share-audio-capture","$v":"Podijeli"},{"$i":"dontshare-video-capture","$v":"Ne dijeli"},{"$i":"share-video-capture","$v":"Podijeli"},{"$i":"dontshare-media-capture","$v":"Ne dijeli"},{"$i":"share-media-capture","$v":"Podijeli"},{"$i":"device-front","$v":"Prednja kamera"},{"$i":"device-back","$v":"Zadnja kamera"},{"$i":"front-camera","$v":"Prednja kamera"},{"$i":"back-camera","$v":"Stražnji fotoaparat"},{"$i":"more-info","$v":"Više info..."},{"$i":"hide-info","$v":"Sakrij informacije"},{"$i":"tcl-permission","$v":"Dozvola"},{"$i":"install-app","$v":["Instaliraj ",{"t":"idOrVar","v":"name"},"?"]},{"$i":"size","$v":"Veličina"},{"$i":"author","$v":"Autor"},{"$i":"size-unknown","$v":"Nepoznato"},{"$i":"author-unknown","$v":"Nepoznato"},{"$i":"install","$v":"Instaliraj"},{"$i":"bytes","$v":"bajti"},{"$i":"kB","$v":"KB"},{"$i":"MB","$v":"MB"},{"$i":"GB","$v":"VB"},{"$i":"TB","$v":"TB"},{"$i":"PB","$v":"PB"},{"$i":"app-install-generic-error","$v":[{"t":"idOrVar","v":"appName"}," preuzimanje zaustavljeno"]},{"$i":"app-install-download-failed","$v":[{"t":"idOrVar","v":"appName"}," preuzimanje neuspješno"]},{"$i":"app-install-install-failed","$v":[{"t":"idOrVar","v":"appName"}," instaliranje neuspješno"]},{"$i":"cancelling-will-not-refund","$v":"Otkazivanje ne znači povrat novca za kupovinu. Povrat novca za plaćeni sadržaj obavlja izvorni prodavac."},{"$i":"apps-can-be-installed-later","$v":"Aplikacije se mogu instalirati kasnije sa originalnog izvora instalacije."},{"$i":"are-you-sure-you-want-to-cancel","$v":"Jeste li sigurni da želite otkazati ovu instalaciju?"},{"$i":"cancel-install","$v":"Otkaži instal."},{"$i":"cancel-install-button","$v":"Otkaži instal."},{"$i":"resume","$v":"Nastavi"},{"$i":"continue","$v":"Nastavi"},{"$i":"stopDownloading","$v":["Zaustavi preuzimanje ",{"t":"idOrVar","v":"app"},"?"]},{"$i":"app-download-can-be-restarted","$v":"Preuzimanje se kasnije može ponovo pokrenuti."},{"$i":"app-download-stop-button","$v":"Zaustavi preuzimanje"},{"$i":"not-enough-space","$v":"Nedovoljno prostora"},{"$i":"not-enough-space-message","$v":"Nema dovoljno prostora za instaliranje ove aplikacije. Oslobodi prostor uklanjanjem starih aplikacija ili medija i ponovo pokušaj da instaliraš iz originalnog izvora."},{"$i":"app-install-success","$v":[{"t":"idOrVar","v":"appName"}," instairano"]},{"$i":"app-install-update","$v":["Ažurirana aplikacija ",{"t":"idOrVar","v":"appName"}]},{"$i":"langpack-install-success2","$v":[{"t":"idOrVar","v":"appName"}," instairano. Da biste omogućili, idite na Podešavanja > Jezik."]},{"$i":"setup","$v":"Podešavanje"},{"$i":"ime-addkeyboards","$v":"Dodaj tastature"},{"$i":"ime-lowercase","$v":"Mala slova"},{"$i":"ime-uppercase","$v":"Veliko slovo"},{"$i":"ime-number","$v":"Broj"},{"$i":"ime-capitalize","$v":"Kapitalizacija"},{"$i":"ime-t9","$v":"T9"},{"$i":"ime-r9","$v":"R9"},{"$i":"ime-predictive","$v":"Prediktivno"},{"$i":"ime-insert-word","$v":"Umetni reč"},{"$i":"ime-voice-input-messsage","$v":"Pritisnite dugo Uredu da biste govorili u polju za tekst."},{"$i":"later","$v":"Kasnije"},{"$i":"download","$v":"Preuzmi"},{"$i":"wantToDownload","$v":"Preuzmi nadogradnju sada?"},{"$i":"wantToInstallNow","$v":"Želite li sada instalirati nadogradnju? Nećete moći koristiti svoj telefon nekoliko minuta."},{"$i":"installNow","$v":"Instaliraj sada"},{"$i":"notNow","$v":"Ne sada"},{"$i":"downloadingUpdateMessage","innerHTML":{"$o":["Preuzimanje nadogradnji… <span>",{"t":"idOrVar","v":"progress"}," preuzeto.</span>"]}},{"$i":"downloadingAppMessage","$v":["Preuzimanje ",{"t":"idOrVar","v":"appName"}]},{"$i":"downloadingAppProgressNoMax","$v":[{"t":"idOrVar","v":"progress"}," preuzeto"]},{"$i":"downloadingAppProgressIndeterminate","$v":"Preuzimanje"},{"$i":"downloadingAppProgress","$v":[{"t":"idOrVar","v":"progress"}," / ",{"t":"idOrVar","v":"max"}," preuzeto"]},{"$i":"cancelAllDownloads","$v":"Otkaži sva preuzimanja"},{"$i":"wantToCancelAll","$v":"Jeste li sigurni da želite otkazati sva preuzimanja?"},{"$i":"downloadError","$v":"Došlo je do greške prilikom preuzimanja ažuriranja."},{"$i":"updateAvailableInfo","innerHTML":{"$x":[{"t":"idOrVar","v":"plural"},"n"],"$v":{"few":{"$o":[{"t":"idOrVar","v":"n"}," ažuriranja dostupno. <span>Kucnite za više informacija.</span>"]},"many":{"$o":[{"t":"idOrVar","v":"n"}," ažuriranja dostupno. <span>Kucnite za više informacija.</span>"]},"one":{"$o":[{"t":"idOrVar","v":"n"}," ažuriranje dostupno. <span>Kucnite za više informacija.</span>"]},"other":{"$o":[{"t":"idOrVar","v":"n"}," ažuriranja dostupno. <span>Kucnite za više informacija.</span>"]},"two":{"$o":[{"t":"idOrVar","v":"n"}," ažuriranja dostupno. <span>Kucnite za više informacija.</span>"]}}}},{"$i":"numberOfUpdates","$v":{"few":[{"t":"idOrVar","v":"n"}," Obavijesti"],"many":[{"t":"idOrVar","v":"n"}," Obavijesti"],"one":[{"t":"idOrVar","v":"n"}," Obavijesti"],"other":[{"t":"idOrVar","v":"n"}," Obavijesti"],"two":[{"t":"idOrVar","v":"n"}," Obavijesti"]},"$x":[{"t":"idOrVar","v":"plural"},"n"]},{"$i":"systemUpdate","$v":"Ažuriranje sistema"},{"$i":"systemUpdateReady","$v":"Ažuriranje sistema spremno"},{"$i":"updates","$v":"Ažuriranja"},{"$i":"systemUpdateLowBatteryThreshold","$v":["Potrebno vam je bar ",{"t":"idOrVar","v":"threshold"},"% baterije da biste intalirali ispravku."]},{"$i":"required","$v":"Potrebno"},{"$i":"uncompressingMessage","innerHTML":{"$o":"Raspakivanje… <span>Ovo može trajati nekoliko minuta.</span>"}},{"$i":"downloadWifiPrioritizedUsing2G","$v":"Ažuriranja se preuzimaju putem veze podataka kada Wi-Fi nije dostupan. Kada koristite vezu podataka, telefonski pozivi mogu biti blokirani i mogu se primijeniti dodatni troškovi."},{"$i":"downloadWifiPrioritized3","$v":"Ažuriranja se preuzimaju putem veze podataka kada Wi-Fi nije dostupan. Kada koristite vezu podataka, mogu se primijeniti dodatni troškovi."},{"$i":"downloadNoWifiWarning","$v":"Wi-Fi nije dostupan. Ažuriranje na trenutnoj vezi može dovesti do dodatnih troškova."},{"$i":"downloadOfflineWarning2","$v":"Poveži se na mrežu za preuzimanje ažuriranja."},{"$i":"downloadUpdatesViaDataConnection","$v":"Preuzmi nadogradnju putem povezivanja podataka?"},{"$i":"downloadUpdatesVia2GForbidden3","$v":"Preuzimanje nadogradnji nije moguće na sporim vezama (2G). Povežite se preko bežičnog interneta ili 3G (ako je dostupno) i pokušajte ponovo."},{"$i":"downloadUpdatesViaDataConnectionMessage3","$v":"Kada koristite vezu za podatke, mogu se primijeniti dodatni troškovi. Želite li nastaviti?"},{"$i":"downloadUpdatesViaDataRoamingConnection","$v":"Preuzmi nadogradnju putem podataka u romingu?"},{"$i":"downloadUpdatesViaDataRoamingConnectionMessage","$v":"Trenutno ste u romingu i mogu se primijeniti dodatni troškovi. Želite li nastaviti?"},{"$i":"screenshotSaved","$v":"Snimak ekrana sačuvan u Galeriji"},{"$i":"screenshotFailed","$v":"Trenutnu sliku ekrana nije moguće spremiti"},{"$i":"screenshotNoSDCard","$v":"Nije pronađena memorijska kartica"},{"$i":"screenshotSDCardInUse","$v":"Memorijska kartica u upotrebi"},{"$i":"screenshotSDCardLow","$v":"Nema dovoljno prostora na mem. kartici"},{"$i":"emergency-call-button","$v":"Poziv za hitni slučaj"},{"$i":"emergency-call","$v":"Hitni slučaj"},{"$i":"unlock-a11y-button","ariaLabel":"Otključaj"},{"$i":"camera-a11y-button","ariaLabel":"Kamera"},{"$i":"longDateFormat","$v":"%a, %d. %B, %Y"},{"$i":"clockDateFormat","$v":"%a, %e %b"},{"$i":"panel-passcode","ariaLabel":"Panel lozinke"},{"$i":"open-notification","$v":"otvori"},{"$i":"unlock","$v":"Otključaj"},{"$i":"login","$v":"Prijava"},{"$i":"sign-in-to-website","$v":"Prijava na web stranicu"},{"$i":"username","$v":"Korisničko ime"},{"$i":"password","$v":"Lozinka"},{"$i":"show-password","$v":"Prikaži lozinku"},{"$i":"http-authentication-message2","$v":["Web lokacija ",{"t":"idOrVar","v":"host"}," zahtjeva da se prijavite."]},{"$i":"error-message","$v":[{"t":"idOrVar","v":"name"}," se ne učitava pravilno"]},{"$i":"error-title","$v":[{"t":"idOrVar","v":"name"}," ima probleme"]},{"$i":"unable-to-connect","$v":"Povezivanje nije uspjelo"},{"$i":"tap-to-check-settings","$v":"Dodirni za provjeru podešavanja"},{"$i":"set","$v":"Postavi"},{"$i":"delete-title","$v":["Izbriši ",{"t":"idOrVar","v":"name"}]},{"$i":"delete-body","$v":[{"t":"idOrVar","v":"name"}," i svi njegovi/njeni podaci će biti izbrisani."]},{"$i":"delete","$v":"Deinstaliraj"},{"$i":"delete-desc","$v":"Jeste li sigurni da ga želite izbrisati?"},{"$i":"unrecoverable-error-title","$v":"Ukloni aplikacij"},{"$i":"unrecoverable-error-body","$v":"Nije moguće instalirati aplikaciju zbog nepopravljive greške. Pokušajte ponovo da je preuzmete. Aplikacija će biti uklonjena."},{"$i":"unrecoverable-error-action","$v":"U redu"},{"$i":"instant-settings","$v":"instant podešavanja"},{"$i":"settings","$v":"Postavke"},{"$i":"flashlight","$v":"Bat. lampa"},{"$i":"brightness","$v":"Svjetlina"},{"$i":"volume","$v":"Jačina zvuka"},{"$i":"calculator","$v":"Kalkulator"},{"$i":"airplane-mode","$v":"Avio. režim"},{"$i":"wifi","$v":"Wi-Fi"},{"$i":"bluetooth","$v":"Bluetooth"},{"$i":"cellular-data","$v":"Mobilni podaci"},{"$i":"on","$v":"Uklj."},{"$i":"off","$v":"Isklj."},{"$i":"percentage-number","$v":[{"t":"idOrVar","v":"number"},"%"]},{"$i":"select-time","$v":"Odaberi vrijeme"},{"$i":"select-date","$v":"Odaberi datum"},{"$i":"tcl-select-day","$v":"Odaberi dan"},{"$i":"tcl-add","$v":"Dodaj"},{"$i":"battery-almost-empty-plug-in-your-charger","$v":"Baterija je prazna. Uključite vaš punjač."},{"$i":"battery-temperature-warning-header","$v":"Upozorenje"},{"$i":"battery-temperature-high","$v":"Temperatura je previsoka. Telefon će se isključiti ako temperatura nastavi rasti."},{"$i":"battery-temperature-high-stop-charging","$v":"Temperatura je previsoka. Zaustavljeno je punjenje baterije. Telefon će se isključiti ako temperatura nastavi rasti."},{"$i":"battery-temperature-low","$v":"Temperatura je preniska. Telefon će se isključiti ako temperatura nastavi padati."},{"$i":"battery-temperature-low-stop-charging","$v":"Temperatura je preniska. Zaustavljeno je punjenje baterije. Telefon će se isključiti ako temperatura nastavi padati."},{"$i":"crash-dialog2-os","$v":[{"t":"idOrVar","v":"brandShortName"}," se upravo oporavio od prestanka rada"]},{"$i":"crash-dialog-app","$v":[{"t":"idOrVar","v":"name"}," je upravo prestao raditi"]},{"$i":"crash-dialog-app-noname","$v":"Došlo je"},{"$i":"crash-dialog-message","$v":"Želite li poslati izvještaj kompaniji KaiOS o greški kako bi nam pomogli da riješimo problem? (Izvještaji se šalju samo putem bežičnog interneta.)"},{"$i":"crash-info-link","$v":"Šta je izvještaj o grešci?"},{"$i":"crash-always-report","$v":"Uvijek pošalji izvještaj kompaniji KaiOS kada dođe do greške."},{"$i":"crash-dont-send","$v":"Ne šalji"},{"$i":"crash-end","$v":"Pošalji izvještaj"},{"$i":"crashReports","$v":"Izvještaji o kvarovima"},{"$i":"done","$v":"Završeno"},{"$i":"crash-reports-description-1","$v":"Izveštaj o prekidu rada sadrži određene detalje o prekidu rada i vašem uređaju, kao i sliku statusa stanja vašeg uređaja kada je prestao s radom."},{"$i":"crash-reports-description-2","$v":"Ovo može uključivati stvari kao što su otvorene stranice i aplikacije, tekst unešen u formulare i sadržaj otvorenih poruka, nedavna istorija pregledanja ili geolokacija koju koristi otvorena aplikacija."},{"$i":"crash-reports-description-3-start","$v":"Mi koristimo izvještaje o greškama kako bismo riješili probleme i poboljšali naše proizvode. Mi koristimo vaše podatke onako kako je opisano u našem "},{"$i":"crash-reports-description-3-privacy","$v":"pravila privatnosti"},{"$i":"crash-reports-description-3-end","$v":"."},{"$i":"crash-banner-os2","$v":[{"t":"idOrVar","v":"brandShortName"}," je upravo prestao raditi."]},{"$i":"crash-banner-app","$v":[{"t":"idOrVar","v":"name"}," je upravo prestao raditi."]},{"$i":"crash-banner-report","$v":"Izvještaj"},{"$i":"bluetooth-sending-progress","$v":"Slanje datoteke putem Bluetooth-a"},{"$i":"bluetooth-receiving-progress","$v":"Primanje datot. putem Bluetooth-a"},{"$i":"acceptFileTransfer","$v":"Zahtjev za prenos"},{"$i":"requestToReceive","$v":["Uređaj ",{"t":"idOrVar","v":"deviceName"}," bi želio prenijeti datoteke. Da li prihvatate?"]},{"$i":"wantToReceiveFile","$v":[{"t":"idOrVar","v":"deviceName"}," želi prenijeti ",{"t":"idOrVar","v":"fileName"}," (",{"t":"idOrVar","v":"fileSize"},")."]},{"$i":"transfer-confirmation-title","$v":[{"t":"idOrVar","v":"deviceName"}]},{"$i":"transfer-confirmation-description","$v":"Pogledaj zahtjev za prenos."},{"$i":"byteUnit-B","$v":"Bajti"},{"$i":"byteUnit-KB","$v":"KB"},{"$i":"byteUnit-MB","$v":"MB"},{"$i":"byteUnit-GB","$v":"VB"},{"$i":"byteUnit-TB","$v":"TB"},{"$i":"byteUnit-PB","$v":"PB"},{"$i":"byteUnit-EB","$v":"EB"},{"$i":"byteUnit-ZB","$v":"ZB"},{"$i":"byteUnit-YB","$v":"YB"},{"$i":"fileSize","$v":[{"t":"idOrVar","v":"size"}," ",{"t":"idOrVar","v":"unit"}]},{"$i":"deny","$v":"Odbij"},{"$i":"transfer","$v":"Prenos"},{"$i":"accept","$v":"Prihvati"},{"$i":"stop","$v":"Zaustavi"},{"$i":"cancelFileTransfer","$v":"Otkaži BT prenos podataka?"},{"$i":"continueFileTransfer","$v":"Nastavi"},{"$i":"transfer-has-started-title","$v":"Prenos datoteke je spreman za početak"},{"$i":"transfer-has-started-description","$v":"Čeka se potvrda"},{"$i":"transfer-has-started-toast","$v":"Prenos datoteke pokrenut. Provjerite napredak u obavijestima"},{"$i":"transferFinished-sentSuccessful-title","$v":"Datoteka poslata"},{"$i":"transferFinished-receivedSuccessful-title","$v":"Datoteka primljena"},{"$i":"transferFinished-failed-title","$v":"Neuspj. prenos datot."},{"$i":"transferFinished-try-again-description","$v":"Datoteka se trenutno ne može poslati. Pokušajte ponovo kasnije."},{"$i":"transferReport-title","$v":"Izvještaj prenosa:"},{"$i":"transferReport-description","$v":[{"t":"idOrVar","v":"numSuccessful"}," datoteka/e uspješno, ",{"t":"idOrVar","v":"numUnsuccessful"}," datoteka/e neuspješno"]},{"$i":"unknown-file","$v":"Nepoznata datoteka"},{"$i":"unknown-device","$v":"Nepoznat uređaj"},{"$i":"cannotOpenFile","$v":"Nije moguće otovoriti primljenu datoteku"},{"$i":"unknownMediaTypeToOpenFile","$v":["Nije moguće otvoriti nepoznatu vrstu medija: ",{"t":"idOrVar","v":"fileName"}]},{"$i":"cannotReceiveFile","$v":"Nije moguće primiti datoteku"},{"$i":"cannotGetStorageState","$v":"Nije moguće dobiti status memorije uređaja."},{"$i":"sdcard-not-exist2","$v":"Nije pronađena memorijska kartica. Umetnite memorijsku karticu."},{"$i":"sdcard-in-use","$v":"Bluetooth se ne može koristiti dok je telefon spojen. Odspojite telefon kako biste primili datoteku(e)."},{"$i":"sdcard-no-space2","$v":"Nije moguće završiti transfer: memorijska kartica je puna."},{"$i":"unknown-error","$v":"Nepoznata greška"},{"$i":"confirm","$v":"Potvrdi"},{"$i":"stopTransferTitle","$v":"Zaustavi prijenos datoteka"},{"$i":"stopTransferContent","$v":"Želite li zaustaviti prijenos datoteka putem Bluetooth veze?"},{"$i":"storage","$v":"Pohrana"},{"$i":"sdcard-detected-title","$v":"SD kartica otkrivena"},{"$i":"no-sdcard-title","$v":"Nema SD kartice"},{"$i":"sdcard-total-size-body","$v":["Ukupna veličina: ",{"t":"idOrVar","v":"size"}," ",{"t":"idOrVar","v":"unit"}]},{"$i":"sdcard-unknown-size-then-tap-to-format-body","$v":"Nepoznata veličina, dodirnite za formatiranje"},{"$i":"sdcard-removed-title","$v":"SD kartica je uklonjena"},{"$i":"sdcard-removed-ejected-successfully","$v":"Uspješno izbačena"},{"$i":"sdcard-removed-not-ejected-properly","$v":"Nije ispravno uklonjeno"},{"$i":"set-sdcard-as-default-media-location","$v":"SD kartica nađena. Podesi SD karticu kao podrazum. lokaciju medija?"},{"$i":"no-sdcard-content","$v":"Umetnite SD karticu da dobijete više prostora."},{"$i":"sim-confirmation-content","$v":["Mobilni podaci su dodijeljeni SIM",{"t":"idOrVar","v":"n"}," kartici."]},{"$i":"sim-confirmation-title","$v":"SIM kartice su promijenjene"},{"$i":"sim-confirmation-notice-title","$v":"SIM kartice su promijenjene"},{"$i":"sim-confirmation-notice","$v":"Izaberite za prikaz detalja."},{"$i":"sim-hot-plug","$v":"Telefon će se ponovo pokrenuti"},{"$i":"sim-hot-plug-empty","$v":"Telefon će se ponovo pokrenuti jer su uklonjene SIM kartice."},{"$i":"sim-hot-plug-empty-confirm","$v":"Provjerite da li je SIM kartica u potpunosti izvučena, zatim pritisnite OK za ponovno pokretanje."},{"$i":"noSimCard","$v":"Nema SIM kartice"},{"$i":"lockedSim","$v":"Zaključana SIM kartica"},{"$i":"noService","$v":"Nema usluge"},{"$i":"eccOnly","$v":"Emergency calls only"},{"$i":"nocard-eccOnly","$v":"No SIM card-Emergency calls only"},{"$i":"unusablecard-eccOnly","$v":"Unusable SIM card-Emergency calls only"},{"$i":"searching","$v":"Searching"},{"$i":"simPin","$v":"SIM PIN"},{"$i":"pukCode","$v":"PUK kod"},{"$i":"nckCode","$v":"NCK kôd"},{"$i":"cckCode","$v":"CCK kod"},{"$i":"spckCode","$v":"SPCK kôd"},{"$i":"nck1code","$v":"NCK1 kôd"},{"$i":"nck2code","$v":"NCK2 kôd"},{"$i":"hnckcode","$v":"HNCK kôd"},{"$i":"rcckcode","$v":"RCCK kod"},{"$i":"rspckcode","$v":"RSPCK kod"},{"$i":"ncklockContent","$v":["Utor ",{"t":"idOrVar","v":"n"}," je zaključan nck zaključavanjem."]},{"$i":"whatIsSimPin","$v":"Šta je PIN SIM-a?"},{"$i":"simPinIntro1","$v":"SIM PIN sprječava pristup mobilnim mrežama za prenos podataka SIM kartice. Kada je omogućen, svaki uređaj koji sadrži SIM karticu će zahtjevati PIN nakon ponovnog pokretanja."},{"$i":"simPinIntro2","$v":"SIM PIN nije isti kao lozinka koja se koristi za otključavanje uređaja."},{"$i":"changeSimPin","$v":"Promijeni PIN"},{"$i":"pinTitle","$v":"Unesi PIN za SIM"},{"$i":"multiSIMpinTitle","$v":["Unesi PIN za ",{"t":"idOrVar","v":"n"}," SIM"]},{"$i":"multiSIMpukTitle","$v":["Unesi PUK",{"t":"idOrVar","v":"n"}," PIN"]},{"$i":"multiSIMnckTitle","$v":["Unesi NCK",{"t":"idOrVar","v":"n"}," PIN"]},{"$i":"multiSIMxckTitle","$v":["Unos SIM-a",{"t":"idOrVar","v":"n"}," ",{"t":"idOrVar","v":"type"}]},{"$i":"xckTitle","$v":["Unesite ",{"t":"idOrVar","v":"type"}," kôd"]},{"$i":"xckCode","$v":[{"t":"idOrVar","v":"type"}," kôd"]},{"$i":"xckBlocked","$v":["Blokirano: ",{"t":"idOrVar","v":"type"}]},{"$i":"pukTitle","$v":"Unesi PUK kôd"},{"$i":"nckTitle","$v":"Unesi NCK kôd"},{"$i":"cckTitle","$v":"Unesi CCK kôd"},{"$i":"spckTitle","$v":"Unesi SPCK kod"},{"$i":"nck1Title","$v":"Unesi NCK1 kod"},{"$i":"nck2Title","$v":"Unesi NCK2 kôd"},{"$i":"hnckTitle","$v":"Unesi HNCK kôd"},{"$i":"rcckTitle","$v":"Unesi RCCK kôd"},{"$i":"rspckTitle","$v":"Unesi RSPCK kôd"},{"$i":"newpinTitle","$v":"Novi PIN"},{"$i":"inputCodeRetriesLeft","$v":{"few":[{"t":"idOrVar","v":"n"}," pokušaja ostalo."],"many":[{"t":"idOrVar","v":"n"}," pokušaja ostalo."],"one":"Još 1 pokušaj.","other":[{"t":"idOrVar","v":"n"}," pokušaja ostalo."],"two":[{"t":"idOrVar","v":"n"}," pokušaja ostalo."]},"$x":[{"t":"idOrVar","v":"plural"},"n"]},{"$i":"pinErrorMsg","$v":"Netačan PIN."},{"$i":"pinAttemptMsg2","$v":{"few":["Imate ",{"t":"idOrVar","v":"n"}," preostalih pokušaja da unesete tačan kôd prije zaključavanja SIM kartice."],"many":["Imate ",{"t":"idOrVar","v":"n"}," preostalih pokušaja da unesete tačan kôd prije zaključavanja SIM kartice."],"one":"Imate još jedan pokušaj da unesete tačan kôd prije zaključavanja SIM kartice.","other":["Imate ",{"t":"idOrVar","v":"n"}," preostalih pokušaja da unesete tačan kôd prije zaključavanja SIM kartice."],"two":["Imate ",{"t":"idOrVar","v":"n"}," preostalih pokušaja da unesete tačan kôd prije zaključavanja SIM kartice."]},"$x":[{"t":"idOrVar","v":"plural"},"n"]},{"$i":"pinLastChanceMsg","$v":"Ovo je vaša posljednja šansa da unesete tačan PIN kôd. U suprotnom, morate unijeti PUK kôd da biste koristili SIM karticu."},{"$i":"simCardLockedMsg","$v":"SIM kartica je zaključana."},{"$i":"enterPukMsg","$v":"Za SIM karticu morate unijeti Lični ključ za otključavanje (PUK) kôd. Pogledajte dokumentaciju vaše sim kartice ili kontaktirajte svog operatera za više informacija."},{"$i":"pukErrorMsg","$v":"Netačan PUK."},{"$i":"pukAttemptMsg2","$v":{"few":["Imate ",{"t":"idOrVar","v":"n"}," preostalih pokušaja da unesete tačan kôd prije nego što SIM kartica postaje trajno neupotrebljiva. Pogledajte dokumentaciju svoje SIM kartice ili kontaktirajte svog operatera za više informacija."],"many":["Imate ",{"t":"idOrVar","v":"n"}," preostalih pokušaja da unesete tačan kôd prije nego što SIM kartica postaje trajno neupotrebljiva. Pogledajte dokumentaciju svoje SIM kartice ili kontaktirajte svog operatera za više informacija."],"one":"Imate još jedan pokušaj da unesete tačan kôd prije nego što SIM kartica postaje trajno neupotrebljiva. Pogledajte dokumentaciju svoje SIM kartice ili kontaktirajte svog operatera za više informacija.","other":["Imate ",{"t":"idOrVar","v":"n"}," preostalih pokušaja da unesete tačan kôd prije nego što SIM kartica postaje trajno neupotrebljiva. Pogledajte dokumentaciju svoje SIM kartice ili kontaktirajte svog operatera za više informacija."],"two":["Imate ",{"t":"idOrVar","v":"n"}," preostalih pokušaja da unesete tačan kôd prije nego što SIM kartica postaje trajno neupotrebljiva. Pogledajte dokumentaciju svoje SIM kartice ili kontaktirajte svog operatera za više informacija."]},"$x":[{"t":"idOrVar","v":"plural"},"n"]},{"$i":"pukLastChanceMsg","$v":"Posljednja šansa da unesete ispravan PUK kôd. Vaša SIM kartica će biti trajno neupotrebljiva ako unesete pogrešan PUK kôd. Pogledajte dokumentaciju SIM kartice ili kontaktirajte svog operatera za više informacija."},{"$i":"cardPermanentlyLockMsg-head","$v":"Netčan PUK."},{"$i":"cardPermanentlyLockMsg-body","$v":"Vaša SIM kartica je trajno zaključana. Kontaktirajte svog operatera za više informacija."},{"$i":"newSimPinMsg","$v":"Kreiraj PIN (mora sadržati 4-8 cifara)"},{"$i":"confirmNewSimPinMsg","$v":"Potvrdi novi PIN"},{"$i":"newPinErrorMsg","$v":"PIN-ovi se ne podudaraju."},{"$i":"nckErrorMsg","$v":"NCK kôd nije ispravan."},{"$i":"nckAttemptMsg2","$v":{"few":["Neuspio zahtjev za depersonalizaciju mreže. Imate ",{"t":"idOrVar","v":"n"}," pokušaja da unesete tačan kôd. Za više informacija pogledajte dokumentaciju ili kontaktirajte operatera."],"many":["Neuspio zahtjev za depersonalizaciju mreže. Imate ",{"t":"idOrVar","v":"n"}," pokušaja da unesete tačan kôd. Za više informacija pogledajte dokumentaciju ili kontaktirajte operatera."],"one":"Neuspio zahtjev za depersonalizaciju mreže. Imate još jedan pokušaj da unesete tačan kôd. Za više informacija pogledajte dokumentaciju ili kontaktirajte operatera.","other":["Neuspio zahtjev za depersonalizaciju mreže. Imate ",{"t":"idOrVar","v":"n"}," pokušaja da unesete tačan kôd. Za više informacija pogledajte dokumentaciju ili kontaktirajte operatera."],"two":["Neuspio zahtjev za depersonalizaciju mreže. Imate ",{"t":"idOrVar","v":"n"}," pokušaja da unesete tačan kôd. Za više informacija pogledajte dokumentaciju ili kontaktirajte operatera."]},"$x":[{"t":"idOrVar","v":"plural"},"n"]},{"$i":"nckLastChanceMsg","$v":"Neuspio zahtjev za depersonalizaciju mreže. Posljednji pokušaj da unesete tačan NCK kôd. Za više informacija pogledajte dokumentaciju ili kontaktirajte operatera."},{"$i":"sim-attention-header","$v":"SIM kartica zaključana"},{"$i":"multiSIM-attention-header","$v":["SIM",{"t":"idOrVar","v":"n"}," je zaključana"]},{"$i":"sim-attention-head","$v":"SIM kartica je zaključana."},{"$i":"sim-attention-body","$v":"Želite li unijeti PUK kôd za otključavanje SIM kartice?"},{"$i":"enter-puk-rsk","$v":"Unesi PUK"},{"$i":"verify-rsk","$v":"Završeno"},{"$i":"activity-pick","$v":"Odaberi iz"},{"$i":"activity-view","$v":"Prikaži pomoću"},{"$i":"activity-test","$v":"Testiraj sa"},{"$i":"activity-share","$v":"Podijeli"},{"$i":"activity-new","$v":"Kreiraj sa"},{"$i":"activity-open","$v":"Otvori pomoću"},{"$i":"activity-save-bookmark","$v":"Označi kao"},{"$i":"activity-record","$v":"Snimljeno iz"},{"$i":"activity-browse","$v":"Pretražite sa"},{"$i":"activity-configure","$v":"Konfigurišite sa"},{"$i":"activity-dial","$v":"Biraj iz"},{"$i":"remoteDebuggerMessage","$v":"Otkriven je dolazni zahtjev za dozvoljavanje daljinske veze za otklanjanje grešaka. Dozvoli vezu?"},{"$i":"captive-wifi-available","$v":["Mreža ",{"t":"idOrVar","v":"networkName"}," je pronađena. Poveži se na mrežu?"]},{"$i":"ceWarningtitle","$v":"Upozorenje jačine zvuka"},{"$i":"ceWarningcontent","$v":"Da biste spriječili moguća oštećenja sluha, nemojte preglasno slušati muziku duže vrijeme."},{"$i":"is-volume-type-notification","$v":"Ton zvuka i upozorenja"},{"$i":"is-volume-type-telephony","$v":"Jačina zvuka"},{"$i":"is-volume-type-alarm","$v":"Alarm"},{"$i":"is-volume-type-content","$v":"Medija"},{"$i":"tcl-volume-type-notification","$v":"Ton zvuka i upozorenja"},{"$i":"tcl-volume-type-telephony","$v":"Jačina zvuka"},{"$i":"volume-type-alarm","$v":"Alarm"},{"$i":"volume-type-content","$v":"Medija"},{"$i":"vibrate-only","$v":"Samo vibracija"},{"$i":"silent","$v":"Tihi"},{"$i":"vibrate-on","$v":"Vibracija: uklj."},{"$i":"vibrate-off","$v":"Vibracija: isklj."},{"$i":"vibrate","$v":"Vibracija"},{"$i":"tcl-volume","$v":["Jačina zvuka:",{"t":"idOrVar","v":"n"},"/",{"t":"idOrVar","v":"c"}]},{"$i":"notification-powersaving-mode-on-title","$v":"Režim uštede energije"},{"$i":"notification-powersaving-mode-on-description","$v":"Režim uštede baterije je uklj."},{"$i":"low-device-storage","$v":"Prostor uređaja je mali."},{"$i":"storage-alert","$v":"Alert za pohranu"},{"$i":"phone-almost-full","$v":"Telefon je skoro pun."},{"$i":"free-space","$v":{"few":["Ostalo manje od ",{"t":"idOrVar","v":"value"}," ",{"t":"idOrVar","v":"unit"},"."],"many":["Ostalo manje od ",{"t":"idOrVar","v":"value"}," ",{"t":"idOrVar","v":"unit"},"."],"one":["Ostalo manje od ",{"t":"idOrVar","v":"value"}," ",{"t":"idOrVar","v":"unit"},"."],"other":["Ostalo manje od ",{"t":"idOrVar","v":"value"}," ",{"t":"idOrVar","v":"unit"},"."],"two":["Ostalo manje od ",{"t":"idOrVar","v":"value"}," ",{"t":"idOrVar","v":"unit"},"."],"zero":"Nema slobodnog mjesta."},"$x":[{"t":"idOrVar","v":"plural"},"value"]},{"$i":"unknown-free-space","$v":"Nepoznat preostali prostor."},{"$i":"can-delete-data-to-get-space","$v":"Možete izbrisati neke medijske datoteke ili upravljati podacima aplikacija da oslobodite prostor."},{"$i":"should-delete-data-to-get-space","$v":"Morate izbrisati neke medijske datoteke ili upravljati podacima aplikacija da biste dobili više slobodnog prostora prije nastavka korištenja ovog uređaja."},{"$i":"storage-full-level-1-title","$v":"Telefon Skoro Pun"},{"$i":"storage-full-level-2-title","$v":"Pohrana telefona je puna."},{"$i":"delete-to-get-space","$v":"Izbrišite multimedijalne datoteke, podatke aplikacija ili preuzete aplikacije kako biste oslobodili prostor."},{"$i":"delete-to-get-space-level-2","$v":"Izbrišite multimedijalne datoteke, podatke aplikacija ili preuzete aplikacije kako biste oslobodili prostor. U suprotnom, telefon neće raditi pravilno."},{"$i":"system-alert","$v":"Sistemsko upozorenje"},{"$i":"cb-channel","$v":["Kanal ",{"t":"idOrVar","v":"channel"}]},{"$i":"cell-broadcast-subtitle","$v":"Emitovanje ćelija"},{"$i":"cb-etws-warningType-earthquake","$v":"Upozorenje o zemljotresu!"},{"$i":"cb-etws-warningType-tsunami","$v":"Upozorenje na cunami!"},{"$i":"cb-etws-warningType-earthquake-tsunami","$v":"Upozorenje o zemljotresu i cunamiju!"},{"$i":"cb-etws-warningType-test","$v":"Sistem upozorenja se testira."},{"$i":"cb-etws-warningType-other","$v":"Upozorenje za hitne slučajeve!"},{"$i":"icc-message-maintitle","$v":"Poruka operatera"},{"$i":"icc-message-subtitle","$v":"SIM"},{"$i":"icc-confirmCall-defaultmessage","$v":["Pozovi ",{"t":"idOrVar","v":"number"},"?"]},{"$i":"icc-alertMessage-defaultmessage","$v":"Slanje poruke"},{"$i":"icc-confirmMessage-defaultmessage","$v":"Pošalji poruku?"},{"$i":"icc-notification-title","$v":["SIM ",{"t":"idOrVar","v":"id"}," STK"]},{"$i":"icc-inputbox-maintitle","$v":"STK upit"},{"$i":"icc-inputbox-subtitle","$v":["SIM ",{"t":"idOrVar","v":"id"}]},{"$i":"emergency-callback-mode","$v":"Režim povratnog poziva u nuždi"},{"$i":"emergency-callback-message","$v":"Ne možete obavljati pozive, slati poruke ili se povezati na mrežu jer je omogućen režim za hitni poziv. Želite li ga isključiti?"},{"$i":"cdma-record-info","$v":"Informacije o CDMA zapisu"},{"$i":"download_started","$v":"Preuzimanje je počelo"},{"$i":"download_stopped","$v":"Preuzimanje je zaustavljeno"},{"$i":"download_downloading","$v":[{"t":"idOrVar","v":"percentage"},"%"]},{"$i":"download_succeeded","$v":"Preuzimanje završeno"},{"$i":"download_failed","$v":"Preuzimanje neuspješno"},{"$i":"update_succeeded","$v":"Ažuriranje je završeno"},{"$i":"download_text_by_default","$v":[{"t":"idOrVar","v":"name"}]},{"$i":"phone-storage-full-title","$v":"Pohrana telefona je puna"},{"$i":"phone-storage-full-warning","$v":"Nije moguće preuzeti datoteku. Izbrišite medijsku datoteku ili podatke aplikacije da oslobodite prostor. Možete i umetnuti SD karticu da proširite prostor za pohranu medija."},{"$i":"sdcard-storage-full-title","$v":"SD kartica je puna."},{"$i":"sdcard-storage-full-warning","$v":"Nije moguće preuzeti datoteku. Izbrišite datoteke s SD kartice da oslobodite prostor."},{"$i":"opt-settings","$v":"Postavke"},{"$i":"search-the-web","$v":"Pretraži internet"},{"$i":"search-or-enter-address","$v":"Traži ili unesi adresu","placeholder":"Traži ili unesi adresu"},{"$i":"search-or-enter-url","$v":"Traži ili unesi URL","placeholder":"Traži ili unesi URL"},{"$i":"back-button","ariaLabel":"Nazad"},{"$i":"forward-button","ariaLabel":"Proslijedi"},{"$i":"reload-button","ariaLabel":"Osvježi"},{"$i":"stop-button","ariaLabel":"Zaustavi"},{"$i":"windows-button","ariaLabel":"Prikaži prozore"},{"$i":"noHotspotWhenAPMisOnWifiHotspot","$v":"Isključi avio. režim za korištenje Wi-Fi hotspota."},{"$i":"apmActivated","$v":"Režim u avionu aktiviran"},{"$i":"save-image","$v":"Sačuvaj sliku"},{"$i":"save-video","$v":"Sačuvaj video zapis"},{"$i":"save-audio","$v":"Sačuvaj audio"},{"$i":"share-image","$v":"Podijeli sliku"},{"$i":"share-video","$v":"Podijeli video zapis"},{"$i":"share-audio","$v":"Podijeli audio"},{"$i":"tcl-cancelButtonId","$v":"Otkaži"},{"$i":"tcl-not-send","$v":"Ne šalji"},{"$i":"tcl-send-report","$v":"Pošalji izvještaj"},{"$i":"refresh","$v":"Osvježi"},{"$i":"goBack","$v":"Vrati se"},{"$i":"goForward","$v":"Idi naprijed"},{"$i":"goToTopSites","$v":"Idi na najposjećenije lokacije"},{"$i":"pinToTopSites","$v":"Zakači u najposjećenije lokacije"},{"$i":"pinToAllApps","$v":"Zakači na Sve aplikacije"},{"$i":"pinToAppsMenu","$v":"Zakači na Meni aplikacija"},{"$i":"viewMessages","$v":"Prikaži poruke"},{"$i":"downloadImage","$v":"Preuzmi sliku"},{"$i":"quit","$v":"Prekini"},{"$i":"minimizeBrowser","$v":"Smanji prozor preglednika"},{"$i":"pinSiteCompletely","$v":"Ova web lokacija je postavljena u Najbolje lokacije."},{"$i":"siteWasPinnedBefore","$v":"Ova web lokacija je bila postavljena u Najbolje lokacije."},{"$i":"pinnedSitesOverLimit","$v":"Dostigli ste maksimalni zakačenih web stranica."},{"$i":"pressBackAgainToQuitBrowser","$v":"Ponovo pritisnite NAZAD da prekinete pretraživanje."},{"$i":"pressBackAgainToMinimizeBrowser","$v":"Pritisnite NAZAD da smanjite prozor preglednika."},{"$i":"pinSiteToAllAppsCompletely","$v":"Ova web lokacija je zakačena na Sve aplikacije."},{"$i":"pinSiteToAppsMenuCompletely","$v":"Ova web lokacija je zakačena na Meni aplikacija."},{"$i":"siteWasPinnedToAllAppsBefore","$v":"Ova web lokacija je prije bila zakačena na Sve aplikacije."},{"$i":"siteWasPinnedToAppsMenuBefore","$v":"Ova web lokacija je prije bila zakačena na Meni aplikacija."},{"$i":"ext-bluetooth-req","$v":"Zahtjev za uparivanje"},{"$i":"ext-unknown","$v":"NEPOZNATO"},{"$i":"ext-new-message","$v":"Nova poruka"},{"$i":"ext-new-mail","$v":"Nova pošta"},{"$i":"ext-calendar-event","$v":"Kalendar događaja"},{"$i":"ext-new-notification","$v":"Nove napomene"},{"$i":"incoming","$v":"Dolazni"},{"$i":"ext-volume-notification","$v":"Melodije i obavjesti"},{"$i":"ext-volume-content","$v":"Medija"},{"$i":"ext-volume-alarm","$v":"Alarm"},{"$i":"ext-new-cmas","$v":"Hitni slučaj"},{"$i":"phone-storage-full-body","$v":"Snimanje poziva je zaustavljeno. Izbrišite medijske datoteke ili podatke aplikacije da oslobodite prostor."},{"$i":"sd-card-full-title","$v":"SD kartica je puna."},{"$i":"sd-card-full-body","$v":"Snimanje poziva je zaustavljeno. Izbrišite datoteke na SD kartici da oslobodite prostor."},{"$i":"supl-notification-title","$v":"Zahtjev za lokaciju"},{"$i":"supl-notification-message","$v":"Vaša lokacija se šalje operateru."},{"$i":"supl-verification-title","$v":"Zahtjev za lokaciju"},{"$i":"supl-verification-message","$v":"Operater traži vašu lokaciju. Želite li dati informacije o vašoj lokaciji operateru?"},{"$i":"supl-verification-message-for-notification","$v":"Klikni ovdje za potvrdu"},{"$i":"supl-verification-confirm","$v":"Da"},{"$i":"supl-verification-cancel","$v":"Ne"},{"$i":"supl-more-message","$v":["Poruka : ",{"t":"idOrVar","v":"id"}," (",{"t":"idOrVar","v":"message"},")"]},{"$i":"confirmPbapMsg","$v":[{"t":"idOrVar","v":"deviceId"}," želi da pristupi vašim kontaktima i historiji poziva. prihvatate?"]},{"$i":"confirmTitle","$v":"Bluetooth zahtjev"},{"$i":"initialValue","$v":"Unesi ključ sesije"},{"$i":"confirmMapMsg","$v":[{"t":"idOrVar","v":"deviceId"}," želi pristupiti vašim porukama. Da li prihvatate?"]},{"$i":"wifiCallErrorMsg","$v":["Greška Wifi poziva: ",{"t":"idOrVar","v":"error"}]},{"$i":"wifiCallMissEccTitle","$v":[{"t":"idOrVar","v":"operator"}," WiFi Calling"]},{"$i":"wifiCallMissEccMsg","$v":"Emergency calls in areas with cellular coverage only"},{"$i":"battery-full-title","$v":"Baterija je puna"},{"$i":"battery-full-body","$v":"Baterija je potpuno napunjena."},{"$i":"sim-config-title","$v":"Konfiguracija"},{"$i":"sim-config-content-init","$v":["Pritisnite ZAPOČNI da konfigurirate telefon za operatera ",{"t":"idOrVar","v":"carrier"},"."]},{"$i":"sim-config-content-change","$v":["Želite li konfigurirati telefon za operatera ",{"t":"idOrVar","v":"carrier"},"?"]},{"$i":"sim-config-content-line1","$v":"Dobro urađeno!"},{"$i":"sim-config-content-restart","$v":"Ponovo pokrenite telefon radi primjene izmjena."},{"$i":"sim-config-content-finish","$v":"Pritisnite OK da završite."},{"$i":"sim-config-content-failed","$v":["Nije moguće pronaći profil operatera ",{"t":"idOrVar","v":"carrier"},"."]},{"$i":"sim-config-button-restart","$v":"Restartovati"},{"$i":"sim-config-button-begin","$v":"Begin"},{"$i":"open-wifi-available","$v":"Otvori dostupne WiFi mreže"},{"$i":"wifi-available","$v":"Dostupne su WiFi mreže"},{"$i":"wifi-no-internet-title","$v":"Wi-Fi mreža nema pristup internetu"},{"$i":"wifi-no-internet-body","$v":"Tap for options"},{"$i":"wifi-no-internet-header","$v":"Wi-Fi"},{"$i":"wifi-no-internet-content","$v":[{"t":"idOrVar","v":"name"}," nema pristup internetu. Želite li ostati povezani?"]},{"$i":"ellipses_char","$v":"…"},{"$i":"fota-title-attention","$v":"Pažnja"},{"$i":"fota-upgrade-success","$v":["Nadogradnja firmvera je uspjela. Vaš uređaj sada ima verziju ",{"t":"idOrVar","v":"target"},"."]},{"$i":"fota-upgrade-failed","$v":"Nadogradnja nije uspjela. Obnovljena je prethodna verzija."},{"$i":"fota-title-software-update","$v":"Ažuriranje softvera"},{"$i":"fota-message-software-update-available","$v":"Dostupno je ažuriranje softvera."},{"$i":"fota-message-software-download-failed","$v":"Preuzimanje ažuriranja softvera nije uspjelo."},{"$i":"fota-message-software-download-complete","$v":"Preuzimanje ažuriranja softvera je završeno."},{"$i":"network-issue-title","$v":"Greška mreže"},{"$i":"network-issue-detail","$v":"Provjerite vezu."},{"$i":"device-issue-title","$v":"Install Error"},{"$i":"device-issue-detail","$v":"Pojavila se nepoznata greška."},{"$i":"device-issue-update-title","$v":"Greška prilikom ažuriranja"},{"$i":"install-generic-error","$v":"Preuzimanje je zaustavljeno."},{"$i":"account-authenticator-invaild-grant-notice-title","$v":"Greška računa"},{"$i":"account-authenticator-invaild-grant-notice-text","$v":"Prijavite se ponovo"},{"$i":"account-authenticator-no-network-error","$v":"Nema internet veze."},{"$i":"account-authenticator-access-denied-error","$v":"Došlo je do nepoznate greške."},{"$i":"qtn_els_alert_high_vol","$v":"Upozorenje o visokoj jačini zvuka"},{"$i":"qtn_els_alert_in_call","$v":"Poziv u toku"},{"$i":"GetEmptyUssdPrompt","$v":"Primljen je nulti odgovor."},{"$i":"message-sent","$v":"Poruka poslata"},{"$i":"send","$v":"Pošalji"},{"$i":"confirmation","$v":"Potvrda"},{"$i":"feedback-dialogview-header","$v":"Povratne informacije"},{"$i":"feedback-dialogview-message","$v":"Vaše mišljenje je veoma korisno za kompaniju HMD Global, pa molim vas recite nam šta mislite o novom telefonu. Ako želite učestvovati u ovoj anketi kasnije, možete je pronaći iz Podešavanja."},{"$i":"accessibility-enableScreenReaderSteps","$v":"To enable screen reader, press the volume up and then volume down buttons three more times"},{"$i":"accessibility-disableScreenReaderSteps","$v":"To disable screen reader, press the volume up and then volume down buttons three more times"},{"$i":"accessibility-screenReaderStarted","$v":"Screen reader started"},{"$i":"accessibility-screenReaderStopped","$v":"Screen reader stopped"},{"$i":"accessibility-menubar","$v":"menu bar"},{"$i":"accessibility-scrollbar","$v":"scroll bar"},{"$i":"accessibility-grip","$v":"grip"},{"$i":"accessibility-alert","$v":"alert"},{"$i":"accessibility-menupopup","$v":"menu popup"},{"$i":"accessibility-document","$v":"document"},{"$i":"accessibility-pane","$v":"pane"},{"$i":"accessibility-dialog","$v":"dialogue"},{"$i":"accessibility-separator","$v":"separator"},{"$i":"accessibility-toolbar","$v":"toolbar"},{"$i":"accessibility-statusbar","$v":"status bar"},{"$i":"accessibility-table","$v":"table"},{"$i":"accessibility-columnheader","$v":"column header"},{"$i":"accessibility-rowheader","$v":"row header"},{"$i":"accessibility-column","$v":"column"},{"$i":"accessibility-row","$v":"row"},{"$i":"accessibility-cell","$v":"cell"},{"$i":"accessibility-link","$v":"link"},{"$i":"accessibility-list","$v":"list"},{"$i":"accessibility-listitem","$v":"list item"},{"$i":"accessibility-outline","$v":"outline"},{"$i":"accessibility-outlineitem","$v":"outline item"},{"$i":"accessibility-pagetab","$v":"tab"},{"$i":"accessibility-propertypage","$v":"property page"},{"$i":"accessibility-graphic","$v":"graphic"},{"$i":"accessibility-pushbutton","$v":"button"},{"$i":"accessibility-checkbutton","$v":"check button"},{"$i":"accessibility-radiobutton","$v":"radio button"},{"$i":"accessibility-combobox","$v":"combo box"},{"$i":"accessibility-progressbar","$v":"progress bar"},{"$i":"accessibility-slider","$v":"slider"},{"$i":"accessibility-spinbutton","$v":"spin button"},{"$i":"accessibility-diagram","$v":"diagram"},{"$i":"accessibility-animation","$v":"animation"},{"$i":"accessibility-equation","$v":"equation"},{"$i":"accessibility-buttonmenu","$v":"button menu"},{"$i":"accessibility-whitespace","$v":"white space"},{"$i":"accessibility-pagetablist","$v":"tab list"},{"$i":"accessibility-canvas","$v":"canvas"},{"$i":"accessibility-checkmenuitem","$v":"provjeri stavku menija"},{"$i":"accessibility-label","$v":"label"},{"$i":"accessibility-passwordtext","$v":"password text"},{"$i":"accessibility-radiomenuitem","$v":"stavka menija radija"},{"$i":"accessibility-textcontainer","$v":"text container"},{"$i":"accessibility-togglebutton","$v":"toggle button"},{"$i":"accessibility-treetable","$v":"tree table"},{"$i":"accessibility-header","$v":"header"},{"$i":"accessibility-footer","$v":"footer"},{"$i":"accessibility-paragraph","$v":"paragraph"},{"$i":"accessibility-entry","$v":"entry"},{"$i":"accessibility-caption","$v":"caption"},{"$i":"accessibility-heading","$v":"heading"},{"$i":"accessibility-section","$v":"section"},{"$i":"accessibility-form","$v":"form"},{"$i":"accessibility-comboboxlist","$v":"combo box list"},{"$i":"accessibility-comboboxoption","$v":"combo box option"},{"$i":"accessibility-imagemap","$v":"image map"},{"$i":"accessibility-listboxoption","$v":"option"},{"$i":"accessibility-listbox","$v":"list box"},{"$i":"accessibility-flatequation","$v":"flat equation"},{"$i":"accessibility-gridcell","$v":"gridcell"},{"$i":"accessibility-note","$v":"note"},{"$i":"accessibility-figure","$v":"figure"},{"$i":"accessibility-definitionlist","$v":"definition list"},{"$i":"accessibility-term","$v":"term"},{"$i":"accessibility-definition","$v":"definition"},{"$i":"accessibility-textarea","$v":"text area"},{"$i":"accessibility-textInputType_date","$v":"date"},{"$i":"accessibility-textInputType_email","$v":"e-mail"},{"$i":"accessibility-textInputType_search","$v":"search"},{"$i":"accessibility-textInputType_tel","$v":"telephone"},{"$i":"accessibility-textInputType_url","$v":"URL"},{"$i":"accessibility-headingLevel","$v":["heading level ",{"t":"idOrVar","v":"0"}]},{"$i":"accessibility-listStart","$v":"First item"},{"$i":"accessibility-listEnd","$v":"Last item"},{"$i":"accessibility-listItemsCount","$v":{"few":[{"t":"idOrVar","v":"count"}," items"],"many":[{"t":"idOrVar","v":"count"}," items"],"one":[{"t":"idOrVar","v":"count"}," item"],"other":[{"t":"idOrVar","v":"count"}," items"],"two":[{"t":"idOrVar","v":"count"}," items"],"zero":[{"t":"idOrVar","v":"count"}," items"]},"$x":[{"t":"idOrVar","v":"plural"},"count"]},{"$i":"accessibility-objItemOfN","$v":[{"t":"idOrVar","v":"0"}," of ",{"t":"idOrVar","v":"1"}]},{"$i":"accessibility-banner","$v":"banner"},{"$i":"accessibility-complementary","$v":"complementary"},{"$i":"accessibility-contentinfo","$v":"content info"},{"$i":"accessibility-main","$v":"main"},{"$i":"accessibility-navigation","$v":"navigation"},{"$i":"accessibility-search","$v":"search"},{"$i":"accessibility-tblColumnInfo","$v":{"few":["with ",{"t":"idOrVar","v":"count"}," columns"],"many":["with ",{"t":"idOrVar","v":"count"}," columns"],"one":["with ",{"t":"idOrVar","v":"count"}," column"],"other":["with ",{"t":"idOrVar","v":"count"}," columns"],"two":["with ",{"t":"idOrVar","v":"count"}," columns"],"zero":["with ",{"t":"idOrVar","v":"count"}," columns"]},"$x":[{"t":"idOrVar","v":"plural"},"count"]},{"$i":"accessibility-tblRowInfo","$v":{"few":["and ",{"t":"idOrVar","v":"count"}," rows"],"many":["and ",{"t":"idOrVar","v":"count"}," rows"],"one":["and ",{"t":"idOrVar","v":"count"}," row"],"other":["and ",{"t":"idOrVar","v":"count"}," rows"],"two":["and ",{"t":"idOrVar","v":"count"}," rows"],"zero":["and ",{"t":"idOrVar","v":"count"}," rows"]},"$x":[{"t":"idOrVar","v":"plural"},"count"]},{"$i":"accessibility-columnInfo","$v":["Column ",{"t":"idOrVar","v":"0"}]},{"$i":"accessibility-rowInfo","$v":["Row ",{"t":"idOrVar","v":"0"}]},{"$i":"accessibility-spansColumns","$v":{"few":["spans ",{"t":"idOrVar","v":"0"}," columns"],"many":["spans ",{"t":"idOrVar","v":"0"}," columns"],"one":["spans ",{"t":"idOrVar","v":"0"}," column"],"other":["spans ",{"t":"idOrVar","v":"0"}," columns"],"two":["spans ",{"t":"idOrVar","v":"0"}," columns"],"zero":["spans ",{"t":"idOrVar","v":"0"}," columns"]},"$x":[{"t":"idOrVar","v":"plural"},"0"]},{"$i":"accessibility-spansRows","$v":{"few":["spans ",{"t":"idOrVar","v":"0"}," rows"],"many":["spans ",{"t":"idOrVar","v":"0"}," rows"],"one":["spans ",{"t":"idOrVar","v":"0"}," row"],"other":["spans ",{"t":"idOrVar","v":"0"}," rows"],"two":["spans ",{"t":"idOrVar","v":"0"}," rows"],"zero":["spans ",{"t":"idOrVar","v":"0"}," rows"]},"$x":[{"t":"idOrVar","v":"plural"},"0"]},{"$i":"accessibility-jumpAction","$v":"jumped"},{"$i":"accessibility-pressAction","$v":"pressed"},{"$i":"accessibility-checkAction","$v":"checked"},{"$i":"accessibility-uncheckAction","$v":"unchecked"},{"$i":"accessibility-selectAction","$v":"selected"},{"$i":"accessibility-unselectAction","$v":"unselected"},{"$i":"accessibility-openAction","$v":"opened"},{"$i":"accessibility-closeAction","$v":"closed"},{"$i":"accessibility-switchAction","$v":"switched"},{"$i":"accessibility-clickAction","$v":"clicked"},{"$i":"accessibility-collapseAction","$v":"collapsed"},{"$i":"accessibility-expandAction","$v":"expanded"},{"$i":"accessibility-activateAction","$v":"activated"},{"$i":"accessibility-cycleAction","$v":"cycled"},{"$i":"accessibility-hidden","$v":"hidden"},{"$i":"accessibility-tabLoading","$v":"loading"},{"$i":"accessibility-tabLoaded","$v":"loaded"},{"$i":"accessibility-tabNew","$v":"new tab"},{"$i":"accessibility-tabLoadStopped","$v":"loading stopped"},{"$i":"accessibility-tabReload","$v":"reloading"},{"$i":"accessibility-stateChecked","$v":"checked"},{"$i":"accessibility-stateNotChecked","$v":"not checked"},{"$i":"accessibility-statePressed","$v":"pressed"},{"$i":"accessibility-stateExpanded","$v":"expanded"},{"$i":"accessibility-stateCollapsed","$v":"collapsed"},{"$i":"accessibility-stateUnavailable","$v":"unavailable"},{"$i":"accessibility-stateRequired","$v":"required"},{"$i":"accessibility-stateTraversed","$v":"visited"},{"$i":"accessibility-stateHasPopup","$v":"has pop up"},{"$i":"accessibility-stateSelected","$v":"selected"},{"$i":"accessibility-editingMode","$v":"editing"},{"$i":"accessibility-navigationMode","$v":"navigating"},{"$i":"accessibility-quicknav_Simple","$v":"Default"},{"$i":"accessibility-quicknav_Anchor","$v":"Anchors"},{"$i":"accessibility-quicknav_Button","$v":"Buttons"},{"$i":"accessibility-quicknav_Combobox","$v":"Combo boxes"},{"$i":"accessibility-quicknav_Landmark","$v":"Landmarks"},{"$i":"accessibility-quicknav_Entry","$v":"Entries"},{"$i":"accessibility-quicknav_FormElement","$v":"Form elements"},{"$i":"accessibility-quicknav_Graphic","$v":"Images"},{"$i":"accessibility-quicknav_Heading","$v":"Headings"},{"$i":"accessibility-quicknav_ListItem","$v":"List items"},{"$i":"accessibility-quicknav_Link","$v":"Links"},{"$i":"accessibility-quicknav_List","$v":"Lists"},{"$i":"accessibility-quicknav_PageTab","$v":"Page tabs"},{"$i":"accessibility-quicknav_RadioButton","$v":"Radio buttons"},{"$i":"accessibility-quicknav_Separator","$v":"Separators"},{"$i":"accessibility-quicknav_Table","$v":"Tables"},{"$i":"accessibility-quicknav_Checkbox","$v":"Check boxes"},{"$i":"accessibility-menubarAbbr","$v":"menu bar"},{"$i":"accessibility-scrollbarAbbr","$v":"scroll bar"},{"$i":"accessibility-gripAbbr","$v":"grip"},{"$i":"accessibility-alertAbbr","$v":"alert"},{"$i":"accessibility-menupopupAbbr","$v":"menu popup"},{"$i":"accessibility-documentAbbr","$v":"document"},{"$i":"accessibility-paneAbbr","$v":"pane"},{"$i":"accessibility-dialogAbbr","$v":"dialogue"},{"$i":"accessibility-separatorAbbr","$v":"separator"},{"$i":"accessibility-toolbarAbbr","$v":"toolbar"},{"$i":"accessibility-statusbarAbbr","$v":"status bar"},{"$i":"accessibility-tableAbbr","$v":"tbl"},{"$i":"accessibility-columnheaderAbbr","$v":"column header"},{"$i":"accessibility-rowheaderAbbr","$v":"row header"},{"$i":"accessibility-columnAbbr","$v":"column"},{"$i":"accessibility-rowAbbr","$v":"row"},{"$i":"accessibility-cellAbbr","$v":"cell"},{"$i":"accessibility-linkAbbr","$v":"lnk"},{"$i":"accessibility-listAbbr","$v":"list"},{"$i":"accessibility-listitemAbbr","$v":"list item"},{"$i":"accessibility-outlineAbbr","$v":"outline"},{"$i":"accessibility-outlineitemAbbr","$v":"outline item"},{"$i":"accessibility-pagetabAbbr","$v":"tab"},{"$i":"accessibility-propertypageAbbr","$v":"property page"},{"$i":"accessibility-graphicAbbr","$v":"graphic"},{"$i":"accessibility-pushbuttonAbbr","$v":"btn"},{"$i":"accessibility-checkbuttonAbbr","$v":"check button"},{"$i":"accessibility-radiobuttonAbbr","$v":"radio button"},{"$i":"accessibility-comboboxAbbr","$v":"combo box"},{"$i":"accessibility-progressbarAbbr","$v":"progress bar"},{"$i":"accessibility-sliderAbbr","$v":"slider"},{"$i":"accessibility-spinbuttonAbbr","$v":"spin button"},{"$i":"accessibility-diagramAbbr","$v":"diagram"},{"$i":"accessibility-animationAbbr","$v":"animation"},{"$i":"accessibility-equationAbbr","$v":"equation"},{"$i":"accessibility-buttonmenuAbbr","$v":"button menu"},{"$i":"accessibility-whitespaceAbbr","$v":"white space"},{"$i":"accessibility-pagetablistAbbr","$v":"tab list"},{"$i":"accessibility-canvasAbbr","$v":"canvas"},{"$i":"accessibility-checkmenuitemAbbr","$v":"check menu item"},{"$i":"accessibility-labelAbbr","$v":"label"},{"$i":"accessibility-passwordtextAbbr","$v":"passwdtxt"},{"$i":"accessibility-radiomenuitemAbbr","$v":"radio menu item"},{"$i":"accessibility-textcontainerAbbr","$v":"text container"},{"$i":"accessibility-togglebuttonAbbr","$v":"toggle button"},{"$i":"accessibility-treetableAbbr","$v":"tree table"},{"$i":"accessibility-headerAbbr","$v":"header"},{"$i":"accessibility-footerAbbr","$v":"footer"},{"$i":"accessibility-paragraphAbbr","$v":"paragraph"},{"$i":"accessibility-entryAbbr","$v":"entry"},{"$i":"accessibility-captionAbbr","$v":"caption"},{"$i":"accessibility-headingAbbr","$v":"heading"},{"$i":"accessibility-sectionAbbr","$v":"section"},{"$i":"accessibility-formAbbr","$v":"form"},{"$i":"accessibility-comboboxlistAbbr","$v":"combo box list"},{"$i":"accessibility-comboboxoptionAbbr","$v":"combo box option"},{"$i":"accessibility-imagemapAbbr","$v":"imgmap"},{"$i":"accessibility-listboxoptionAbbr","$v":"option"},{"$i":"accessibility-listboxAbbr","$v":"list box"},{"$i":"accessibility-flatequationAbbr","$v":"flat equation"},{"$i":"accessibility-gridcellAbbr","$v":"gridcell"},{"$i":"accessibility-noteAbbr","$v":"note"},{"$i":"accessibility-figureAbbr","$v":"fig"},{"$i":"accessibility-definitionlistAbbr","$v":"definition list"},{"$i":"accessibility-termAbbr","$v":"term"},{"$i":"accessibility-definitionAbbr","$v":"definition"},{"$i":"accessibility-textareaAbbr","$v":"txtarea"},{"$i":"accessibility-tblColumnInfoAbbr","$v":{"few":[{"t":"idOrVar","v":"count"},"c"],"many":[{"t":"idOrVar","v":"count"},"c"],"one":[{"t":"idOrVar","v":"count"},"c"],"other":[{"t":"idOrVar","v":"count"},"c"],"two":[{"t":"idOrVar","v":"count"},"c"]},"$x":[{"t":"idOrVar","v":"plural"},"count"]},{"$i":"accessibility-tblRowInfoAbbr","$v":{"few":[{"t":"idOrVar","v":"count"},"r"],"many":[{"t":"idOrVar","v":"count"},"r"],"one":[{"t":"idOrVar","v":"count"},"r"],"other":[{"t":"idOrVar","v":"count"},"r"],"two":[{"t":"idOrVar","v":"count"},"r"]},"$x":[{"t":"idOrVar","v":"plural"},"count"]},{"$i":"accessibility-cellInfoAbbr","$v":["c",{"t":"idOrVar","v":"0"},"r",{"t":"idOrVar","v":"1"}]},{"$i":"accessibility-stateCheckedAbbr","$v":"(x)"},{"$i":"accessibility-stateUncheckedAbbr","$v":"( )"},{"$i":"accessibility-statePressedAbbr","$v":"(x)"},{"$i":"accessibility-stateUnpressedAbbr","$v":"( )"},{"$i":"accessibility-pushbutton-hint","$v":"Double tap to activate"},{"$i":"accessibility-checkbutton-hint","$v":"Double tap to activate"},{"$i":"accessibility-combobox-hint","$v":"Double tap to activate"},{"$i":"accessibility-key-hint","$v":"Tap and hold to activate"},{"$i":"accessibility-link-hint","$v":"Double tap to activate"},{"$i":"accessibility-menuitem-hint","$v":"Double tap to activate"},{"$i":"accessibility-option-hint","$v":"Double tap to activate"},{"$i":"accessibility-radiobutton-hint","$v":"Double tap to activate"},{"$i":"accessibility-slider-hint","$v":"Swipe up to increase or down to decrease"},{"$i":"accessibility-spinbutton-hint","$v":"Swipe up to increase or down to decrease"},{"$i":"accessibility-pagetab-hint","$v":"Double tap to activate"},{"$i":"accessibility-entry-hint","$v":"Double tap to activate"},{"$i":"accessibility-outlineitem-hint","$v":"Double tap to activate"},{"$i":"SoftLeft","$v":"Lijeva meka tipka"},{"$i":"Enter","$v":"Dugme „U redu“"},{"$i":"SoftRight","$v":"Desna meka tipka"},{"$i":"weekday-0-long","$v":"Nedjelja"},{"$i":"weekday-1-long","$v":"Ponedjeljak"},{"$i":"weekday-2-long","$v":"Utorak"},{"$i":"weekday-3-long","$v":"Srijeda"},{"$i":"weekday-4-long","$v":"Četvrtak"},{"$i":"weekday-5-long","$v":"Petak"},{"$i":"weekday-6-long","$v":"Subota"},{"$i":"weekday-0-short","$v":"Ned."},{"$i":"weekday-1-short","$v":"Pon."},{"$i":"weekday-2-short","$v":"Uto."},{"$i":"weekday-3-short","$v":"Sri."},{"$i":"weekday-4-short","$v":"Čet."},{"$i":"weekday-5-short","$v":"Pet."},{"$i":"weekday-6-short","$v":"Sub."},{"$i":"month-0-long","$v":"Januar"},{"$i":"month-1-long","$v":"Februar"},{"$i":"month-2-long","$v":"Mart"},{"$i":"month-3-long","$v":"April"},{"$i":"month-4-long","$v":"Maj"},{"$i":"month-5-long","$v":"Juni"},{"$i":"month-6-long","$v":"Juli"},{"$i":"month-7-long","$v":"Avgust"},{"$i":"month-8-long","$v":"Septembar"},{"$i":"month-9-long","$v":"Oktobar"},{"$i":"month-10-long","$v":"Novembar"},{"$i":"month-11-long","$v":"Decembar"},{"$i":"month-0-genitive","$v":"Januar"},{"$i":"month-1-genitive","$v":"Februar"},{"$i":"month-2-genitive","$v":"Mart"},{"$i":"month-3-genitive","$v":"April"},{"$i":"month-4-genitive","$v":"Maj"},{"$i":"month-5-genitive","$v":"Juni"},{"$i":"month-6-genitive","$v":"Juli"},{"$i":"month-7-genitive","$v":"Avgust"},{"$i":"month-8-genitive","$v":"Septembar"},{"$i":"month-9-genitive","$v":"Oktobar"},{"$i":"month-10-genitive","$v":"Novembar"},{"$i":"month-11-genitive","$v":"Decembar"},{"$i":"month-0-short","$v":"Jan."},{"$i":"month-1-short","$v":"Feb."},{"$i":"month-2-short","$v":"Mart"},{"$i":"month-3-short","$v":"Apr."},{"$i":"month-4-short","$v":"Maj"},{"$i":"month-5-short","$v":"Juni"},{"$i":"month-6-short","$v":"Juli"},{"$i":"month-7-short","$v":"Avg."},{"$i":"month-8-short","$v":"Sep."},{"$i":"month-9-short","$v":"Okt."},{"$i":"month-10-short","$v":"Nov."},{"$i":"month-11-short","$v":"Dec."},{"$i":"minutes-ago-long","$v":{"few":["Prije ",{"t":"idOrVar","v":"value"}," minute/a"],"many":["Prije ",{"t":"idOrVar","v":"value"}," minute/a"],"one":"prije jedan minut","other":["Prije ",{"t":"idOrVar","v":"value"}," minute/a"],"two":["Prije ",{"t":"idOrVar","v":"value"}," minute/a"],"zero":"sada"},"$x":[{"t":"idOrVar","v":"plural"},"value"]},{"$i":"hours-ago-long","$v":{"few":["Prije ",{"t":"idOrVar","v":"value"}," sata/i"],"many":["Prije ",{"t":"idOrVar","v":"value"}," sata/i"],"one":"prije sat vremena","other":["Prije ",{"t":"idOrVar","v":"value"}," sata/i"],"two":["Prije ",{"t":"idOrVar","v":"value"}," sata/i"],"zero":"sada"},"$x":[{"t":"idOrVar","v":"plural"},"value"]},{"$i":"days-ago-long","$v":{"few":["prije ",{"t":"idOrVar","v":"value"}," dana"],"many":["prije ",{"t":"idOrVar","v":"value"}," dana"],"one":"jučer","other":["prije ",{"t":"idOrVar","v":"value"}," dana"],"two":["prije ",{"t":"idOrVar","v":"value"}," dana"],"zero":"danas"},"$x":[{"t":"idOrVar","v":"plural"},"value"]},{"$i":"weeks-ago-long","$v":{"few":["Prije ",{"t":"idOrVar","v":"value"}," sedmice/a"],"many":["Prije ",{"t":"idOrVar","v":"value"}," sedmice/a"],"one":"prošle sedmice","other":["Prije ",{"t":"idOrVar","v":"value"}," sedmice/a"],"two":["Prije ",{"t":"idOrVar","v":"value"}," sedmice/a"],"zero":"ova sedmica"},"$x":[{"t":"idOrVar","v":"plural"},"value"]},{"$i":"months-ago-long","$v":{"few":["Prije ",{"t":"idOrVar","v":"value"}," mjeseca/i"],"many":["Prije ",{"t":"idOrVar","v":"value"}," mjeseca/i"],"one":"prošli mjesec","other":["Prije ",{"t":"idOrVar","v":"value"}," mjeseca/i"],"two":["Prije ",{"t":"idOrVar","v":"value"}," mjeseca/i"],"zero":"ovaj mjesec"},"$x":[{"t":"idOrVar","v":"plural"},"value"]},{"$i":"years-ago-long","$v":{"few":["Prije ",{"t":"idOrVar","v":"value"}," godine/a"],"many":["Prije ",{"t":"idOrVar","v":"value"}," godine/a"],"one":"prošle godine","other":["Prije ",{"t":"idOrVar","v":"value"}," godine/a"],"two":["Prije ",{"t":"idOrVar","v":"value"}," godine/a"],"zero":"ova godina"},"$x":[{"t":"idOrVar","v":"plural"},"value"]},{"$i":"minutes-until-long","$v":{"few":["za ",{"t":"idOrVar","v":"value"}," minuta"],"many":["za ",{"t":"idOrVar","v":"value"}," minuta"],"one":"za minut","other":["za ",{"t":"idOrVar","v":"value"}," minuta"],"two":["za ",{"t":"idOrVar","v":"value"}," minuta"],"zero":"sada"},"$x":[{"t":"idOrVar","v":"plural"},"value"]},{"$i":"hours-until-long","$v":{"few":["za ",{"t":"idOrVar","v":"value"}," sati"],"many":["za ",{"t":"idOrVar","v":"value"}," sati"],"one":"za sat","other":["za ",{"t":"idOrVar","v":"value"}," sati"],"two":["za ",{"t":"idOrVar","v":"value"}," sati"],"zero":"sada"},"$x":[{"t":"idOrVar","v":"plural"},"value"]},{"$i":"days-until-long","$v":{"few":["za ",{"t":"idOrVar","v":"value"}," dana"],"many":["za ",{"t":"idOrVar","v":"value"}," dana"],"one":"sutra","other":["za ",{"t":"idOrVar","v":"value"}," dana"],"two":["za ",{"t":"idOrVar","v":"value"}," dana"],"zero":"danas"},"$x":[{"t":"idOrVar","v":"plural"},"value"]},{"$i":"weeks-until-long","$v":{"few":["za ",{"t":"idOrVar","v":"value"}," sedmica"],"many":["za ",{"t":"idOrVar","v":"value"}," sedmica"],"one":"sljedeća sedmica","other":["za ",{"t":"idOrVar","v":"value"}," sedmica"],"two":["za ",{"t":"idOrVar","v":"value"}," sedmica"],"zero":"ova sedmica"},"$x":[{"t":"idOrVar","v":"plural"},"value"]},{"$i":"months-until-long","$v":{"few":["za ",{"t":"idOrVar","v":"value"}," mjeseci"],"many":["za ",{"t":"idOrVar","v":"value"}," mjeseci"],"one":"sljedeći mjesec","other":["za ",{"t":"idOrVar","v":"value"}," mjeseci"],"two":["za ",{"t":"idOrVar","v":"value"}," mjeseci"],"zero":"ovaj mjesec"},"$x":[{"t":"idOrVar","v":"plural"},"value"]},{"$i":"years-until-long","$v":{"few":["za ",{"t":"idOrVar","v":"value"}," godina"],"many":["za ",{"t":"idOrVar","v":"value"}," godina"],"one":"sljedeća godina","other":["za ",{"t":"idOrVar","v":"value"}," godina"],"two":["za ",{"t":"idOrVar","v":"value"}," godina"],"zero":"ova godina"},"$x":[{"t":"idOrVar","v":"plural"},"value"]},{"$i":"minutes-ago-short","$v":{"other":["Prije ",{"t":"idOrVar","v":"value"},"m"],"zero":"sada"},"$x":[{"t":"idOrVar","v":"plural"},"value"]},{"$i":"hours-ago-short","$v":{"other":["Prije ",{"t":"idOrVar","v":"value"},"h"],"zero":"sada"},"$x":[{"t":"idOrVar","v":"plural"},"value"]},{"$i":"days-ago-short","$v":{"other":["Prije ",{"t":"idOrVar","v":"value"},"d"],"zero":"danas"},"$x":[{"t":"idOrVar","v":"plural"},"value"]},{"$i":"minutes-until-short","$v":{"other":["za ",{"t":"idOrVar","v":"value"},"m"],"zero":"sada"},"$x":[{"t":"idOrVar","v":"plural"},"value"]},{"$i":"hours-until-short","$v":{"other":["za ",{"t":"idOrVar","v":"value"},"s"],"zero":"sada"},"$x":[{"t":"idOrVar","v":"plural"},"value"]},{"$i":"days-until-short","$v":{"other":["za ",{"t":"idOrVar","v":"value"},"d"],"zero":"danas"},"$x":[{"t":"idOrVar","v":"plural"},"value"]},{"$i":"incorrectDate","$v":"(netačan datum)"},{"$i":"dateTimeFormat_%c","$v":"%a %b %e %Y %I:%M:%S %p"},{"$i":"dateTimeFormat_%x","$v":"%m/%d/%Y"},{"$i":"dateTimeFormat_%X","$v":"%I:%M:%S %p"},{"$i":"shortTimeFormat","$v":"%I:%M %p"},{"$i":"shortTimeFormat12","$v":"%I:%M %p"},{"$i":"shortTimeFormat24","$v":"%H:%M"},{"$i":"shortDateTimeFormat","$v":"%x %I:%M %p"},{"$i":"weekStartsOnMonday","$v":"0.0"},{"$i":"firstDayOfTheWeek","$v":"1.0"},{"$i":"time_am","$v":"AM"},{"$i":"time_pm","$v":"PM"},{"$i":"title-app","$v":"Dozvola aplikacije"},{"$i":"title-web","$v":"Dozvole web lokacije"},{"$i":"title-cam","$v":"Odaberi kameru"},{"$i":"perm-alarms","$v":"Raspored alarma"},{"$i":"perm-audio-capture","$v":"Mikrofon"},{"$i":"perm-audio-capture-appRequest","$v":["Želite li podijeliti svoj mikrofon sa ",{"t":"idOrVar","v":"app"},"?"]},{"$i":"perm-audio-capture-webRequest","$v":["Želite li podijeliti svoj mikrofon sa ",{"t":"idOrVar","v":"site"},"?"]},{"$i":"perm-audio-channel-content","$v":"Reprodukuj zvukove"},{"$i":"perm-audio-channel-notification","$v":"Reprodukuj zvukove obavješ."},{"$i":"perm-audio-channel-ringer","$v":"Play Ringtone Sounds"},{"$i":"perm-background-sensors","$v":"Pristup podacima senzora"},{"$i":"perm-bluetooth","$v":"Bluetooth"},{"$i":"perm-browser","$v":"Provjerite web stranice"},{"$i":"perm-camera","$v":"Kamere"},{"$i":"perm-camera-selector-appRequest","$v":["Odaberi kameru za ",{"t":"idOrVar","v":"app"},"."]},{"$i":"perm-camera-selector-webRequest","$v":["Odaberi kameru za ",{"t":"idOrVar","v":"site"},"."]},{"$i":"perm-camera-appRequest","$v":[{"t":"idOrVar","v":"app"}," želi koristiti vašu kameru."]},{"$i":"perm-camera-webRequest","$v":[{"t":"idOrVar","v":"site"}," želi koristiti vašu kameru."]},{"$i":"perm-cellbroadcast","$v":"Emitovanje ćelija"},{"$i":"perm-contacts","$v":"Kontakti"},{"$i":"perm-contacts-appRequest","$v":[{"t":"idOrVar","v":"app"}," želi pristupiti vašoj listi kontakata."]},{"$i":"perm-contacts-webRequest","$v":[{"t":"idOrVar","v":"site"}," želi pristupiti vašoj listi kontakata."]},{"$i":"perm-desktop-notification","$v":"Obavijesti"},{"$i":"perm-desktop-notification-appRequest","$v":[{"t":"idOrVar","v":"app"}," želi prikazati obavijesti."]},{"$i":"perm-desktop-notification-webRequest","$v":[{"t":"idOrVar","v":"site"}," želi prikazati obavijesti."]},{"$i":"perm-device-storage-apps","$v":"Memorija aplikacije"},{"$i":"perm-device-storage-music","$v":"Skladištenje muzike"},{"$i":"perm-device-storage-music-appRequest","$v":[{"t":"idOrVar","v":"app"}," želi pristupiti vašoj muzici."]},{"$i":"perm-device-storage-music-webRequest","$v":[{"t":"idOrVar","v":"site"}," želi pristupiti vašoj muzici."]},{"$i":"perm-device-storage-pictures","$v":"Skladištenje slike"},{"$i":"perm-device-storage-pictures-appRequest","$v":[{"t":"idOrVar","v":"app"}," želi pristupiti vašim slikama."]},{"$i":"perm-device-storage-pictures-webRequest","$v":[{"t":"idOrVar","v":"site"}," želi pristupiti vašim slikama."]},{"$i":"perm-device-storage-sdcard","$v":"Memorija memorijske kartice"},{"$i":"perm-device-storage-sdcard-appRequest","$v":[{"t":"idOrVar","v":"app"}," želi pristupiti vašoj memorijskoj kartici."]},{"$i":"perm-device-storage-sdcard-webRequest","$v":[{"t":"idOrVar","v":"site"}," želi pristupiti vašoj memorijskoj kartici."]},{"$i":"perm-device-storage-videos","$v":"Video memorija"},{"$i":"perm-device-storage-videos-appRequest","$v":[{"t":"idOrVar","v":"app"}," želi pristupiti vašim video zapisima."]},{"$i":"perm-device-storage-videos-webRequest","$v":[{"t":"idOrVar","v":"site"}," želi pristupiti vašim video zapisima."]},{"$i":"perm-fullscreen-appRequest","$v":[{"t":"idOrVar","v":"app"}," sada je preko cijelog ekrana."]},{"$i":"perm-fullscreen-webRequest","$v":[{"t":"idOrVar","v":"site"}," sada je preko cijelog ekrana."]},{"$i":"perm-embed-apps","$v":"Dodaj aplikacije"},{"$i":"perm-fmradio","$v":"FM radio"},{"$i":"perm-fmradio-appRequest","$v":[{"t":"idOrVar","v":"app"}," želi koristiti FM radio."]},{"$i":"perm-fmradio-webRequest","$v":[{"t":"idOrVar","v":"site"}," želi koristiti FM radio."]},{"$i":"perm-geolocation","$v":"Geolokacija"},{"$i":"perm-geolocation-appRequest","$v":[{"t":"idOrVar","v":"app"}," želi znati vašu lokaciju."]},{"$i":"perm-geolocation-more-info","$v":[{"t":"idOrVar","v":"brandShortName"}," koristi GPS i dodatne dopunske informacije kao što su Wi-Fi i mobilne mreže kako bi se približno dobila vaša lokacija. Podatke o lokaciji može koristiti ",{"t":"idOrVar","v":"brandShortName"}," i pružatelji usluga kako bi se poboljšala tačnost i pokrivenost baze podataka o lokaciji. ",{"t":"idOrVar","v":"brandShortName"}," uvijek će tražiti dozvolu kada aplikaciji treba pristup lokaciji vašeg uređaja."]},{"$i":"perm-geolocation-webRequest","$v":[{"t":"idOrVar","v":"site"}," želi znati vašu lokaciju."]},{"$i":"perm-idle","$v":"Pogledaj neaktivan status"},{"$i":"perm-indexedDB-chrome-settings","$v":"Privilegovani IndexedDB"},{"$i":"perm-indexedDB-unlimited","$v":"Neograničeno indeksirano DB skladištenje"},{"$i":"perm-input-manage","$v":"Upravljaj tastaturama"},{"$i":"perm-input","$v":"Služi kao tastatura"},{"$i":"perm-media-capture","$v":"Kamera i mikrofon"},{"$i":"perm-media-capture-appRequest","$v":["Želite li podijeliti vašu kameru i mikrofon sa ",{"t":"idOrVar","v":"app"},"?"]},{"$i":"perm-media-capture-webRequest","$v":["Želite li podijeliti vašu kameru i mikrofon sa ",{"t":"idOrVar","v":"site"},"?"]},{"$i":"perm-mobileconnection","$v":"Mobilna veza"},{"$i":"perm-mobileid","$v":"Mobilni identitet"},{"$i":"perm-network-events","$v":"Događaji mreže"},{"$i":"perm-open-remote-window","$v":"Pokreni aplikaciju"},{"$i":"perm-permissions","$v":"Izmijeni dozvole za aplikacije"},{"$i":"perm-power","$v":"Podešavanje napajanja"},{"$i":"perm-settings","$v":"Izmijeni podešavanja"},{"$i":"perm-systemXHR","$v":"Zahtjevi za unakrsno porijeklo"},{"$i":"perm-telephony","$v":"Telefonija"},{"$i":"perm-video-capture","$v":"Fotoaparat"},{"$i":"perm-video-capture-appRequest","$v":["Želite li podijeliti vašu kameru sa ",{"t":"idOrVar","v":"app"},"?"]},{"$i":"perm-video-capture-webRequest","$v":["Želite li podijeliti vašu kameru sa ",{"t":"idOrVar","v":"site"},"?"]},{"$i":"perm-voicemail","$v":"Kontrola glasovne pošte"},{"$i":"perm-webapps-manage","$v":"Instaliraj web aplikacije"},{"$i":"perm-wifi-manage","$v":"Upravljaj bežičnim internetom"},{"$i":"perm-attention","$v":"Otvori iskačuće prevlake"},{"$i":"perm-audio-channel-alarm","$v":"Reprodukuj zvukove alarma"},{"$i":"perm-audio-channel-normal","$v":"Reprodukuj zvukove"},{"$i":"perm-audio-channel-publicnotification","$v":"Reprodukuj zvukove javnih obavj."},{"$i":"perm-audio-channel-telephony","$v":"Reprodukuj zvukove telefonije"},{"$i":"perm-backgroundservice","$v":"Služi kao pozadinska usluga"},{"$i":"perm-device-storage-crashes","$v":"Skladište podataka o kvarovima"},{"$i":"perm-downloads","$v":"Pristup preuzimanjima"},{"$i":"perm-embed-widgets","$v":"Dodaj dodatke"},{"$i":"perm-feature-detection","$v":"Funkcija detekcije"},{"$i":"perm-firefox-accounts","$v":"Firefox nalozi"},{"$i":"perm-mobilenetwork","$v":"Mobilna mreža"},{"$i":"perm-moz-attention","$v":"Otvori iskačuće prevlake (moz)"},{"$i":"perm-moz-audio-channel-ringer","$v":"Play Ringtone Sounds (moz)"},{"$i":"perm-moz-audio-channel-telephony","$v":"Reprodukuj zvukove telefonije (moz)"},{"$i":"perm-moz-firefox-accounts","$v":"Firefox nalozi (moz)"},{"$i":"perm-networkstats-manage","$v":"Kontrola upotrebe statistike"},{"$i":"perm-nfc","$v":"NFC"},{"$i":"perm-nfc-hci-events","$v":"NFC HCI događaji"},{"$i":"perm-nfc-manager","$v":"Upravljaj NFC-om"},{"$i":"perm-phonenumberservice","$v":"Usluga broja telefona"},{"$i":"perm-push","$v":"Push API"},{"$i":"perm-resourcestats-manage","$v":"Statistika resursa"},{"$i":"perm-sms","$v":"Pošalji i pročitaj SMS"},{"$i":"perm-speaker-control","$v":"Kontrola jačine zvuka"},{"$i":"perm-storage","$v":"Pristup skladištu"},{"$i":"perm-tcp-socket","$v":"TCP soketi"},{"$i":"perm-test-permission","$v":"Test Permission"},{"$i":"perm-time","$v":"Postavi datum i vrijeme"},{"$i":"perm-udp-socket","$v":"UDP priključci"},{"$i":"perm-wappush","$v":"WAP push"},{"$i":"stopped_download_title","$v":"Preuzimanje je zaustavljeno"},{"$i":"tcl-stopped_download_message","$v":"Preuzimanje je zaustavljeno. Želite li nastaviti preuzimanje?"},{"$i":"stopped_download_left_button","$v":"Otkaži"},{"$i":"stopped_download_right_button","$v":"Pokušaj ponovo"},{"$i":"failed_download_title","$v":"Preuzimanje neuspješno"},{"$i":"failed_download_message","$v":[{"t":"idOrVar","v":"name"}," nije uspelo da se preuzme. Pokušajte ponovo da preuzmete?"]},{"$i":"failed_download_left_button","$v":"Otkaži"},{"$i":"failed_download_right_button","$v":"Pokušaj ponovo"},{"$i":"stop_download_title","$v":"Zaustavi preuzimanje"},{"$i":"stop_download_message","$v":"Jeste li sigurni da želite zaustaviti preuzimanje?"},{"$i":"stop_download_left_button","$v":"Otkaži"},{"$i":"stop_download_right_button","$v":"Zaustavi"},{"$i":"delete_download_title","$v":"Izbriši"},{"$i":"delete_download_message","$v":["Izbrisati \"",{"t":"idOrVar","v":"name"},"\"?"]},{"$i":"delete_download_left_button","$v":"Otkaži"},{"$i":"delete_download_right_button","$v":"Izbriši"},{"$i":"delete_all_download_title","$v":"Izbriši"},{"$i":"delete_all_download_left_button","$v":"Otkaži"},{"$i":"delete_all_download_right_button","$v":"Izbriši"},{"$i":"delete_all_download_message_ext","$v":"Izbrisati odabrane datoteke?"},{"$i":"delete_all_download_message","$v":{"few":["Izbriši ",{"t":"idOrVar","v":"number"}," datoteke?"],"many":["Izbriši ",{"t":"idOrVar","v":"number"}," datoteke?"],"one":"Izbriši jednu datoteku?","other":["Izbriši ",{"t":"idOrVar","v":"number"}," datoteke?"],"two":["Izbriši ",{"t":"idOrVar","v":"number"}," datoteke?"],"zero":"Izbriši datoteke?"},"$x":[{"t":"idOrVar","v":"plural"},"number"]},{"$i":"unsupported_file_type_download_title","$v":"Otvaranje nije uspjelo"},{"$i":"unsupported_file_type_download_message","$v":["Nema aplikacije koja može otvoriti datoteku ",{"t":"idOrVar","v":"name"},". Želite li sačuvati datoteku ili je izbrisati?"]},{"$i":"unsupported_file_type_download_left_button","$v":"Zadrži datoteku"},{"$i":"unsupported_file_type_download_right_button","$v":"Izbriši"},{"$i":"file_not_found_download_title","$v":"Datoteka nije pronađena"},{"$i":"file_not_found_download_message","$v":"Datoteka nije pronađena na uređaju"},{"$i":"file_not_found_download_right_button","$v":"OK"},{"$i":"unmounted_sdcard_2_download_title","$v":"Memorijska kartica u upotrebi"},{"$i":"unmounted_sdcard_2_download_message","$v":"Iskopčaj telefon"},{"$i":"unmounted_sdcard_2_download_right_button","$v":"OK"},{"$i":"no_provider_download_title","$v":"Otvaranje nije moguće"},{"$i":"no_provider_download_message","$v":"Ova vrsta datoteke je nevažeća ili nije podržana."},{"$i":"no_provider_download_right_button","$v":"OK"},{"$i":"no_memory_download_title","$v":"SD kartica je puna"},{"$i":"no_memory_download_message","$v":"Nema više prostora na vašoj SD kartici za čuvanje preuzimanja. Uklonite neke datoteke prije ponovnog pokretanja preuzimanja."},{"$i":"no_memory_download_right_button","$v":"OK"},{"$i":"no_sdcard_found_2_download_title","$v":"Nije pronađena memorijska kartica"},{"$i":"no_sdcard_found_2_download_message","$v":"Umetnite memorijsku karticu ili odaberite alternativnu podrazumijevanu lokaciju medija u podešavanjima"},{"$i":"no_sdcard_found_2_download_right_button","$v":"OK"},{"$i":"file_open_error_download_title","$v":"Potvrda"},{"$i":"file_open_error_download_message","$v":"Format datoteke nije važeći ili nije podržan. Želite li obrisati datoteku?"},{"$i":"file_open_error_download_left_button","$v":"Zadrži datoteku"},{"$i":"file_open_error_download_right_button","$v":"Izbriši"},{"$i":"restart_download_error","$v":"Došlo je do greške prilikom ponovnog pokretanja preuzimanja. Pokušaj kasnije."},{"$i":"no-downloads","$v":"Nema preuzimanja"},{"$i":"percentage","$v":[{"t":"idOrVar","v":"percentage"},"%"]},{"$i":"partialResult","$v":[{"t":"idOrVar","v":"partial"}," / ",{"t":"idOrVar","v":"total"}]},{"$i":"summary","$v":[{"t":"idOrVar","v":"date"}," - ",{"t":"idOrVar","v":"status"}]},{"$i":"download-stopped","$v":"Zaustavljeno"},{"$i":"download-failed","$v":"Preuzimanje neuspješno"},{"$i":"open_downloaded_file","$v":"Otvori"},{"$i":"share_downloaded_file","$v":"Podijeli"},{"$i":"wallpaper_downloaded_file","$v":"Postavi kao sl. pozadine"},{"$i":"ringtone_downloaded_file","$v":"Postavi kao zvuk zvona"},{"$i":"cancel_downloaded_file","$v":"Otkaži"},{"$i":"voicemailNoNumberTitle","$v":"Broj govorne pošte nije dostupan"},{"$i":"voicemailNoNumberText","$v":"Nije moguće pozvati govornu poštu. Podesite broj govorne pošte da biste obavili poziv."},{"$i":"voicemailNoNumberSettings","$v":"Postavke"},{"$i":"voicemailNoNumberCancel","$v":"Otkaži"},{"$i":"airplaneMode","$v":"Način rada u avionu"},{"$i":"noNetwork","$v":"Nema mreže"},{"$i":"roaming","$v":[{"t":"idOrVar","v":"operator"}," (Roaming)"]},{"$i":"operator-info","$v":[{"t":"idOrVar","v":"carrier"}," ",{"t":"idOrVar","v":"region"}]},{"$i":"emergencyCallsOnly","$v":"Samo pozivi u hitnim slučajevima"},{"$i":"emergencyCallsOnly-unknownSIMState","$v":"(nepoznato stanje SIM kartice)"},{"$i":"emergencyCallsOnly-noSIM","$v":"(nema SIM kart.)"},{"$i":"emergencyCallsOnly-pinRequired","$v":"(SIM PIN potreban)"},{"$i":"emergencyCallsOnly-pukRequired","$v":"(SIM PUK potreban)"},{"$i":"emergencyCallsOnly-networkLocked","$v":"(mreža zaključana)"},{"$i":"emergencyCallsOnly-serviceProviderLocked","$v":"(pružatelj usluga zaključan)"},{"$i":"emergencyCallsOnly-corporateLocked","$v":"(korporacija zaključana)"},{"$i":"emergencyCallsOnly-network1Locked","$v":"(mreža1 zaključana)"},{"$i":"emergencyCallsOnly-network2Locked","$v":"(mreža2 zaključana)"},{"$i":"emergencyCallsOnly-hrpdNetworkLocked","$v":"(hrpd mreža zaključana)"},{"$i":"emergencyCallsOnly-ruimCorporateLocked","$v":"(ruim korporacija zaključana)"},{"$i":"emergencyCallsOnly-ruimServiceProviderLocked","$v":"(pružatelj usluga ruim zaključan)"},{"$i":"lockscreen-sim-id","$v":["SIM ",{"t":"idOrVar","v":"n"}]},{"$i":"charging-no-time","$v":[{"t":"idOrVar","v":"level"},"% napunjeno"]},{"$i":"charging-minutes","$v":{"few":[{"t":"idOrVar","v":"level"},"% napunjeno (",{"t":"idOrVar","v":"minutes"}," min. dok se potpuno ne napuni)"],"many":[{"t":"idOrVar","v":"level"},"% napunjeno (",{"t":"idOrVar","v":"minutes"}," min. dok se potpuno ne napuni)"],"one":[{"t":"idOrVar","v":"level"},"% napunjeno (",{"t":"idOrVar","v":"minutes"}," min. dok se potpuno ne napuni)"],"other":[{"t":"idOrVar","v":"level"},"% napunjeno (",{"t":"idOrVar","v":"minutes"}," min. dok se potpuno ne napuni)"],"two":[{"t":"idOrVar","v":"level"},"% napunjeno (",{"t":"idOrVar","v":"minutes"}," min. dok se potpuno ne napuni)"],"zero":[{"t":"idOrVar","v":"level"},"% napunjeno (",{"t":"idOrVar","v":"minutes"}," min. dok se potpuno ne napuni)"]},"$x":[{"t":"idOrVar","v":"plural"},"minutes"]},{"$i":"charging-hours","$v":{"few":[{"t":"idOrVar","v":"level"},"% napunjeno (",{"t":"idOrVar","v":"hours"},"h ",{"t":"idOrVar","v":"minutes"}," min. dok se potpuno ne napuni)"],"many":[{"t":"idOrVar","v":"level"},"% napunjeno (",{"t":"idOrVar","v":"hours"},"h ",{"t":"idOrVar","v":"minutes"}," min. dok se potpuno ne napuni)"],"one":[{"t":"idOrVar","v":"level"},"% napunjeno (",{"t":"idOrVar","v":"hours"},"h ",{"t":"idOrVar","v":"minutes"}," min. dok se potpuno ne napuni)"],"other":[{"t":"idOrVar","v":"level"},"% napunjeno (",{"t":"idOrVar","v":"hours"},"h ",{"t":"idOrVar","v":"minutes"}," min. dok se potpuno ne napuni)"],"two":[{"t":"idOrVar","v":"level"},"% napunjeno (",{"t":"idOrVar","v":"hours"},"h ",{"t":"idOrVar","v":"minutes"}," min. dok se potpuno ne napuni)"],"zero":[{"t":"idOrVar","v":"level"},"% napunjeno (",{"t":"idOrVar","v":"hours"},"h ",{"t":"idOrVar","v":"minutes"}," min. dok se potpuno ne napuni)"]},"$x":[{"t":"idOrVar","v":"plural"},"minutes"]},{"$i":"network-error-in-app","$v":"Trenutno nema pristupa internetu."},{"$i":"network-error-launching","$v":[{"t":"idOrVar","v":"name"}," traži internet vezu."]},{"$i":"network-error-launching-title","$v":"Nema internet veze"},{"$i":"network-error-launching-message","$v":"Koristi Wi-Fi ili mobilne podatke za pristup internetu."},{"$i":"server-not-found","$v":"Server nije pronađen"},{"$i":"server-not-found-error","$v":["Nije moguće pronaći server na ",{"t":"idOrVar","v":"name"},"."]},{"$i":"file-not-found","$v":"Datoteka nije pronađena"},{"$i":"file-not-found-error","$v":"Uređaj ne može prikazati ovu stranicu jer datoteka nije pronađena."},{"$i":"connection-failed","$v":"Povezivanje nije uspjelo"},{"$i":"connection-failed-error","$v":"Došlo je do mrežne greške prilikom pokušaja dolaska do web lokacije."},{"$i":"invalid-connection","$v":"Povezivanje nije uspjelo"},{"$i":"invalid-connection-error","$v":"Došlo je do mrežne greške prilikom pokušaja dolaska do web lokacije."},{"$i":"malformed-uri","$v":"URL nije važeći"},{"$i":"malformed-uri-error","$v":"Unijeti URL nije važeći i ne može se učitati."},{"$i":"redirect-loop","$v":"Nije moguće prikazati stranicu"},{"$i":"redirect-loop-error","$v":"Uređaj ne može prikazati ovu stranicu jer stranica nije ispravno preusmjerena. Pokušajte da otvorite ovu stranicu kasnije."},{"$i":"not-cached","$v":"Stranica je istekla"},{"$i":"not-cached-error","$v":"Kao mjera sigurnosti, uređaj ne može prikazati ovu stranicu jer je stranica istekla."},{"$i":"is-printing","$v":"Pristup odbijen"},{"$i":"is-printing-error","$v":"Dokument se ne može modifikovati tokom štampanja ili tokom pregleda za štampanje."},{"$i":"denied-port-access","$v":"Adresa ograničena"},{"$i":"denied-port-access-error","$v":"Ova a dresa koristi mrežni priključak koji se obično koristi za druge namjene, a ne za pregledanje web-a. Uređaj je poništio zahtjev za vašu sigurnost."},{"$i":"proxy-resolve-failure","$v":"Greška proksi servera"},{"$i":"proxy-resolve-failure-error","$v":"Uređaj je konfigurisan da koristi proksi server koji nije pronađen."},{"$i":"proxy-connect-failure","$v":"Greška proksi servera"},{"$i":"proxy-connect-failure-error","$v":"Uređaj je konfigurisan da koristi proksi server koji odbija povezivanje."},{"$i":"content-encoding","$v":"Nije moguće prikazati stranicu"},{"$i":"content-encoding-error","$v":"Došlo je do greške tokom kodiranja i uređaj ne može prikazati ovu stranicu."},{"$i":"remote-xul","$v":"Stranica nije podržana"},{"$i":"remote-xul-error","$v":"Ova stranica se ne može prikazati jer korsiti tehnologiju koja nije podržana na uređaju."},{"$i":"phishing-blocked","$v":"Upozorenje"},{"$i":"phishing-blocked-error","$v":"Web lokacija je prijavljena kao web falsifikat dizajniran da prevari korisnike za razmjenu ličnih ili finansijskih informacija."},{"$i":"malware-blocked","$v":"Blokiran napad malvera"},{"$i":"malware-blocked-error","$v":"Ova lokacija je prijavljena kao napadna lokacija. Uređaj je blokirao zahtjev za vašu zaštitu."},{"$i":"unsafe-content-type","$v":"Nesiguran sadržaj"},{"$i":"unsafe-content-type-error","$v":"Stranicu nije moguće prikazati jer možda je nije sigurno otvoriti."},{"$i":"corrupted-content","$v":"Povezivanje nije uspjelo"},{"$i":"corrupted-content-error","$v":"Stranicu nije moguće prikazati jer je otkrivena greška u prenosu podataka."},{"$i":"unknown-protocol-found","$v":"Stranica nije podržana"},{"$i":"unknown-protocol-found-error","$v":"Stranica se ne može prikazati, koristi tehnologiju nepodržanu na uređaju."},{"$i":"try-again","$v":"Pokušaj ponovo"},{"$i":"check-settings","$v":"Provjeri podešavanja"},{"$i":"firefox-accounts-title","$v":"KaiOS nalozi"},{"$i":"firefox-accounts-title-sign-in","$v":"Prijava"},{"$i":"firefox-accounts-title-create-account","$v":"Kreiraj nalog"},{"$i":"kaios-accounts-title-about-kaios-account","$v":"O KaiOS računu"},{"$i":"kaios-accounts-phone-verification","$v":"Potvrda telefona"},{"$i":"kaios-accounts-title-account-info","$v":"Informacije o računu"},{"$i":"fxa-next","$v":"Sljedeće"},{"$i":"fxa-back","$v":"Nazad"},{"$i":"fxa-done","$v":"Završeno"},{"$i":"fxa-ok","$v":"U redu"},{"$i":"tcl-changessaved","$v":"Promjene su sačuvane"},{"$i":"tcl-verification-mail-has-been-sent","$v":"Veza za potvrdu je poslana"},{"$i":"fxa-decline","$v":"Odbij"},{"$i":"fxa-accept","$v":"Prihvati"},{"$i":"fxa-sining-in","$v":"Prijava..."},{"$i":"not-now","$v":"Ne sada"},{"$i":"send-sms","$v":"Pošalji SMS"},{"$i":"resend-sms","$v":"Ponovo pošalji SMS"},{"$i":"fxa-connection-error-title","$v":"Povezivanje nije uspjelo"},{"$i":"fxa-connection-error-message","$v":"Možete napraviti nalog ili se prijaviti iz podešavanja."},{"$i":"fxa-reset-password-error-title","$v":"Resetuj lozinku"},{"$i":"fxa-reset-password-error-message","$v":"Svoju lozinku možete resetovati u podešavanjima."},{"$i":"fxa-incorrect-email-address-or-password","$v":"fxa incorrect email address or password"},{"$i":"fxa-internet-connection-is-required","$v":"potrebna je veza sa internetom"},{"$i":"fxa-server-error","$v":"Greška servera, pokušaj ponovo kasnije"},{"$i":"fxa-server-error-2","$v":"Greška"},{"$i":"fxa-server-error-message","$v":"Kreiranje računa nije moguće. Pokušajte ponovo kasnije."},{"$i":"fxa-server-error-message-2","$v":"Server je nedostupan. Pokušajte ponovo kasnije."},{"$i":"fxa-offline-error-title","$v":"Povezivanje nije uspjelo"},{"$i":"fxa-offline-error-message","$v":"Povežite se na mrežu iz Podešavanja."},{"$i":"fxa-offline-error-message-1","$v":"Nema internet veze."},{"$i":"fxa-invalid-email-title","$v":"Greška"},{"$i":"fxa-invalid-email-message","$v":"Unesi važeću e-adresu."},{"$i":"fxa-invalid-password-title","$v":"Greška"},{"$i":"fxa-invalid-password-message","$v":"Netačna adresa e-pošte ili lozinka"},{"$i":"fxa-invalid-password-message-1","$v":"Netačna lozinka."},{"$i":"fxa-unknown-error-title","$v":"Povezivanje nije uspjelo"},{"$i":"fxa-unknown-error-message","$v":"Sistem nije dostupan, pokušaj ponovo."},{"$i":"fxa-email-is-taken-title","$v":"Greška"},{"$i":"fxa-email-is-taken-message","$v":"Već postoji nalog za ovu adresu e-pošte. Prijavi se na svoj nalog."},{"$i":"fxa-confirm-age-title","$v":"Greška"},{"$i":"fxa-confirm-age-message","$v":"Potvrdi da imaš više od 13 godina"},{"$i":"fxa-account-does-not-exist","$v":"Greška"},{"$i":"fxa-account-does-not-exist-message","$v":"Netačna adresa e-pošte ili lozinka"},{"$i":"fxa-account-does-not-exist-message-1","$v":"Account does not exist."},{"$i":"fxa-password-dont-match","$v":"Greška"},{"$i":"fxa-password-dont-match-message","$v":"Lozinke se ne podudaraju."},{"$i":"fxa-password-less","$v":"Greška"},{"$i":"fxa-password-less-message","$v":"Lozinka je manja od 8 znakova."},{"$i":"fxa-password-less-message-1","$v":"Lozinka je manja od 8 znakova."},{"$i":"fxa-password-more","$v":"Greška"},{"$i":"fxa-password-more-message","$v":"Lozinka je veća od 20 znakova."},{"$i":"fxa-password-more-message-1","$v":"Lozinka je veća od 20 znakova."},{"$i":"fxa-password-error","$v":"Greška"},{"$i":"fxa-password-error-message","$v":"Lozinka mora biti između 8-20 znakova s kombinacijom slova i brojeva."},{"$i":"fxa-connecting","$v":"Povezivanje"},{"$i":"fxa-enter-phone-number-message","$v":"Unesite svoj broj telefona. Poslat će se SMS poruka i započet će automatska potvrda."},{"$i":"fxa-sms-has-been-sent-message","$v":"SMS poruka je poslana. Kada se primi, započet će automatska potvrda. Opustite se i uživajte!"},{"$i":"fxa-time-remaining","$v":"Preostalo vrijeme:"},{"$i":"fxa-sms-verification-failed-message","$v":"SMS potvrda nije uspjela. Potvrdite svoj telefon i pritisnite „Ponovo pošalji SMS“ radi ponovnog pokušaja."},{"$i":"fxa-phone-number-label","$v":"Broj telefona"},{"$i":"fxa-enter-your-infomation","$v":"Unesite svoje podatke."},{"$i":"fxa-birthday-label","$v":"Rođendan"},{"$i":"fxa-birthday-select","$v":"Odaberi"},{"$i":"fxa-gender-label","$v":"Spol"},{"$i":"fxa-gender-select","$v":"Odaberi"},{"$i":"fxa-gender-male","$v":"Muško"},{"$i":"fxa-gender-female","$v":"Žensko"},{"$i":"fxa-gender-confidential","$v":"Povjerljivo"},{"$i":"fxa-enter-email-input","placeholder":"Unesi svoju adresu e-pošte"},{"$i":"fxa-use-email-to-sign-in","$v":"Unesite svoju adresu e-pošte. Vaša adresa e-pošte će biti ime vašeg naloga."},{"$i":"fxa-notice","$v":["Slažem se sa ",{"t":"idOrVar","v":"tos"}," i ",{"t":"idOrVar","v":"pn"}," KaiOS cloud usluga."]},{"$i":"fxa-placeholder","$v":"Vaša adresa e-pošte"},{"$i":"fxa-tos","$v":"Uslovi korištenja"},{"$i":"fxa-pn","$v":"Napomene privatnosti"},{"$i":"fxa-create-account-title","$v":"Kreiraj nalog"},{"$i":"fxa-show-age-title","$v":"Imam preko 13 godina"},{"$i":"fxa-enter-password-title","$v":"Unesite lozinku. Vaša lozinka mora da ima od 8-20 znakova i mora sadržati slova i brojeve."},{"$i":"fxa-enter-password-title-1","$v":"Unesite lozinku. Vaša lozinka mora da ima od 8-20 znakova i mora sadržati slova i brojeve."},{"$i":"fxa-setup-password-title","$v":"Postavke lozinke"},{"$i":"fxa-create-password-title","$v":"Kreiraj lozinku"},{"$i":"fxa-hello-user","$v":["Zdravo, ",{"t":"idOrVar","v":"email"}]},{"$i":"fxa-password-refresh","$v":"Unesite svoj šifru KaiOS naloga za nastavak."},{"$i":"fxa-password","$v":"Lozinka","placeholder":"Lozinka"},{"$i":"fxa-forgot-your-password","$v":"Zaboravili ste lozinku?"},{"$i":"fxa-show-password","$v":"Prikaži lozinku"},{"$i":"fxa-password-length-requirement","$v":"Vaša lozinka mora da ima najmanje 8 znakova."},{"$i":"fxa-confirm-account","$v":"Potvrdi svoj nalog"},{"$i":"fxa-will-send-email","$v":"Vaš nalog je kreiran."},{"$i":"fxa-signup-click-verification-link-in-email","$v":["Poslali smo e-poštu za potvrdu na ",{"t":"idOrVar","v":"email"},". Provjerite svoje prijemno sanduče i potvrdite i aktivirajte svoj nalog."]},{"$i":"fxa-access-manage-account-settings","$v":"Link za aktiviranje ističe za 24 sata."},{"$i":"fxa-signup-success-title","$v":"Račun kreiran"},{"$i":"about-kaios-account-text","$v":"Lorem ipsum dolor sit amet, con-sectetur adipiscing elit, sed do eiusmod tempor incididunt ut labore et dolore magna aliqua. Ut enim ad minim veniam, quis nos-trud exercitation ullamco laboris nisi ut aliquip ex ea commodo consequat. Duis aute irure dolor in reprehenderit in voluptate velit esse cillum dolore eu fugiat nulla pariatur. Excepteur sint occaecat cupidatat non proident, sunt in culpa qui officia deserunt mollit anim id est laborum."},{"$i":"about-kaios-account-text1","$v":"KaiOS nalog pruža autentičnost za KaiOS usluge. Nalog identifikuje korisnika i uređaj i dozvoljava mu pristup funkcijama kao to su daljinsko upravljanje uređajima i dodatne usluge."},{"$i":"about-kaios-account-text2","$v":"Kreiranje naloga zahtjeva adresu e-pošte o lozinku. Korisnik mora potvrditi adresu e-pošte putem veze poslate e-poštem tokom kreiranja naloga. Nalog neće biti aktiviran dok ova adresa e-pošte ne bude potvrđena."},{"$i":"about-kaios-account-text3","$v":"Koristeći kreiranje naloga, slažete se sa uslovima i obavještenjima o privatnosti."},{"$i":"fxa-signin-email","$v":"Naziv računa"},{"$i":"fxa-signin-password","$v":"Lozinka"},{"$i":"fxa-signin-success-title","$v":"Vaš nalog"},{"$i":"fxa-signin-lsk","$v":"Zaboravili ste lozinku"},{"$i":"fxa-signin-rsk","$v":"Prijava"},{"$i":"fxa-change-password-title","$v":"Promjena lozinke"},{"$i":"fxa-change-password-description","$v":"Unesite trenutnu lozinku i postavite novu."},{"$i":"fxa-new-password","$v":"Nova lozinka"},{"$i":"fxa-changing-password","$v":"Promjena lozinke..."},{"$i":"fxa-forgot-password-title","$v":"Zaboravili ste lozinku"},{"$i":"fxa-forgot-password","$v":"zaboravili ste lozinku"},{"$i":"fxa-forgot-password-sk","$v":"Zaboravljena lozinka"},{"$i":"fxa-forgot-password-success-title","$v":"Resetuj lozinku poslate e-pošte"},{"$i":"fxa-reset-password-succcess-content","$v":"E-pošta za resetovanje vaše lozinke je poslata na vaš nalog za e-poštu."},{"$i":"fxa-reset-password-succcess-content-part2","$v":"Provjeri svoje prijemno sanduče e-pošte i resetuj svoju lozinku."},{"$i":"fxa-sign-out-title","$v":"Režim protiv krađe je uklj."},{"$i":"fxa-sign-out-intro","$v":"potvrdi da želiš da isključiš režim protiv krađe i da se odjaviš."},{"$i":"fxa-sign-out-intro-1","$v":"Potvrdite isključivanje režima protiv krađe i odjavu."},{"$i":"fxa-signout-email","$v":"Vaš nalog"},{"$i":"fxa-confirm-password","$v":"Potvrdi lozinku"},{"$i":"fxa-signing-out","$v":"Odjava..."},{"$i":"fxa-sign-out-error-title","$v":"Greška"},{"$i":"fxa-sign-out-error-message","$v":"Odjavljivanje sa računa neuspješno. Pokušajte ponovo kasnije"},{"$i":"fxa-sign-out-error-message-1","$v":"Odjavljivanje sa računa je neuspješno. Pokušajte ponovo kasnije."},{"$i":"fxa-connection-is-required-title","$v":"Greška"},{"$i":"fxa-connection-is-required-message","$v":"Potrebna je veza s internetom"},{"$i":"fxa-check-password-title","$v":"Onemogući režim protiv krađe"},{"$i":"fxa-disable-antitheft-checkpassword-message","$v":"Potvrdi da želiš da isključiš režim protiv krađe."},{"$i":"fxa-reset-factory-checkpassword-message","$v":"Za resetovanje uređaja, potrebno je unijeti lozinku i onemogućiti režim protiv krađe."},{"$i":"fxa-reset-factory-checkpassword-message-1","$v":"Za resetovanje uređaja, potrebno je unijeti lozinku i onemogućiti režim protiv krađe."},{"$i":"fxa-enter-email-to-reset-password","$v":"Unesite adresu e-pošte računa, a mi ćemo vam poslati vezu za ponovno postavljanje lozinke."},{"$i":"fxa-enter-email-to-reset-password-1","$v":"Unesite adresu e-pošte računa, a mi ćemo vam poslati vezu za ponovno postavljanje lozinke."},{"$i":"fxa-account-not-found","$v":"Račun nije pronađen. Pokušajte ponovo."},{"$i":"fxa-multiple-sign-in-attempts-title","$v":"Nekoliko pokušaja prijavljivanja"},{"$i":"fxa-multiple-sign-in-attempts-content","$v":"Unijeli ste pogrešnu lozinku nekoliko puta"},{"$i":"fxa-multiple-sign-in-attempts-content-1","$v":"Unijeli ste pogrešnu lozinku nekoliko puta."},{"$i":"fxa-multiple-sign-in-attempts-content-retry","$v":"Pokušajte ponovo kasnije"},{"$i":"shortDateFormat","$v":"%B %d, %Y"}]