[{"$i":"brandShortName","$v":"KaiOS"},{"$i":"browserBrandShortName","$v":"Web Browser"},{"$i":"browserBrandFullName","$v":"Mozilla Web Browser"},{"$i":"ringtoneBrandName","$v":"Default"},{"$i":"ringtoneSectionBrandName","$v":"System"},{"$i":"ok","$v":"OK"},{"$i":"back","$v":"Tilbage"},{"$i":"help","$v":"Hjælp"},{"$i":"cancel","$v":"Annuller"},{"$i":"close","$v":"Luk"},{"$i":"skip","$v":"Ignorer"},{"$i":"enable","$v":"Aktivér"},{"$i":"turnOn","$v":"Slå til"},{"$i":"save","$v":"Gem"},{"$i":"select","$v":"Vælg"},{"$i":"deselect","$v":"Fravælg"},{"$i":"go","$v":"Start"},{"$i":"search","$v":"Søg"},{"$i":"options","$v":"Valg"},{"$i":"exit","$v":"Afslut"},{"$i":"signIn","$v":"Log på"},{"$i":"dismiss","$v":"Afvis"},{"$i":"dismiss-all","$v":"Afvis alle"},{"$i":"undo","ariaLabel":"Fortryd"},{"$i":"lockscreenEnterLockCode","$v":"Indtast koden på 4 cifre"},{"$i":"lockscreenCheckLockCode","$v":"Ugyldig kode. Prøv igen."},{"$i":"lockscreenDeviceLocked","$v":"Enheden er låst, forsøg igen efter 30 sekunder."},{"$i":"pocketmodeLongPress","$v":"Skyd eller tryk"},{"$i":"pocketmodeToUnlock","$v":"for at låse op"},{"$i":"enterPIN","$v":"Indtast koden på 6 cifre for at låse op"},{"$i":"mediaPlaybackTrack","$v":"Sangtitel og kunstner"},{"$i":"mediaPlaybackControls","$v":"Styrefunktioner for afspilning"},{"$i":"mediaPlaybackPrevious","$v":"Forrige"},{"$i":"mediaPlaybackPlay","$v":"Afspil"},{"$i":"mediaPlaybackPause","$v":"Pause"},{"$i":"mediaPlaybackNext","$v":"Næste"},{"$i":"UnknownTrack","$v":"Ukendt musiknummer"},{"$i":"wifiButton-on","$v":"Wi-Fi til"},{"$i":"wifiButton-on-initializing","$v":"Wi-Fi til, initialiserer"},{"$i":"wifiButton-off","$v":"Wi-Fi fra"},{"$i":"dataButton-on","$v":["Data ",{"t":"idOrVar","v":"type"}," til"]},{"$i":"dataButton-off","$v":["Data ",{"t":"idOrVar","v":"type"}," fra"]},{"$i":"bluetoothButton-on","$v":"Bluetooth til"},{"$i":"bluetoothButton-on-initializing","$v":"Bluetooth til, initialiserer"},{"$i":"bluetoothButton-off","$v":"Bluetooth fra"},{"$i":"airplaneMode-on","$v":"Flytilstand til"},{"$i":"airplaneMode-off","$v":"Flytilstand fra"},{"$i":"airplaneOff","$v":"Slå flytilstand fra"},{"$i":"settingsButton","ariaLabel":"Indstillinger"},{"$i":"simLabel","$v":["SIM ",{"t":"idOrVar","v":"id"}]},{"$i":"statusbarLabel","$v":[{"t":"idOrVar","v":"date"},", ",{"t":"idOrVar","v":"operator"}]},{"$i":"statusbarDateFormat","$v":"%b %e"},{"$i":"statusbar","ariaLabel":"Statuslinje"},{"$i":"statusbarBattery","ariaLabel":["Batteri ",{"t":"idOrVar","v":"level"}," procent"]},{"$i":"statusbarBatteryCharging","ariaLabel":["Batteri ",{"t":"idOrVar","v":"level"}," procent, oplader"]},{"$i":"statusbarFlightMode","ariaLabel":"Flytilstand til"},{"$i":"statusbarWiFiConnecting","$v":"Wi-Fi: opretter forbindelse"},{"$i":"statusbarWiFiConnected","$v":["Wi-Fi: ",{"t":"idOrVar","v":"level"}," af 4 streger"]},{"$i":"statusbarSignal","$v":[{"t":"idOrVar","v":"operator"},"-netværk, ",{"t":"idOrVar","v":"level"}," af 5 streger"]},{"$i":"statusbarSignalRoaming","$v":[{"t":"idOrVar","v":"operator"},"-netværk (roamer), ",{"t":"idOrVar","v":"level"}," af 5 streger"]},{"$i":"statusbarSignalNoneSearching","$v":"Søger... Kun nødopkald"},{"$i":"statusbarHeadphones","ariaLabel":"Hovedtelefoner til"},{"$i":"statusbarBluetoothHeadphones","ariaLabel":"Bluetooth-hovedtelefoner til"},{"$i":"statusbarBluetoothTransferring","ariaLabel":"Bluetooth-overførsel aktiv"},{"$i":"statusbarIconOn-tethering","$v":"Internetdeling til"},{"$i":"statusbarIconOnActive-tethering","$v":"Internetdeling til, aktiv"},{"$i":"statusbarAlarm","ariaLabel":"Alarm til"},{"$i":"statusbarIME","ariaLabel":"IME til"},{"$i":"statusbarIconOn-bluetooth","$v":"Bluetooth til"},{"$i":"statusbarIconOnActive-bluetooth","$v":"Bluetooth til, aktiv"},{"$i":"statusbarIconOn-mute","$v":"Lyd til"},{"$i":"statusbarIconOn-vibration","$v":"Vibration til"},{"$i":"statusbarRecording","ariaLabel":"Optagelse til"},{"$i":"statusbarGeolocation","ariaLabel":"Geoplacering til"},{"$i":"statusbarUsb","ariaLabel":"USB til"},{"$i":"statusbarForwarding","$v":"Omstilling til"},{"$i":"statusbarPlaying","ariaLabel":"Medie afspilles"},{"$i":"statusbarNfc","ariaLabel":"NFC til"},{"$i":"statusbarDownloads","ariaLabel":"Henter…"},{"$i":"statusbarNetworkActivity","ariaLabel":"Netværk til"},{"$i":"statusbarEmergencyCBNotification","ariaLabel":"Nødtilbagekald"},{"$i":"statusbarNotifications","$v":{"few":[{"t":"idOrVar","v":"n"}," meddelelser"],"many":[{"t":"idOrVar","v":"n"}," meddelelser"],"one":[{"t":"idOrVar","v":"n"}," meddelelse"],"other":[{"t":"idOrVar","v":"n"}," meddelelser"],"two":[{"t":"idOrVar","v":"n"}," meddelelser"]},"$x":[{"t":"idOrVar","v":"plural"},"n"]},{"$i":"statusbarNotifications-unread","ariaLabel":{"$x":[{"t":"idOrVar","v":"plural"},"n"],"$v":{"few":[{"t":"idOrVar","v":"n"}," ulæste meddelelser"],"many":[{"t":"idOrVar","v":"n"}," ulæste meddelelser"],"one":[{"t":"idOrVar","v":"n"}," ulæst meddelelse"],"other":[{"t":"idOrVar","v":"n"}," ulæste meddelelser"],"two":[{"t":"idOrVar","v":"n"}," ulæste meddelelser"]}}},{"$i":"clear","$v":"Ryd"},{"$i":"clear-all","$v":"Ryd alle"},{"$i":"notification-title","$v":{"few":[{"t":"idOrVar","v":"n"}," meddelelser"],"many":[{"t":"idOrVar","v":"n"}," meddelelser"],"one":[{"t":"idOrVar","v":"n"}," meddelelser"],"other":[{"t":"idOrVar","v":"n"}," meddelelser"],"two":[{"t":"idOrVar","v":"n"}," meddelelser"],"zero":[{"t":"idOrVar","v":"n"}," meddelelser"]},"$x":[{"t":"idOrVar","v":"plural"},"n"]},{"$i":"notification-dialog-no-notices","$v":"Ingen meddelelser"},{"$i":"notification-title-new","$v":{"few":[{"t":"idOrVar","v":"n"}," meddelelser"],"many":[{"t":"idOrVar","v":"n"}," meddelelser"],"other":[{"t":"idOrVar","v":"n"}," meddelelser"],"two":[{"t":"idOrVar","v":"n"}," meddelelser"],"one":[{"t":"idOrVar","v":"n"}," meddelelse"],"zero":[{"t":"idOrVar","v":"n"}," meddelelse"]},"$x":[{"t":"idOrVar","v":"plural"},"n"]},{"$i":"notification-dialog-no-notices-new","$v":"Ingen meddelelse"},{"$i":"tcl-ntf-open","$v":"Åbn"},{"$i":"tcl-ntf-next_song","$v":"Næste"},{"$i":"tcl-ntf_play","$v":"Afspil"},{"$i":"tcl-ntf-pause","$v":"Pause"},{"$i":"tcl-ntf-dismiss-all","$v":"Afvis alle"},{"$i":"tcl-ntf-dismiss","$v":"Afvis"},{"$i":"tcl-ntf-toaster-clear","$v":"Meddelelse afvist"},{"$i":"tcl-ntf-toaster-clear-all","$v":"Meddelelser blev afvist"},{"$i":"attentionScreen-tapToShow","$v":"Tryk for at vise"},{"$i":"tcl-cmas-ok","$v":"OK"},{"$i":"tcl-cmas-screen-help","$v":"Tryk på OK for at se flere oplysninger"},{"$i":"tcl-cmas-title","$v":"CMAS-advarsel"},{"$i":"camera","$v":"Kamera"},{"$i":"tcl-dflt-value-level","$v":"Indstil niveau for værdi"},{"$i":"tcl-dflt-range-value-name","$v":"Niveau"},{"$i":"newVoicemails","$v":{"few":[{"t":"idOrVar","v":"n"}," nye talebeskeder"],"many":[{"t":"idOrVar","v":"n"}," nye talebeskeder"],"one":"En ny talebesked","other":[{"t":"idOrVar","v":"n"}," nye talebeskeder"],"two":[{"t":"idOrVar","v":"n"}," nye talebeskeder"],"zero":"Ingen ny talebesked"},"$x":[{"t":"idOrVar","v":"plural"},"n"]},{"$i":"newVoicemailsUnknown","$v":"Ny talebesked"},{"$i":"dialNumber","$v":["Indtast ",{"t":"idOrVar","v":"number"}]},{"$i":"voicemailNotificationMultiSim","$v":["(SIM ",{"t":"idOrVar","v":"n"},") ",{"t":"idOrVar","v":"title"}]},{"$i":"euRoamingNotificationTitle","$v":"EU-internet registreret"},{"$i":"euRoamingNotificationMsg","$v":"Tryk for at ændre."},{"$i":"restart","$v":"Genstart"},{"$i":"power","$v":"Sluk"},{"$i":"lock","$v":"Låse"},{"$i":"cleanup","$v":"Ryd op i hukommelse"},{"$i":"no-recent-app-windows","$v":"Dine seneste app-vinduer vises her"},{"$i":"no-recent-browser-windows","$v":"Dine seneste browservinduer vises her"},{"$i":"closeCard","ariaLabel":"Luk"},{"$i":"openCard","ariaLabel":"Åbn"},{"$i":"yes","$v":"Ja"},{"$i":"no","$v":"Nej"},{"$i":"dontallow","$v":"Tillad ikke"},{"$i":"allow","$v":"Tillad"},{"$i":"dontshare-geolocation","$v":"Del ikke"},{"$i":"share-geolocation","$v":"Del"},{"$i":"dontshare-audio-capture","$v":"Del ikke"},{"$i":"share-audio-capture","$v":"Del"},{"$i":"dontshare-video-capture","$v":"Del ikke"},{"$i":"share-video-capture","$v":"Del"},{"$i":"dontshare-media-capture","$v":"Del ikke"},{"$i":"share-media-capture","$v":"Del"},{"$i":"device-front","$v":"Frontkamera"},{"$i":"device-back","$v":"Bagsidekamera"},{"$i":"front-camera","$v":"Frontkamera"},{"$i":"back-camera","$v":"Bagsidekamera"},{"$i":"more-info","$v":"Flere oplysninger..."},{"$i":"hide-info","$v":"Skjul info"},{"$i":"tcl-permission","$v":"Tilladelse"},{"$i":"install-app","$v":["Installer ",{"t":"idOrVar","v":"name"},"?"]},{"$i":"size","$v":"Størrelse"},{"$i":"author","$v":"Forfatter"},{"$i":"size-unknown","$v":"Ukendt"},{"$i":"author-unknown","$v":"Ukendt"},{"$i":"install","$v":"Installer"},{"$i":"bytes","$v":"byte"},{"$i":"kB","$v":"KB"},{"$i":"MB","$v":"MB"},{"$i":"GB","$v":"GB"},{"$i":"TB","$v":"TB"},{"$i":"PB","$v":"PB"},{"$i":"app-install-generic-error","$v":["Overførslen af ",{"t":"idOrVar","v":"appName"}," er stoppet"]},{"$i":"app-install-download-failed","$v":[{"t":"idOrVar","v":"appName"}," kunne ikke hentes"]},{"$i":"app-install-install-failed","$v":[{"t":"idOrVar","v":"appName"}," kunne ikke installeres"]},{"$i":"cancelling-will-not-refund","$v":"Annullering refunderer ikke et køb. Refusion for betalt indhold ydes af den oprindelige sælger."},{"$i":"apps-can-be-installed-later","$v":"Apps kan installeres senere fra den oprindelige installationskilde."},{"$i":"are-you-sure-you-want-to-cancel","$v":"Er du på sikker på, at du vil annullere denne installation?"},{"$i":"cancel-install","$v":"Annuller installation"},{"$i":"cancel-install-button","$v":"Annuller installation"},{"$i":"resume","$v":"Fortsæt"},{"$i":"continue","$v":"Fortsæt"},{"$i":"stopDownloading","$v":["Stop overførsel af ",{"t":"idOrVar","v":"app"},"?"]},{"$i":"app-download-can-be-restarted","$v":"Overførslen kan genstartes senere."},{"$i":"app-download-stop-button","$v":"Stop overførsel"},{"$i":"not-enough-space","$v":"Ikke nok plads"},{"$i":"not-enough-space-message","$v":"Der er ikke tilstrækkelig plads til at installere denne app. Frigør noget plads ved at slette gamle apps eller medier, og prøv at installere igen fra den oprindelige kilde."},{"$i":"app-install-success","$v":[{"t":"idOrVar","v":"appName"}," installeret"]},{"$i":"app-install-update","$v":[{"t":"idOrVar","v":"appName"}," opdateret"]},{"$i":"langpack-install-success2","$v":[{"t":"idOrVar","v":"appName"}," installeret. Aktivér den under Indstillinger > Sprog."]},{"$i":"setup","$v":"Opsætning"},{"$i":"ime-addkeyboards","$v":"Tilføj tastaturer"},{"$i":"ime-lowercase","$v":"Små bogstaver"},{"$i":"ime-uppercase","$v":"Store bogstaver"},{"$i":"ime-number","$v":"Nummer"},{"$i":"ime-capitalize","$v":"Brug store bogstaver"},{"$i":"ime-t9","$v":"T9"},{"$i":"ime-r9","$v":"R9"},{"$i":"ime-predictive","$v":"Prædiktiv"},{"$i":"ime-insert-word","$v":"Indsæt ord"},{"$i":"ime-voice-input-messsage","$v":"Brug langt tryk på OK for at tale i tekstfeltet."},{"$i":"later","$v":"Senere"},{"$i":"download","$v":"Overfør"},{"$i":"wantToDownload","$v":"Hent opdateringen nu?"},{"$i":"wantToInstallNow","$v":"Vil du installere opdateringen nu? Du vil ikke kunne bruge telefonen i nogle minutter."},{"$i":"installNow","$v":"Installer nu"},{"$i":"notNow","$v":"Ikke nu"},{"$i":"downloadingUpdateMessage","innerHTML":{"$o":["Henter opdateringer… <span>",{"t":"idOrVar","v":"progress"}," hentet.</span>"]}},{"$i":"downloadingAppMessage","$v":["Henter ",{"t":"idOrVar","v":"appName"}]},{"$i":"downloadingAppProgressNoMax","$v":[{"t":"idOrVar","v":"progress"}," downloadet"]},{"$i":"downloadingAppProgressIndeterminate","$v":"Henter"},{"$i":"downloadingAppProgress","$v":[{"t":"idOrVar","v":"progress"}," / ",{"t":"idOrVar","v":"max"}," downloadet"]},{"$i":"cancelAllDownloads","$v":"Annuller alle downloads"},{"$i":"wantToCancelAll","$v":"Er du på sikker på, at du vil annullere alle downloads?"},{"$i":"downloadError","$v":"Der opstod en fejl under download af opdateringerne."},{"$i":"updateAvailableInfo","innerHTML":{"$x":[{"t":"idOrVar","v":"plural"},"n"],"$v":{"few":{"$o":[{"t":"idOrVar","v":"n"}," opdateringer tilgængelige. <span>Tryk for flere oplysninger.</span>"]},"many":{"$o":[{"t":"idOrVar","v":"n"}," opdateringer tilgængelige. <span>Tryk for flere oplysninger.</span>"]},"one":{"$o":[{"t":"idOrVar","v":"n"}," opdatering tilgængelig. <span>Tryk for flere oplysninger.</span>"]},"other":{"$o":[{"t":"idOrVar","v":"n"}," opdateringer tilgængelige. <span>Tryk for flere oplysninger.</span>"]},"two":{"$o":[{"t":"idOrVar","v":"n"}," opdateringer tilgængelige. <span>Tryk for flere oplysninger.</span>"]}}}},{"$i":"numberOfUpdates","$v":{"few":[{"t":"idOrVar","v":"n"}," meddelelser"],"many":[{"t":"idOrVar","v":"n"}," meddelelser"],"one":[{"t":"idOrVar","v":"n"}," meddelelse"],"other":[{"t":"idOrVar","v":"n"}," meddelelser"],"two":[{"t":"idOrVar","v":"n"}," meddelelser"]},"$x":[{"t":"idOrVar","v":"plural"},"n"]},{"$i":"systemUpdate","$v":"Systemopdatering"},{"$i":"systemUpdateReady","$v":"Systemopdatering klar"},{"$i":"updates","$v":"Opdateringer"},{"$i":"systemUpdateLowBatteryThreshold","$v":["Du skal have et batteriniveau på mindst ",{"t":"idOrVar","v":"threshold"}," % for at installere opdateringen."]},{"$i":"required","$v":"Obligatorisk"},{"$i":"uncompressingMessage","innerHTML":{"$o":"Pakker ud… <span>Dette kan tage et par minutter.</span>"}},{"$i":"downloadWifiPrioritizedUsing2G","$v":"Opdateringer downloades via dataforbindelse, når Wi-Fi ikke er tilgængelig. Når der bruges dataforbindelse, kan telefonopkald blive blokeret, og det kan medføre ekstra gebyrer."},{"$i":"downloadWifiPrioritized3","$v":"Opdateringer downloades via dataforbindelse, når Wi-Fi ikke er tilgængelig. Når der bruges dataforbindelse, kan det medføre ekstra gebyrer."},{"$i":"downloadNoWifiWarning","$v":"Wi-Fi er ikke tilgængelig. Opdatering på den aktuelle forbindelse kan medføre ekstra gebyrer."},{"$i":"downloadOfflineWarning2","$v":"Opret forbindelse til et netværk for at downloade opdateringer."},{"$i":"downloadUpdatesViaDataConnection","$v":"Hent opdateringer via dataforbindelse?"},{"$i":"downloadUpdatesVia2GForbidden3","$v":"Opdateringer kan ikke hentes med langsomme forbindelser (2G). Opret forbindelse via Wi-Fi eller 3G (hvis tilgængeligt), og prøv igen."},{"$i":"downloadUpdatesViaDataConnectionMessage3","$v":"Når du bruger en dataforbindelse, kan der gælde ekstra omkostninger. Vil du fortsætte?"},{"$i":"downloadUpdatesViaDataRoamingConnection","$v":"Hent opdateringer via dataroaming?"},{"$i":"downloadUpdatesViaDataRoamingConnectionMessage","$v":"Du er i roaming, og der kan gælde ekstra omkostninger. Vil du fortsætte?"},{"$i":"screenshotSaved","$v":"Skærmbillede gemt i Galleri"},{"$i":"screenshotFailed","$v":"Skærmbilledet kunne ikke gemmes."},{"$i":"screenshotNoSDCard","$v":"Intet hukommelseskort blev fundet"},{"$i":"screenshotSDCardInUse","$v":"Hukommelseskort er i brug"},{"$i":"screenshotSDCardLow","$v":"Ikke nok plads på hukommelseskort"},{"$i":"emergency-call-button","$v":"Nødopkald"},{"$i":"emergency-call","$v":"Nødstilfælde"},{"$i":"unlock-a11y-button","ariaLabel":"Lås op"},{"$i":"camera-a11y-button","ariaLabel":"Kamera"},{"$i":"longDateFormat","$v":"%a %d. %B %Y"},{"$i":"clockDateFormat","$v":"%a, %e %b"},{"$i":"panel-passcode","ariaLabel":"Adgangskodepanel"},{"$i":"open-notification","$v":"åbn"},{"$i":"unlock","$v":"Lås op"},{"$i":"login","$v":"Log på"},{"$i":"sign-in-to-website","$v":"Log på websted"},{"$i":"username","$v":"Brugernavn"},{"$i":"password","$v":"Adgangskode"},{"$i":"show-password","$v":"Vis adgangskode"},{"$i":"http-authentication-message2","$v":["Webstedet ",{"t":"idOrVar","v":"host"}," kræver, at du logger på."]},{"$i":"error-message","$v":[{"t":"idOrVar","v":"name"}," indlæses ikke korrekt"]},{"$i":"error-title","$v":[{"t":"idOrVar","v":"name"}," har problemer"]},{"$i":"unable-to-connect","$v":"Der kunne ikke oprettes forbindelse"},{"$i":"tap-to-check-settings","$v":"Tryk for at kontrollere indstillinger"},{"$i":"set","$v":"Angiv"},{"$i":"delete-title","$v":["Slet ",{"t":"idOrVar","v":"name"}]},{"$i":"delete-body","$v":[{"t":"idOrVar","v":"name"}," og alle dens data slettes."]},{"$i":"delete","$v":"Fjern installation"},{"$i":"delete-desc","$v":"Er du sikker på, at du vil fjerne installationen?"},{"$i":"unrecoverable-error-title","$v":"Fjern app"},{"$i":"unrecoverable-error-body","$v":"Kan ikke installere appen pga. en fejl, der ikke kan udbedres. Prøv at downloade igen. Appen fjernes."},{"$i":"unrecoverable-error-action","$v":"OK"},{"$i":"instant-settings","$v":"øjeblikkelige indstillinger"},{"$i":"settings","$v":"Indstillinger"},{"$i":"flashlight","$v":"Lommelygte"},{"$i":"brightness","$v":"Lysstyrke"},{"$i":"volume","$v":"Lydstyrke"},{"$i":"calculator","$v":"Regnemaskine"},{"$i":"airplane-mode","$v":"Flytilstand"},{"$i":"wifi","$v":"Wi-Fi"},{"$i":"bluetooth","$v":"Bluetooth"},{"$i":"cellular-data","$v":"Mobildata"},{"$i":"on","$v":"Til"},{"$i":"off","$v":"Fra"},{"$i":"percentage-number","$v":[{"t":"idOrVar","v":"number"}," %"]},{"$i":"select-time","$v":"Vælg tid"},{"$i":"select-date","$v":"Vælg dato"},{"$i":"tcl-select-day","$v":"Vælg dag"},{"$i":"tcl-add","$v":"Tilføj"},{"$i":"battery-almost-empty-plug-in-your-charger","$v":"Dit batteriniveau er lavt. Tilslut opladeren."},{"$i":"battery-temperature-warning-header","$v":"Advarsel"},{"$i":"battery-temperature-high","$v":"Temperaturen er for høj. Telefonen slukkes, hvis temperaturen stiger yderligere."},{"$i":"battery-temperature-high-stop-charging","$v":"Temperaturen er for høj. Batteriet har stoppet opladningen. Telefonen slukkes, hvis temperaturen stiger yderligere."},{"$i":"battery-temperature-low","$v":"Temperaturen er for lav. Telefonen slukkes, hvis temperaturen falder yderligere."},{"$i":"battery-temperature-low-stop-charging","$v":"Temperaturen er for lav. Batteriet har stoppet opladningen. Telefonen slukkes, hvis temperaturen falder yderligere."},{"$i":"crash-dialog2-os","$v":[{"t":"idOrVar","v":"brandShortName"}," er netop genstartet efter et nedbrud"]},{"$i":"crash-dialog-app","$v":[{"t":"idOrVar","v":"name"}," er netop brudt ned"]},{"$i":"crash-dialog-app-noname","$v":"Noget"},{"$i":"crash-dialog-message","$v":"Vil du  sende en rapport til KaiOS om nedbruddet og hjælpe os med at udbedre problemet? (Rapporter sendes kun via Wi-Fi.)"},{"$i":"crash-info-link","$v":"Hvad står der i en nedbrudsrapport?"},{"$i":"crash-always-report","$v":"Send altid en rapport til KaiOS, når der sker et nedbrud."},{"$i":"crash-dont-send","$v":"Send ikke"},{"$i":"crash-end","$v":"Send rapport"},{"$i":"crashReports","$v":"Nedbrudsrapport"},{"$i":"done","$v":"Udført"},{"$i":"crash-reports-description-1","$v":"En nedbrudsrapport indeholder visse oplysninger om nedbruddet og din enhed samt et øjebliksbillede af status for din enhed, da nedbruddet skete."},{"$i":"crash-reports-description-2","$v":"Dette kan f.eks. omfatte åbne sider og apps, tekst, der er skrevet i formularer, og indholdet i åbne beskeder, den seneste browserhistorik eller geoplacering, der bruges af en åben app."},{"$i":"crash-reports-description-3-start","$v":"Vi bruger nedbrudsrapporter til at forsøge at udbedre problemer og forbedre vores produkter. Vi håndterer dine oplysninger, som det er beskrevet i vores "},{"$i":"crash-reports-description-3-privacy","$v":"persondatapolitik"},{"$i":"crash-reports-description-3-end","$v":"."},{"$i":"crash-banner-os2","$v":[{"t":"idOrVar","v":"brandShortName"}," er netop brudt ned."]},{"$i":"crash-banner-app","$v":[{"t":"idOrVar","v":"name"}," er netop brudt ned."]},{"$i":"crash-banner-report","$v":"Rapport"},{"$i":"bluetooth-sending-progress","$v":"Sender fil via Bluetooth"},{"$i":"bluetooth-receiving-progress","$v":"Modtager fil via Bluetooth"},{"$i":"acceptFileTransfer","$v":"Anmodning om overførsel"},{"$i":"requestToReceive","$v":[{"t":"idOrVar","v":"deviceName"}," ønsker at overføre fil(er). Vil du acceptere?"]},{"$i":"wantToReceiveFile","$v":[{"t":"idOrVar","v":"deviceName"}," ønsker at overføre ",{"t":"idOrVar","v":"fileName"}," (",{"t":"idOrVar","v":"fileSize"},")."]},{"$i":"transfer-confirmation-title","$v":[{"t":"idOrVar","v":"deviceName"}]},{"$i":"transfer-confirmation-description","$v":"Gennemse overførselsanmodning."},{"$i":"byteUnit-B","$v":"Byte"},{"$i":"byteUnit-KB","$v":"KB"},{"$i":"byteUnit-MB","$v":"MB"},{"$i":"byteUnit-GB","$v":"GB"},{"$i":"byteUnit-TB","$v":"TB"},{"$i":"byteUnit-PB","$v":"PB"},{"$i":"byteUnit-EB","$v":"EB"},{"$i":"byteUnit-ZB","$v":"ZB"},{"$i":"byteUnit-YB","$v":"FÅ"},{"$i":"fileSize","$v":[{"t":"idOrVar","v":"size"}," ",{"t":"idOrVar","v":"unit"}]},{"$i":"deny","$v":"Afvis"},{"$i":"transfer","$v":"Overfør"},{"$i":"accept","$v":"Acceptér"},{"$i":"stop","$v":"Stop"},{"$i":"cancelFileTransfer","$v":"Annuller Bluetooth-filoverførsel?"},{"$i":"continueFileTransfer","$v":"Fortsæt"},{"$i":"transfer-has-started-title","$v":"Filoverførsel er klar til at starte"},{"$i":"transfer-has-started-description","$v":"Venter på bekræftelse"},{"$i":"transfer-has-started-toast","$v":"Filoverførsel startet. Se status i Meddelelser"},{"$i":"transferFinished-sentSuccessful-title","$v":"Fil sendt"},{"$i":"transferFinished-receivedSuccessful-title","$v":"Fil modtaget"},{"$i":"transferFinished-failed-title","$v":"Fejl under filoverførsel"},{"$i":"transferFinished-try-again-description","$v":"Kan ikke sende fil lige nu. Prøv igen senere."},{"$i":"transferReport-title","$v":"Overfør rapport:"},{"$i":"transferReport-description","$v":[{"t":"idOrVar","v":"numSuccessful"}," filer lykkedes, ",{"t":"idOrVar","v":"numUnsuccessful"}," filer mislykkedes"]},{"$i":"unknown-file","$v":"Ukendt fil"},{"$i":"unknown-device","$v":"Ukendt enhed"},{"$i":"cannotOpenFile","$v":"Kan ikke åbne modtaget fil"},{"$i":"unknownMediaTypeToOpenFile","$v":["Kan ikke åbne ukendt medietype: ",{"t":"idOrVar","v":"fileName"}]},{"$i":"cannotReceiveFile","$v":"Kan ikke modtage fil"},{"$i":"cannotGetStorageState","$v":"Kan ikke opnå status for enhedslager."},{"$i":"sdcard-not-exist2","$v":"Intet hukommelseskort blev fundet. Indsæt et hukommelseskort."},{"$i":"sdcard-in-use","$v":"Bluetooth kan ikke bruges, mens telefonen er tilsluttet. Fjern tilslutningen til telefonen for at modtage fil(er)."},{"$i":"sdcard-no-space2","$v":"Kan ikke fuldføre overførsel: hukommelseskort er fuldt."},{"$i":"unknown-error","$v":"Ukendt fejl"},{"$i":"confirm","$v":"Bekræft"},{"$i":"stopTransferTitle","$v":"Stop filoverførsel"},{"$i":"stopTransferContent","$v":"Vil du stoppe filoverførsel via Bluetooth?"},{"$i":"storage","$v":"Lager"},{"$i":"sdcard-detected-title","$v":"SD-kort registreret"},{"$i":"no-sdcard-title","$v":"Intet SD-kort"},{"$i":"sdcard-total-size-body","$v":["Størrelse i alt: ",{"t":"idOrVar","v":"size"}," ",{"t":"idOrVar","v":"unit"}]},{"$i":"sdcard-unknown-size-then-tap-to-format-body","$v":"Ukendt størrelse, tryk for at formatere"},{"$i":"sdcard-removed-title","$v":"SD-kort fjernet"},{"$i":"sdcard-removed-ejected-successfully","$v":"Skubbet ud"},{"$i":"sdcard-removed-not-ejected-properly","$v":"Ikke skubbet korrekt ud"},{"$i":"set-sdcard-as-default-media-location","$v":"SD-kort registreret. Indstil SD-kort til standardmedieplacering?"},{"$i":"no-sdcard-content","$v":"Indsæt et SD-kort for at få mere plads."},{"$i":"sim-confirmation-content","$v":["Mobildata er tildelt SIM",{"t":"idOrVar","v":"n"},"."]},{"$i":"sim-confirmation-title","$v":"SIM-kort ændret"},{"$i":"sim-confirmation-notice-title","$v":"SIM-kort ændret"},{"$i":"sim-confirmation-notice","$v":"Vælg for at se detaljer."},{"$i":"sim-hot-plug","$v":"Telefonen genstartes"},{"$i":"sim-hot-plug-empty","$v":"Telefonen genstartes, fordi SIM-kort er taget ud."},{"$i":"sim-hot-plug-empty-confirm","$v":"Sørg for, at SIM-kortet er trukket helt ud, og tryk derefter på OK for at genstarte."},{"$i":"noSimCard","$v":"Intet SIM-kort"},{"$i":"lockedSim","$v":"Lost SIM"},{"$i":"noService","$v":"Ingen tjeneste"},{"$i":"eccOnly","$v":"Emergency calls only"},{"$i":"nocard-eccOnly","$v":"No SIM card-Emergency calls only"},{"$i":"unusablecard-eccOnly","$v":"Unusable SIM card-Emergency calls only"},{"$i":"searching","$v":"Searching"},{"$i":"simPin","$v":"SIM PIN"},{"$i":"pukCode","$v":"PUK-kode"},{"$i":"nckCode","$v":"NCK-kode"},{"$i":"cckCode","$v":"CCK-kode"},{"$i":"spckCode","$v":"SPCK-kode"},{"$i":"nck1code","$v":"NCK1-kode"},{"$i":"nck2code","$v":"NCK2-kode"},{"$i":"hnckcode","$v":"HNCK-kode"},{"$i":"rcckcode","$v":"RCCK-kode"},{"$i":"rspckcode","$v":"RSPCK-kode"},{"$i":"ncklockContent","$v":["Stikket",{"t":"idOrVar","v":"n"}," er nck-låst."]},{"$i":"whatIsSimPin","$v":"Hvad er en SIM PIN?"},{"$i":"simPinIntro1","$v":"En SIM PIN-kode forhindrer adgang til de mobile datanetværk på SIM-kortet. Når den er aktiveret, vil enhver enhed med SIM-kortet kræve PIN-koden ved genstart."},{"$i":"simPinIntro2","$v":"En SIM PIN-kode er ikke det samme som den adgangskode, der bruges til at låse enheden op."},{"$i":"changeSimPin","$v":"Skift pinkode"},{"$i":"pinTitle","$v":"Indtast SIM PIN"},{"$i":"multiSIMpinTitle","$v":["Indtast SIM ",{"t":"idOrVar","v":"n"}," PIN"]},{"$i":"multiSIMpukTitle","$v":["Indtast PUK",{"t":"idOrVar","v":"n"}," PIN"]},{"$i":"multiSIMnckTitle","$v":["Indtast NCK",{"t":"idOrVar","v":"n"}," PIN"]},{"$i":"multiSIMxckTitle","$v":["Indtast SIM",{"t":"idOrVar","v":"n"}," ",{"t":"idOrVar","v":"type"}]},{"$i":"xckTitle","$v":["Indtast ",{"t":"idOrVar","v":"type"}," kode"]},{"$i":"xckCode","$v":[{"t":"idOrVar","v":"type"}," kode"]},{"$i":"xckBlocked","$v":[{"t":"idOrVar","v":"type"}," blokeret"]},{"$i":"pukTitle","$v":"Indtast PUK-kode"},{"$i":"nckTitle","$v":"Indtast NCK-kode"},{"$i":"cckTitle","$v":"Indtast CCK-kode"},{"$i":"spckTitle","$v":"Indtast SPCK-kode"},{"$i":"nck1Title","$v":"Indtast NCK1-kode"},{"$i":"nck2Title","$v":"Indtast NCK2-kode"},{"$i":"hnckTitle","$v":"Indtast HNCK-kode"},{"$i":"rcckTitle","$v":"Indtast RCCK-kode"},{"$i":"rspckTitle","$v":"Indtast RSPCK-kode"},{"$i":"newpinTitle","$v":"Ny PIN"},{"$i":"inputCodeRetriesLeft","$v":{"few":[{"t":"idOrVar","v":"n"}," forsøg tilbage."],"many":[{"t":"idOrVar","v":"n"}," forsøg tilbage."],"one":"1 forsøg tilbage.","other":[{"t":"idOrVar","v":"n"}," forsøg tilbage."],"two":[{"t":"idOrVar","v":"n"}," forsøg tilbage."]},"$x":[{"t":"idOrVar","v":"plural"},"n"]},{"$i":"pinErrorMsg","$v":"Forkert PIN."},{"$i":"pinAttemptMsg2","$v":{"few":["Du har ",{"t":"idOrVar","v":"n"}," forsøg tilbage til at indtaste den korrekte kode, før SIM-kortet bliver låst."],"many":["Du har ",{"t":"idOrVar","v":"n"}," forsøg tilbage til at indtaste den korrekte kode, før SIM-kortet bliver låst."],"one":"Du har et forsøg tilbage til at indtaste den korrekte kode, før SIM-kortet bliver låst.","other":["Du har ",{"t":"idOrVar","v":"n"}," forsøg tilbage til at indtaste den korrekte kode, før SIM-kortet bliver låst."],"two":["Du har ",{"t":"idOrVar","v":"n"}," forsøg tilbage til at indtaste den korrekte kode, før SIM-kortet bliver låst."]},"$x":[{"t":"idOrVar","v":"plural"},"n"]},{"$i":"pinLastChanceMsg","$v":"Dette er din sidste mulighed for at indtaste den korrekte PIN-kode. Ellers skal du angive PUK-koden for at bruge dette SIM-kort."},{"$i":"simCardLockedMsg","$v":"SIM-kortet er låst."},{"$i":"enterPukMsg","$v":"Du skal indtaste PUK-koden (Personal Unlocking Key) til SIM-kortet. Find flere oplysninger i dokumentationen til dit SIM-kort, eller kontakt din operatør."},{"$i":"pukErrorMsg","$v":"Forkert PUK."},{"$i":"pukAttemptMsg2","$v":{"few":["Du har ",{"t":"idOrVar","v":"n"}," forsøg tilbage til at indtaste den korrekte kode, før dette SIM-kort bliver permanent ubrugeligt. Find flere oplysninger i dokumentationen til dit SIM-kort, eller kontakt din operatør."],"many":["Du har ",{"t":"idOrVar","v":"n"}," forsøg tilbage til at indtaste den korrekte kode, før dette SIM-kort bliver permanent ubrugeligt. Find flere oplysninger i dokumentationen til dit SIM-kort, eller kontakt din operatør."],"one":"Du har et forsøg tilbage til at indtaste den korrekte kode, før dette SIM-kort bliver permanent ubrugeligt. Find flere oplysninger i dokumentationen til dit SIM-kort, eller kontakt din operatør.","other":["Du har ",{"t":"idOrVar","v":"n"}," forsøg tilbage til at indtaste den korrekte kode, før dette SIM-kort bliver permanent ubrugeligt. Find flere oplysninger i dokumentationen til dit SIM-kort, eller kontakt din operatør."],"two":["Du har ",{"t":"idOrVar","v":"n"}," forsøg tilbage til at indtaste den korrekte kode, før dette SIM-kort bliver permanent ubrugeligt. Find flere oplysninger i dokumentationen til dit SIM-kort, eller kontakt din operatør."]},"$x":[{"t":"idOrVar","v":"plural"},"n"]},{"$i":"pukLastChanceMsg","$v":"Sidste mulighed for at indtaste den korrekte PUK-kode. Dit SIM-kort bliver permanent ubrugeligt, hvis du indtaster den forkerte PUK-kode. Find flere oplysninger i dokumentationen til dit SIM-kort, eller kontakt din operatør."},{"$i":"cardPermanentlyLockMsg-head","$v":"Forkert PUK."},{"$i":"cardPermanentlyLockMsg-body","$v":"Dit SIM-kort er permanent låst. Kontakt din operatør for flere oplysninger."},{"$i":"newSimPinMsg","$v":"Opret PIN (skal indeholde 4-8 cifre)"},{"$i":"confirmNewSimPinMsg","$v":"Bekræft ny PIN"},{"$i":"newPinErrorMsg","$v":"PIN-koder stemmer ikke overens."},{"$i":"nckErrorMsg","$v":"NCK-koden er forkert."},{"$i":"nckAttemptMsg2","$v":{"few":["Anmodning om oplåsning af netværket mislykkedes. Du har ",{"t":"idOrVar","v":"n"}," forsøg tilbage til at indtaste den korrekte kode. Find flere oplysninger i enhedens dokumentation, eller kontakt din operatør."],"many":["Anmodning om oplåsning af netværket mislykkedes. Du har ",{"t":"idOrVar","v":"n"}," forsøg tilbage til at indtaste den korrekte kode. Find flere oplysninger i enhedens dokumentation, eller kontakt din operatør."],"one":"Anmodning om oplåsning af netværket mislykkedes. Du har et forsøg tilbage til at indtaste den korrekte kode. Find flere oplysninger i enhedens dokumentation, eller kontakt din operatør.","other":["Anmodning om oplåsning af netværket mislykkedes. Du har ",{"t":"idOrVar","v":"n"}," forsøg tilbage til at indtaste den korrekte kode. Find flere oplysninger i enhedens dokumentation, eller kontakt din operatør."],"two":["Anmodning om oplåsning af netværket mislykkedes. Du har ",{"t":"idOrVar","v":"n"}," forsøg tilbage til at indtaste den korrekte kode. Find flere oplysninger i enhedens dokumentation, eller kontakt din operatør."]},"$x":[{"t":"idOrVar","v":"plural"},"n"]},{"$i":"nckLastChanceMsg","$v":"Anmodning om oplåsning af netværket mislykkedes. Sidste chance for at indtaste den korrekte NCK-kode. Find flere oplysninger i enhedens dokumentation, eller kontakt din operatør."},{"$i":"sim-attention-header","$v":"SIM låst"},{"$i":"multiSIM-attention-header","$v":["SIM",{"t":"idOrVar","v":"n"}," låst"]},{"$i":"sim-attention-head","$v":"SIM-kortet er låst."},{"$i":"sim-attention-body","$v":"Vil du indtaste PUK-koden for at låse SIM-kortet op?"},{"$i":"enter-puk-rsk","$v":"Indtast PUK-kode"},{"$i":"verify-rsk","$v":"Udført"},{"$i":"activity-pick","$v":"Vælg fra"},{"$i":"activity-view","$v":"Vis med"},{"$i":"activity-test","$v":"Test med"},{"$i":"activity-share","$v":"Del"},{"$i":"activity-new","$v":"Opret med"},{"$i":"activity-open","$v":"Åbn med"},{"$i":"activity-save-bookmark","$v":"Opret bogmærke til"},{"$i":"activity-record","$v":"Optag fra"},{"$i":"activity-browse","$v":"Gennemse med"},{"$i":"activity-configure","$v":"Konfigurer med"},{"$i":"activity-dial","$v":"Ring fra"},{"$i":"remoteDebuggerMessage","$v":"En indgående anmodning om at tillade fjernforbindelse til fejlfinding blev registreret. Tillad forbindelse?"},{"$i":"captive-wifi-available","$v":["Netværket ",{"t":"idOrVar","v":"networkName"}," blev fundet. Vil du tilslutte til netværket?"]},{"$i":"ceWarningtitle","$v":"Advarsel om lydstyrke"},{"$i":"ceWarningcontent","$v":"Undgå høreskade ved ikke at lytte til høj lydstyrke i længere tid."},{"$i":"is-volume-type-notification","$v":"Ringetoner og advarsler"},{"$i":"is-volume-type-telephony","$v":"Lydstyrke"},{"$i":"is-volume-type-alarm","$v":"Alarm"},{"$i":"is-volume-type-content","$v":"Medie"},{"$i":"tcl-volume-type-notification","$v":"Ringetoner og advarsler"},{"$i":"tcl-volume-type-telephony","$v":"Lydstyrke"},{"$i":"volume-type-alarm","$v":"Alarm"},{"$i":"volume-type-content","$v":"Medie"},{"$i":"vibrate-only","$v":"Kun vibrer"},{"$i":"silent","$v":"Lydløs"},{"$i":"vibrate-on","$v":"Vibrer:til"},{"$i":"vibrate-off","$v":"Vibrer:fra"},{"$i":"vibrate","$v":"Vibrer"},{"$i":"tcl-volume","$v":["Lydstyrke:",{"t":"idOrVar","v":"n"},"/",{"t":"idOrVar","v":"c"}]},{"$i":"notification-powersaving-mode-on-title","$v":"Strømbesparelsestilstand"},{"$i":"notification-powersaving-mode-on-description","$v":"Strømbesparelsestilstand er slået til."},{"$i":"low-device-storage","$v":"Enheden løber tør for plads."},{"$i":"storage-alert","$v":"Storage Alert"},{"$i":"phone-almost-full","$v":"Telefonen er næsten fuld."},{"$i":"free-space","$v":{"few":["Mindre end ",{"t":"idOrVar","v":"value"}," ",{"t":"idOrVar","v":"unit"}," tilbage."],"many":["Mindre end ",{"t":"idOrVar","v":"value"}," ",{"t":"idOrVar","v":"unit"}," tilbage."],"one":["Mindre end ",{"t":"idOrVar","v":"value"}," ",{"t":"idOrVar","v":"unit"}," tilbage."],"other":["Mindre end ",{"t":"idOrVar","v":"value"}," ",{"t":"idOrVar","v":"unit"}," tilbage."],"two":["Mindre end ",{"t":"idOrVar","v":"value"}," ",{"t":"idOrVar","v":"unit"}," tilbage."],"zero":"Ikke mere ledig plads."},"$x":[{"t":"idOrVar","v":"plural"},"value"]},{"$i":"unknown-free-space","$v":"Ukendt resterende ledig plads."},{"$i":"can-delete-data-to-get-space","$v":"Du kan slette nogle mediefiler eller administrere appdata for at få mere ledig plads."},{"$i":"should-delete-data-to-get-space","$v":"Du skal slette nogle mediefiler eller administrere appdata for at få mere ledig plads, før du kan fortsætte med at bruge denne enhed."},{"$i":"storage-full-level-1-title","$v":"Telefon næsten fuld"},{"$i":"storage-full-level-2-title","$v":"Telefonens lager er fuldt."},{"$i":"delete-to-get-space","$v":"Slet mediefiler, applikationsdata eller hentede apps for at frigøre plads."},{"$i":"delete-to-get-space-level-2","$v":"Slet mediefiler, applikationsdata eller hentede apps for at frigøre plads. Ellers fungerer telefonen ikke, som den skal."},{"$i":"system-alert","$v":"Systemadvarsel"},{"$i":"cb-channel","$v":["Kanal ",{"t":"idOrVar","v":"channel"}]},{"$i":"cell-broadcast-subtitle","$v":"Cell broadcast"},{"$i":"cb-etws-warningType-earthquake","$v":"Advarsel om jordskælv!"},{"$i":"cb-etws-warningType-tsunami","$v":"Tsunamivarsel!"},{"$i":"cb-etws-warningType-earthquake-tsunami","$v":"Advarsel om jordskælv og tsunami!"},{"$i":"cb-etws-warningType-test","$v":"Alarmsystem testes."},{"$i":"cb-etws-warningType-other","$v":"Nødadvarsel!"},{"$i":"icc-message-maintitle","$v":"Operatørbesked"},{"$i":"icc-message-subtitle","$v":"SIM-kort"},{"$i":"icc-confirmCall-defaultmessage","$v":["Ring til ",{"t":"idOrVar","v":"number"},"?"]},{"$i":"icc-alertMessage-defaultmessage","$v":"Sender besked"},{"$i":"icc-confirmMessage-defaultmessage","$v":"Vil du sende beskeden?"},{"$i":"icc-notification-title","$v":["SIM ",{"t":"idOrVar","v":"id"}," STK"]},{"$i":"icc-inputbox-maintitle","$v":"STK-forespørgsel"},{"$i":"icc-inputbox-subtitle","$v":["SIM ",{"t":"idOrVar","v":"id"}]},{"$i":"emergency-callback-mode","$v":"Tilstand for nødtilbagekald"},{"$i":"emergency-callback-message","$v":"Du kan ikke foretage et opkald, sende beskeder eller gå online, fordi tilstanden for nødtilbagekald er aktiveret. Vil du slå den fra?"},{"$i":"cdma-record-info","$v":"Oplysninger om CDMA-optagelse"},{"$i":"download_started","$v":"Overførsel startet"},{"$i":"download_stopped","$v":"Overførsel stoppet"},{"$i":"download_downloading","$v":[{"t":"idOrVar","v":"percentage"},"%"]},{"$i":"download_succeeded","$v":"Overførsel fuldført"},{"$i":"download_failed","$v":"Fejl ved overførsel"},{"$i":"update_succeeded","$v":"Opdatering fuldført"},{"$i":"download_text_by_default","$v":[{"t":"idOrVar","v":"name"}]},{"$i":"phone-storage-full-title","$v":"Telefonens lager er fuldt"},{"$i":"phone-storage-full-warning","$v":"Kan ikke downloade en fil. Slet mediefiler eller programdata for at frigøre plads. Du kan også indsætte et SD-kort for at udvide medielageret."},{"$i":"sdcard-storage-full-title","$v":"SD-kort er fuldt."},{"$i":"sdcard-storage-full-warning","$v":"Kan ikke downloade en fil. Slet filer på SD-kortet for at frigøre plads."},{"$i":"opt-settings","$v":"Indstillinger"},{"$i":"search-the-web","$v":"Søg på internettet"},{"$i":"search-or-enter-address","$v":"Søg eller angiv en adresse","placeholder":"Søg eller angiv en adresse"},{"$i":"search-or-enter-url","$v":"Søg eller angiv en URL","placeholder":"Søg eller angiv en URL"},{"$i":"back-button","ariaLabel":"Tilbage"},{"$i":"forward-button","ariaLabel":"Omstil"},{"$i":"reload-button","ariaLabel":"Genindlæs"},{"$i":"stop-button","ariaLabel":"Stop"},{"$i":"windows-button","ariaLabel":"Vis vinduer"},{"$i":"noHotspotWhenAPMisOnWifiHotspot","$v":"Slå flytilstand fra for at bruge Wi-Fi-hotspot."},{"$i":"apmActivated","$v":"Flytilstand aktiveret"},{"$i":"save-image","$v":"Gem billede"},{"$i":"save-video","$v":"Gem video"},{"$i":"save-audio","$v":"Gem lyd"},{"$i":"share-image","$v":"Del billede"},{"$i":"share-video","$v":"Del video"},{"$i":"share-audio","$v":"Del lyd"},{"$i":"tcl-cancelButtonId","$v":"Annuller"},{"$i":"tcl-not-send","$v":"Send ikke"},{"$i":"tcl-send-report","$v":"Send rapport"},{"$i":"refresh","$v":"Opdater"},{"$i":"goBack","$v":"Gå tilbage"},{"$i":"goForward","$v":"Gå fremad"},{"$i":"goToTopSites","$v":"Gå til Mest populære websteder"},{"$i":"pinToTopSites","$v":"Fastgør til Mest populære websteder"},{"$i":"pinToAllApps","$v":"Fastgør til Alle apps"},{"$i":"pinToAppsMenu","$v":"Fastgør til menuen Apps"},{"$i":"viewMessages","$v":"Vis beskeder"},{"$i":"downloadImage","$v":"Hent billede"},{"$i":"quit","$v":"Afslut"},{"$i":"minimizeBrowser","$v":"Minimer browser"},{"$i":"pinSiteCompletely","$v":"Dette websted er fastgjort til Mest populære websteder."},{"$i":"siteWasPinnedBefore","$v":"Dette websted var fastgjort til Mest populære websteder før."},{"$i":"pinnedSitesOverLimit","$v":"Du har nået det maksimale antal fastgjorte websteder."},{"$i":"pressBackAgainToQuitBrowser","$v":"Tryk på TILBAGE igen for at afslutte browseren."},{"$i":"pressBackAgainToMinimizeBrowser","$v":"Tryk på TILBAGE igen for at minimere browseren."},{"$i":"pinSiteToAllAppsCompletely","$v":"Dette websted er fastgjort til Alle apps."},{"$i":"pinSiteToAppsMenuCompletely","$v":"Dette websted er fastgjort til menuen Apps."},{"$i":"siteWasPinnedToAllAppsBefore","$v":"Dette websted blev fastgjort til Alle apps tidligere."},{"$i":"siteWasPinnedToAppsMenuBefore","$v":"Dette websted blev fastgjort til menuen Apps tidligere."},{"$i":"ext-bluetooth-req","$v":"Anmodning om binding"},{"$i":"ext-unknown","$v":"UKENDT"},{"$i":"ext-new-message","$v":"Ny besked"},{"$i":"ext-new-mail","$v":"Ny e-mail"},{"$i":"ext-calendar-event","$v":"Kalenderbegivenhed"},{"$i":"ext-new-notification","$v":"Nye meddelelser"},{"$i":"incoming","$v":"Indgående"},{"$i":"ext-volume-notification","$v":"Ringetoner og meddelelser"},{"$i":"ext-volume-content","$v":"Medie"},{"$i":"ext-volume-alarm","$v":"Alarm"},{"$i":"ext-new-cmas","$v":"Nødstilfælde"},{"$i":"phone-storage-full-body","$v":"Optagelsen af opkaldet er stoppet. Slet mediefiler eller programdata for at frigøre plads."},{"$i":"sd-card-full-title","$v":"SD-kort er fuldt."},{"$i":"sd-card-full-body","$v":"Optagelsen af opkaldet er stoppet. Slet filer på SD-kortet for at frigøre plads."},{"$i":"supl-notification-title","$v":"Anmodning om position"},{"$i":"supl-notification-message","$v":"Din placering sendes til operatøren."},{"$i":"supl-verification-title","$v":"Anmodning om position"},{"$i":"supl-verification-message","$v":"Operatøren anmoder om din placering. Vil du give dine placeringsoplysninger til operatøren?"},{"$i":"supl-verification-message-for-notification","$v":"Klik her for at bekræfte"},{"$i":"supl-verification-confirm","$v":"Ja"},{"$i":"supl-verification-cancel","$v":"Nej"},{"$i":"supl-more-message","$v":["Besked: ",{"t":"idOrVar","v":"id"}," (",{"t":"idOrVar","v":"message"},")"]},{"$i":"confirmPbapMsg","$v":[{"t":"idOrVar","v":"deviceId"}," ønsker adgang til dine kontakter og din opkaldshistorik. Vil du acceptere?"]},{"$i":"confirmTitle","$v":"Bluetooth-anmodning"},{"$i":"initialValue","$v":"Indtast sessionsnøgle"},{"$i":"confirmMapMsg","$v":[{"t":"idOrVar","v":"deviceId"}," ønsker adgang til dine beskeder. Vil du acceptere?"]},{"$i":"wifiCallErrorMsg","$v":["Wi-Fi-opkaldsfejl: ",{"t":"idOrVar","v":"error"}]},{"$i":"wifiCallMissEccTitle","$v":[{"t":"idOrVar","v":"operator"}," WiFi Calling"]},{"$i":"wifiCallMissEccMsg","$v":"Emergency calls in areas with cellular coverage only"},{"$i":"battery-full-title","$v":"Batteriet er fuldt"},{"$i":"battery-full-body","$v":"Batteriet er fuldt opladet."},{"$i":"sim-config-title","$v":"Konfiguration"},{"$i":"sim-config-content-init","$v":["Tryk på BEGYND for at konfigurere din telefon til ",{"t":"idOrVar","v":"carrier"},"."]},{"$i":"sim-config-content-change","$v":["Vil du konfigurere din telefon til ",{"t":"idOrVar","v":"carrier"},"?"]},{"$i":"sim-config-content-line1","$v":"Godt klaret!"},{"$i":"sim-config-content-restart","$v":"Genstart telefonen for at anvende ændringer."},{"$i":"sim-config-content-finish","$v":"Tryk på OK for at afslutte."},{"$i":"sim-config-content-failed","$v":["Kan ikke finde profilen for ",{"t":"idOrVar","v":"carrier"},"."]},{"$i":"sim-config-button-restart","$v":"Genstart"},{"$i":"sim-config-button-begin","$v":"Begynde"},{"$i":"open-wifi-available","$v":"Åbn Tilgængelige Wi-Fi-netværk"},{"$i":"wifi-available","$v":"Tilgængelige Wi-Fi-netværk"},{"$i":"wifi-no-internet-title","$v":"Wi-Fi har ingen internetadgang"},{"$i":"wifi-no-internet-body","$v":"Tap for options"},{"$i":"wifi-no-internet-header","$v":"Wi-Fi"},{"$i":"wifi-no-internet-content","$v":[{"t":"idOrVar","v":"name"}," har ingen internetadgang. Forbliv forbundet?"]},{"$i":"ellipses_char","$v":"…"},{"$i":"fota-title-attention","$v":"Bemærk"},{"$i":"fota-upgrade-success","$v":["Firmwareopgradering lykkedes. Din enhed har nu version ",{"t":"idOrVar","v":"target"},"."]},{"$i":"fota-upgrade-failed","$v":"Opgradering mislykkedes. Forrige version gendannet."},{"$i":"fota-title-software-update","$v":"Softwareopdatering"},{"$i":"fota-message-software-update-available","$v":"Softwareopdatering tilgængelig."},{"$i":"fota-message-software-download-failed","$v":"Softwareopdatering kunne ikke hentes."},{"$i":"fota-message-software-download-complete","$v":"Softwareopdatering blev hentet."},{"$i":"network-issue-title","$v":"Netværksfejl"},{"$i":"network-issue-detail","$v":"Kontrollér din forbindelse."},{"$i":"device-issue-title","$v":"Installer fejl"},{"$i":"device-issue-detail","$v":"Der opstod en ukendt fejl."},{"$i":"device-issue-update-title","$v":"Opdateringsfejl"},{"$i":"install-generic-error","$v":"Overførsel stoppet."},{"$i":"account-authenticator-invaild-grant-notice-title","$v":"Kontofejl"},{"$i":"account-authenticator-invaild-grant-notice-text","$v":"Log ind igen"},{"$i":"account-authenticator-no-network-error","$v":"Ingen internetforbindelse."},{"$i":"account-authenticator-access-denied-error","$v":"Der opstod en ukendt fejl."},{"$i":"qtn_els_alert_high_vol","$v":"Advarsel om høj lydstyrke"},{"$i":"qtn_els_alert_in_call","$v":"I et opkald"},{"$i":"GetEmptyUssdPrompt","$v":"Null svar modtaget."},{"$i":"message-sent","$v":"Beskeden er sendt"},{"$i":"send","$v":"Send"},{"$i":"confirmation","$v":"Bekræftelse"},{"$i":"feedback-dialogview-header","$v":"Feedback"},{"$i":"feedback-dialogview-message","$v":"Din mening betyder meget for HMD Global, så fortæl os endelig, hvad du synes om din nye telefon. Hvis du vil deltage i denne undersøgelse senere, kan du finde den i Indstillinger."},{"$i":"accessibility-enableScreenReaderSteps","$v":"To enable screen reader, press the volume up and then volume down buttons three more times"},{"$i":"accessibility-disableScreenReaderSteps","$v":"To disable screen reader, press the volume up and then volume down buttons three more times"},{"$i":"accessibility-screenReaderStarted","$v":"Screen reader started"},{"$i":"accessibility-screenReaderStopped","$v":"Screen reader stopped"},{"$i":"accessibility-menubar","$v":"menu bar"},{"$i":"accessibility-scrollbar","$v":"scroll bar"},{"$i":"accessibility-grip","$v":"grip"},{"$i":"accessibility-alert","$v":"alert"},{"$i":"accessibility-menupopup","$v":"menu popup"},{"$i":"accessibility-document","$v":"document"},{"$i":"accessibility-pane","$v":"pane"},{"$i":"accessibility-dialog","$v":"dialogue"},{"$i":"accessibility-separator","$v":"separator"},{"$i":"accessibility-toolbar","$v":"toolbar"},{"$i":"accessibility-statusbar","$v":"status bar"},{"$i":"accessibility-table","$v":"table"},{"$i":"accessibility-columnheader","$v":"column header"},{"$i":"accessibility-rowheader","$v":"row header"},{"$i":"accessibility-column","$v":"column"},{"$i":"accessibility-row","$v":"row"},{"$i":"accessibility-cell","$v":"cell"},{"$i":"accessibility-link","$v":"link"},{"$i":"accessibility-list","$v":"list"},{"$i":"accessibility-listitem","$v":"list item"},{"$i":"accessibility-outline","$v":"outline"},{"$i":"accessibility-outlineitem","$v":"outline item"},{"$i":"accessibility-pagetab","$v":"tab"},{"$i":"accessibility-propertypage","$v":"property page"},{"$i":"accessibility-graphic","$v":"graphic"},{"$i":"accessibility-pushbutton","$v":"button"},{"$i":"accessibility-checkbutton","$v":"check button"},{"$i":"accessibility-radiobutton","$v":"radio button"},{"$i":"accessibility-combobox","$v":"combo box"},{"$i":"accessibility-progressbar","$v":"progress bar"},{"$i":"accessibility-slider","$v":"slider"},{"$i":"accessibility-spinbutton","$v":"spin button"},{"$i":"accessibility-diagram","$v":"diagram"},{"$i":"accessibility-animation","$v":"animation"},{"$i":"accessibility-equation","$v":"equation"},{"$i":"accessibility-buttonmenu","$v":"button menu"},{"$i":"accessibility-whitespace","$v":"white space"},{"$i":"accessibility-pagetablist","$v":"tab list"},{"$i":"accessibility-canvas","$v":"canvas"},{"$i":"accessibility-checkmenuitem","$v":"check menu item"},{"$i":"accessibility-label","$v":"label"},{"$i":"accessibility-passwordtext","$v":"password text"},{"$i":"accessibility-radiomenuitem","$v":"radio menu item"},{"$i":"accessibility-textcontainer","$v":"text container"},{"$i":"accessibility-togglebutton","$v":"toggle button"},{"$i":"accessibility-treetable","$v":"tree table"},{"$i":"accessibility-header","$v":"header"},{"$i":"accessibility-footer","$v":"footer"},{"$i":"accessibility-paragraph","$v":"paragraph"},{"$i":"accessibility-entry","$v":"entry"},{"$i":"accessibility-caption","$v":"caption"},{"$i":"accessibility-heading","$v":"heading"},{"$i":"accessibility-section","$v":"section"},{"$i":"accessibility-form","$v":"form"},{"$i":"accessibility-comboboxlist","$v":"combo box list"},{"$i":"accessibility-comboboxoption","$v":"combo box option"},{"$i":"accessibility-imagemap","$v":"image map"},{"$i":"accessibility-listboxoption","$v":"option"},{"$i":"accessibility-listbox","$v":"list box"},{"$i":"accessibility-flatequation","$v":"flat equation"},{"$i":"accessibility-gridcell","$v":"gridcell"},{"$i":"accessibility-note","$v":"note"},{"$i":"accessibility-figure","$v":"figure"},{"$i":"accessibility-definitionlist","$v":"definition list"},{"$i":"accessibility-term","$v":"term"},{"$i":"accessibility-definition","$v":"definition"},{"$i":"accessibility-textarea","$v":"text area"},{"$i":"accessibility-textInputType_date","$v":"date"},{"$i":"accessibility-textInputType_email","$v":"e-mail"},{"$i":"accessibility-textInputType_search","$v":"search"},{"$i":"accessibility-textInputType_tel","$v":"telephone"},{"$i":"accessibility-textInputType_url","$v":"URL"},{"$i":"accessibility-headingLevel","$v":["heading level ",{"t":"idOrVar","v":"0"}]},{"$i":"accessibility-listStart","$v":"First item"},{"$i":"accessibility-listEnd","$v":"Last item"},{"$i":"accessibility-listItemsCount","$v":{"few":[{"t":"idOrVar","v":"count"}," items"],"many":[{"t":"idOrVar","v":"count"}," items"],"one":[{"t":"idOrVar","v":"count"}," item"],"other":[{"t":"idOrVar","v":"count"}," items"],"two":[{"t":"idOrVar","v":"count"}," items"],"zero":[{"t":"idOrVar","v":"count"}," items"]},"$x":[{"t":"idOrVar","v":"plural"},"count"]},{"$i":"accessibility-objItemOfN","$v":[{"t":"idOrVar","v":"0"}," of ",{"t":"idOrVar","v":"1"}]},{"$i":"accessibility-banner","$v":"banner"},{"$i":"accessibility-complementary","$v":"complementary"},{"$i":"accessibility-contentinfo","$v":"content info"},{"$i":"accessibility-main","$v":"main"},{"$i":"accessibility-navigation","$v":"navigation"},{"$i":"accessibility-search","$v":"search"},{"$i":"accessibility-tblColumnInfo","$v":{"few":["with ",{"t":"idOrVar","v":"count"}," columns"],"many":["with ",{"t":"idOrVar","v":"count"}," columns"],"one":["with ",{"t":"idOrVar","v":"count"}," column"],"other":["with ",{"t":"idOrVar","v":"count"}," columns"],"two":["with ",{"t":"idOrVar","v":"count"}," columns"],"zero":["with ",{"t":"idOrVar","v":"count"}," columns"]},"$x":[{"t":"idOrVar","v":"plural"},"count"]},{"$i":"accessibility-tblRowInfo","$v":{"few":["and ",{"t":"idOrVar","v":"count"}," rows"],"many":["and ",{"t":"idOrVar","v":"count"}," rows"],"one":["and ",{"t":"idOrVar","v":"count"}," row"],"other":["and ",{"t":"idOrVar","v":"count"}," rows"],"two":["and ",{"t":"idOrVar","v":"count"}," rows"],"zero":["and ",{"t":"idOrVar","v":"count"}," rows"]},"$x":[{"t":"idOrVar","v":"plural"},"count"]},{"$i":"accessibility-columnInfo","$v":["Column ",{"t":"idOrVar","v":"0"}]},{"$i":"accessibility-rowInfo","$v":["Row ",{"t":"idOrVar","v":"0"}]},{"$i":"accessibility-spansColumns","$v":{"few":["spans ",{"t":"idOrVar","v":"0"}," columns"],"many":["spans ",{"t":"idOrVar","v":"0"}," columns"],"one":["spans ",{"t":"idOrVar","v":"0"}," column"],"other":["spans ",{"t":"idOrVar","v":"0"}," columns"],"two":["spans ",{"t":"idOrVar","v":"0"}," columns"],"zero":["spans ",{"t":"idOrVar","v":"0"}," columns"]},"$x":[{"t":"idOrVar","v":"plural"},"0"]},{"$i":"accessibility-spansRows","$v":{"few":["spans ",{"t":"idOrVar","v":"0"}," rows"],"many":["spans ",{"t":"idOrVar","v":"0"}," rows"],"one":["spans ",{"t":"idOrVar","v":"0"}," row"],"other":["spans ",{"t":"idOrVar","v":"0"}," rows"],"two":["spans ",{"t":"idOrVar","v":"0"}," rows"],"zero":["spans ",{"t":"idOrVar","v":"0"}," rows"]},"$x":[{"t":"idOrVar","v":"plural"},"0"]},{"$i":"accessibility-jumpAction","$v":"jumped"},{"$i":"accessibility-pressAction","$v":"pressed"},{"$i":"accessibility-checkAction","$v":"checked"},{"$i":"accessibility-uncheckAction","$v":"unchecked"},{"$i":"accessibility-selectAction","$v":"selected"},{"$i":"accessibility-unselectAction","$v":"unselected"},{"$i":"accessibility-openAction","$v":"opened"},{"$i":"accessibility-closeAction","$v":"closed"},{"$i":"accessibility-switchAction","$v":"switched"},{"$i":"accessibility-clickAction","$v":"clicked"},{"$i":"accessibility-collapseAction","$v":"collapsed"},{"$i":"accessibility-expandAction","$v":"expanded"},{"$i":"accessibility-activateAction","$v":"activated"},{"$i":"accessibility-cycleAction","$v":"cycled"},{"$i":"accessibility-hidden","$v":"hidden"},{"$i":"accessibility-tabLoading","$v":"loading"},{"$i":"accessibility-tabLoaded","$v":"loaded"},{"$i":"accessibility-tabNew","$v":"new tab"},{"$i":"accessibility-tabLoadStopped","$v":"loading stopped"},{"$i":"accessibility-tabReload","$v":"reloading"},{"$i":"accessibility-stateChecked","$v":"checked"},{"$i":"accessibility-stateNotChecked","$v":"not checked"},{"$i":"accessibility-statePressed","$v":"pressed"},{"$i":"accessibility-stateExpanded","$v":"expanded"},{"$i":"accessibility-stateCollapsed","$v":"collapsed"},{"$i":"accessibility-stateUnavailable","$v":"unavailable"},{"$i":"accessibility-stateRequired","$v":"required"},{"$i":"accessibility-stateTraversed","$v":"visited"},{"$i":"accessibility-stateHasPopup","$v":"has pop up"},{"$i":"accessibility-stateSelected","$v":"selected"},{"$i":"accessibility-editingMode","$v":"editing"},{"$i":"accessibility-navigationMode","$v":"navigating"},{"$i":"accessibility-quicknav_Simple","$v":"Default"},{"$i":"accessibility-quicknav_Anchor","$v":"Anchors"},{"$i":"accessibility-quicknav_Button","$v":"Buttons"},{"$i":"accessibility-quicknav_Combobox","$v":"Combo boxes"},{"$i":"accessibility-quicknav_Landmark","$v":"Landmarks"},{"$i":"accessibility-quicknav_Entry","$v":"Entries"},{"$i":"accessibility-quicknav_FormElement","$v":"Form elements"},{"$i":"accessibility-quicknav_Graphic","$v":"Images"},{"$i":"accessibility-quicknav_Heading","$v":"Headings"},{"$i":"accessibility-quicknav_ListItem","$v":"List items"},{"$i":"accessibility-quicknav_Link","$v":"Links"},{"$i":"accessibility-quicknav_List","$v":"Lists"},{"$i":"accessibility-quicknav_PageTab","$v":"Page tabs"},{"$i":"accessibility-quicknav_RadioButton","$v":"Radio buttons"},{"$i":"accessibility-quicknav_Separator","$v":"Separators"},{"$i":"accessibility-quicknav_Table","$v":"Tables"},{"$i":"accessibility-quicknav_Checkbox","$v":"Check boxes"},{"$i":"accessibility-menubarAbbr","$v":"menu bar"},{"$i":"accessibility-scrollbarAbbr","$v":"scroll bar"},{"$i":"accessibility-gripAbbr","$v":"grip"},{"$i":"accessibility-alertAbbr","$v":"alert"},{"$i":"accessibility-menupopupAbbr","$v":"menu popup"},{"$i":"accessibility-documentAbbr","$v":"document"},{"$i":"accessibility-paneAbbr","$v":"pane"},{"$i":"accessibility-dialogAbbr","$v":"dialogue"},{"$i":"accessibility-separatorAbbr","$v":"separator"},{"$i":"accessibility-toolbarAbbr","$v":"toolbar"},{"$i":"accessibility-statusbarAbbr","$v":"status bar"},{"$i":"accessibility-tableAbbr","$v":"tbl"},{"$i":"accessibility-columnheaderAbbr","$v":"column header"},{"$i":"accessibility-rowheaderAbbr","$v":"row header"},{"$i":"accessibility-columnAbbr","$v":"column"},{"$i":"accessibility-rowAbbr","$v":"row"},{"$i":"accessibility-cellAbbr","$v":"cell"},{"$i":"accessibility-linkAbbr","$v":"lnk"},{"$i":"accessibility-listAbbr","$v":"list"},{"$i":"accessibility-listitemAbbr","$v":"list item"},{"$i":"accessibility-outlineAbbr","$v":"outline"},{"$i":"accessibility-outlineitemAbbr","$v":"outline item"},{"$i":"accessibility-pagetabAbbr","$v":"tab"},{"$i":"accessibility-propertypageAbbr","$v":"property page"},{"$i":"accessibility-graphicAbbr","$v":"graphic"},{"$i":"accessibility-pushbuttonAbbr","$v":"btn"},{"$i":"accessibility-checkbuttonAbbr","$v":"check button"},{"$i":"accessibility-radiobuttonAbbr","$v":"radio button"},{"$i":"accessibility-comboboxAbbr","$v":"combo box"},{"$i":"accessibility-progressbarAbbr","$v":"progress bar"},{"$i":"accessibility-sliderAbbr","$v":"slider"},{"$i":"accessibility-spinbuttonAbbr","$v":"spin button"},{"$i":"accessibility-diagramAbbr","$v":"diagram"},{"$i":"accessibility-animationAbbr","$v":"animation"},{"$i":"accessibility-equationAbbr","$v":"equation"},{"$i":"accessibility-buttonmenuAbbr","$v":"button menu"},{"$i":"accessibility-whitespaceAbbr","$v":"white space"},{"$i":"accessibility-pagetablistAbbr","$v":"tab list"},{"$i":"accessibility-canvasAbbr","$v":"canvas"},{"$i":"accessibility-checkmenuitemAbbr","$v":"check menu item"},{"$i":"accessibility-labelAbbr","$v":"label"},{"$i":"accessibility-passwordtextAbbr","$v":"passwdtxt"},{"$i":"accessibility-radiomenuitemAbbr","$v":"radio menu item"},{"$i":"accessibility-textcontainerAbbr","$v":"text container"},{"$i":"accessibility-togglebuttonAbbr","$v":"toggle button"},{"$i":"accessibility-treetableAbbr","$v":"tree table"},{"$i":"accessibility-headerAbbr","$v":"header"},{"$i":"accessibility-footerAbbr","$v":"footer"},{"$i":"accessibility-paragraphAbbr","$v":"paragraph"},{"$i":"accessibility-entryAbbr","$v":"entry"},{"$i":"accessibility-captionAbbr","$v":"caption"},{"$i":"accessibility-headingAbbr","$v":"heading"},{"$i":"accessibility-sectionAbbr","$v":"section"},{"$i":"accessibility-formAbbr","$v":"form"},{"$i":"accessibility-comboboxlistAbbr","$v":"combo box list"},{"$i":"accessibility-comboboxoptionAbbr","$v":"combo box option"},{"$i":"accessibility-imagemapAbbr","$v":"imgmap"},{"$i":"accessibility-listboxoptionAbbr","$v":"option"},{"$i":"accessibility-listboxAbbr","$v":"list box"},{"$i":"accessibility-flatequationAbbr","$v":"flat equation"},{"$i":"accessibility-gridcellAbbr","$v":"gridcell"},{"$i":"accessibility-noteAbbr","$v":"note"},{"$i":"accessibility-figureAbbr","$v":"fig"},{"$i":"accessibility-definitionlistAbbr","$v":"definition list"},{"$i":"accessibility-termAbbr","$v":"term"},{"$i":"accessibility-definitionAbbr","$v":"definition"},{"$i":"accessibility-textareaAbbr","$v":"txtarea"},{"$i":"accessibility-tblColumnInfoAbbr","$v":{"few":[{"t":"idOrVar","v":"count"},"c"],"many":[{"t":"idOrVar","v":"count"},"c"],"one":[{"t":"idOrVar","v":"count"},"c"],"other":[{"t":"idOrVar","v":"count"},"c"],"two":[{"t":"idOrVar","v":"count"},"c"]},"$x":[{"t":"idOrVar","v":"plural"},"count"]},{"$i":"accessibility-tblRowInfoAbbr","$v":{"few":[{"t":"idOrVar","v":"count"},"r"],"many":[{"t":"idOrVar","v":"count"},"r"],"one":[{"t":"idOrVar","v":"count"},"r"],"other":[{"t":"idOrVar","v":"count"},"r"],"two":[{"t":"idOrVar","v":"count"},"r"]},"$x":[{"t":"idOrVar","v":"plural"},"count"]},{"$i":"accessibility-cellInfoAbbr","$v":["c",{"t":"idOrVar","v":"0"},"r",{"t":"idOrVar","v":"1"}]},{"$i":"accessibility-stateCheckedAbbr","$v":"(x)"},{"$i":"accessibility-stateUncheckedAbbr","$v":"( )"},{"$i":"accessibility-statePressedAbbr","$v":"(x)"},{"$i":"accessibility-stateUnpressedAbbr","$v":"( )"},{"$i":"accessibility-pushbutton-hint","$v":"Double tap to activate"},{"$i":"accessibility-checkbutton-hint","$v":"Double tap to activate"},{"$i":"accessibility-combobox-hint","$v":"Double tap to activate"},{"$i":"accessibility-key-hint","$v":"Tap and hold to activate"},{"$i":"accessibility-link-hint","$v":"Double tap to activate"},{"$i":"accessibility-menuitem-hint","$v":"Double tap to activate"},{"$i":"accessibility-option-hint","$v":"Double tap to activate"},{"$i":"accessibility-radiobutton-hint","$v":"Double tap to activate"},{"$i":"accessibility-slider-hint","$v":"Swipe up to increase or down to decrease"},{"$i":"accessibility-spinbutton-hint","$v":"Swipe up to increase or down to decrease"},{"$i":"accessibility-pagetab-hint","$v":"Double tap to activate"},{"$i":"accessibility-entry-hint","$v":"Double tap to activate"},{"$i":"accessibility-outlineitem-hint","$v":"Double tap to activate"},{"$i":"SoftLeft","$v":"Venstre funktionstast"},{"$i":"Enter","$v":"OK-tast"},{"$i":"SoftRight","$v":"Højre funktionstast"},{"$i":"weekday-0-long","$v":"Søndag"},{"$i":"weekday-1-long","$v":"Mandag"},{"$i":"weekday-2-long","$v":"Tirsdag"},{"$i":"weekday-3-long","$v":"Onsdag"},{"$i":"weekday-4-long","$v":"Torsdag"},{"$i":"weekday-5-long","$v":"Fredag"},{"$i":"weekday-6-long","$v":"Lørdag"},{"$i":"weekday-0-short","$v":"Søn"},{"$i":"weekday-1-short","$v":"Man"},{"$i":"weekday-2-short","$v":"Tir"},{"$i":"weekday-3-short","$v":"Ons"},{"$i":"weekday-4-short","$v":"Tor"},{"$i":"weekday-5-short","$v":"Fre"},{"$i":"weekday-6-short","$v":"Lør"},{"$i":"month-0-long","$v":"Januar"},{"$i":"month-1-long","$v":"Februar"},{"$i":"month-2-long","$v":"Marts"},{"$i":"month-3-long","$v":"April"},{"$i":"month-4-long","$v":"Maj"},{"$i":"month-5-long","$v":"Juni"},{"$i":"month-6-long","$v":"Juli"},{"$i":"month-7-long","$v":"August"},{"$i":"month-8-long","$v":"September"},{"$i":"month-9-long","$v":"Oktober"},{"$i":"month-10-long","$v":"November"},{"$i":"month-11-long","$v":"December"},{"$i":"month-0-genitive","$v":"Januar"},{"$i":"month-1-genitive","$v":"Februar"},{"$i":"month-2-genitive","$v":"Marts"},{"$i":"month-3-genitive","$v":"April"},{"$i":"month-4-genitive","$v":"Maj"},{"$i":"month-5-genitive","$v":"Juni"},{"$i":"month-6-genitive","$v":"Juli"},{"$i":"month-7-genitive","$v":"August"},{"$i":"month-8-genitive","$v":"September"},{"$i":"month-9-genitive","$v":"Oktober"},{"$i":"month-10-genitive","$v":"November"},{"$i":"month-11-genitive","$v":"December"},{"$i":"month-0-short","$v":"Jan"},{"$i":"month-1-short","$v":"Feb"},{"$i":"month-2-short","$v":"Mar"},{"$i":"month-3-short","$v":"Apr"},{"$i":"month-4-short","$v":"Maj"},{"$i":"month-5-short","$v":"Jun"},{"$i":"month-6-short","$v":"Jul"},{"$i":"month-7-short","$v":"Aug"},{"$i":"month-8-short","$v":"Sep"},{"$i":"month-9-short","$v":"Okt"},{"$i":"month-10-short","$v":"Nov"},{"$i":"month-11-short","$v":"Dec"},{"$i":"minutes-ago-long","$v":{"few":[{"t":"idOrVar","v":"value"}," minutter siden"],"many":[{"t":"idOrVar","v":"value"}," minutter siden"],"one":"et minut siden","other":[{"t":"idOrVar","v":"value"}," minutter siden"],"two":[{"t":"idOrVar","v":"value"}," minutter siden"],"zero":"lige nu"},"$x":[{"t":"idOrVar","v":"plural"},"value"]},{"$i":"hours-ago-long","$v":{"few":[{"t":"idOrVar","v":"value"}," timer siden"],"many":[{"t":"idOrVar","v":"value"}," timer siden"],"one":"for en time siden","other":[{"t":"idOrVar","v":"value"}," timer siden"],"two":[{"t":"idOrVar","v":"value"}," timer siden"],"zero":"lige nu"},"$x":[{"t":"idOrVar","v":"plural"},"value"]},{"$i":"days-ago-long","$v":{"few":[{"t":"idOrVar","v":"value"}," dage siden"],"many":[{"t":"idOrVar","v":"value"}," dage siden"],"one":"i går","other":[{"t":"idOrVar","v":"value"}," dage siden"],"two":[{"t":"idOrVar","v":"value"}," dage siden"],"zero":"i dag"},"$x":[{"t":"idOrVar","v":"plural"},"value"]},{"$i":"weeks-ago-long","$v":{"few":[{"t":"idOrVar","v":"value"}," uger siden"],"many":[{"t":"idOrVar","v":"value"}," uger siden"],"one":"sidste uge","other":[{"t":"idOrVar","v":"value"}," uger siden"],"two":[{"t":"idOrVar","v":"value"}," uger siden"],"zero":"denne uge"},"$x":[{"t":"idOrVar","v":"plural"},"value"]},{"$i":"months-ago-long","$v":{"few":[{"t":"idOrVar","v":"value"}," måneder siden"],"many":[{"t":"idOrVar","v":"value"}," måneder siden"],"one":"sidste måned","other":[{"t":"idOrVar","v":"value"}," måneder siden"],"two":[{"t":"idOrVar","v":"value"}," måneder siden"],"zero":"denne måned"},"$x":[{"t":"idOrVar","v":"plural"},"value"]},{"$i":"years-ago-long","$v":{"few":[{"t":"idOrVar","v":"value"}," år siden"],"many":[{"t":"idOrVar","v":"value"}," år siden"],"one":"sidste år","other":[{"t":"idOrVar","v":"value"}," år siden"],"two":[{"t":"idOrVar","v":"value"}," år siden"],"zero":"i år"},"$x":[{"t":"idOrVar","v":"plural"},"value"]},{"$i":"minutes-until-long","$v":{"few":["om ",{"t":"idOrVar","v":"value"}," minutter"],"many":["om ",{"t":"idOrVar","v":"value"}," minutter"],"one":"om et minut","other":["om ",{"t":"idOrVar","v":"value"}," minutter"],"two":["om ",{"t":"idOrVar","v":"value"}," minutter"],"zero":"nu"},"$x":[{"t":"idOrVar","v":"plural"},"value"]},{"$i":"hours-until-long","$v":{"few":["om ",{"t":"idOrVar","v":"value"}," timer"],"many":["om ",{"t":"idOrVar","v":"value"}," timer"],"one":"om en time","other":["om ",{"t":"idOrVar","v":"value"}," timer"],"two":["om ",{"t":"idOrVar","v":"value"}," timer"],"zero":"nu"},"$x":[{"t":"idOrVar","v":"plural"},"value"]},{"$i":"days-until-long","$v":{"few":["om ",{"t":"idOrVar","v":"value"}," dage"],"many":["om ",{"t":"idOrVar","v":"value"}," dage"],"one":"i morgen","other":["om ",{"t":"idOrVar","v":"value"}," dage"],"two":["om ",{"t":"idOrVar","v":"value"}," dage"],"zero":"i dag"},"$x":[{"t":"idOrVar","v":"plural"},"value"]},{"$i":"weeks-until-long","$v":{"few":["om ",{"t":"idOrVar","v":"value"}," uger"],"many":["om ",{"t":"idOrVar","v":"value"}," uger"],"one":"næste uge","other":["om ",{"t":"idOrVar","v":"value"}," uger"],"two":["om ",{"t":"idOrVar","v":"value"}," uger"],"zero":"denne uge"},"$x":[{"t":"idOrVar","v":"plural"},"value"]},{"$i":"months-until-long","$v":{"few":["om ",{"t":"idOrVar","v":"value"}," måneder"],"many":["om ",{"t":"idOrVar","v":"value"}," måneder"],"one":"næste måned","other":["om ",{"t":"idOrVar","v":"value"}," måneder"],"two":["om ",{"t":"idOrVar","v":"value"}," måneder"],"zero":"denne måned"},"$x":[{"t":"idOrVar","v":"plural"},"value"]},{"$i":"years-until-long","$v":{"few":["om ",{"t":"idOrVar","v":"value"}," år"],"many":["om ",{"t":"idOrVar","v":"value"}," år"],"one":"næste år","other":["om ",{"t":"idOrVar","v":"value"}," år"],"two":["om ",{"t":"idOrVar","v":"value"}," år"],"zero":"i år"},"$x":[{"t":"idOrVar","v":"plural"},"value"]},{"$i":"minutes-ago-short","$v":{"other":[{"t":"idOrVar","v":"value"},"m siden"],"zero":"lige nu"},"$x":[{"t":"idOrVar","v":"plural"},"value"]},{"$i":"hours-ago-short","$v":{"other":[{"t":"idOrVar","v":"value"},"t siden"],"zero":"lige nu"},"$x":[{"t":"idOrVar","v":"plural"},"value"]},{"$i":"days-ago-short","$v":{"other":[{"t":"idOrVar","v":"value"},"d siden"],"zero":"i dag"},"$x":[{"t":"idOrVar","v":"plural"},"value"]},{"$i":"minutes-until-short","$v":{"other":["om ",{"t":"idOrVar","v":"value"},"m"],"zero":"nu"},"$x":[{"t":"idOrVar","v":"plural"},"value"]},{"$i":"hours-until-short","$v":{"other":["om ",{"t":"idOrVar","v":"value"},"t"],"zero":"nu"},"$x":[{"t":"idOrVar","v":"plural"},"value"]},{"$i":"days-until-short","$v":{"other":["om ",{"t":"idOrVar","v":"value"},"d"],"zero":"i dag"},"$x":[{"t":"idOrVar","v":"plural"},"value"]},{"$i":"incorrectDate","$v":"(forkert dato)"},{"$i":"dateTimeFormat_%c","$v":"%a %b %e %Y %I:%M:%S %p"},{"$i":"dateTimeFormat_%x","$v":"%m/%d/%Y"},{"$i":"dateTimeFormat_%X","$v":"%I:%M:%S %p"},{"$i":"shortTimeFormat","$v":"%I:%M %p"},{"$i":"shortTimeFormat12","$v":"%I:%M %p"},{"$i":"shortTimeFormat24","$v":"%H:%M"},{"$i":"shortDateTimeFormat","$v":"%x %I:%M %p"},{"$i":"weekStartsOnMonday","$v":"0.0"},{"$i":"firstDayOfTheWeek","$v":"1.0"},{"$i":"time_am","$v":"AM"},{"$i":"time_pm","$v":"PM"},{"$i":"title-app","$v":"App-tilladelse"},{"$i":"title-web","$v":"Tilladelse til websted"},{"$i":"title-cam","$v":"Vælg kamera"},{"$i":"perm-alarms","$v":"Planlæg alarmer"},{"$i":"perm-audio-capture","$v":"Mikrofon"},{"$i":"perm-audio-capture-appRequest","$v":["Vil du dele din mikrofon med ",{"t":"idOrVar","v":"app"},"?"]},{"$i":"perm-audio-capture-webRequest","$v":["Vil du dele din mikrofon med ",{"t":"idOrVar","v":"site"},"?"]},{"$i":"perm-audio-channel-content","$v":"Afspil lyde"},{"$i":"perm-audio-channel-notification","$v":"Afspil meddelelseslyde"},{"$i":"perm-audio-channel-ringer","$v":"Play Ringtone Sounds"},{"$i":"perm-background-sensors","$v":"Gå til Sensordata"},{"$i":"perm-bluetooth","$v":"Bluetooth"},{"$i":"perm-browser","$v":"Inspicer websider"},{"$i":"perm-camera","$v":"Kameraer"},{"$i":"perm-camera-selector-appRequest","$v":["Vælg et kamera for ",{"t":"idOrVar","v":"app"},"."]},{"$i":"perm-camera-selector-webRequest","$v":["Vælg et kamera for ",{"t":"idOrVar","v":"site"},"."]},{"$i":"perm-camera-appRequest","$v":[{"t":"idOrVar","v":"app"}," ønsker at bruge dit kamera."]},{"$i":"perm-camera-webRequest","$v":[{"t":"idOrVar","v":"site"}," ønsker at bruge dit kamera."]},{"$i":"perm-cellbroadcast","$v":"Cell broadcasts"},{"$i":"perm-contacts","$v":"Kontakter"},{"$i":"perm-contacts-appRequest","$v":[{"t":"idOrVar","v":"app"}," ønsker adgang til dine kontaktliste."]},{"$i":"perm-contacts-webRequest","$v":[{"t":"idOrVar","v":"site"}," ønsker adgang til dine kontaktliste."]},{"$i":"perm-desktop-notification","$v":"Meddelelser"},{"$i":"perm-desktop-notification-appRequest","$v":[{"t":"idOrVar","v":"app"}," ønsker at vise beskeder."]},{"$i":"perm-desktop-notification-webRequest","$v":[{"t":"idOrVar","v":"site"}," ønsker at vise beskeder."]},{"$i":"perm-device-storage-apps","$v":"Apps-lager"},{"$i":"perm-device-storage-music","$v":"Musiklager"},{"$i":"perm-device-storage-music-appRequest","$v":[{"t":"idOrVar","v":"app"}," ønsker adgang til din musik."]},{"$i":"perm-device-storage-music-webRequest","$v":[{"t":"idOrVar","v":"site"}," ønsker adgang til din musik."]},{"$i":"perm-device-storage-pictures","$v":"Billedlager"},{"$i":"perm-device-storage-pictures-appRequest","$v":[{"t":"idOrVar","v":"app"}," ønsker adgang til dine billeder."]},{"$i":"perm-device-storage-pictures-webRequest","$v":[{"t":"idOrVar","v":"site"}," ønsker adgang til dine billeder."]},{"$i":"perm-device-storage-sdcard","$v":"Hukommelseskortets lager"},{"$i":"perm-device-storage-sdcard-appRequest","$v":[{"t":"idOrVar","v":"app"}," ønsker adgang til dit hukommelseskort."]},{"$i":"perm-device-storage-sdcard-webRequest","$v":[{"t":"idOrVar","v":"site"}," ønsker adgang til dit hukommelseskort."]},{"$i":"perm-device-storage-videos","$v":"Videolager"},{"$i":"perm-device-storage-videos-appRequest","$v":[{"t":"idOrVar","v":"app"}," ønsker adgang til dine videoer."]},{"$i":"perm-device-storage-videos-webRequest","$v":[{"t":"idOrVar","v":"site"}," ønsker adgang til dine videoer."]},{"$i":"perm-fullscreen-appRequest","$v":[{"t":"idOrVar","v":"app"}," er nu i fuld skærm."]},{"$i":"perm-fullscreen-webRequest","$v":[{"t":"idOrVar","v":"site"}," er nu i fuld skærm."]},{"$i":"perm-embed-apps","$v":"Integrer apps"},{"$i":"perm-fmradio","$v":"FM-radio"},{"$i":"perm-fmradio-appRequest","$v":[{"t":"idOrVar","v":"app"}," ønsker at bruge FM-radio."]},{"$i":"perm-fmradio-webRequest","$v":[{"t":"idOrVar","v":"site"}," ønsker at bruge FM-radio."]},{"$i":"perm-geolocation","$v":"Geoplacering"},{"$i":"perm-geolocation-appRequest","$v":[{"t":"idOrVar","v":"app"}," ønsker at kende din placering."]},{"$i":"perm-geolocation-more-info","$v":[{"t":"idOrVar","v":"brandShortName"}," bruger GPS og yderligere oplysninger fra f.eks. Wi-Fi og mobile netværk til at bestemme din placering. Placeringsdata kan bruges af ",{"t":"idOrVar","v":"brandShortName"}," og udbydere til at forbedre præcisionen og dækningen i placeringsdatabaserne.",{"t":"idOrVar","v":"brandShortName"}," beder altid om tilladelse, når en app har brug for adgang til enhedens placering."]},{"$i":"perm-geolocation-webRequest","$v":[{"t":"idOrVar","v":"site"}," ønsker at kende din placering."]},{"$i":"perm-idle","$v":"Se status for inaktivitet"},{"$i":"perm-indexedDB-chrome-settings","$v":"Beskyttet indekseret database"},{"$i":"perm-indexedDB-unlimited","$v":"Ubegrænset IndexedDB-lager"},{"$i":"perm-input-manage","$v":"Administrer tastaturer"},{"$i":"perm-input","$v":"Funger som tastatur"},{"$i":"perm-media-capture","$v":"Kamera og mikrofon"},{"$i":"perm-media-capture-appRequest","$v":["Vil du dele dit kamera og din mikrofon med ",{"t":"idOrVar","v":"app"},"?"]},{"$i":"perm-media-capture-webRequest","$v":["Vil du dele dit kamera og din mikrofon med ",{"t":"idOrVar","v":"site"},"?"]},{"$i":"perm-mobileconnection","$v":"Mobilforbindelse"},{"$i":"perm-mobileid","$v":"Mobilidentitet"},{"$i":"perm-network-events","$v":"Netværkshændelser"},{"$i":"perm-open-remote-window","$v":"Start en app"},{"$i":"perm-permissions","$v":"Rediger app-tilladelser"},{"$i":"perm-power","$v":"Strømindstillinger"},{"$i":"perm-settings","$v":"Rediger indstillinger"},{"$i":"perm-systemXHR","$v":"Anmodninger på tværs af oprindelse"},{"$i":"perm-telephony","$v":"Telefoni"},{"$i":"perm-video-capture","$v":"Kamera"},{"$i":"perm-video-capture-appRequest","$v":["Vil du dele dit kamera med ",{"t":"idOrVar","v":"app"},"?"]},{"$i":"perm-video-capture-webRequest","$v":["Vil du dele dit kamera med ",{"t":"idOrVar","v":"site"},"?"]},{"$i":"perm-voicemail","$v":"Kontrollér talebeskeder"},{"$i":"perm-webapps-manage","$v":"Installer webapps"},{"$i":"perm-wifi-manage","$v":"Administrer Wi-Fi"},{"$i":"perm-attention","$v":"Åbn overlejrede pop-up-vinduer"},{"$i":"perm-audio-channel-alarm","$v":"Afspil alarmlyde"},{"$i":"perm-audio-channel-normal","$v":"Afspil lyde"},{"$i":"perm-audio-channel-publicnotification","$v":"Afspil offentlige meddelelseslyde"},{"$i":"perm-audio-channel-telephony","$v":"Afspil telefonilyde"},{"$i":"perm-backgroundservice","$v":"Funger som tjeneste i baggrunden"},{"$i":"perm-device-storage-crashes","$v":"Lager for nedbrudsdata"},{"$i":"perm-downloads","$v":"Gå til Downloads"},{"$i":"perm-embed-widgets","$v":"Integrer widgets"},{"$i":"perm-feature-detection","$v":"Registrering af funktion"},{"$i":"perm-firefox-accounts","$v":"Firefox-konti"},{"$i":"perm-mobilenetwork","$v":"Mobilnetværk"},{"$i":"perm-moz-attention","$v":"Åbn overlejrede pop-up-vinduer (moz)"},{"$i":"perm-moz-audio-channel-ringer","$v":"Play Ringtone Sounds (moz)"},{"$i":"perm-moz-audio-channel-telephony","$v":"Afspil telefonilyde (moz)"},{"$i":"perm-moz-firefox-accounts","$v":"Firefox-konti (moz)"},{"$i":"perm-networkstats-manage","$v":"Kontrollér brugsstatistik"},{"$i":"perm-nfc","$v":"NFC"},{"$i":"perm-nfc-hci-events","$v":"NFC HCI-hændelser"},{"$i":"perm-nfc-manager","$v":"Administrer NFC"},{"$i":"perm-phonenumberservice","$v":"Telefonnummertjeneste"},{"$i":"perm-push","$v":"Skub API"},{"$i":"perm-resourcestats-manage","$v":"Ressourcestatistik"},{"$i":"perm-sms","$v":"Send og læs SMS"},{"$i":"perm-speaker-control","$v":"Kontrollér lydstyrke"},{"$i":"perm-storage","$v":"Gå til Lager"},{"$i":"perm-tcp-socket","$v":"TCP-stik"},{"$i":"perm-test-permission","$v":"Test Permission"},{"$i":"perm-time","$v":"Indstil dato og klokkeslæt"},{"$i":"perm-udp-socket","$v":"UDP-stik"},{"$i":"perm-wappush","$v":"WAP-push"},{"$i":"stopped_download_title","$v":"Overførsel stoppet"},{"$i":"tcl-stopped_download_message","$v":"Denne overførsel blev stoppet. Vil du genoptage overførslen?"},{"$i":"stopped_download_left_button","$v":"Annuller"},{"$i":"stopped_download_right_button","$v":"Prøv igen"},{"$i":"failed_download_title","$v":"Fejl ved overførsel"},{"$i":"failed_download_message","$v":[{"t":"idOrVar","v":"name"}," kunne ikke hentes. Prøv at hente igen?"]},{"$i":"failed_download_left_button","$v":"Annuller"},{"$i":"failed_download_right_button","$v":"Prøv igen"},{"$i":"stop_download_title","$v":"Stop overførsel"},{"$i":"stop_download_message","$v":"Er du sikker på, at du vil stoppe downloaden?"},{"$i":"stop_download_left_button","$v":"Annuller"},{"$i":"stop_download_right_button","$v":"Stop"},{"$i":"delete_download_title","$v":"Slet"},{"$i":"delete_download_message","$v":["Slet \"",{"t":"idOrVar","v":"name"},"\"?"]},{"$i":"delete_download_left_button","$v":"Annuller"},{"$i":"delete_download_right_button","$v":"Slet"},{"$i":"delete_all_download_title","$v":"Slet"},{"$i":"delete_all_download_left_button","$v":"Annuller"},{"$i":"delete_all_download_right_button","$v":"Slet"},{"$i":"delete_all_download_message_ext","$v":"Slet markerede filer?"},{"$i":"delete_all_download_message","$v":{"few":["Slet ",{"t":"idOrVar","v":"number"}," filer?"],"many":["Slet ",{"t":"idOrVar","v":"number"}," filer?"],"one":"Slet en fil?","other":["Slet ",{"t":"idOrVar","v":"number"}," filer?"],"two":["Slet ",{"t":"idOrVar","v":"number"}," filer?"],"zero":"Slet ingen filer?"},"$x":[{"t":"idOrVar","v":"plural"},"number"]},{"$i":"unsupported_file_type_download_title","$v":"Kunne ikke åbne"},{"$i":"unsupported_file_type_download_message","$v":["Der er ingen app, som kan åbne ",{"t":"idOrVar","v":"name"},". Vil du gemme filen eller slette den?"]},{"$i":"unsupported_file_type_download_left_button","$v":"Behold fil"},{"$i":"unsupported_file_type_download_right_button","$v":"Slet"},{"$i":"file_not_found_download_title","$v":"Filen blev ikke fundet"},{"$i":"file_not_found_download_message","$v":"Filen blev ikke fundet på enheden"},{"$i":"file_not_found_download_right_button","$v":"OK"},{"$i":"unmounted_sdcard_2_download_title","$v":"Hukommelseskort i brug"},{"$i":"unmounted_sdcard_2_download_message","$v":"Fjern tilslutningen til telefonen"},{"$i":"unmounted_sdcard_2_download_right_button","$v":"OK"},{"$i":"no_provider_download_title","$v":"Kunne ikke åbne"},{"$i":"no_provider_download_message","$v":"Dette filformat er ugyldigt eller understøttes ikke."},{"$i":"no_provider_download_right_button","$v":"OK"},{"$i":"no_memory_download_title","$v":"SD-kort er fuldt"},{"$i":"no_memory_download_message","$v":"Der er ikke mere plads på dit SD-kort til at gemme din overførsel. Fjern nogle filer, før du starter overførslen igen."},{"$i":"no_memory_download_right_button","$v":"OK"},{"$i":"no_sdcard_found_2_download_title","$v":"Intet hukommelseskort blev fundet"},{"$i":"no_sdcard_found_2_download_message","$v":"Indsæt et hukommelseskort, eller vælg en alternativ standardmedieplacering i Indstillinger"},{"$i":"no_sdcard_found_2_download_right_button","$v":"OK"},{"$i":"file_open_error_download_title","$v":"Bekræftelse"},{"$i":"file_open_error_download_message","$v":"Dette filformat er ugyldigt eller understøttes ikke. Vil du slette filen?"},{"$i":"file_open_error_download_left_button","$v":"Behold fil"},{"$i":"file_open_error_download_right_button","$v":"Slet"},{"$i":"restart_download_error","$v":"Der opstod en fejl under genstart af overførslen. Prøv at downloade igen."},{"$i":"no-downloads","$v":"Ingen downloads"},{"$i":"percentage","$v":[{"t":"idOrVar","v":"percentage"}," %"]},{"$i":"partialResult","$v":[{"t":"idOrVar","v":"partial"}," / ",{"t":"idOrVar","v":"total"}]},{"$i":"summary","$v":[{"t":"idOrVar","v":"date"}," - ",{"t":"idOrVar","v":"status"}]},{"$i":"download-stopped","$v":"Stoppet"},{"$i":"download-failed","$v":"Fejl ved overførsel"},{"$i":"open_downloaded_file","$v":"Åbn"},{"$i":"share_downloaded_file","$v":"Del"},{"$i":"wallpaper_downloaded_file","$v":"Brug som baggrund"},{"$i":"ringtone_downloaded_file","$v":"Brug som ringetone"},{"$i":"cancel_downloaded_file","$v":"Annuller"},{"$i":"voicemailNoNumberTitle","$v":"Telefonsvarernummer er ikke tilgængeligt"},{"$i":"voicemailNoNumberText","$v":"Der kunne ikke ringes op til telefonsvareren. Angiv nummeret til telefonsvareren for at foretage opkaldet."},{"$i":"voicemailNoNumberSettings","$v":"Indstillinger"},{"$i":"voicemailNoNumberCancel","$v":"Annuller"},{"$i":"airplaneMode","$v":"Flytilstand"},{"$i":"noNetwork","$v":"Intet netværk"},{"$i":"roaming","$v":[{"t":"idOrVar","v":"operator"}," (Roaming)"]},{"$i":"operator-info","$v":[{"t":"idOrVar","v":"carrier"}," ",{"t":"idOrVar","v":"region"}]},{"$i":"emergencyCallsOnly","$v":"Kun nødopkald tilladt"},{"$i":"emergencyCallsOnly-unknownSIMState","$v":"(ukendt SIM-tilstand)"},{"$i":"emergencyCallsOnly-noSIM","$v":"(intet SIM-kort)"},{"$i":"emergencyCallsOnly-pinRequired","$v":"(PIN-kode til SIM kræves)"},{"$i":"emergencyCallsOnly-pukRequired","$v":"(PUK-kode til SIM kræves)"},{"$i":"emergencyCallsOnly-networkLocked","$v":"(netværk låst)"},{"$i":"emergencyCallsOnly-serviceProviderLocked","$v":"(udbyder låst)"},{"$i":"emergencyCallsOnly-corporateLocked","$v":"(virksomhed låst)"},{"$i":"emergencyCallsOnly-network1Locked","$v":"(netværk1 låst)"},{"$i":"emergencyCallsOnly-network2Locked","$v":"(netværk2 låst)"},{"$i":"emergencyCallsOnly-hrpdNetworkLocked","$v":"(hrpd-netværk låst)"},{"$i":"emergencyCallsOnly-ruimCorporateLocked","$v":"(ruim-virksomhed låst)"},{"$i":"emergencyCallsOnly-ruimServiceProviderLocked","$v":"(ruim-udbyder låst)"},{"$i":"lockscreen-sim-id","$v":["SIM ",{"t":"idOrVar","v":"n"}]},{"$i":"charging-no-time","$v":[{"t":"idOrVar","v":"level"},"% opladet"]},{"$i":"charging-minutes","$v":{"few":[{"t":"idOrVar","v":"level"},"% opladet (",{"t":"idOrVar","v":"minutes"}," min. indtil fuldt opladet)"],"many":[{"t":"idOrVar","v":"level"},"% opladet (",{"t":"idOrVar","v":"minutes"}," min. indtil fuldt opladet)"],"one":[{"t":"idOrVar","v":"level"},"% opladet (",{"t":"idOrVar","v":"minutes"}," min. indtil fuldt opladet)"],"other":[{"t":"idOrVar","v":"level"},"% opladet (",{"t":"idOrVar","v":"minutes"}," min. indtil fuldt opladet)"],"two":[{"t":"idOrVar","v":"level"},"% opladet (",{"t":"idOrVar","v":"minutes"}," min. indtil fuldt opladet)"],"zero":[{"t":"idOrVar","v":"level"},"% opladet (",{"t":"idOrVar","v":"minutes"}," min. indtil fuldt opladet)"]},"$x":[{"t":"idOrVar","v":"plural"},"minutes"]},{"$i":"charging-hours","$v":{"few":[{"t":"idOrVar","v":"level"},"% opladet (",{"t":"idOrVar","v":"hours"}," t ",{"t":"idOrVar","v":"minutes"}," min. indtil fuldt opladet)"],"many":[{"t":"idOrVar","v":"level"},"% opladet (",{"t":"idOrVar","v":"hours"}," t ",{"t":"idOrVar","v":"minutes"}," min. indtil fuldt opladet)"],"one":[{"t":"idOrVar","v":"level"},"% opladet (",{"t":"idOrVar","v":"hours"}," t ",{"t":"idOrVar","v":"minutes"}," min. indtil fuldt opladet)"],"other":[{"t":"idOrVar","v":"level"},"% opladet (",{"t":"idOrVar","v":"hours"}," t ",{"t":"idOrVar","v":"minutes"}," min. indtil fuldt opladet)"],"two":[{"t":"idOrVar","v":"level"},"% opladet (",{"t":"idOrVar","v":"hours"}," t ",{"t":"idOrVar","v":"minutes"}," min. indtil fuldt opladet)"],"zero":[{"t":"idOrVar","v":"level"},"% opladet (",{"t":"idOrVar","v":"hours"}," t ",{"t":"idOrVar","v":"minutes"}," min. indtil fuldt opladet)"]},"$x":[{"t":"idOrVar","v":"plural"},"minutes"]},{"$i":"network-error-in-app","$v":"Der er ingen adgang til internettet lige nu."},{"$i":"network-error-launching","$v":[{"t":"idOrVar","v":"name"}," kræver en internetforbindelse."]},{"$i":"network-error-launching-title","$v":"Ingen internetforbindelse"},{"$i":"network-error-launching-message","$v":"Brug Wi-Fi eller mobildata for at få adgang til internettet."},{"$i":"server-not-found","$v":"Serveren blev ikke fundet"},{"$i":"server-not-found-error","$v":["Kan ikke finde serveren på ",{"t":"idOrVar","v":"name"},"."]},{"$i":"file-not-found","$v":"Filen blev ikke fundet"},{"$i":"file-not-found-error","$v":"Enheden kan ikke vise denne side, fordi filen ikke findes."},{"$i":"connection-failed","$v":"Der kunne ikke oprettes forbindelse"},{"$i":"connection-failed-error","$v":"Der opstod en netværksfejl under forsøg på at gå til webstedet."},{"$i":"invalid-connection","$v":"Der kunne ikke oprettes forbindelse"},{"$i":"invalid-connection-error","$v":"Der opstod en netværksfejl under forsøg på at gå til webstedet."},{"$i":"malformed-uri","$v":"URL er ugyldig"},{"$i":"malformed-uri-error","$v":"Den angivne URL-adresse er ikke gyldig og kan ikke indlæses."},{"$i":"redirect-loop","$v":"Kan ikke vise side"},{"$i":"redirect-loop-error","$v":"Enheden kan ikke vise denne side, fordi siden ikke omdirigerer korrekt. Prøv denne side igen senere."},{"$i":"not-cached","$v":"Side udløbet"},{"$i":"not-cached-error","$v":"Som en sikkerhedsforanstaltning kan denne side ikke vises af enheden, fordi den er udløbet."},{"$i":"is-printing","$v":"Adgang nægtet"},{"$i":"is-printing-error","$v":"Dokumentet kan ikke ændres, mens det er ved at blive udskrevet eller er i tilstanden Vis udskrift."},{"$i":"denied-port-access","$v":"Adresse er begrænset"},{"$i":"denied-port-access-error","$v":"Denne adresse bruger en netværksport, som normalt bruges til andre formål end webbrowsing. Enheden har annulleret anmodningen for at beskytte dig."},{"$i":"proxy-resolve-failure","$v":"Proxyserverfejl"},{"$i":"proxy-resolve-failure-error","$v":"Enheden er konfigureret til at bruge en proxyserver, som ikke blev fundet."},{"$i":"proxy-connect-failure","$v":"Proxyserverfejl"},{"$i":"proxy-connect-failure-error","$v":"Enheden er konfigureret til at bruge en proxyserver, som afviser forbindelser."},{"$i":"content-encoding","$v":"Kan ikke vise side"},{"$i":"content-encoding-error","$v":"Enheden kan ikke vise denne side, fordi der opstod en fejl med kodning af indholdet."},{"$i":"remote-xul","$v":"Siden understøttes ikke"},{"$i":"remote-xul-error","$v":"Denne side kan ikke vises, fordi den bruger en teknologi, som ikke understøttes på enheden."},{"$i":"phishing-blocked","$v":"Advarsel"},{"$i":"phishing-blocked-error","$v":"Webstedet er blevet rapporteret som et falsk websted, der har til formål at narre brugere til at dele personlige eller økonomiske oplysninger."},{"$i":"malware-blocked","$v":"Malwareangreb blokeret"},{"$i":"malware-blocked-error","$v":"Webstedet er blevet rapporteret som et angrebswebsted. Enheden har blokeret anmodningen for at beskytte dig."},{"$i":"unsafe-content-type","$v":"Ikke-sikkert indhold"},{"$i":"unsafe-content-type-error","$v":"Siden kan ikke vises, fordi den muligvis ikke er sikker at åbne."},{"$i":"corrupted-content","$v":"Der kunne ikke oprettes forbindelse"},{"$i":"corrupted-content-error","$v":"Siden kan ikke vises, fordi der blev registreret en fejl i datatransmissionen."},{"$i":"unknown-protocol-found","$v":"Siden understøttes ikke"},{"$i":"unknown-protocol-found-error","$v":"Siden kan ikke vises, fordi den bruger en teknologi, som ikke understøttes på enheden."},{"$i":"try-again","$v":"Prøv igen"},{"$i":"check-settings","$v":"Kontrollér indstillinger"},{"$i":"firefox-accounts-title","$v":"KaiOS-konti"},{"$i":"firefox-accounts-title-sign-in","$v":"Log på"},{"$i":"firefox-accounts-title-create-account","$v":"Opret konto"},{"$i":"kaios-accounts-title-about-kaios-account","$v":"Om KaiOS-konto"},{"$i":"kaios-accounts-phone-verification","$v":"Godkendelse af telefon"},{"$i":"kaios-accounts-title-account-info","$v":"Kontooplysninger"},{"$i":"fxa-next","$v":"Næste"},{"$i":"fxa-back","$v":"Tilbage"},{"$i":"fxa-done","$v":"Udført"},{"$i":"fxa-ok","$v":"OK"},{"$i":"tcl-changessaved","$v":"Ændringerne er gemt"},{"$i":"tcl-verification-mail-has-been-sent","$v":"Et verifikationslink er sendt til"},{"$i":"fxa-decline","$v":"Afvis"},{"$i":"fxa-accept","$v":"Acceptér"},{"$i":"fxa-sining-in","$v":"Logger på..."},{"$i":"not-now","$v":"Ikke nu"},{"$i":"send-sms","$v":"Send SMS"},{"$i":"resend-sms","$v":"Send SMS igen"},{"$i":"fxa-connection-error-title","$v":"Der kunne ikke oprettes forbindelse"},{"$i":"fxa-connection-error-message","$v":"Du kan oprette en konto eller logge på fra Indstillinger."},{"$i":"fxa-reset-password-error-title","$v":"Nulstil adgangskode"},{"$i":"fxa-reset-password-error-message","$v":"Du kan nulstille din adgangskode i Indstillinger."},{"$i":"fxa-incorrect-email-address-or-password","$v":"fxa incorrect email address or password"},{"$i":"fxa-internet-connection-is-required","$v":"fxa internetforbindelse kræves"},{"$i":"fxa-server-error","$v":"Serverfejl, prøv igen senere"},{"$i":"fxa-server-error-2","$v":"Fejl"},{"$i":"fxa-server-error-message","$v":"Kontoen kunne ikke oprettes. Prøv igen senere."},{"$i":"fxa-server-error-message-2","$v":"Serveren er ikke tilgængelig. Prøv igen senere."},{"$i":"fxa-offline-error-title","$v":"Der kunne ikke oprettes forbindelse"},{"$i":"fxa-offline-error-message","$v":"Opret forbindelse til et netværk fra Indstillinger."},{"$i":"fxa-offline-error-message-1","$v":"Ingen internetforbindelse."},{"$i":"fxa-invalid-email-title","$v":"Fejl"},{"$i":"fxa-invalid-email-message","$v":"Angiv en gyldig e-mail."},{"$i":"fxa-invalid-password-title","$v":"Fejl"},{"$i":"fxa-invalid-password-message","$v":"Forkert e-mailadresse eller adgangskode"},{"$i":"fxa-invalid-password-message-1","$v":"Adgangskode forkert."},{"$i":"fxa-unknown-error-title","$v":"Der kunne ikke oprettes forbindelse"},{"$i":"fxa-unknown-error-message","$v":"Systemet er ikke tilgængeligt, prøv igen snart."},{"$i":"fxa-email-is-taken-title","$v":"Fejl"},{"$i":"fxa-email-is-taken-message","$v":"Der er allerede en konto for denne e-mail. Log på din konto."},{"$i":"fxa-confirm-age-title","$v":"Fejl"},{"$i":"fxa-confirm-age-message","$v":"Bekræft, at du er over 13 år"},{"$i":"fxa-account-does-not-exist","$v":"Fejl"},{"$i":"fxa-account-does-not-exist-message","$v":"Forkert e-mailadresse eller adgangskode"},{"$i":"fxa-account-does-not-exist-message-1","$v":"Account does not exist."},{"$i":"fxa-password-dont-match","$v":"Fejl"},{"$i":"fxa-password-dont-match-message","$v":"Adgangskoderne stemmer ikke overens."},{"$i":"fxa-password-less","$v":"Fejl"},{"$i":"fxa-password-less-message","$v":"Adgangskoden er på mindre end 8 tegn."},{"$i":"fxa-password-less-message-1","$v":"Adgangskoden er på mindre end 8 tegn."},{"$i":"fxa-password-more","$v":"Fejl"},{"$i":"fxa-password-more-message","$v":"Adgangskoden er på mere end 20 tegn."},{"$i":"fxa-password-more-message-1","$v":"Adgangskoden er på mere end 20 tegn."},{"$i":"fxa-password-error","$v":"Fejl"},{"$i":"fxa-password-error-message","$v":"Adgangskoden skal være imellem 8-20 tegn med en kombination af bogstaver og tal."},{"$i":"fxa-connecting","$v":"Opretter forbindelse"},{"$i":"fxa-enter-phone-number-message","$v":"Indtast dit telefonnummer. Der sendes en SMS, og automatisk godkendelse begynder."},{"$i":"fxa-sms-has-been-sent-message","$v":"Der er sendt en SMS. Når den er modtaget, begynder automatisk godkendelse. Læn dig tilbage og vent!"},{"$i":"fxa-time-remaining","$v":"Resterende tid:"},{"$i":"fxa-sms-verification-failed-message","$v":"SMS-godkendelse mislykkedes. Bekræft dit telefonnummer, og tryk på \"Send SMS igen\" for at prøve igen."},{"$i":"fxa-phone-number-label","$v":"Telefonnummer"},{"$i":"fxa-enter-your-infomation","$v":"Angiv dine oplysninger."},{"$i":"fxa-birthday-label","$v":"Fødselsdag"},{"$i":"fxa-birthday-select","$v":"Vælg"},{"$i":"fxa-gender-label","$v":"Køn"},{"$i":"fxa-gender-select","$v":"Vælg"},{"$i":"fxa-gender-male","$v":"Hankøn"},{"$i":"fxa-gender-female","$v":"Hunkøn"},{"$i":"fxa-gender-confidential","$v":"Fortroligt"},{"$i":"fxa-enter-email-input","placeholder":"Indtast din e-mail"},{"$i":"fxa-use-email-to-sign-in","$v":"Indtast din e-mail. Din e-mailadresse bliver dit kontonavn."},{"$i":"fxa-notice","$v":["Ved at fortsætte accepterer jeg ",{"t":"idOrVar","v":"tos"}," og ",{"t":"idOrVar","v":"pn"}," for KaiOS-cloudtjenester."]},{"$i":"fxa-placeholder","$v":"Din e-mail her"},{"$i":"fxa-tos","$v":"Servicebetingelser"},{"$i":"fxa-pn","$v":"Erklæring om beskyttelse af persondata"},{"$i":"fxa-create-account-title","$v":"Opret konto"},{"$i":"fxa-show-age-title","$v":"Jeg er over 13 år"},{"$i":"fxa-enter-password-title","$v":"Angiv adgangskoden. Din adgangskode skal have 8 - 20 tegn og indeholde både bogstaver og tal."},{"$i":"fxa-enter-password-title-1","$v":"Angiv en adgangskode. Din adgangskode skal have 8-20 tegn og indeholde både bogstaver og tal."},{"$i":"fxa-setup-password-title","$v":"Opret adgangskode"},{"$i":"fxa-create-password-title","$v":"Opret adgangskode"},{"$i":"fxa-hello-user","$v":["Hej ",{"t":"idOrVar","v":"email"}]},{"$i":"fxa-password-refresh","$v":"Indtast adgangskoden til din KaiOS-konto for at fortsætte."},{"$i":"fxa-password","$v":"Adgangskode","placeholder":"Adgangskode"},{"$i":"fxa-forgot-your-password","$v":"Har du glemt din adgangskode?"},{"$i":"fxa-show-password","$v":"Vis adgangskode"},{"$i":"fxa-password-length-requirement","$v":"Din adgangskode skal være på mindst 8 tegn."},{"$i":"fxa-confirm-account","$v":"Bekræft din konto"},{"$i":"fxa-will-send-email","$v":"Din konto er blevet oprettet."},{"$i":"fxa-signup-click-verification-link-in-email","$v":["Vi har sendt en bekræftelses-e-mail til ",{"t":"idOrVar","v":"email"},". Find den i din indbakke, og bekræft og aktivér din konto."]},{"$i":"fxa-access-manage-account-settings","$v":"Aktiveringslinket udløber om 24 timer."},{"$i":"fxa-signup-success-title","$v":"Konto oprettet"},{"$i":"about-kaios-account-text","$v":"Lorem ipsum dolor sit amet, con-sectetur adipiscing elit, sed do eiusmod tempor incididunt ut labore et dolore magna aliqua. Ut enim ad minim veniam, quis nos-trud exercitation ullamco laboris nisi ut aliquip ex ea commodo consequat. Duis aute irure dolor in reprehenderit in voluptate velit esse cillum dolore eu fugiat nulla pariatur. Excepteur sint occaecat cupidatat non proident, sunt in culpa qui officia deserunt mollit anim id est laborum."},{"$i":"about-kaios-account-text1","$v":"KaiOS-konto giver godkendelse til KaiOS-tjenester. Kontoen identificerer brugeren og enheden og tillader adgang til funktioner som ekstern styring af enheder og yderligere tjenester."},{"$i":"about-kaios-account-text2","$v":"Oprettelse af en konto kræver en e-mailadresse og en adgangskode. Brugeren skal bekræfte e-mailadressen med et link i en e-mail, som sendes under kontooprettelsen. Kontoen aktiveres ikke, før denne e-mailadresse er bekræftet."},{"$i":"about-kaios-account-text3","$v":"Hvis du fortsætter med at oprette kontoen, accepterer du vilkårene og erklæringen om beskyttelse af persondata."},{"$i":"fxa-signin-email","$v":"Kontonavn"},{"$i":"fxa-signin-password","$v":"Adgangskode"},{"$i":"fxa-signin-success-title","$v":"Din konto"},{"$i":"fxa-signin-lsk","$v":"Glemt adgangskode"},{"$i":"fxa-signin-rsk","$v":"Log på"},{"$i":"fxa-change-password-title","$v":"Skift adgangskode"},{"$i":"fxa-change-password-description","$v":"Angiv din aktuelle adgangskode, og opret en ny adgangskode."},{"$i":"fxa-new-password","$v":"Ny adgangskode"},{"$i":"fxa-changing-password","$v":"Skifter adgangskode..."},{"$i":"fxa-forgot-password-title","$v":"Glemt adgangskode"},{"$i":"fxa-forgot-password","$v":"glemt adgangskode"},{"$i":"fxa-forgot-password-sk","$v":"Glemt adg.kode"},{"$i":"fxa-forgot-password-success-title","$v":"E-mail til nulstilling af adgangskode er sendt"},{"$i":"fxa-reset-password-succcess-content","$v":"E-mailen til nulstilling af din adgangskode er sendt til din e-mailkonto."},{"$i":"fxa-reset-password-succcess-content-part2","$v":"Tjek din indbakke, og nulstil adgangskoden."},{"$i":"fxa-sign-out-title","$v":"Tyveribeskyttelse er aktiveret"},{"$i":"fxa-sign-out-intro","$v":"bekræft, at du vil slå tyverisikring fra og logge af."},{"$i":"fxa-sign-out-intro-1","$v":"Bekræft, at du vil slå tyverisikret tilstand fra og logge af."},{"$i":"fxa-signout-email","$v":"Din konto"},{"$i":"fxa-confirm-password","$v":"Bekræft adgangskode"},{"$i":"fxa-signing-out","$v":"Logger af..."},{"$i":"fxa-sign-out-error-title","$v":"Fejl"},{"$i":"fxa-sign-out-error-message","$v":"Der kunne ikke logges af kontoen. Prøv igen senere"},{"$i":"fxa-sign-out-error-message-1","$v":"Der kunne ikke logges af kontoen. Prøv igen senere."},{"$i":"fxa-connection-is-required-title","$v":"Fejl"},{"$i":"fxa-connection-is-required-message","$v":"Internetforbindelse kræves"},{"$i":"fxa-check-password-title","$v":"Deaktiver tyveribeskyttelse"},{"$i":"fxa-disable-antitheft-checkpassword-message","$v":"Bekræft, at du vil slå tyverisikring fra."},{"$i":"fxa-reset-factory-checkpassword-message","$v":"Hvis du vil nulstille din enhed, skal du angive din adgangskode og deaktivere tyverisikringen."},{"$i":"fxa-reset-factory-checkpassword-message-1","$v":"Hvis du vil nulstille din enhed, skal du angive din adgangskode og deaktivere tyverisikret tilstand."},{"$i":"fxa-enter-email-to-reset-password","$v":"Angiv e-mailen til din konto. Vi sender dig et link til nulstilling af adgangskoden."},{"$i":"fxa-enter-email-to-reset-password-1","$v":"Angiv e-mailen til din konto. Vi sender dig et link til nulstilling af adgangskoden."},{"$i":"fxa-account-not-found","$v":"Kontoen blev ikke fundet. Prøv igen."},{"$i":"fxa-multiple-sign-in-attempts-title","$v":"Flere forsøg på at logge på"},{"$i":"fxa-multiple-sign-in-attempts-content","$v":"Du har indtastet den forkerte adgangskode flere gange"},{"$i":"fxa-multiple-sign-in-attempts-content-1","$v":"Du har indtastet den forkerte adgangskode flere gange."},{"$i":"fxa-multiple-sign-in-attempts-content-retry","$v":"Prøv igen senere"},{"$i":"shortDateFormat","$v":"%B %d, %Y"}]