[{"$i":"brandShortName","$v":"KaiOS"},{"$i":"browserBrandShortName","$v":"Web Browser"},{"$i":"browserBrandFullName","$v":"Mozilla Web Browser"},{"$i":"ringtoneBrandName","$v":"Default"},{"$i":"ringtoneSectionBrandName","$v":"System"},{"$i":"ok","$v":"OK"},{"$i":"back","$v":"Tagasi"},{"$i":"help","$v":"Spikker"},{"$i":"cancel","$v":"Tühista"},{"$i":"close","$v":"Sule"},{"$i":"skip","$v":"Jäta vahele"},{"$i":"enable","$v":"Luba"},{"$i":"turnOn","$v":"Lülita sisse"},{"$i":"save","$v":"Salvesta"},{"$i":"select","$v":"Vali"},{"$i":"deselect","$v":"Tühista valik"},{"$i":"go","$v":"Mine"},{"$i":"search","$v":"Otsing"},{"$i":"options","$v":"Valikud"},{"$i":"exit","$v":"Välju"},{"$i":"signIn","$v":"Logi sisse"},{"$i":"dismiss","$v":"Tühista"},{"$i":"dismiss-all","$v":"Tühista kõik"},{"$i":"undo","ariaLabel":"tagasivõtmine"},{"$i":"lockscreenEnterLockCode","$v":"Sisestage 4-kohaline kood"},{"$i":"lockscreenCheckLockCode","$v":"Vale kood. Proovige uuesti."},{"$i":"lockscreenDeviceLocked","$v":"Seade on lukustatud, proovige uuesti 30 sekundi pärast."},{"$i":"pocketmodeLongPress","$v":"Libista või vajuta"},{"$i":"pocketmodeToUnlock","$v":"avamiseks"},{"$i":"enterPIN","$v":"Sisesta avam. kuuekohaline kood"},{"$i":"mediaPlaybackTrack","$v":"Pala nimi ja esitaja"},{"$i":"mediaPlaybackControls","$v":"Taasesituse juhtelemendid"},{"$i":"mediaPlaybackPrevious","$v":"Eelmine"},{"$i":"mediaPlaybackPlay","$v":"Esita"},{"$i":"mediaPlaybackPause","$v":"Peata"},{"$i":"mediaPlaybackNext","$v":"Järgmine"},{"$i":"UnknownTrack","$v":"Tundmatu pala"},{"$i":"wifiButton-on","$v":"Wi-Fi on sees"},{"$i":"wifiButton-on-initializing","$v":"Wi-Fi on sees, käivitumine"},{"$i":"wifiButton-off","$v":"Wi-Fi on väljas"},{"$i":"dataButton-on","$v":["Andmed ",{"t":"idOrVar","v":"type"}," sees"]},{"$i":"dataButton-off","$v":["Andmed ",{"t":"idOrVar","v":"type"}," väljas"]},{"$i":"bluetoothButton-on","$v":"Bluetooth sees"},{"$i":"bluetoothButton-on-initializing","$v":"Bluetooth on sees, lähtestatakse"},{"$i":"bluetoothButton-off","$v":"Bluetooth väljas"},{"$i":"airplaneMode-on","$v":"Lennurežiim on sees"},{"$i":"airplaneMode-off","$v":"Lennurežiim on väljas"},{"$i":"airplaneOff","$v":"Lülita lennurežiim välja"},{"$i":"settingsButton","ariaLabel":"Seaded"},{"$i":"simLabel","$v":["SIM ",{"t":"idOrVar","v":"id"}]},{"$i":"statusbarLabel","$v":[{"t":"idOrVar","v":"date"},", ",{"t":"idOrVar","v":"operator"}]},{"$i":"statusbarDateFormat","$v":"%b %e"},{"$i":"statusbar","ariaLabel":"Olekuriba"},{"$i":"statusbarBattery","ariaLabel":["Aku ",{"t":"idOrVar","v":"level"}," protsent"]},{"$i":"statusbarBatteryCharging","ariaLabel":["Aku ",{"t":"idOrVar","v":"level"}," protsent, laeb"]},{"$i":"statusbarFlightMode","ariaLabel":"Lennurežiim on sees"},{"$i":"statusbarWiFiConnecting","$v":"Wi-Fi: ühendamine"},{"$i":"statusbarWiFiConnected","$v":["Wi-Fi: ",{"t":"idOrVar","v":"level"}," pulka 4-st"]},{"$i":"statusbarSignal","$v":["Võrk ",{"t":"idOrVar","v":"operator"},", ",{"t":"idOrVar","v":"level"}," 5 kriipsu"]},{"$i":"statusbarSignalRoaming","$v":["Võrk ",{"t":"idOrVar","v":"operator"}," (rändlus), ",{"t":"idOrVar","v":"level"}," 5 kriipsu"]},{"$i":"statusbarSignalNoneSearching","$v":"Otsimine … Ainult hädaabikõned"},{"$i":"statusbarHeadphones","ariaLabel":"Kõrvaklapid sees"},{"$i":"statusbarBluetoothHeadphones","ariaLabel":"Bluetooth-kõrvaklapid on sees"},{"$i":"statusbarBluetoothTransferring","ariaLabel":"Bluetoothi edastus on aktiivne"},{"$i":"statusbarIconOn-tethering","$v":"Kinnitamine on sees"},{"$i":"statusbarIconOnActive-tethering","$v":"Kinnit. sees, aktiivne"},{"$i":"statusbarAlarm","ariaLabel":"Alarm on sees"},{"$i":"statusbarIME","ariaLabel":"IME sees"},{"$i":"statusbarIconOn-bluetooth","$v":"Bluetooth on sees"},{"$i":"statusbarIconOnActive-bluetooth","$v":"Bluetooth on sees, aktiivne"},{"$i":"statusbarIconOn-mute","$v":"Vaigistamine on sees"},{"$i":"statusbarIconOn-vibration","$v":"Värin on sees"},{"$i":"statusbarRecording","ariaLabel":"Salvestus töötab"},{"$i":"statusbarGeolocation","ariaLabel":"Geograafiline asukoht on sees"},{"$i":"statusbarUsb","ariaLabel":"USB on sees"},{"$i":"statusbarForwarding","$v":"Kõne suunamine on sees"},{"$i":"statusbarPlaying","ariaLabel":"Esitatav meedium"},{"$i":"statusbarNfc","ariaLabel":"NFC sees"},{"$i":"statusbarDownloads","ariaLabel":"Allalaadimine…"},{"$i":"statusbarNetworkActivity","ariaLabel":"Võrgutöö on sees"},{"$i":"statusbarEmergencyCBNotification","ariaLabel":"Hädaolukorras tagasihelistamine"},{"$i":"statusbarNotifications","$v":{"few":[{"t":"idOrVar","v":"n"}," teadet"],"many":[{"t":"idOrVar","v":"n"}," teadet"],"one":[{"t":"idOrVar","v":"n"}," teadet"],"other":[{"t":"idOrVar","v":"n"}," teadet"],"two":[{"t":"idOrVar","v":"n"}," teadet"]},"$x":[{"t":"idOrVar","v":"plural"},"n"]},{"$i":"statusbarNotifications-unread","ariaLabel":{"$x":[{"t":"idOrVar","v":"plural"},"n"],"$v":{"few":[{"t":"idOrVar","v":"n"}," lugemata teadet"],"many":[{"t":"idOrVar","v":"n"}," lugemata teadet"],"one":[{"t":"idOrVar","v":"n"}," lugemata teade"],"other":[{"t":"idOrVar","v":"n"}," lugemata teadet"],"two":[{"t":"idOrVar","v":"n"}," lugemata teadet"]}}},{"$i":"clear","$v":"Tühjenda"},{"$i":"clear-all","$v":"Tühjenda kõik"},{"$i":"notification-title","$v":{"few":[{"t":"idOrVar","v":"n"}," teadet"],"many":[{"t":"idOrVar","v":"n"}," teadet"],"one":[{"t":"idOrVar","v":"n"}," teadet"],"other":[{"t":"idOrVar","v":"n"}," teadet"],"two":[{"t":"idOrVar","v":"n"}," teadet"],"zero":[{"t":"idOrVar","v":"n"}," teadet"]},"$x":[{"t":"idOrVar","v":"plural"},"n"]},{"$i":"notification-dialog-no-notices","$v":"Teateid pole"},{"$i":"notification-title-new","$v":{"few":[{"t":"idOrVar","v":"n"}," teadet"],"many":[{"t":"idOrVar","v":"n"}," teadet"],"other":[{"t":"idOrVar","v":"n"}," teadet"],"two":[{"t":"idOrVar","v":"n"}," teadet"],"one":[{"t":"idOrVar","v":"n"}," teade"],"zero":[{"t":"idOrVar","v":"n"}," teade"]},"$x":[{"t":"idOrVar","v":"plural"},"n"]},{"$i":"notification-dialog-no-notices-new","$v":"Teadet pole"},{"$i":"tcl-ntf-open","$v":"Ava"},{"$i":"tcl-ntf-next_song","$v":"Järgmine"},{"$i":"tcl-ntf_play","$v":"Esita"},{"$i":"tcl-ntf-pause","$v":"Peata"},{"$i":"tcl-ntf-dismiss-all","$v":"Tühista kõik"},{"$i":"tcl-ntf-dismiss","$v":"Tühista"},{"$i":"tcl-ntf-toaster-clear","$v":"Teade on kõrvaldatud"},{"$i":"tcl-ntf-toaster-clear-all","$v":"Teated kõrvaldati"},{"$i":"attentionScreen-tapToShow","$v":"Kuvamiseks puudutage"},{"$i":"tcl-cmas-ok","$v":"OK"},{"$i":"tcl-cmas-screen-help","$v":"Lisateabeks vajutage nuppu OK"},{"$i":"tcl-cmas-title","$v":"CMASi märguanne"},{"$i":"camera","$v":"Kaamera"},{"$i":"tcl-dflt-value-level","$v":"Määra piirväärtus"},{"$i":"tcl-dflt-range-value-name","$v":"Tase"},{"$i":"newVoicemails","$v":{"few":[{"t":"idOrVar","v":"n"}," uut kõnepostiteadet"],"many":[{"t":"idOrVar","v":"n"}," uut kõnepostiteadet"],"one":"Üks uus tavakõneteade","other":[{"t":"idOrVar","v":"n"}," uut kõnepostiteadet"],"two":[{"t":"idOrVar","v":"n"}," uut kõnepostiteadet"],"zero":"Uut kõneposti pole"},"$x":[{"t":"idOrVar","v":"plural"},"n"]},{"$i":"newVoicemailsUnknown","$v":"Uus tavakõneteade"},{"$i":"dialNumber","$v":["Valige ",{"t":"idOrVar","v":"number"}]},{"$i":"voicemailNotificationMultiSim","$v":["(SIM-kaart ",{"t":"idOrVar","v":"n"},") ",{"t":"idOrVar","v":"title"}]},{"$i":"euRoamingNotificationTitle","$v":"Tuvastati ELi Internet"},{"$i":"euRoamingNotificationMsg","$v":"Muutmiseks puudutage."},{"$i":"restart","$v":"Taaskäivita"},{"$i":"power","$v":"Toide väljas"},{"$i":"lock","$v":"Lukk"},{"$i":"cleanup","$v":"Puhasta mälu"},{"$i":"no-recent-app-windows","$v":"Teie hiljutised rakenduste aknad kuvatakse siin"},{"$i":"no-recent-browser-windows","$v":"Teie hiljutised brauseri aknad kuvatakse siin"},{"$i":"closeCard","ariaLabel":"Sule"},{"$i":"openCard","ariaLabel":"Ava"},{"$i":"yes","$v":"Jah"},{"$i":"no","$v":"Ei"},{"$i":"dontallow","$v":"Ära luba"},{"$i":"allow","$v":"Luba"},{"$i":"dontshare-geolocation","$v":"Ära jaga"},{"$i":"share-geolocation","$v":"Jaga"},{"$i":"dontshare-audio-capture","$v":"Ära jaga"},{"$i":"share-audio-capture","$v":"Jaga"},{"$i":"dontshare-video-capture","$v":"Ära jaga"},{"$i":"share-video-capture","$v":"Jaga"},{"$i":"dontshare-media-capture","$v":"Ära jaga"},{"$i":"share-media-capture","$v":"Jaga"},{"$i":"device-front","$v":"Esikaamera"},{"$i":"device-back","$v":"Tagakaamera"},{"$i":"front-camera","$v":"Esikaamera"},{"$i":"back-camera","$v":"Tagakaamera"},{"$i":"more-info","$v":"Lisateave ..."},{"$i":"hide-info","$v":"Peida teave"},{"$i":"tcl-permission","$v":"Luba"},{"$i":"install-app","$v":["Kas installida ",{"t":"idOrVar","v":"name"},"?"]},{"$i":"size","$v":"Suurus"},{"$i":"author","$v":"Autor"},{"$i":"size-unknown","$v":"tundmatu"},{"$i":"author-unknown","$v":"tundmatu"},{"$i":"install","$v":"Installi"},{"$i":"bytes","$v":"baiti"},{"$i":"kB","$v":"KB"},{"$i":"MB","$v":"MB"},{"$i":"GB","$v":"GB"},{"$i":"TB","$v":"TB"},{"$i":"PB","$v":"PB"},{"$i":"app-install-generic-error","$v":["Rakenduse ",{"t":"idOrVar","v":"appName"}," allalaadimine on peatatud"]},{"$i":"app-install-download-failed","$v":["Rakenduse ",{"t":"idOrVar","v":"appName"}," alllalaadimine nurjus"]},{"$i":"app-install-install-failed","$v":["Rakenduse ",{"t":"idOrVar","v":"appName"}," installimine ebaõnnestus"]},{"$i":"cancelling-will-not-refund","$v":"Tühistamisel ei tagastata ostu eest raha. Tasulise sisu eest tagastab raha algne müüja."},{"$i":"apps-can-be-installed-later","$v":"Rakendused saab installida hiljem algsest installimisallikast."},{"$i":"are-you-sure-you-want-to-cancel","$v":"Kas soovite kindlasti selle installimise tühistada?"},{"$i":"cancel-install","$v":"Tühista inst."},{"$i":"cancel-install-button","$v":"Tühista inst."},{"$i":"resume","$v":"Jätka"},{"$i":"continue","$v":"Jätka"},{"$i":"stopDownloading","$v":["Kas peatada rakenduse ",{"t":"idOrVar","v":"app"}," allalaadimine?"]},{"$i":"app-download-can-be-restarted","$v":"Allalaadimise saab hiljem uuesti käivitada."},{"$i":"app-download-stop-button","$v":"Peata allalaadimine"},{"$i":"not-enough-space","$v":"Pole piisavalt ruumi"},{"$i":"not-enough-space-message","$v":"Rakenduse installimiseks pole piisavalt ruumi. Tehke ruumi juurde, kustutades vanu rakendusi või meediat, ja proovige algsest allikast uuesti installida."},{"$i":"app-install-success","$v":[{"t":"idOrVar","v":"appName"}," installitud"]},{"$i":"app-install-update","$v":[{"t":"idOrVar","v":"appName"}," on värskendatud"]},{"$i":"langpack-install-success2","$v":[{"t":"idOrVar","v":"appName"}," installitud. Selle lubamiseks avage Seaded > Keel."]},{"$i":"setup","$v":"Häälestamine"},{"$i":"ime-addkeyboards","$v":"Lisa klaviatuurid"},{"$i":"ime-lowercase","$v":"Väiketäht"},{"$i":"ime-uppercase","$v":"Suurtähed"},{"$i":"ime-number","$v":"Number"},{"$i":"ime-capitalize","$v":"Suurtähesta"},{"$i":"ime-t9","$v":"T9"},{"$i":"ime-r9","$v":"R9"},{"$i":"ime-predictive","$v":"Prognoositav"},{"$i":"ime-insert-word","$v":"Sisestage sõna"},{"$i":"ime-voice-input-messsage","$v":"Tekstiväljal rääkimiseks vajutage pikalt nuppu OK."},{"$i":"later","$v":"Hiljem"},{"$i":"download","$v":"Allalaadimine"},{"$i":"wantToDownload","$v":"Kas laadida värskendus kohe alla?"},{"$i":"wantToInstallNow","$v":"Kas soovite värskenduse kohe installida? Te ei saa mõni minut oma telefoni kasutada."},{"$i":"installNow","$v":"Installi kohe"},{"$i":"notNow","$v":"Mitte praegu"},{"$i":"downloadingUpdateMessage","innerHTML":{"$o":["Värskenduste allalaadimine… <span>",{"t":"idOrVar","v":"progress"}," alla laaditud.</span>"]}},{"$i":"downloadingAppMessage","$v":["Rakenduse ",{"t":"idOrVar","v":"appName"}," allalaadimine"]},{"$i":"downloadingAppProgressNoMax","$v":[{"t":"idOrVar","v":"progress"}," alla laaditud"]},{"$i":"downloadingAppProgressIndeterminate","$v":"Allalaadimine"},{"$i":"downloadingAppProgress","$v":[{"t":"idOrVar","v":"progress"}," / ",{"t":"idOrVar","v":"max"}," alla laaditud"]},{"$i":"cancelAllDownloads","$v":"Tühista kõik allalaad."},{"$i":"wantToCancelAll","$v":"Kas soovite kindlasti kõik allalaadimised tühistada?"},{"$i":"downloadError","$v":"Uuenduste allalaadimisel ilmnes viga."},{"$i":"updateAvailableInfo","innerHTML":{"$x":[{"t":"idOrVar","v":"plural"},"n"],"$v":{"few":{"$o":[{"t":"idOrVar","v":"n"}," värskendust saadaval. <span>Puudutage lisateabe saamiseks.</span>"]},"many":{"$o":[{"t":"idOrVar","v":"n"}," värskendust saadaval. <span>Puudutage lisateabe saamiseks.</span>"]},"one":{"$o":[{"t":"idOrVar","v":"n"}," värskendus saadaval. <span>Puudutage lisateabe saamiseks.</span>"]},"other":{"$o":[{"t":"idOrVar","v":"n"}," värskendust saadaval. <span>Puudutage lisateabe saamiseks.</span>"]},"two":{"$o":[{"t":"idOrVar","v":"n"}," värskendust saadaval. <span>Puudutage lisateabe saamiseks.</span>"]}}}},{"$i":"numberOfUpdates","$v":{"few":[{"t":"idOrVar","v":"n"}," teadet"],"many":[{"t":"idOrVar","v":"n"}," teadet"],"one":[{"t":"idOrVar","v":"n"}," teadet"],"other":[{"t":"idOrVar","v":"n"}," teadet"],"two":[{"t":"idOrVar","v":"n"}," teadet"]},"$x":[{"t":"idOrVar","v":"plural"},"n"]},{"$i":"systemUpdate","$v":"Süsteemi värskendus"},{"$i":"systemUpdateReady","$v":"Süst.-uuendus valmis"},{"$i":"updates","$v":"Värskendused"},{"$i":"systemUpdateLowBatteryThreshold","$v":["Uuenduse installimiseks peab teie aku tase olema vähemalt ",{"t":"idOrVar","v":"threshold"},"%."]},{"$i":"required","$v":"Nõutav"},{"$i":"uncompressingMessage","innerHTML":{"$o":"Lahtipakkimine … <span>Selleks võib kuluda mitu minutit.</span>"}},{"$i":"downloadWifiPrioritizedUsing2G","$v":"Kui Wi-Fi pole saadaval, laaditakse uuendused alla andmeühenduse kaudu. Andmeühenduse kasutamisega võivad kaasneda blokeeritud kõned ning lisatasud."},{"$i":"downloadWifiPrioritized3","$v":"Kui Wi-Fi pole saadaval, laaditakse uuendused alla andmeühenduse kaudu. Andmeühenduse kasutamisega võivad kaasneda lisatasud."},{"$i":"downloadNoWifiWarning","$v":"Wi-Fi pole saadaval. Praeguse ühenduse uuendamisega võivad kaasneda lisatasud."},{"$i":"downloadOfflineWarning2","$v":"Ühenda võrguga värskenduste allalaadimiseks."},{"$i":"downloadUpdatesViaDataConnection","$v":"Kas laadida värskendused andmeside kaudu alla?"},{"$i":"downloadUpdatesVia2GForbidden3","$v":"Värskenduste allalaadimine pole aeglaste ühendustega (2G) võimalik. Looge ühendus Wi-Fi või 3G kaudu (kui võimalik) ja proovige uuesti."},{"$i":"downloadUpdatesViaDataConnectionMessage3","$v":"Andmeühenduse kasutamisega võivad kaasneda lisatasud. Kas soovite jätkata?"},{"$i":"downloadUpdatesViaDataRoamingConnection","$v":"Kas laadida värskendused andmerändluse kaudu alla?"},{"$i":"downloadUpdatesViaDataRoamingConnectionMessage","$v":"Rändlus on aktiivne ja sellega võivad kaasneda lisatasud. Kas soovite jätkata?"},{"$i":"screenshotSaved","$v":"Kuvatõmmis salv. galeriisse"},{"$i":"screenshotFailed","$v":"Ekraanitõmmist ei õnnestunud salvestada"},{"$i":"screenshotNoSDCard","$v":"Mälukaarti ei leitud"},{"$i":"screenshotSDCardInUse","$v":"Mälukaart on kasutusel"},{"$i":"screenshotSDCardLow","$v":"Mälukaardil pole piisavalt ruumi"},{"$i":"emergency-call-button","$v":"Hädaabikõne"},{"$i":"emergency-call","$v":"Hädaolukord"},{"$i":"unlock-a11y-button","ariaLabel":"Ava lukust"},{"$i":"camera-a11y-button","ariaLabel":"Kaamera"},{"$i":"longDateFormat","$v":"%a, %d. %B %Y"},{"$i":"clockDateFormat","$v":"%a, %e %b"},{"$i":"panel-passcode","ariaLabel":"Pääsukoodi paneel"},{"$i":"open-notification","$v":"ava"},{"$i":"unlock","$v":"Ava lukust"},{"$i":"login","$v":"Logi sisse"},{"$i":"sign-in-to-website","$v":"Logi veebisaiti sisse"},{"$i":"username","$v":"Kasutajanimi"},{"$i":"password","$v":"Parool"},{"$i":"show-password","$v":"Kuva parool"},{"$i":"http-authentication-message2","$v":["Veebileht ",{"t":"idOrVar","v":"host"}," nõuab sisselogimist."]},{"$i":"error-message","$v":[{"t":"idOrVar","v":"name"}," ei laadi korralikult"]},{"$i":"error-title","$v":["Rakendusel ",{"t":"idOrVar","v":"name"}," on probleeme"]},{"$i":"unable-to-connect","$v":"Ei saa ühendada"},{"$i":"tap-to-check-settings","$v":"Sead. kont.-ks puudutage"},{"$i":"set","$v":"Määra"},{"$i":"delete-title","$v":["Kustuta ",{"t":"idOrVar","v":"name"}]},{"$i":"delete-body","$v":[{"t":"idOrVar","v":"name"}," ja kõik selle andmed kustutatakse."]},{"$i":"delete","$v":"Desinstallimine"},{"$i":"delete-desc","$v":"Kas soovite selle kindlasti desinstallida?"},{"$i":"unrecoverable-error-title","$v":"Eemalda rakendus"},{"$i":"unrecoverable-error-body","$v":"Rakendust ei saa parandamatu vea tõttu installida. Proovige uuesti alla laadida. Rakendus eemaldatakse."},{"$i":"unrecoverable-error-action","$v":"OK"},{"$i":"instant-settings","$v":"kiirsätted"},{"$i":"settings","$v":"Seaded"},{"$i":"flashlight","$v":"Taskulamp"},{"$i":"brightness","$v":"Heledus"},{"$i":"volume","$v":"Helitugevus"},{"$i":"calculator","$v":"Kalkulaator"},{"$i":"airplane-mode","$v":"Lennurežiim"},{"$i":"wifi","$v":"Wi-Fi"},{"$i":"bluetooth","$v":"Bluetooth"},{"$i":"cellular-data","$v":"Mobiilne andmeside"},{"$i":"on","$v":"Sees"},{"$i":"off","$v":"Väljas"},{"$i":"percentage-number","$v":[{"t":"idOrVar","v":"number"},"%"]},{"$i":"select-time","$v":"Valige aeg"},{"$i":"select-date","$v":"Valige kuupäev"},{"$i":"tcl-select-day","$v":"Valige päev"},{"$i":"tcl-add","$v":"Lisa"},{"$i":"battery-almost-empty-plug-in-your-charger","$v":"Teie aku hakkab tühjaks saama. Laadige akut."},{"$i":"battery-temperature-warning-header","$v":"Hoiatus!"},{"$i":"battery-temperature-high","$v":"Temperatuur on liiga kõrge. Temperatuuri edasisel tõusmisel lülitub telefon välja."},{"$i":"battery-temperature-high-stop-charging","$v":"Temperatuur on liiga kõrge. Akut ei laeta. Temperatuuri edasisel tõusmisel lülitub telefon välja."},{"$i":"battery-temperature-low","$v":"Temperatuur on liiga madal. Temperatuuri edasisel langemisel lülitub telefon välja."},{"$i":"battery-temperature-low-stop-charging","$v":"Temperatuur on liiga madal. Akut ei laeta. Temperatuuri edasisel langemisel lülitub telefon välja."},{"$i":"crash-dialog2-os","$v":[{"t":"idOrVar","v":"brandShortName"}," taastus äsja krahhist"]},{"$i":"crash-dialog-app","$v":[{"t":"idOrVar","v":"name"}," jooksis äsja kokku"]},{"$i":"crash-dialog-app-noname","$v":"Miski"},{"$i":"crash-dialog-message","$v":"Kas soovite saata KaiOS-ile krahhi kohta aruande, et aidata meil probleemi lahendada? (Aruanded saadetakse ainult Wi-Fi kaudu.)"},{"$i":"crash-info-link","$v":"Mida sisal. krahhiaruan.?"},{"$i":"crash-always-report","$v":"Saada krahhi korral alati KaiOSile aruanne."},{"$i":"crash-dont-send","$v":"Ära saada"},{"$i":"crash-end","$v":"Saada aruanne"},{"$i":"crashReports","$v":"Krahhiaruanded"},{"$i":"done","$v":"Valmis"},{"$i":"crash-reports-description-1","$v":"Krahhiaruanne sisaldab mõningaid üksikasju krahhi ja seadme kohta. Samuti ka momentvõtet seadme olekust krahhi toimumise momendil."},{"$i":"crash-reports-description-2","$v":"See võib tähendada näiteks avatud lehti ja rakendusi, vormi kirjutatud teksti ja avatud sõnumite sisu, hiljutist sirvimisajalugu või avatud rakenduse kasutatud geolokatsiooni."},{"$i":"crash-reports-description-3-start","$v":"Me kasutame krahhiaruandeid, et lahendada probleeme ja parendada tooteid. Me käsitleme teie teavet nii, nagu oleme seda kirjeldanud meie "},{"$i":"crash-reports-description-3-privacy","$v":"privaatsuspõhim"},{"$i":"crash-reports-description-3-end","$v":"."},{"$i":"crash-banner-os2","$v":[{"t":"idOrVar","v":"brandShortName"}," jooksis äsja kokku."]},{"$i":"crash-banner-app","$v":[{"t":"idOrVar","v":"name"}," jooksis äsja kokku."]},{"$i":"crash-banner-report","$v":"Aruanne"},{"$i":"bluetooth-sending-progress","$v":"Faili saatmine Bluetoothi ​​kaudu"},{"$i":"bluetooth-receiving-progress","$v":"Faili vastuv. Bluetoothi ​​kaudu"},{"$i":"acceptFileTransfer","$v":"Edastamispäring"},{"$i":"requestToReceive","$v":[{"t":"idOrVar","v":"deviceName"}," soovib edastada faili/faile. Kas soovite vastu võtta?"]},{"$i":"wantToReceiveFile","$v":[{"t":"idOrVar","v":"deviceName"}," soovib üle kanda faili ",{"t":"idOrVar","v":"fileName"}," (",{"t":"idOrVar","v":"fileSize"},")."]},{"$i":"transfer-confirmation-title","$v":[{"t":"idOrVar","v":"deviceName"}]},{"$i":"transfer-confirmation-description","$v":"Vt üleandmistaotlust."},{"$i":"byteUnit-B","$v":"Baiti"},{"$i":"byteUnit-KB","$v":"KB"},{"$i":"byteUnit-MB","$v":"MB"},{"$i":"byteUnit-GB","$v":"GB"},{"$i":"byteUnit-TB","$v":"TB"},{"$i":"byteUnit-PB","$v":"PB"},{"$i":"byteUnit-EB","$v":"EB"},{"$i":"byteUnit-ZB","$v":"ZB"},{"$i":"byteUnit-YB","$v":"YB"},{"$i":"fileSize","$v":[{"t":"idOrVar","v":"size"}," ",{"t":"idOrVar","v":"unit"}]},{"$i":"deny","$v":"Keela"},{"$i":"transfer","$v":"Teisaldamine"},{"$i":"accept","$v":"Nõustu"},{"$i":"stop","$v":"Peata"},{"$i":"cancelFileTransfer","$v":"Tühist. Bluetooth-failiedastus?"},{"$i":"continueFileTransfer","$v":"Jätka"},{"$i":"transfer-has-started-title","$v":"Failiedastus on valmis algama"},{"$i":"transfer-has-started-description","$v":"Kinnituse ootamine"},{"$i":"transfer-has-started-toast","$v":"Failiedastus algas. Vaadake edenemist jaotisest Teated"},{"$i":"transferFinished-sentSuccessful-title","$v":"Fail on saadetud"},{"$i":"transferFinished-receivedSuccessful-title","$v":"Fail on vastu võetud"},{"$i":"transferFinished-failed-title","$v":"Failiedastus nurjus"},{"$i":"transferFinished-try-again-description","$v":"Faili ei saa praegu saata. Proovige hiljem uuesti."},{"$i":"transferReport-title","$v":"Edastusaruanne:"},{"$i":"transferReport-description","$v":[{"t":"idOrVar","v":"numSuccessful"}," fail(i) õnnestus, ",{"t":"idOrVar","v":"numUnsuccessful"}," fail(i) ebaõnnestus"]},{"$i":"unknown-file","$v":"Tundmatu fail"},{"$i":"unknown-device","$v":"Tundmatu seade"},{"$i":"cannotOpenFile","$v":"Vastuvõetud faili ei saa avada"},{"$i":"unknownMediaTypeToOpenFile","$v":["Tundmatut meediumi tüüpi ei saa avada: ",{"t":"idOrVar","v":"fileName"}]},{"$i":"cannotReceiveFile","$v":"Faili ei saa vastu võtta"},{"$i":"cannotGetStorageState","$v":"Seadme mälu olekut ei saa hankida."},{"$i":"sdcard-not-exist2","$v":"Mälukaarti ei leitud. Sisestage mälukaart."},{"$i":"sdcard-in-use","$v":"Bluetoothi ei saa kasutada, kui telefon on ühendatud. Katkestage faili(de) vastuvõtmiseks telefoni ühendus."},{"$i":"sdcard-no-space2","$v":"Edastust ei saa lõpule viia: mälukaart on täis."},{"$i":"unknown-error","$v":"Tundmatu viga"},{"$i":"confirm","$v":"Kinnita"},{"$i":"stopTransferTitle","$v":"Peatage failiedastus"},{"$i":"stopTransferContent","$v":"Kas soovite peatada failide edastamise Bluetoothi kaudu?"},{"$i":"storage","$v":"Mälu"},{"$i":"sdcard-detected-title","$v":"Tuvastatud on SD-kaart"},{"$i":"no-sdcard-title","$v":"SD-kaart puudub"},{"$i":"sdcard-total-size-body","$v":["Kogusuur: ",{"t":"idOrVar","v":"size"}," ",{"t":"idOrVar","v":"unit"}]},{"$i":"sdcard-unknown-size-then-tap-to-format-body","$v":"Tundmatu suurus, vormindamiseks puudutage"},{"$i":"sdcard-removed-title","$v":"SD-kaart on eemaldatud"},{"$i":"sdcard-removed-ejected-successfully","$v":"Edukalt väljutatud"},{"$i":"sdcard-removed-not-ejected-properly","$v":"Pole õigesti väljastatud"},{"$i":"set-sdcard-as-default-media-location","$v":"Tuvast. SD-kaart. Määrata see vaikekandja asukohaks?"},{"$i":"no-sdcard-content","$v":"Sisestage SD-kaart, et saada rohkem mäluruumi."},{"$i":"sim-confirmation-content","$v":["M-andmes. on määratud SIM-ile",{"t":"idOrVar","v":"n"},"."]},{"$i":"sim-confirmation-title","$v":"SIM-kaardid muud."},{"$i":"sim-confirmation-notice-title","$v":"SIM-kaardid muud."},{"$i":"sim-confirmation-notice","$v":"Valige andmete kuvam."},{"$i":"sim-hot-plug","$v":"Telefon taaskäivitatakse"},{"$i":"sim-hot-plug-empty","$v":"Telefon taaskäivitatakse, kuna SIM-kaardid tõmmati välja."},{"$i":"sim-hot-plug-empty-confirm","$v":"Veenduge, et SIM-kaart oleks täielikult välja tõmmatud, seejärel vajutage taaskäivitamiseks nuppu OK."},{"$i":"noSimCard","$v":"SIM-kaarti pole"},{"$i":"lockedSim","$v":"Lukustatud SIM"},{"$i":"noService","$v":"Teenus puudub"},{"$i":"eccOnly","$v":"Emergency calls only"},{"$i":"nocard-eccOnly","$v":"No SIM card-Emergency calls only"},{"$i":"unusablecard-eccOnly","$v":"Unusable SIM card-Emergency calls only"},{"$i":"searching","$v":"Searching"},{"$i":"simPin","$v":"SIM-i PIN"},{"$i":"pukCode","$v":"PUK-kood"},{"$i":"nckCode","$v":"NCK-kood"},{"$i":"cckCode","$v":"CCK-kood"},{"$i":"spckCode","$v":"SPCK-kood"},{"$i":"nck1code","$v":"NCK1-kood"},{"$i":"nck2code","$v":"NCK2-kood"},{"$i":"hnckcode","$v":"HNCK kood"},{"$i":"rcckcode","$v":"RCCK kood"},{"$i":"rspckcode","$v":"RSPCK kood"},{"$i":"ncklockContent","$v":["Pesa",{"t":"idOrVar","v":"n"}," on nck võrgulukus."]},{"$i":"whatIsSimPin","$v":"Mis on SIM-i PIN?"},{"$i":"simPinIntro1","$v":"SIM-i PIN-kood takistab juurdepääsu SIM-kaardi mobiilsidevõrkudele. Kui see on lubatud, küsib iga SIM-kaarti sisaldav seade taaskäivitamise ajal PIN-koodi."},{"$i":"simPinIntro2","$v":"SIM-i PIN-kood pole sama mis seadme avamiseks kasutatav pääsukood."},{"$i":"changeSimPin","$v":"Muuda PIN-koodi"},{"$i":"pinTitle","$v":"Sisestage SIM-kaardi PIN-kood"},{"$i":"multiSIMpinTitle","$v":["Sisestage SIM",{"t":"idOrVar","v":"n"},"-kaardi PIN-kood"]},{"$i":"multiSIMpukTitle","$v":["PUK",{"t":"idOrVar","v":"n"}," PIN-koodi sisestamine"]},{"$i":"multiSIMnckTitle","$v":["NCK",{"t":"idOrVar","v":"n"}," PIN-koodi sisestamine"]},{"$i":"multiSIMxckTitle","$v":["Sisesta SIM",{"t":"idOrVar","v":"n"}," ",{"t":"idOrVar","v":"type"}]},{"$i":"xckTitle","$v":["Sisestage ",{"t":"idOrVar","v":"type"},"-kood"]},{"$i":"xckCode","$v":[{"t":"idOrVar","v":"type"},"-kood"]},{"$i":"xckBlocked","$v":[{"t":"idOrVar","v":"type"}," blokeeritud"]},{"$i":"pukTitle","$v":"Sisestage PUK-kood"},{"$i":"nckTitle","$v":"Sisestage NCK-kood"},{"$i":"cckTitle","$v":"Sisestage CCK-kood"},{"$i":"spckTitle","$v":"Sisestage SPCK-kood"},{"$i":"nck1Title","$v":"Sisestage NCK1-kood"},{"$i":"nck2Title","$v":"Sisestage NCK2-kood"},{"$i":"hnckTitle","$v":"Sisestage HNCK-kood"},{"$i":"rcckTitle","$v":"Sisestage RCCK-kood"},{"$i":"rspckTitle","$v":"Sisestage RSPCK-kood"},{"$i":"newpinTitle","$v":"Uus PIN-kood"},{"$i":"inputCodeRetriesLeft","$v":{"few":[{"t":"idOrVar","v":"n"}," katset järel."],"many":[{"t":"idOrVar","v":"n"}," katset järel."],"one":"1 katse järel.","other":[{"t":"idOrVar","v":"n"}," katset järel."],"two":[{"t":"idOrVar","v":"n"}," katset järel."]},"$x":[{"t":"idOrVar","v":"plural"},"n"]},{"$i":"pinErrorMsg","$v":"Vale PIN."},{"$i":"pinAttemptMsg2","$v":{"few":["Teile on jäänud ",{"t":"idOrVar","v":"n"}," katset sisestada õige kood enne SIM-kaardi lukustumist."],"many":["Teile on jäänud ",{"t":"idOrVar","v":"n"}," katset sisestada õige kood enne SIM-kaardi lukustumist."],"one":"Teile on jäänud üks katse sisestada õige kood enne SIM-kaardi lukustumist.","other":["Teile on jäänud ",{"t":"idOrVar","v":"n"}," katset sisestada õige kood enne SIM-kaardi lukustumist."],"two":["Teile on jäänud ",{"t":"idOrVar","v":"n"}," katset sisestada õige kood enne SIM-kaardi lukustumist."]},"$x":[{"t":"idOrVar","v":"plural"},"n"]},{"$i":"pinLastChanceMsg","$v":"See on teie viimane võimalus sisestada õige PIN-kood. Muidu peate selle SIM-kaardi kasutamiseks sisestama PUK-koodi."},{"$i":"simCardLockedMsg","$v":"SIM-kaart on lukus."},{"$i":"enterPukMsg","$v":"Peate sisestama SIM-kaardi PUK-koodi. Lisateavet saate oma SIM-kaardi dokumentatsioonist või pöördudes oma operaatori poole."},{"$i":"pukErrorMsg","$v":"Vale PUK."},{"$i":"pukAttemptMsg2","$v":{"few":["Teile on jäänud ",{"t":"idOrVar","v":"n"}," katset sisestada õige kood enne SIM-kaardi muutumist jäädavalt kasutamiskõlbmatuks. Lisateavet saate oma SIM-kaardi dokumentatsioonist või pöördudes oma operaatori poole."],"many":["Teile on jäänud ",{"t":"idOrVar","v":"n"}," katset sisestada õige kood enne SIM-kaardi muutumist jäädavalt kasutamiskõlbmatuks. Lisateavet saate oma SIM-kaardi dokumentatsioonist või pöördudes oma operaatori poole."],"one":"Teile on jäänud üks katse sisestada õige kood enne SIM-kaardi muutumist jäädavalt kasutamiskõlbmatuks. Lisateavet saate oma SIM-kaardi dokumentatsioonist või pöördudes oma operaatori poole.","other":["Teile on jäänud ",{"t":"idOrVar","v":"n"}," katset sisestada õige kood enne SIM-kaardi muutumist jäädavalt kasutamiskõlbmatuks. Lisateavet saate oma SIM-kaardi dokumentatsioonist või pöördudes oma operaatori poole."],"two":["Teile on jäänud ",{"t":"idOrVar","v":"n"}," katset sisestada õige kood enne SIM-kaardi muutumist jäädavalt kasutamiskõlbmatuks. Lisateavet saate oma SIM-kaardi dokumentatsioonist või pöördudes oma operaatori poole."]},"$x":[{"t":"idOrVar","v":"plural"},"n"]},{"$i":"pukLastChanceMsg","$v":"Viimane võimalus sisestada õige PUK-kood. Kui sisestasite vale PUK-koodi, jääb teie SIM-kaart püsivalt kasutuskõlbmatuks. Lugege lisateavet oma SIM-kaardi dokumentatsioonist või pöörduge oma operaatori poole.."},{"$i":"cardPermanentlyLockMsg-head","$v":"Vale PUK-kood."},{"$i":"cardPermanentlyLockMsg-body","$v":"Teie SIM-kaart on jäädavalt lukustatud. Lisateabe saamiseks võtke ühendust oma operaatoriga."},{"$i":"newSimPinMsg","$v":"Looge PIN-kood (peab olema 4–8-kohaline)"},{"$i":"confirmNewSimPinMsg","$v":"Kinnitage uus PIN-kood"},{"$i":"newPinErrorMsg","$v":"PIN-koodid ei ühti."},{"$i":"nckErrorMsg","$v":"NCK-kood on vale."},{"$i":"nckAttemptMsg2","$v":{"few":["Võrgu depersonal. päringu ebaõnnestumine. Õige koodi sisestamiseks on ",{"t":"idOrVar","v":"n"}," katset. Lugege lisateavet seadme dokumentatsioonist või pöörduge operaatori poole."],"many":["Võrgu depersonal. päringu ebaõnnestumine. Õige koodi sisestamiseks on ",{"t":"idOrVar","v":"n"}," katset. Lugege lisateavet seadme dokumentatsioonist või pöörduge operaatori poole."],"one":"Võrgu depersonal. päringu ebaõnnestumine. Õige koodi sisestamiseks on üks katse. Lugege lisateavet seadme dokumentatsioonist või pöörduge operaatori poole.","other":["Võrgu depersonal. päringu ebaõnnestumine. Õige koodi sisestamiseks on ",{"t":"idOrVar","v":"n"}," katset. Lugege lisateavet seadme dokumentatsioonist või pöörduge operaatori poole."],"two":["Võrgu depersonal. päringu ebaõnnestumine. Õige koodi sisestamiseks on ",{"t":"idOrVar","v":"n"}," katset. Lugege lisateavet seadme dokumentatsioonist või pöörduge operaatori poole."]},"$x":[{"t":"idOrVar","v":"plural"},"n"]},{"$i":"nckLastChanceMsg","$v":"Võrgu depersonalisatsiooni päringu ebaõnnestumine. Viimane võimalus sisestada õige NCK-kood. Lugege lisateavet oma seadme dokumentatsioonist või pöörduge oma operaatori poole."},{"$i":"sim-attention-header","$v":"SIM lukus"},{"$i":"multiSIM-attention-header","$v":["SIM",{"t":"idOrVar","v":"n"}," on lukustatud"]},{"$i":"sim-attention-head","$v":"SIM-kaart on lukus."},{"$i":"sim-attention-body","$v":"Kas soovite SIM-kaardi avamiseks sisestada PUK-koodi?"},{"$i":"enter-puk-rsk","$v":"Sisestage PUK"},{"$i":"verify-rsk","$v":"Valmis"},{"$i":"activity-pick","$v":"Valige asukoht"},{"$i":"activity-view","$v":"Kuva koos"},{"$i":"activity-test","$v":"Testi koos"},{"$i":"activity-share","$v":"Jaga"},{"$i":"activity-new","$v":"Looge rakendusega"},{"$i":"activity-open","$v":"Ava rakendusega"},{"$i":"activity-save-bookmark","$v":"Märgi järjehoidjaga"},{"$i":"activity-record","$v":"Salvesta alates"},{"$i":"activity-browse","$v":"Sirvi rakendusega"},{"$i":"activity-configure","$v":"Konfigureeri üksusega"},{"$i":"activity-dial","$v":"Valige seadmelt"},{"$i":"remoteDebuggerMessage","$v":"Tuvastati sissetulev taotlus silumise kaugühenduse lubamiseks. Kas lubada ühendus?"},{"$i":"captive-wifi-available","$v":["Leiti võrk nimega ",{"t":"idOrVar","v":"networkName"},". Kas võrguga ühineda?"]},{"$i":"ceWarningtitle","$v":"Helitugevuse hoiatus"},{"$i":"ceWarningcontent","$v":"Võimaliku kuulmiskahjustuse vältimiseks ärge kuulake pikka aega liiga valju heli."},{"$i":"is-volume-type-notification","$v":"Helinad ja märguanded"},{"$i":"is-volume-type-telephony","$v":"Helitugevus"},{"$i":"is-volume-type-alarm","$v":"Äratus"},{"$i":"is-volume-type-content","$v":"Meediumid"},{"$i":"tcl-volume-type-notification","$v":"Helinad ja märguanded"},{"$i":"tcl-volume-type-telephony","$v":"Helitugevus"},{"$i":"volume-type-alarm","$v":"Äratus"},{"$i":"volume-type-content","$v":"Meediumid"},{"$i":"vibrate-only","$v":"Märku andmine ainult värinaga"},{"$i":"silent","$v":"Hääletu"},{"$i":"vibrate-on","$v":"Värin: sees"},{"$i":"vibrate-off","$v":"Värin: väljas"},{"$i":"vibrate","$v":"Värin"},{"$i":"tcl-volume","$v":["Helitugevus:",{"t":"idOrVar","v":"n"},"/",{"t":"idOrVar","v":"c"}]},{"$i":"notification-powersaving-mode-on-title","$v":"Energiasäästurežiim"},{"$i":"notification-powersaving-mode-on-description","$v":"Toitesäästurežiim on sisse lülitatud."},{"$i":"low-device-storage","$v":"Seadm. ruumi väh."},{"$i":"storage-alert","$v":"Hoidla hoiatus"},{"$i":"phone-almost-full","$v":"Telefoni mälu on peaaegu täis."},{"$i":"free-space","$v":{"few":["Vähem kui ",{"t":"idOrVar","v":"value"},{"t":"idOrVar","v":"unit"}," jäänud."],"many":["Vähem kui ",{"t":"idOrVar","v":"value"},{"t":"idOrVar","v":"unit"}," jäänud."],"one":["Vähem kui ",{"t":"idOrVar","v":"value"},{"t":"idOrVar","v":"unit"}," jäänud."],"other":["Vähem kui ",{"t":"idOrVar","v":"value"},{"t":"idOrVar","v":"unit"}," jäänud."],"two":["Vähem kui ",{"t":"idOrVar","v":"value"},{"t":"idOrVar","v":"unit"}," jäänud."],"zero":"Vaba ruumi pole enam."},"$x":[{"t":"idOrVar","v":"plural"},"value"]},{"$i":"unknown-free-space","$v":"Teadmata vaba ruumi maht."},{"$i":"can-delete-data-to-get-space","$v":"Ruumi vabastamiseks kustutage meediumifaile või hallake rakenduse andmeid."},{"$i":"should-delete-data-to-get-space","$v":"Enne seadme kasutamise jätkamist peate mäluruumi vabastamiseks meediumifaile kustutama või haldama rakenduse andmeid."},{"$i":"storage-full-level-1-title","$v":"Telefon peaaegu täis"},{"$i":"storage-full-level-2-title","$v":"Telefoni salvestusruum on täis."},{"$i":"delete-to-get-space","$v":"Mäluruumi vabastamiseks kustutage meediumifaile, rakenduse andmeid või allalaaditud rakendusi."},{"$i":"delete-to-get-space-level-2","$v":"Mäluruumi vabastamiseks kustutage meediumifaile, rakenduse andmeid või allalaaditud rakendusi. Muidu ei pruugi telefon korralikult töötada."},{"$i":"system-alert","$v":"Süsteemi märguanne"},{"$i":"cb-channel","$v":["Kanal ",{"t":"idOrVar","v":"channel"}]},{"$i":"cell-broadcast-subtitle","$v":"Kärjeringhääling"},{"$i":"cb-etws-warningType-earthquake","$v":"Maavärinahoiatus!"},{"$i":"cb-etws-warningType-tsunami","$v":"Tsunamihoiatus!"},{"$i":"cb-etws-warningType-earthquake-tsunami","$v":"Maavärina-tsunami hoiatus!"},{"$i":"cb-etws-warningType-test","$v":"Märguannete süsteemi testitakse."},{"$i":"cb-etws-warningType-other","$v":"Hädaabihoiatus!"},{"$i":"icc-message-maintitle","$v":"Operaatori sõnum"},{"$i":"icc-message-subtitle","$v":"SIM-KAART"},{"$i":"icc-confirmCall-defaultmessage","$v":["Kas helistada ",{"t":"idOrVar","v":"number"},"?"]},{"$i":"icc-alertMessage-defaultmessage","$v":"Sõnumi saatmine"},{"$i":"icc-confirmMessage-defaultmessage","$v":"Kas saata sõnum?"},{"$i":"icc-notification-title","$v":["SIM-i ",{"t":"idOrVar","v":"id"}," STK"]},{"$i":"icc-inputbox-maintitle","$v":"STK-päring"},{"$i":"icc-inputbox-subtitle","$v":["SIM ",{"t":"idOrVar","v":"id"}]},{"$i":"emergency-callback-mode","$v":"Hädaolukorras tagasihelistamise režiim"},{"$i":"emergency-callback-message","$v":"Te ei saa helistada, sõnumeid saata ega võrku minna, kuna hädaabi tagasihelistamise režiim on sisse lülitatud. Kas soovite selle välja lülitada?"},{"$i":"cdma-record-info","$v":"CDMA kirje teave"},{"$i":"download_started","$v":"Allalaadimine on alanud"},{"$i":"download_stopped","$v":"Allalaadimine on peatatud"},{"$i":"download_downloading","$v":[{"t":"idOrVar","v":"percentage"},"%"]},{"$i":"download_succeeded","$v":"Allalaadimine on lõppenud"},{"$i":"download_failed","$v":"Allalaadimine nurjus"},{"$i":"update_succeeded","$v":"Värskendamine on lõppenud"},{"$i":"download_text_by_default","$v":[{"t":"idOrVar","v":"name"}]},{"$i":"phone-storage-full-title","$v":"Telefoni salvestusruum on täis"},{"$i":"phone-storage-full-warning","$v":"Faili ei saa alla laadida. Kustutage mäluruumi vabastamiseks meediumifaile või rakenduse andmeid. Või sisestage mäluruumi laiendamiseks SD-kaart."},{"$i":"sdcard-storage-full-title","$v":"SD-kaart on täis."},{"$i":"sdcard-storage-full-warning","$v":"Faili ei saa alla laadida. Kustutage mäluruumi vabastamiseks SD-kaardilt faile."},{"$i":"opt-settings","$v":"Seaded"},{"$i":"search-the-web","$v":"Otsing veebist"},{"$i":"search-or-enter-address","$v":"Aadressi ots./sisest.","placeholder":"Aadressi ots./sisest."},{"$i":"search-or-enter-url","$v":"URLi ots./sisest.","placeholder":"URLi ots./sisest."},{"$i":"back-button","ariaLabel":"Tagasi"},{"$i":"forward-button","ariaLabel":"Suuna"},{"$i":"reload-button","ariaLabel":"Laadi uuesti"},{"$i":"stop-button","ariaLabel":"Peata"},{"$i":"windows-button","ariaLabel":"Kuva aknad"},{"$i":"noHotspotWhenAPMisOnWifiHotspot","$v":"Wi-Fi pääsupunkti kasut. lülit. lennurež. välja."},{"$i":"apmActivated","$v":"Lennurežiim on aktiveeritud"},{"$i":"save-image","$v":"Salvesta pilt"},{"$i":"save-video","$v":"Salvesta video"},{"$i":"save-audio","$v":"Salvesta heli"},{"$i":"share-image","$v":"Jaga pilti"},{"$i":"share-video","$v":"Jaga videot"},{"$i":"share-audio","$v":"Jaga heli"},{"$i":"tcl-cancelButtonId","$v":"Tühista"},{"$i":"tcl-not-send","$v":"Ära saada"},{"$i":"tcl-send-report","$v":"Saada aruanne"},{"$i":"refresh","$v":"Värskenda"},{"$i":"goBack","$v":"Mine tagasi"},{"$i":"goForward","$v":"Mine edasi"},{"$i":"goToTopSites","$v":"Ava parimad saidid"},{"$i":"pinToTopSites","$v":"Kinnitage parimate saitide hulka"},{"$i":"pinToAllApps","$v":"Kinnita jaotisse Kõik rakendused"},{"$i":"pinToAppsMenu","$v":"Kinnita menüüsse Rakendused"},{"$i":"viewMessages","$v":"Kuva sõnumid"},{"$i":"downloadImage","$v":"Laadi pilt alla"},{"$i":"quit","$v":"Välju"},{"$i":"minimizeBrowser","$v":"Minimeeri brauser"},{"$i":"pinSiteCompletely","$v":"Veebisait on lisatud popul. saitide hulka."},{"$i":"siteWasPinnedBefore","$v":"Veebisait oli varem popul. saitide hulgas."},{"$i":"pinnedSitesOverLimit","$v":"Olete saavutanud maksimaalse kinnitatud veebisaitide arvu."},{"$i":"pressBackAgainToQuitBrowser","$v":"Braus. välj. vaj. uuesti TAGASI."},{"$i":"pressBackAgainToMinimizeBrowser","$v":"Brauseri minimeerimiseks vajutage nuppu TAGASI."},{"$i":"pinSiteToAllAppsCompletely","$v":"See veebisait kinnitati jaotisse Kõik rakendused."},{"$i":"pinSiteToAppsMenuCompletely","$v":"See veebisait kinnitati menüüsse Rakendused."},{"$i":"siteWasPinnedToAllAppsBefore","$v":"See veebisait kinnitati juba jaotisse Kõik rakendused."},{"$i":"siteWasPinnedToAppsMenuBefore","$v":"See veebisait kinnitati juba menüüsse Rakendused."},{"$i":"ext-bluetooth-req","$v":"Sidumistaotlus"},{"$i":"ext-unknown","$v":"POLE TEADA"},{"$i":"ext-new-message","$v":"Uus sõnum"},{"$i":"ext-new-mail","$v":"Uus meil"},{"$i":"ext-calendar-event","$v":"Kalendrisündmus"},{"$i":"ext-new-notification","$v":"Uued teated"},{"$i":"incoming","$v":"Sissetulev"},{"$i":"ext-volume-notification","$v":"Helinad ja teatised"},{"$i":"ext-volume-content","$v":"Meediumid"},{"$i":"ext-volume-alarm","$v":"Äratus"},{"$i":"ext-new-cmas","$v":"Hädaolukord"},{"$i":"phone-storage-full-body","$v":"Kõne salvestamine lõpetati. Kustutage mäluruumi vabastamiseks meediumifaile või rakenduse andmeid."},{"$i":"sd-card-full-title","$v":"SD-kaart on täis."},{"$i":"sd-card-full-body","$v":"Kõne salvestamine lõpetati. Kustutage mäluruumi vabastamiseks SD-kaardilt faile."},{"$i":"supl-notification-title","$v":"Asukohapäring"},{"$i":"supl-notification-message","$v":"Teie asukoht edastatakse operaatorile."},{"$i":"supl-verification-title","$v":"Asukohapäring"},{"$i":"supl-verification-message","$v":"Operaator küsib teie asukohta. Kas soovite operaatorile oma asukoha kohta teavet anda?"},{"$i":"supl-verification-message-for-notification","$v":"Kinnit. klõpsake siin"},{"$i":"supl-verification-confirm","$v":"Jah"},{"$i":"supl-verification-cancel","$v":"Ei"},{"$i":"supl-more-message","$v":["Sõnum: ",{"t":"idOrVar","v":"id"}," (",{"t":"idOrVar","v":"message"},")"]},{"$i":"confirmPbapMsg","$v":[{"t":"idOrVar","v":"deviceId"}," soovib ligipääsu teie kontaktidele ja kõneajaloole. Kas aktsepteerida?"]},{"$i":"confirmTitle","$v":"Bluetoothi taotlus"},{"$i":"initialValue","$v":"Sisestage seansi võti"},{"$i":"confirmMapMsg","$v":[{"t":"idOrVar","v":"deviceId"}," soovib juurdepääsu teie sõnumitele. Kas nõustute?"]},{"$i":"wifiCallErrorMsg","$v":["Wi-Fi-kõne viga: ",{"t":"idOrVar","v":"error"}]},{"$i":"wifiCallMissEccTitle","$v":[{"t":"idOrVar","v":"operator"}," WiFi Calling"]},{"$i":"wifiCallMissEccMsg","$v":"Emergency calls in areas with cellular coverage only"},{"$i":"battery-full-title","$v":"Aku on täis"},{"$i":"battery-full-body","$v":"Aku on täielikult laetud."},{"$i":"sim-config-title","$v":"Konfiguratsioon"},{"$i":"sim-config-content-init","$v":["Vajutage nuppu ALUSTA, et konfigureerida telefon operaatori ",{"t":"idOrVar","v":"carrier"}," jaoks."]},{"$i":"sim-config-content-change","$v":["Kas soovite seadistada oma telefoni operaatori ",{"t":"idOrVar","v":"carrier"}," jaoks?"]},{"$i":"sim-config-content-line1","$v":"Hästi tehtud!"},{"$i":"sim-config-content-restart","$v":"Muudatuste rakendamiseks taaskäivitage telefon."},{"$i":"sim-config-content-finish","$v":"Lõpetamiseks vajutage nuppu OK."},{"$i":"sim-config-content-failed","$v":["Operaatori ",{"t":"idOrVar","v":"carrier"}," profiili ei leitud."]},{"$i":"sim-config-button-restart","$v":"Taaskäivita"},{"$i":"sim-config-button-begin","$v":"Alusta"},{"$i":"open-wifi-available","$v":"Ava saadaval Wi-Fi-võrgud"},{"$i":"wifi-available","$v":"Saadaval Wi-Fi-võrgud"},{"$i":"wifi-no-internet-title","$v":"Wi-Fi-võrgul puudub Interneti-ühendus"},{"$i":"wifi-no-internet-body","$v":"Tap for options"},{"$i":"wifi-no-internet-header","$v":"Wi-Fi"},{"$i":"wifi-no-internet-content","$v":["Kasutajal ",{"t":"idOrVar","v":"name"}," puudub Interneti-ühendus, kas jääda ühendatuks?"]},{"$i":"ellipses_char","$v":"…"},{"$i":"fota-title-attention","$v":"Tähelepanu"},{"$i":"fota-upgrade-success","$v":["Püsivaratäiendus õnnestunud, seadmel on nüüd versioon ",{"t":"idOrVar","v":"target"},"."]},{"$i":"fota-upgrade-failed","$v":"Täiendus nurjus, eelmine vers. taastatud."},{"$i":"fota-title-software-update","$v":"Tarkvarauuendus"},{"$i":"fota-message-software-update-available","$v":"Tarkvarauuend. saadaval."},{"$i":"fota-message-software-download-failed","$v":"Tarkvarauuend. allalaad. nurjus."},{"$i":"fota-message-software-download-complete","$v":"Tarkvarauuend. allalaad. valmis."},{"$i":"network-issue-title","$v":"Võrgu viga"},{"$i":"network-issue-detail","$v":"Kontrollige ühendust."},{"$i":"device-issue-title","$v":"Installi viga"},{"$i":"device-issue-detail","$v":"Ilmnes tundmatu tõrge."},{"$i":"device-issue-update-title","$v":"Värskendamise tõrge"},{"$i":"install-generic-error","$v":"Allalaadimine peatati."},{"$i":"account-authenticator-invaild-grant-notice-title","$v":"Konto viga"},{"$i":"account-authenticator-invaild-grant-notice-text","$v":"Logi uuesti sisse"},{"$i":"account-authenticator-no-network-error","$v":"Interneti-ühendus puudub."},{"$i":"account-authenticator-access-denied-error","$v":"Ilmnes tundmatu viga."},{"$i":"qtn_els_alert_high_vol","$v":"Valju helitugevuse märguanne"},{"$i":"qtn_els_alert_in_call","$v":"Sissetulev kõne"},{"$i":"GetEmptyUssdPrompt","$v":"Saadud vastus oli tühi."},{"$i":"message-sent","$v":"Sõnum on saadetud."},{"$i":"send","$v":"Saada"},{"$i":"confirmation","$v":"Kinnitus"},{"$i":"feedback-dialogview-header","$v":"Tagasiside"},{"$i":"feedback-dialogview-message","$v":"Teie arvamus on ettevõttele HMD Global väga väärtuslik, seega öelge meile, mida oma uuest telefonist arvate. Kui soovite uuringust hiljem osa võtta, leiate selle valikust Seaded."},{"$i":"accessibility-enableScreenReaderSteps","$v":"To enable screen reader, press the volume up and then volume down buttons three more times"},{"$i":"accessibility-disableScreenReaderSteps","$v":"To disable screen reader, press the volume up and then volume down buttons three more times"},{"$i":"accessibility-screenReaderStarted","$v":"Screen reader started"},{"$i":"accessibility-screenReaderStopped","$v":"Screen reader stopped"},{"$i":"accessibility-menubar","$v":"menu bar"},{"$i":"accessibility-scrollbar","$v":"scroll bar"},{"$i":"accessibility-grip","$v":"grip"},{"$i":"accessibility-alert","$v":"alert"},{"$i":"accessibility-menupopup","$v":"menu popup"},{"$i":"accessibility-document","$v":"document"},{"$i":"accessibility-pane","$v":"pane"},{"$i":"accessibility-dialog","$v":"dialogue"},{"$i":"accessibility-separator","$v":"separator"},{"$i":"accessibility-toolbar","$v":"toolbar"},{"$i":"accessibility-statusbar","$v":"status bar"},{"$i":"accessibility-table","$v":"table"},{"$i":"accessibility-columnheader","$v":"column header"},{"$i":"accessibility-rowheader","$v":"row header"},{"$i":"accessibility-column","$v":"column"},{"$i":"accessibility-row","$v":"row"},{"$i":"accessibility-cell","$v":"cell"},{"$i":"accessibility-link","$v":"link"},{"$i":"accessibility-list","$v":"list"},{"$i":"accessibility-listitem","$v":"list item"},{"$i":"accessibility-outline","$v":"outline"},{"$i":"accessibility-outlineitem","$v":"outline item"},{"$i":"accessibility-pagetab","$v":"tab"},{"$i":"accessibility-propertypage","$v":"property page"},{"$i":"accessibility-graphic","$v":"graphic"},{"$i":"accessibility-pushbutton","$v":"button"},{"$i":"accessibility-checkbutton","$v":"check button"},{"$i":"accessibility-radiobutton","$v":"radio button"},{"$i":"accessibility-combobox","$v":"combo box"},{"$i":"accessibility-progressbar","$v":"progress bar"},{"$i":"accessibility-slider","$v":"slider"},{"$i":"accessibility-spinbutton","$v":"spin button"},{"$i":"accessibility-diagram","$v":"diagram"},{"$i":"accessibility-animation","$v":"animation"},{"$i":"accessibility-equation","$v":"equation"},{"$i":"accessibility-buttonmenu","$v":"button menu"},{"$i":"accessibility-whitespace","$v":"white space"},{"$i":"accessibility-pagetablist","$v":"tab list"},{"$i":"accessibility-canvas","$v":"canvas"},{"$i":"accessibility-checkmenuitem","$v":"kontrolli menüü üksust"},{"$i":"accessibility-label","$v":"label"},{"$i":"accessibility-passwordtext","$v":"password text"},{"$i":"accessibility-radiomenuitem","$v":"raadiomenüü üksus"},{"$i":"accessibility-textcontainer","$v":"text container"},{"$i":"accessibility-togglebutton","$v":"toggle button"},{"$i":"accessibility-treetable","$v":"tree table"},{"$i":"accessibility-header","$v":"header"},{"$i":"accessibility-footer","$v":"footer"},{"$i":"accessibility-paragraph","$v":"paragraph"},{"$i":"accessibility-entry","$v":"entry"},{"$i":"accessibility-caption","$v":"caption"},{"$i":"accessibility-heading","$v":"heading"},{"$i":"accessibility-section","$v":"section"},{"$i":"accessibility-form","$v":"form"},{"$i":"accessibility-comboboxlist","$v":"combo box list"},{"$i":"accessibility-comboboxoption","$v":"combo box option"},{"$i":"accessibility-imagemap","$v":"image map"},{"$i":"accessibility-listboxoption","$v":"option"},{"$i":"accessibility-listbox","$v":"list box"},{"$i":"accessibility-flatequation","$v":"flat equation"},{"$i":"accessibility-gridcell","$v":"gridcell"},{"$i":"accessibility-note","$v":"note"},{"$i":"accessibility-figure","$v":"figure"},{"$i":"accessibility-definitionlist","$v":"definition list"},{"$i":"accessibility-term","$v":"term"},{"$i":"accessibility-definition","$v":"definition"},{"$i":"accessibility-textarea","$v":"text area"},{"$i":"accessibility-textInputType_date","$v":"date"},{"$i":"accessibility-textInputType_email","$v":"e-mail"},{"$i":"accessibility-textInputType_search","$v":"search"},{"$i":"accessibility-textInputType_tel","$v":"telephone"},{"$i":"accessibility-textInputType_url","$v":"URL"},{"$i":"accessibility-headingLevel","$v":["heading level ",{"t":"idOrVar","v":"0"}]},{"$i":"accessibility-listStart","$v":"First item"},{"$i":"accessibility-listEnd","$v":"Last item"},{"$i":"accessibility-listItemsCount","$v":{"few":[{"t":"idOrVar","v":"count"}," items"],"many":[{"t":"idOrVar","v":"count"}," items"],"one":[{"t":"idOrVar","v":"count"}," item"],"other":[{"t":"idOrVar","v":"count"}," items"],"two":[{"t":"idOrVar","v":"count"}," items"],"zero":[{"t":"idOrVar","v":"count"}," items"]},"$x":[{"t":"idOrVar","v":"plural"},"count"]},{"$i":"accessibility-objItemOfN","$v":[{"t":"idOrVar","v":"0"}," of ",{"t":"idOrVar","v":"1"}]},{"$i":"accessibility-banner","$v":"banner"},{"$i":"accessibility-complementary","$v":"complementary"},{"$i":"accessibility-contentinfo","$v":"content info"},{"$i":"accessibility-main","$v":"main"},{"$i":"accessibility-navigation","$v":"navigation"},{"$i":"accessibility-search","$v":"search"},{"$i":"accessibility-tblColumnInfo","$v":{"few":["with ",{"t":"idOrVar","v":"count"}," columns"],"many":["with ",{"t":"idOrVar","v":"count"}," columns"],"one":["with ",{"t":"idOrVar","v":"count"}," column"],"other":["with ",{"t":"idOrVar","v":"count"}," columns"],"two":["with ",{"t":"idOrVar","v":"count"}," columns"],"zero":["with ",{"t":"idOrVar","v":"count"}," columns"]},"$x":[{"t":"idOrVar","v":"plural"},"count"]},{"$i":"accessibility-tblRowInfo","$v":{"few":["and ",{"t":"idOrVar","v":"count"}," rows"],"many":["and ",{"t":"idOrVar","v":"count"}," rows"],"one":["and ",{"t":"idOrVar","v":"count"}," row"],"other":["and ",{"t":"idOrVar","v":"count"}," rows"],"two":["and ",{"t":"idOrVar","v":"count"}," rows"],"zero":["and ",{"t":"idOrVar","v":"count"}," rows"]},"$x":[{"t":"idOrVar","v":"plural"},"count"]},{"$i":"accessibility-columnInfo","$v":["Column ",{"t":"idOrVar","v":"0"}]},{"$i":"accessibility-rowInfo","$v":["Row ",{"t":"idOrVar","v":"0"}]},{"$i":"accessibility-spansColumns","$v":{"few":["spans ",{"t":"idOrVar","v":"0"}," columns"],"many":["spans ",{"t":"idOrVar","v":"0"}," columns"],"one":["spans ",{"t":"idOrVar","v":"0"}," column"],"other":["spans ",{"t":"idOrVar","v":"0"}," columns"],"two":["spans ",{"t":"idOrVar","v":"0"}," columns"],"zero":["spans ",{"t":"idOrVar","v":"0"}," columns"]},"$x":[{"t":"idOrVar","v":"plural"},"0"]},{"$i":"accessibility-spansRows","$v":{"few":["spans ",{"t":"idOrVar","v":"0"}," rows"],"many":["spans ",{"t":"idOrVar","v":"0"}," rows"],"one":["spans ",{"t":"idOrVar","v":"0"}," row"],"other":["spans ",{"t":"idOrVar","v":"0"}," rows"],"two":["spans ",{"t":"idOrVar","v":"0"}," rows"],"zero":["spans ",{"t":"idOrVar","v":"0"}," rows"]},"$x":[{"t":"idOrVar","v":"plural"},"0"]},{"$i":"accessibility-jumpAction","$v":"jumped"},{"$i":"accessibility-pressAction","$v":"pressed"},{"$i":"accessibility-checkAction","$v":"checked"},{"$i":"accessibility-uncheckAction","$v":"unchecked"},{"$i":"accessibility-selectAction","$v":"selected"},{"$i":"accessibility-unselectAction","$v":"unselected"},{"$i":"accessibility-openAction","$v":"opened"},{"$i":"accessibility-closeAction","$v":"closed"},{"$i":"accessibility-switchAction","$v":"switched"},{"$i":"accessibility-clickAction","$v":"clicked"},{"$i":"accessibility-collapseAction","$v":"collapsed"},{"$i":"accessibility-expandAction","$v":"expanded"},{"$i":"accessibility-activateAction","$v":"activated"},{"$i":"accessibility-cycleAction","$v":"cycled"},{"$i":"accessibility-hidden","$v":"hidden"},{"$i":"accessibility-tabLoading","$v":"loading"},{"$i":"accessibility-tabLoaded","$v":"loaded"},{"$i":"accessibility-tabNew","$v":"new tab"},{"$i":"accessibility-tabLoadStopped","$v":"loading stopped"},{"$i":"accessibility-tabReload","$v":"reloading"},{"$i":"accessibility-stateChecked","$v":"checked"},{"$i":"accessibility-stateNotChecked","$v":"not checked"},{"$i":"accessibility-statePressed","$v":"pressed"},{"$i":"accessibility-stateExpanded","$v":"expanded"},{"$i":"accessibility-stateCollapsed","$v":"collapsed"},{"$i":"accessibility-stateUnavailable","$v":"unavailable"},{"$i":"accessibility-stateRequired","$v":"required"},{"$i":"accessibility-stateTraversed","$v":"visited"},{"$i":"accessibility-stateHasPopup","$v":"has pop up"},{"$i":"accessibility-stateSelected","$v":"selected"},{"$i":"accessibility-editingMode","$v":"editing"},{"$i":"accessibility-navigationMode","$v":"navigating"},{"$i":"accessibility-quicknav_Simple","$v":"Default"},{"$i":"accessibility-quicknav_Anchor","$v":"Anchors"},{"$i":"accessibility-quicknav_Button","$v":"Buttons"},{"$i":"accessibility-quicknav_Combobox","$v":"Combo boxes"},{"$i":"accessibility-quicknav_Landmark","$v":"Landmarks"},{"$i":"accessibility-quicknav_Entry","$v":"Entries"},{"$i":"accessibility-quicknav_FormElement","$v":"Form elements"},{"$i":"accessibility-quicknav_Graphic","$v":"Images"},{"$i":"accessibility-quicknav_Heading","$v":"Headings"},{"$i":"accessibility-quicknav_ListItem","$v":"List items"},{"$i":"accessibility-quicknav_Link","$v":"Links"},{"$i":"accessibility-quicknav_List","$v":"Lists"},{"$i":"accessibility-quicknav_PageTab","$v":"Page tabs"},{"$i":"accessibility-quicknav_RadioButton","$v":"Radio buttons"},{"$i":"accessibility-quicknav_Separator","$v":"Separators"},{"$i":"accessibility-quicknav_Table","$v":"Tables"},{"$i":"accessibility-quicknav_Checkbox","$v":"Check boxes"},{"$i":"accessibility-menubarAbbr","$v":"menu bar"},{"$i":"accessibility-scrollbarAbbr","$v":"scroll bar"},{"$i":"accessibility-gripAbbr","$v":"grip"},{"$i":"accessibility-alertAbbr","$v":"alert"},{"$i":"accessibility-menupopupAbbr","$v":"menu popup"},{"$i":"accessibility-documentAbbr","$v":"document"},{"$i":"accessibility-paneAbbr","$v":"pane"},{"$i":"accessibility-dialogAbbr","$v":"dialogue"},{"$i":"accessibility-separatorAbbr","$v":"separator"},{"$i":"accessibility-toolbarAbbr","$v":"toolbar"},{"$i":"accessibility-statusbarAbbr","$v":"status bar"},{"$i":"accessibility-tableAbbr","$v":"tbl"},{"$i":"accessibility-columnheaderAbbr","$v":"column header"},{"$i":"accessibility-rowheaderAbbr","$v":"row header"},{"$i":"accessibility-columnAbbr","$v":"column"},{"$i":"accessibility-rowAbbr","$v":"row"},{"$i":"accessibility-cellAbbr","$v":"cell"},{"$i":"accessibility-linkAbbr","$v":"lnk"},{"$i":"accessibility-listAbbr","$v":"list"},{"$i":"accessibility-listitemAbbr","$v":"list item"},{"$i":"accessibility-outlineAbbr","$v":"outline"},{"$i":"accessibility-outlineitemAbbr","$v":"outline item"},{"$i":"accessibility-pagetabAbbr","$v":"tab"},{"$i":"accessibility-propertypageAbbr","$v":"property page"},{"$i":"accessibility-graphicAbbr","$v":"graphic"},{"$i":"accessibility-pushbuttonAbbr","$v":"btn"},{"$i":"accessibility-checkbuttonAbbr","$v":"check button"},{"$i":"accessibility-radiobuttonAbbr","$v":"radio button"},{"$i":"accessibility-comboboxAbbr","$v":"combo box"},{"$i":"accessibility-progressbarAbbr","$v":"progress bar"},{"$i":"accessibility-sliderAbbr","$v":"slider"},{"$i":"accessibility-spinbuttonAbbr","$v":"spin button"},{"$i":"accessibility-diagramAbbr","$v":"diagram"},{"$i":"accessibility-animationAbbr","$v":"animation"},{"$i":"accessibility-equationAbbr","$v":"equation"},{"$i":"accessibility-buttonmenuAbbr","$v":"button menu"},{"$i":"accessibility-whitespaceAbbr","$v":"white space"},{"$i":"accessibility-pagetablistAbbr","$v":"tab list"},{"$i":"accessibility-canvasAbbr","$v":"canvas"},{"$i":"accessibility-checkmenuitemAbbr","$v":"check menu item"},{"$i":"accessibility-labelAbbr","$v":"label"},{"$i":"accessibility-passwordtextAbbr","$v":"passwdtxt"},{"$i":"accessibility-radiomenuitemAbbr","$v":"radio menu item"},{"$i":"accessibility-textcontainerAbbr","$v":"text container"},{"$i":"accessibility-togglebuttonAbbr","$v":"toggle button"},{"$i":"accessibility-treetableAbbr","$v":"tree table"},{"$i":"accessibility-headerAbbr","$v":"header"},{"$i":"accessibility-footerAbbr","$v":"footer"},{"$i":"accessibility-paragraphAbbr","$v":"paragraph"},{"$i":"accessibility-entryAbbr","$v":"entry"},{"$i":"accessibility-captionAbbr","$v":"caption"},{"$i":"accessibility-headingAbbr","$v":"heading"},{"$i":"accessibility-sectionAbbr","$v":"section"},{"$i":"accessibility-formAbbr","$v":"form"},{"$i":"accessibility-comboboxlistAbbr","$v":"combo box list"},{"$i":"accessibility-comboboxoptionAbbr","$v":"combo box option"},{"$i":"accessibility-imagemapAbbr","$v":"imgmap"},{"$i":"accessibility-listboxoptionAbbr","$v":"option"},{"$i":"accessibility-listboxAbbr","$v":"list box"},{"$i":"accessibility-flatequationAbbr","$v":"flat equation"},{"$i":"accessibility-gridcellAbbr","$v":"gridcell"},{"$i":"accessibility-noteAbbr","$v":"note"},{"$i":"accessibility-figureAbbr","$v":"fig"},{"$i":"accessibility-definitionlistAbbr","$v":"definition list"},{"$i":"accessibility-termAbbr","$v":"term"},{"$i":"accessibility-definitionAbbr","$v":"definition"},{"$i":"accessibility-textareaAbbr","$v":"txtarea"},{"$i":"accessibility-tblColumnInfoAbbr","$v":{"few":[{"t":"idOrVar","v":"count"},"c"],"many":[{"t":"idOrVar","v":"count"},"c"],"one":[{"t":"idOrVar","v":"count"},"c"],"other":[{"t":"idOrVar","v":"count"},"c"],"two":[{"t":"idOrVar","v":"count"},"c"]},"$x":[{"t":"idOrVar","v":"plural"},"count"]},{"$i":"accessibility-tblRowInfoAbbr","$v":{"few":[{"t":"idOrVar","v":"count"},"r"],"many":[{"t":"idOrVar","v":"count"},"r"],"one":[{"t":"idOrVar","v":"count"},"r"],"other":[{"t":"idOrVar","v":"count"},"r"],"two":[{"t":"idOrVar","v":"count"},"r"]},"$x":[{"t":"idOrVar","v":"plural"},"count"]},{"$i":"accessibility-cellInfoAbbr","$v":["c",{"t":"idOrVar","v":"0"},"r",{"t":"idOrVar","v":"1"}]},{"$i":"accessibility-stateCheckedAbbr","$v":"(x)"},{"$i":"accessibility-stateUncheckedAbbr","$v":"( )"},{"$i":"accessibility-statePressedAbbr","$v":"(x)"},{"$i":"accessibility-stateUnpressedAbbr","$v":"( )"},{"$i":"accessibility-pushbutton-hint","$v":"Double tap to activate"},{"$i":"accessibility-checkbutton-hint","$v":"Double tap to activate"},{"$i":"accessibility-combobox-hint","$v":"Double tap to activate"},{"$i":"accessibility-key-hint","$v":"Tap and hold to activate"},{"$i":"accessibility-link-hint","$v":"Double tap to activate"},{"$i":"accessibility-menuitem-hint","$v":"Double tap to activate"},{"$i":"accessibility-option-hint","$v":"Double tap to activate"},{"$i":"accessibility-radiobutton-hint","$v":"Double tap to activate"},{"$i":"accessibility-slider-hint","$v":"Swipe up to increase or down to decrease"},{"$i":"accessibility-spinbutton-hint","$v":"Swipe up to increase or down to decrease"},{"$i":"accessibility-pagetab-hint","$v":"Double tap to activate"},{"$i":"accessibility-entry-hint","$v":"Double tap to activate"},{"$i":"accessibility-outlineitem-hint","$v":"Double tap to activate"},{"$i":"SoftLeft","$v":"Vasakpoolne tarkvaraklahv"},{"$i":"Enter","$v":"Nupp OK"},{"$i":"SoftRight","$v":"Paremp. klahv"},{"$i":"weekday-0-long","$v":"Pühapäev"},{"$i":"weekday-1-long","$v":"Esmaspäev"},{"$i":"weekday-2-long","$v":"Teisipäev"},{"$i":"weekday-3-long","$v":"Kolmapäev"},{"$i":"weekday-4-long","$v":"Neljapäev"},{"$i":"weekday-5-long","$v":"Reede"},{"$i":"weekday-6-long","$v":"Laupäev"},{"$i":"weekday-0-short","$v":"P"},{"$i":"weekday-1-short","$v":"E"},{"$i":"weekday-2-short","$v":"T"},{"$i":"weekday-3-short","$v":"K"},{"$i":"weekday-4-short","$v":"N"},{"$i":"weekday-5-short","$v":"R"},{"$i":"weekday-6-short","$v":"L"},{"$i":"month-0-long","$v":"Jaanuar"},{"$i":"month-1-long","$v":"Veebruar"},{"$i":"month-2-long","$v":"Märts"},{"$i":"month-3-long","$v":"Aprill"},{"$i":"month-4-long","$v":"Mai"},{"$i":"month-5-long","$v":"Juuni"},{"$i":"month-6-long","$v":"Juuli"},{"$i":"month-7-long","$v":"August"},{"$i":"month-8-long","$v":"September"},{"$i":"month-9-long","$v":"Oktoober"},{"$i":"month-10-long","$v":"November"},{"$i":"month-11-long","$v":"Detsember"},{"$i":"month-0-genitive","$v":"Jaanuar"},{"$i":"month-1-genitive","$v":"Veebruar"},{"$i":"month-2-genitive","$v":"Märts"},{"$i":"month-3-genitive","$v":"Aprill"},{"$i":"month-4-genitive","$v":"Mai"},{"$i":"month-5-genitive","$v":"Juuni"},{"$i":"month-6-genitive","$v":"Juuli"},{"$i":"month-7-genitive","$v":"August"},{"$i":"month-8-genitive","$v":"September"},{"$i":"month-9-genitive","$v":"Oktoober"},{"$i":"month-10-genitive","$v":"November"},{"$i":"month-11-genitive","$v":"Detsember"},{"$i":"month-0-short","$v":"jaan"},{"$i":"month-1-short","$v":"veebr"},{"$i":"month-2-short","$v":"märts"},{"$i":"month-3-short","$v":"apr"},{"$i":"month-4-short","$v":"Mai"},{"$i":"month-5-short","$v":"juuni"},{"$i":"month-6-short","$v":"juuli"},{"$i":"month-7-short","$v":"aug"},{"$i":"month-8-short","$v":"sept"},{"$i":"month-9-short","$v":"okt"},{"$i":"month-10-short","$v":"nov"},{"$i":"month-11-short","$v":"dets"},{"$i":"minutes-ago-long","$v":{"few":[{"t":"idOrVar","v":"value"}," minutit tagasi"],"many":[{"t":"idOrVar","v":"value"}," minutit tagasi"],"one":"üks minut tagasi","other":[{"t":"idOrVar","v":"value"}," minutit tagasi"],"two":[{"t":"idOrVar","v":"value"}," minutit tagasi"],"zero":"just nüüd"},"$x":[{"t":"idOrVar","v":"plural"},"value"]},{"$i":"hours-ago-long","$v":{"few":[{"t":"idOrVar","v":"value"}," tundi tagasi"],"many":[{"t":"idOrVar","v":"value"}," tundi tagasi"],"one":"tund aega tagasi","other":[{"t":"idOrVar","v":"value"}," tundi tagasi"],"two":[{"t":"idOrVar","v":"value"}," tundi tagasi"],"zero":"just nüüd"},"$x":[{"t":"idOrVar","v":"plural"},"value"]},{"$i":"days-ago-long","$v":{"few":[{"t":"idOrVar","v":"value"}," päeva tagasi"],"many":[{"t":"idOrVar","v":"value"}," päeva tagasi"],"one":"eile","other":[{"t":"idOrVar","v":"value"}," päeva tagasi"],"two":[{"t":"idOrVar","v":"value"}," päeva tagasi"],"zero":"täna"},"$x":[{"t":"idOrVar","v":"plural"},"value"]},{"$i":"weeks-ago-long","$v":{"few":[{"t":"idOrVar","v":"value"}," nädalat tagasi"],"many":[{"t":"idOrVar","v":"value"}," nädalat tagasi"],"one":"eelmine nädal","other":[{"t":"idOrVar","v":"value"}," nädalat tagasi"],"two":[{"t":"idOrVar","v":"value"}," nädalat tagasi"],"zero":"sel nädalal"},"$x":[{"t":"idOrVar","v":"plural"},"value"]},{"$i":"months-ago-long","$v":{"few":[{"t":"idOrVar","v":"value"}," kuud tagasi"],"many":[{"t":"idOrVar","v":"value"}," kuud tagasi"],"one":"eelmine kuu","other":[{"t":"idOrVar","v":"value"}," kuud tagasi"],"two":[{"t":"idOrVar","v":"value"}," kuud tagasi"],"zero":"see kuu"},"$x":[{"t":"idOrVar","v":"plural"},"value"]},{"$i":"years-ago-long","$v":{"few":[{"t":"idOrVar","v":"value"}," aastat tagasi"],"many":[{"t":"idOrVar","v":"value"}," aastat tagasi"],"one":"eelmine aasta","other":[{"t":"idOrVar","v":"value"}," aastat tagasi"],"two":[{"t":"idOrVar","v":"value"}," aastat tagasi"],"zero":"see aasta"},"$x":[{"t":"idOrVar","v":"plural"},"value"]},{"$i":"minutes-until-long","$v":{"few":[{"t":"idOrVar","v":"value"}," minuti pärast"],"many":[{"t":"idOrVar","v":"value"}," minuti pärast"],"one":"minuti pärast","other":[{"t":"idOrVar","v":"value"}," minuti pärast"],"two":[{"t":"idOrVar","v":"value"}," minuti pärast"],"zero":"kohe"},"$x":[{"t":"idOrVar","v":"plural"},"value"]},{"$i":"hours-until-long","$v":{"few":[{"t":"idOrVar","v":"value"}," tunni pärast"],"many":[{"t":"idOrVar","v":"value"}," tunni pärast"],"one":"tunni pärast","other":[{"t":"idOrVar","v":"value"}," tunni pärast"],"two":[{"t":"idOrVar","v":"value"}," tunni pärast"],"zero":"kohe"},"$x":[{"t":"idOrVar","v":"plural"},"value"]},{"$i":"days-until-long","$v":{"few":[{"t":"idOrVar","v":"value"}," päeva pärast"],"many":[{"t":"idOrVar","v":"value"}," päeva pärast"],"one":"homme","other":[{"t":"idOrVar","v":"value"}," päeva pärast"],"two":[{"t":"idOrVar","v":"value"}," päeva pärast"],"zero":"täna"},"$x":[{"t":"idOrVar","v":"plural"},"value"]},{"$i":"weeks-until-long","$v":{"few":[{"t":"idOrVar","v":"value"}," nädala pärast"],"many":[{"t":"idOrVar","v":"value"}," nädala pärast"],"one":"järgmine nädal","other":[{"t":"idOrVar","v":"value"}," nädala pärast"],"two":[{"t":"idOrVar","v":"value"}," nädala pärast"],"zero":"sel nädalal"},"$x":[{"t":"idOrVar","v":"plural"},"value"]},{"$i":"months-until-long","$v":{"few":[{"t":"idOrVar","v":"value"}," kuu pärast"],"many":[{"t":"idOrVar","v":"value"}," kuu pärast"],"one":"järgmine kuu","other":[{"t":"idOrVar","v":"value"}," kuu pärast"],"two":[{"t":"idOrVar","v":"value"}," kuu pärast"],"zero":"see kuu"},"$x":[{"t":"idOrVar","v":"plural"},"value"]},{"$i":"years-until-long","$v":{"few":[{"t":"idOrVar","v":"value"}," aasta pärast"],"many":[{"t":"idOrVar","v":"value"}," aasta pärast"],"one":"järgmine aasta","other":[{"t":"idOrVar","v":"value"}," aasta pärast"],"two":[{"t":"idOrVar","v":"value"}," aasta pärast"],"zero":"see aasta"},"$x":[{"t":"idOrVar","v":"plural"},"value"]},{"$i":"minutes-ago-short","$v":{"other":[{"t":"idOrVar","v":"value"}," m tagasi"],"zero":"just nüüd"},"$x":[{"t":"idOrVar","v":"plural"},"value"]},{"$i":"hours-ago-short","$v":{"other":[{"t":"idOrVar","v":"value"}," h tagasi"],"zero":"just nüüd"},"$x":[{"t":"idOrVar","v":"plural"},"value"]},{"$i":"days-ago-short","$v":{"other":[{"t":"idOrVar","v":"value"}," p tagasi"],"zero":"täna"},"$x":[{"t":"idOrVar","v":"plural"},"value"]},{"$i":"minutes-until-short","$v":{"other":[{"t":"idOrVar","v":"value"}," min pärast"],"zero":"kohe"},"$x":[{"t":"idOrVar","v":"plural"},"value"]},{"$i":"hours-until-short","$v":{"other":[{"t":"idOrVar","v":"value"},"h pärast"],"zero":"kohe"},"$x":[{"t":"idOrVar","v":"plural"},"value"]},{"$i":"days-until-short","$v":{"other":[{"t":"idOrVar","v":"value"},"p pärast"],"zero":"täna"},"$x":[{"t":"idOrVar","v":"plural"},"value"]},{"$i":"incorrectDate","$v":"(vale kuupäev)"},{"$i":"dateTimeFormat_%c","$v":"%a %b %e %Y %I:%M:%S %p"},{"$i":"dateTimeFormat_%x","$v":"%m/%d/%Y"},{"$i":"dateTimeFormat_%X","$v":"%I:%M:%S %p"},{"$i":"shortTimeFormat","$v":"%I:%M %p"},{"$i":"shortTimeFormat12","$v":"%I:%M %p"},{"$i":"shortTimeFormat24","$v":"%H:%M"},{"$i":"shortDateTimeFormat","$v":"%x %I:%M %p"},{"$i":"weekStartsOnMonday","$v":"0.0"},{"$i":"firstDayOfTheWeek","$v":"1.0"},{"$i":"time_am","$v":"AM"},{"$i":"time_pm","$v":"PM"},{"$i":"title-app","$v":"Rakenduse õigus"},{"$i":"title-web","$v":"Veebisaidi õigus"},{"$i":"title-cam","$v":"Valige kaamera"},{"$i":"perm-alarms","$v":"Alarmide plaanimine"},{"$i":"perm-audio-capture","$v":"Mikrofon"},{"$i":"perm-audio-capture-appRequest","$v":["Kas soovite jagada mikrofoni rakendusega ",{"t":"idOrVar","v":"app"},"?"]},{"$i":"perm-audio-capture-webRequest","$v":["Kas soovite jagada mikrofoni rakendusega ",{"t":"idOrVar","v":"site"},"?"]},{"$i":"perm-audio-channel-content","$v":"Esita helisid"},{"$i":"perm-audio-channel-notification","$v":"Esita teavitushelisid"},{"$i":"perm-audio-channel-ringer","$v":"Esita helinaid"},{"$i":"perm-background-sensors","$v":"Juurdepääs sensori andmetele"},{"$i":"perm-bluetooth","$v":"Bluetooth"},{"$i":"perm-browser","$v":"Veebilehtede kontrollimine"},{"$i":"perm-camera","$v":"Kaamerad"},{"$i":"perm-camera-selector-appRequest","$v":["Valige kaamera: ",{"t":"idOrVar","v":"app"},"."]},{"$i":"perm-camera-selector-webRequest","$v":["Valige kaamera: ",{"t":"idOrVar","v":"site"},"."]},{"$i":"perm-camera-appRequest","$v":[{"t":"idOrVar","v":"app"}," soovib kasutada teie kaamerat."]},{"$i":"perm-camera-webRequest","$v":[{"t":"idOrVar","v":"site"}," soovib kasutada teie kaamerat."]},{"$i":"perm-cellbroadcast","$v":"Kärjeringhäälingud"},{"$i":"perm-contacts","$v":"Kontaktid"},{"$i":"perm-contacts-appRequest","$v":[{"t":"idOrVar","v":"app"}," soovib ligipääsu teie kontaktide loendile."]},{"$i":"perm-contacts-webRequest","$v":[{"t":"idOrVar","v":"site"}," soovib ligipääsu teie kontaktide loendile."]},{"$i":"perm-desktop-notification","$v":"Teated"},{"$i":"perm-desktop-notification-appRequest","$v":[{"t":"idOrVar","v":"app"}," soovib kuvada teateid."]},{"$i":"perm-desktop-notification-webRequest","$v":[{"t":"idOrVar","v":"site"}," soovib kuvada teateid."]},{"$i":"perm-device-storage-apps","$v":"Rakenduste salvestusruum"},{"$i":"perm-device-storage-music","$v":"Muusika salvestusruum"},{"$i":"perm-device-storage-music-appRequest","$v":[{"t":"idOrVar","v":"app"}," soovib ligipääsu teie muusikale."]},{"$i":"perm-device-storage-music-webRequest","$v":[{"t":"idOrVar","v":"site"}," soovib ligipääsu teie muusikale."]},{"$i":"perm-device-storage-pictures","$v":"Pildi salvestamine"},{"$i":"perm-device-storage-pictures-appRequest","$v":[{"t":"idOrVar","v":"app"}," soovib ligipääsu teie piltidele."]},{"$i":"perm-device-storage-pictures-webRequest","$v":[{"t":"idOrVar","v":"site"}," soovib ligipääsu teie piltidele."]},{"$i":"perm-device-storage-sdcard","$v":"Mälukaardi hoiustamine"},{"$i":"perm-device-storage-sdcard-appRequest","$v":[{"t":"idOrVar","v":"app"}," soovib ligipääsu teie mälukaardile."]},{"$i":"perm-device-storage-sdcard-webRequest","$v":[{"t":"idOrVar","v":"site"}," soovib ligipääsu teie mälukaardile."]},{"$i":"perm-device-storage-videos","$v":"Videomälu"},{"$i":"perm-device-storage-videos-appRequest","$v":[{"t":"idOrVar","v":"app"}," soovib ligipääsu teie videotele."]},{"$i":"perm-device-storage-videos-webRequest","$v":[{"t":"idOrVar","v":"site"}," soovib ligipääsu teie videotele."]},{"$i":"perm-fullscreen-appRequest","$v":[{"t":"idOrVar","v":"app"}," on nüüd täisekraanil."]},{"$i":"perm-fullscreen-webRequest","$v":[{"t":"idOrVar","v":"site"}," on nüüd täisekraanil."]},{"$i":"perm-embed-apps","$v":"Manusta rakendused"},{"$i":"perm-fmradio","$v":"FM-raadio"},{"$i":"perm-fmradio-appRequest","$v":[{"t":"idOrVar","v":"app"}," soovib kasutada FM-raadiot."]},{"$i":"perm-fmradio-webRequest","$v":[{"t":"idOrVar","v":"site"}," soovib kasutada FM-raadiot."]},{"$i":"perm-geolocation","$v":"Geograafiline asukoht"},{"$i":"perm-geolocation-appRequest","$v":[{"t":"idOrVar","v":"app"}," soovib teada teie asukohta."]},{"$i":"perm-geolocation-more-info","$v":[{"t":"idOrVar","v":"brandShortName"}," kasutab teie asukoha tuvastamiseks GPS-i ja täiendavat teavet, nagu WiFi ja mobiilsidevõrgud. Asukohaandmeid võivad kasutada ",{"t":"idOrVar","v":"brandShortName"}," ja teenusepakkujad, et parandada asukohaandmebaaside täpsust ja katvust.",{"t":"idOrVar","v":"brandShortName"}," küsib alati luba, kui rakendusel on vaja juurdepääsu teie seadme asukohale."]},{"$i":"perm-geolocation-webRequest","$v":[{"t":"idOrVar","v":"site"}," soovib teada teie asukohta."]},{"$i":"perm-idle","$v":"Vaadake passiivset olekut"},{"$i":"perm-indexedDB-chrome-settings","$v":"Eesõigustega IndexedDB"},{"$i":"perm-indexedDB-unlimited","$v":"Piiramatu IndexedDB mäluruum"},{"$i":"perm-input-manage","$v":"Klaviatuuride haldamine"},{"$i":"perm-input","$v":"Toimi klaviatuurina"},{"$i":"perm-media-capture","$v":"Kaamera ja mikrofon"},{"$i":"perm-media-capture-appRequest","$v":["Kas soovite jagada kaamerat ja mikrofoni rakendusega ",{"t":"idOrVar","v":"app"},"?"]},{"$i":"perm-media-capture-webRequest","$v":["Kas soovite jagada kaamerat ja mikrofoni rakendusega ",{"t":"idOrVar","v":"site"},"?"]},{"$i":"perm-mobileconnection","$v":"Mobiilne ühendus"},{"$i":"perm-mobileid","$v":"Mobiilne identiteet"},{"$i":"perm-network-events","$v":"Võrgusündmused"},{"$i":"perm-open-remote-window","$v":"Käivita rakendus"},{"$i":"perm-permissions","$v":"Rakenduste õiguste muutmine"},{"$i":"perm-power","$v":"Toitesätted"},{"$i":"perm-settings","$v":"Muuda sätteid"},{"$i":"perm-systemXHR","$v":"Taotlused mitmest päritolukohast"},{"$i":"perm-telephony","$v":"Telephony"},{"$i":"perm-video-capture","$v":"Kaamera"},{"$i":"perm-video-capture-appRequest","$v":["Kas soovite jagada kaamerat rakendusega ",{"t":"idOrVar","v":"app"},"?"]},{"$i":"perm-video-capture-webRequest","$v":["Kas soovite jagada kaamerat rakendusega ",{"t":"idOrVar","v":"site"},"?"]},{"$i":"perm-voicemail","$v":"Tavakõneteadete juhtimine"},{"$i":"perm-webapps-manage","$v":"Installi Webapps"},{"$i":"perm-wifi-manage","$v":"Wi-Fi haldamine"},{"$i":"perm-attention","$v":"Ava ülekatte hüpikaknad"},{"$i":"perm-audio-channel-alarm","$v":"Esita alarmihelisid"},{"$i":"perm-audio-channel-normal","$v":"Esita helisid"},{"$i":"perm-audio-channel-publicnotification","$v":"Esita avalikke teavitushelisid"},{"$i":"perm-audio-channel-telephony","$v":"Esita Telephony helisid"},{"$i":"perm-backgroundservice","$v":"Tegutse taustteenusena"},{"$i":"perm-device-storage-crashes","$v":"Krahhiandmete salv"},{"$i":"perm-downloads","$v":"Juurdepääs allalaadimistele"},{"$i":"perm-embed-widgets","$v":"Manusta vidinad"},{"$i":"perm-feature-detection","$v":"Funktsiooni tuvastamine"},{"$i":"perm-firefox-accounts","$v":"Firefoxi kontod"},{"$i":"perm-mobilenetwork","$v":"Mobiilivõrk"},{"$i":"perm-moz-attention","$v":"Ava ülekatte hüpikaknad (moz)"},{"$i":"perm-moz-audio-channel-ringer","$v":"Esita helinaid (moz)"},{"$i":"perm-moz-audio-channel-telephony","$v":"Esita Telephony helisid (moz)"},{"$i":"perm-moz-firefox-accounts","$v":"Firefoxi kontod (moz)"},{"$i":"perm-networkstats-manage","$v":"Kasutusstatistika juhtimine"},{"$i":"perm-nfc","$v":"NFC"},{"$i":"perm-nfc-hci-events","$v":"NFC HCI sündmused"},{"$i":"perm-nfc-manager","$v":"NFC haldamine"},{"$i":"perm-phonenumberservice","$v":"Telefoninumbri teenus"},{"$i":"perm-push","$v":"Tõuke-API"},{"$i":"perm-resourcestats-manage","$v":"Ressursistatistika"},{"$i":"perm-sms","$v":"Saada ja loe SMS-i"},{"$i":"perm-speaker-control","$v":"Helitugevuse juhtimine"},{"$i":"perm-storage","$v":"Juurdepääs hoidlale"},{"$i":"perm-tcp-socket","$v":"TCP-pesad"},{"$i":"perm-test-permission","$v":"Test Permission"},{"$i":"perm-time","$v":"Määra kuupäev ja kellaaeg"},{"$i":"perm-udp-socket","$v":"UDP-pesad"},{"$i":"perm-wappush","$v":"WAP-tõuge"},{"$i":"stopped_download_title","$v":"Allalaadimine on peatatud"},{"$i":"tcl-stopped_download_message","$v":"Allalaadimine peatati. Kas soovite jätkata allalaadimist?"},{"$i":"stopped_download_left_button","$v":"Tühista"},{"$i":"stopped_download_right_button","$v":"Proovi uuesti"},{"$i":"failed_download_title","$v":"Allalaadimine nurjus"},{"$i":"failed_download_message","$v":["Rakenduse ",{"t":"idOrVar","v":"name"}," allalaadimine ei õnnestunud. Kas proovida uuesti alla laadida?"]},{"$i":"failed_download_left_button","$v":"Tühista"},{"$i":"failed_download_right_button","$v":"Proovi uuesti"},{"$i":"stop_download_title","$v":"Peata allalaadimine"},{"$i":"stop_download_message","$v":"Kas soovite kindlasti allalaadimise peatada?"},{"$i":"stop_download_left_button","$v":"Tühista"},{"$i":"stop_download_right_button","$v":"Peata"},{"$i":"delete_download_title","$v":"Kustuta"},{"$i":"delete_download_message","$v":["Kas kustutada „",{"t":"idOrVar","v":"name"},"”?"]},{"$i":"delete_download_left_button","$v":"Tühista"},{"$i":"delete_download_right_button","$v":"Kustuta"},{"$i":"delete_all_download_title","$v":"Kustuta"},{"$i":"delete_all_download_left_button","$v":"Tühista"},{"$i":"delete_all_download_right_button","$v":"Kustuta"},{"$i":"delete_all_download_message_ext","$v":"Kas kustutada valitud failid?"},{"$i":"delete_all_download_message","$v":{"few":["Kas kustutada ",{"t":"idOrVar","v":"number"}," faili?"],"many":["Kas kustutada ",{"t":"idOrVar","v":"number"}," faili?"],"one":"Kas kustutada üks fail?","other":["Kas kustutada ",{"t":"idOrVar","v":"number"}," faili?"],"two":["Kas kustutada ",{"t":"idOrVar","v":"number"}," faili?"],"zero":"Kas mitte faile kustutada?"},"$x":[{"t":"idOrVar","v":"plural"},"number"]},{"$i":"unsupported_file_type_download_title","$v":"Avamine pole võimalik"},{"$i":"unsupported_file_type_download_message","$v":["Faili ",{"t":"idOrVar","v":"name"}," avamiseks ei leidu rakendust. Kas soovite faili salvestada või kustutada?"]},{"$i":"unsupported_file_type_download_left_button","$v":"Säilita fail"},{"$i":"unsupported_file_type_download_right_button","$v":"Kustuta"},{"$i":"file_not_found_download_title","$v":"Faili ei leitud"},{"$i":"file_not_found_download_message","$v":"Faili ei leitud seadmest"},{"$i":"file_not_found_download_right_button","$v":"OK"},{"$i":"unmounted_sdcard_2_download_title","$v":"Mälukaart on kasutusel"},{"$i":"unmounted_sdcard_2_download_message","$v":"Ühendage telefon lahti"},{"$i":"unmounted_sdcard_2_download_right_button","$v":"OK"},{"$i":"no_provider_download_title","$v":"Avamine pole võimalik"},{"$i":"no_provider_download_message","$v":"Faili vorming on kehtetu või seda ei toetata."},{"$i":"no_provider_download_right_button","$v":"OK"},{"$i":"no_memory_download_title","$v":"SD-kaart on täis"},{"$i":"no_memory_download_message","$v":"SD-kaardil ei ole allalaadimise salvestamiseks rohkem ruumi. Eemaldage osa failidest enne allalaadimise taaskäivitamist."},{"$i":"no_memory_download_right_button","$v":"OK"},{"$i":"no_sdcard_found_2_download_title","$v":"Mälukaarti ei leitud"},{"$i":"no_sdcard_found_2_download_message","$v":"Sisestage mälukaart või valige sätetest alternatiivne vaikekandja asukoht"},{"$i":"no_sdcard_found_2_download_right_button","$v":"OK"},{"$i":"file_open_error_download_title","$v":"Kinnitus"},{"$i":"file_open_error_download_message","$v":"Failivorming on kehtetu või seda ei toetata. Kas soovite faili kustutada?"},{"$i":"file_open_error_download_left_button","$v":"Säilita fail"},{"$i":"file_open_error_download_right_button","$v":"Kustuta"},{"$i":"restart_download_error","$v":"Allalaadimise taaskäivitamisel ilmnes viga. Proovige uuesti alla laadida."},{"$i":"no-downloads","$v":"Allalaadimisi pole"},{"$i":"percentage","$v":[{"t":"idOrVar","v":"percentage"}," %"]},{"$i":"partialResult","$v":[{"t":"idOrVar","v":"partial"}," / ",{"t":"idOrVar","v":"total"}]},{"$i":"summary","$v":[{"t":"idOrVar","v":"date"}," - ",{"t":"idOrVar","v":"status"}]},{"$i":"download-stopped","$v":"Seisatud"},{"$i":"download-failed","$v":"Allalaadimine nurjus"},{"$i":"open_downloaded_file","$v":"Ava"},{"$i":"share_downloaded_file","$v":"Jaga"},{"$i":"wallpaper_downloaded_file","$v":"Määra taustpildiks"},{"$i":"ringtone_downloaded_file","$v":"Sea helinaks"},{"$i":"cancel_downloaded_file","$v":"Tühista"},{"$i":"voicemailNoNumberTitle","$v":"Tavakõneposti number pole saadaval"},{"$i":"voicemailNoNumberText","$v":"Tavakõneposti pole võimalik helistada. Helistamiseks seadistage tavakõneposti number."},{"$i":"voicemailNoNumberSettings","$v":"Seaded"},{"$i":"voicemailNoNumberCancel","$v":"Tühista"},{"$i":"airplaneMode","$v":"Lennurežiim"},{"$i":"noNetwork","$v":"Võrku pole"},{"$i":"roaming","$v":[{"t":"idOrVar","v":"operator"}," (Roaming)"]},{"$i":"operator-info","$v":[{"t":"idOrVar","v":"carrier"}," ",{"t":"idOrVar","v":"region"}]},{"$i":"emergencyCallsOnly","$v":"Ainult hädaabikõned"},{"$i":"emergencyCallsOnly-unknownSIMState","$v":"(teadmata SIM-i olek)"},{"$i":"emergencyCallsOnly-noSIM","$v":"(SIM puudub)"},{"$i":"emergencyCallsOnly-pinRequired","$v":"(SIM-kaardi PIN-kood nõutud)"},{"$i":"emergencyCallsOnly-pukRequired","$v":"(SIM-kaardi PUK-kood nõutud)"},{"$i":"emergencyCallsOnly-networkLocked","$v":"(võrk lukus)"},{"$i":"emergencyCallsOnly-serviceProviderLocked","$v":"(teenusepakkuja lukus)"},{"$i":"emergencyCallsOnly-corporateLocked","$v":"(ettevõtte lukus)"},{"$i":"emergencyCallsOnly-network1Locked","$v":"(võrk1 lukus)"},{"$i":"emergencyCallsOnly-network2Locked","$v":"(võrk2 lukus)"},{"$i":"emergencyCallsOnly-hrpdNetworkLocked","$v":"(hrpd võrk on lukustatud)"},{"$i":"emergencyCallsOnly-ruimCorporateLocked","$v":"(ruimi ettevõtte lukus)"},{"$i":"emergencyCallsOnly-ruimServiceProviderLocked","$v":"(ruimi teenusepakkuja lukus)"},{"$i":"lockscreen-sim-id","$v":["SIM ",{"t":"idOrVar","v":"n"}]},{"$i":"charging-no-time","$v":[{"t":"idOrVar","v":"level"},"% laetud"]},{"$i":"charging-minutes","$v":{"few":[{"t":"idOrVar","v":"level"},"% laetud (",{"t":"idOrVar","v":"minutes"}," minutit kuni täielikult laetud)"],"many":[{"t":"idOrVar","v":"level"},"% laetud (",{"t":"idOrVar","v":"minutes"}," minutit kuni täielikult laetud)"],"one":[{"t":"idOrVar","v":"level"},"% laetud (",{"t":"idOrVar","v":"minutes"}," min kuni täielikult laetud)"],"other":[{"t":"idOrVar","v":"level"},"% laetud (",{"t":"idOrVar","v":"minutes"}," minutit kuni täielikult laetud)"],"two":[{"t":"idOrVar","v":"level"},"% laetud (",{"t":"idOrVar","v":"minutes"}," minutit kuni täielikult laetud)"],"zero":[{"t":"idOrVar","v":"level"},"% laetud (",{"t":"idOrVar","v":"minutes"}," minutit kuni täielikult laetud)"]},"$x":[{"t":"idOrVar","v":"plural"},"minutes"]},{"$i":"charging-hours","$v":{"few":[{"t":"idOrVar","v":"level"},"% laetud (",{"t":"idOrVar","v":"hours"},"h ",{"t":"idOrVar","v":"minutes"}," minutit kuni täielikult laetud)"],"many":[{"t":"idOrVar","v":"level"},"% laetud (",{"t":"idOrVar","v":"hours"},"h ",{"t":"idOrVar","v":"minutes"}," minutit kuni täielikult laetud)"],"one":[{"t":"idOrVar","v":"level"},"% laetud (",{"t":"idOrVar","v":"hours"},"h ",{"t":"idOrVar","v":"minutes"}," min kuni täielikult laetud)"],"other":[{"t":"idOrVar","v":"level"},"% laetud (",{"t":"idOrVar","v":"hours"},"h ",{"t":"idOrVar","v":"minutes"}," minutit kuni täielikult laetud)"],"two":[{"t":"idOrVar","v":"level"},"% laetud (",{"t":"idOrVar","v":"hours"},"h ",{"t":"idOrVar","v":"minutes"}," minutit kuni täielikult laetud)"],"zero":[{"t":"idOrVar","v":"level"},"% laetud (",{"t":"idOrVar","v":"hours"},"h ",{"t":"idOrVar","v":"minutes"}," minutit kuni täielikult laetud)"]},"$x":[{"t":"idOrVar","v":"plural"},"minutes"]},{"$i":"network-error-in-app","$v":"Interneti-ühendus puudub praegu."},{"$i":"network-error-launching","$v":[{"t":"idOrVar","v":"name"}," nõuab Internetiühendust."]},{"$i":"network-error-launching-title","$v":"Interneti-ühendus puudub"},{"$i":"network-error-launching-message","$v":"Internetti pääsemiseks peate kasutama Wi-Fi-t või mobiilandmesidet."},{"$i":"server-not-found","$v":"Serverit ei leitud"},{"$i":"server-not-found-error","$v":["Ei leia serverit asukohast ",{"t":"idOrVar","v":"name"},"."]},{"$i":"file-not-found","$v":"Faili ei leitud"},{"$i":"file-not-found-error","$v":"Seade ei saa lehte kuvada, kuna faili ei leita."},{"$i":"connection-failed","$v":"Ei saa ühendada"},{"$i":"connection-failed-error","$v":"Veebisaidi avamisel ilmnes võrgutõrge."},{"$i":"invalid-connection","$v":"Ei saa ühendada"},{"$i":"invalid-connection-error","$v":"Veebisaidi avamisel ilmnes võrgutõrge."},{"$i":"malformed-uri","$v":"URL on kehtetu"},{"$i":"malformed-uri-error","$v":"Sisestatud URL ei kehti ja seda ei saa laadida."},{"$i":"redirect-loop","$v":"Lehte ei saa kuvada"},{"$i":"redirect-loop-error","$v":"Seade ei saa lehte kuvada, kuna lehe ümbersuunamine ei toimi. Proovige hiljem uuesti."},{"$i":"not-cached","$v":"Leht aegus"},{"$i":"not-cached-error","$v":"Turvalisuse huvides ei saa seade seda lehte kuvada, kuna see on aegunud."},{"$i":"is-printing","$v":"Juurdepääs keelatud"},{"$i":"is-printing-error","$v":"Printimise ajal või prindieelvaates ei saa seda dokumenti muuta."},{"$i":"denied-port-access","$v":"Piiratud aadress"},{"$i":"denied-port-access-error","$v":"See aadress kasutab võrguporti, mida tavaliselt kasutatakse muul otstarbel kui veebi sirvimiseks. Seade on päringu teie kaitseks tühistanud."},{"$i":"proxy-resolve-failure","$v":"Puhverserveri viga"},{"$i":"proxy-resolve-failure-error","$v":"Seade on konfigureeritud kasutama puhverserverit, mida ei leita."},{"$i":"proxy-connect-failure","$v":"Puhverserveri viga"},{"$i":"proxy-connect-failure-error","$v":"Seade on konfigureeritud kasutama puhverserverit, mis keeldub ühendustest."},{"$i":"content-encoding","$v":"Lehte ei saa kuvada"},{"$i":"content-encoding-error","$v":"Seade ei saa lehte kuvada, kuna ilmnes sisu kodeerimisviga."},{"$i":"remote-xul","$v":"Lehte ei toetata"},{"$i":"remote-xul-error","$v":"Seda lehte ei saa kuvada, kuna see kasutab tehnoloogiat, mida seade ei toeta."},{"$i":"phishing-blocked","$v":"Hoiatus!"},{"$i":"phishing-blocked-error","$v":"Veebisaiti on kirjeldatud kui veebivõltsingut, mis petab kasutajatelt välja isikuandmeid või finantsteavet."},{"$i":"malware-blocked","$v":"Ründevararünnak on blokeeritud"},{"$i":"malware-blocked-error","$v":"Saiti on kirjeldatud kui rünnakusaiti. Seade on päringu teie kaitseks blokeerinud."},{"$i":"unsafe-content-type","$v":"Ebaturvaline sisu"},{"$i":"unsafe-content-type-error","$v":"Lehte ei saa kuvada, kuna selle avamine ei pruugi olla turvaline."},{"$i":"corrupted-content","$v":"Ei saa ühendada"},{"$i":"corrupted-content-error","$v":"Lehte ei saa kuvada, kuna andmeedastuses tuvastati viga."},{"$i":"unknown-protocol-found","$v":"Lehte ei toetata"},{"$i":"unknown-protocol-found-error","$v":"Lehte ei saa kuvada, kuna see kasutab tehnoloogiat, mida seadmes ei toetata."},{"$i":"try-again","$v":"Proovi uuesti"},{"$i":"check-settings","$v":"Kontrolli seadeid"},{"$i":"firefox-accounts-title","$v":"KaiOSi kontod"},{"$i":"firefox-accounts-title-sign-in","$v":"Logi sisse"},{"$i":"firefox-accounts-title-create-account","$v":"Loo konto"},{"$i":"kaios-accounts-title-about-kaios-account","$v":"Teave KaiOS-i konto kohta"},{"$i":"kaios-accounts-phone-verification","$v":"Telefoni kinnitamine"},{"$i":"kaios-accounts-title-account-info","$v":"Konto teave"},{"$i":"fxa-next","$v":"Järgmine"},{"$i":"fxa-back","$v":"Tagasi"},{"$i":"fxa-done","$v":"Valmis"},{"$i":"fxa-ok","$v":"OK"},{"$i":"tcl-changessaved","$v":"Muudatused on salvestatud"},{"$i":"tcl-verification-mail-has-been-sent","$v":"Kinnituslink on saadetud kohta"},{"$i":"fxa-decline","$v":"Lükka tagasi"},{"$i":"fxa-accept","$v":"Nõustu"},{"$i":"fxa-sining-in","$v":"Sisselogimine ..."},{"$i":"not-now","$v":"Mitte praegu"},{"$i":"send-sms","$v":"Saada SMS"},{"$i":"resend-sms","$v":"Saada SMS uuesti"},{"$i":"fxa-connection-error-title","$v":"Ühendamine pole võimalik"},{"$i":"fxa-connection-error-message","$v":"Valikus Seaded saate luua konto või sisse logida."},{"$i":"fxa-reset-password-error-title","$v":"Parooli lähtestamine"},{"$i":"fxa-reset-password-error-message","$v":"Parooli saate lähtestada valikust Seaded."},{"$i":"fxa-incorrect-email-address-or-password","$v":"fxa incorrect email address or password"},{"$i":"fxa-internet-connection-is-required","$v":"fxa Interneti-ühendus on nõutav"},{"$i":"fxa-server-error","$v":"Serveri viga, proovige uuesti"},{"$i":"fxa-server-error-2","$v":"Viga"},{"$i":"fxa-server-error-message","$v":"Konto loomine nurjus. Proovige hiljem uuesti."},{"$i":"fxa-server-error-message-2","$v":"Server pole kättesaadav, proovige hiljem uuesti."},{"$i":"fxa-offline-error-title","$v":"Ühendamine pole võimalik"},{"$i":"fxa-offline-error-message","$v":"Looge sätete kaudu võrguühendus."},{"$i":"fxa-offline-error-message-1","$v":"Interneti-ühendus puudub."},{"$i":"fxa-invalid-email-title","$v":"Viga"},{"$i":"fxa-invalid-email-message","$v":"Sisest. kehtiv meil."},{"$i":"fxa-invalid-password-title","$v":"Viga"},{"$i":"fxa-invalid-password-message","$v":"Meiliaadress või parool on vale."},{"$i":"fxa-invalid-password-message-1","$v":"Parool on vale."},{"$i":"fxa-unknown-error-title","$v":"Ühendamine pole võimalik"},{"$i":"fxa-unknown-error-message","$v":"Süsteem pole saadaval, proovige varsti uuesti."},{"$i":"fxa-email-is-taken-title","$v":"Viga"},{"$i":"fxa-email-is-taken-message","$v":"Sellel e-postil on juba konto olemas. Logige sisse oma kontoga."},{"$i":"fxa-confirm-age-title","$v":"Viga"},{"$i":"fxa-confirm-age-message","$v":"Kinnitage, et teie vanus on üle 13 aasta"},{"$i":"fxa-account-does-not-exist","$v":"Viga"},{"$i":"fxa-account-does-not-exist-message","$v":"Meiliaadress või parool on vale."},{"$i":"fxa-account-does-not-exist-message-1","$v":"Account does not exist."},{"$i":"fxa-password-dont-match","$v":"Viga"},{"$i":"fxa-password-dont-match-message","$v":"Paroolid ei ühti."},{"$i":"fxa-password-less","$v":"Viga"},{"$i":"fxa-password-less-message","$v":"Parool on vähem kui 8 tähemärki pikk."},{"$i":"fxa-password-less-message-1","$v":"Parool on vähem kui 8 tärki pikk."},{"$i":"fxa-password-more","$v":"Viga"},{"$i":"fxa-password-more-message","$v":"Parool on rohkem kui 20 tähemärki pikk."},{"$i":"fxa-password-more-message-1","$v":"Parool on rohkem kui 20 tärki pikk."},{"$i":"fxa-password-error","$v":"Viga"},{"$i":"fxa-password-error-message","$v":"Parool peab olema vahemikus 8–20 tähemärki ning sisaldama tähti ja numbreid."},{"$i":"fxa-connecting","$v":"Ühendamine"},{"$i":"fxa-enter-phone-number-message","$v":"Sisestage telefoninumber. Saadetakse SMS ja käivitatakse automaatne kinnitamine."},{"$i":"fxa-sms-has-been-sent-message","$v":"SMS on saadetud. Kätte saamisel käivitub automaatne kinnitus. Lõdvestuge ja nautige!"},{"$i":"fxa-time-remaining","$v":"Aega on jäänud:"},{"$i":"fxa-sms-verification-failed-message","$v":"SMSiga kinnitamine nurjus. Kinnitage telefon ja proovige uuesti, vajutades Saada SMS uuesti."},{"$i":"fxa-phone-number-label","$v":"Telefoninumber"},{"$i":"fxa-enter-your-infomation","$v":"Sisestage oma teave."},{"$i":"fxa-birthday-label","$v":"Sünnipäev"},{"$i":"fxa-birthday-select","$v":"Vali"},{"$i":"fxa-gender-label","$v":"Sugu"},{"$i":"fxa-gender-select","$v":"Vali"},{"$i":"fxa-gender-male","$v":"Mees"},{"$i":"fxa-gender-female","$v":"Naine"},{"$i":"fxa-gender-confidential","$v":"Konfidentsiaalne"},{"$i":"fxa-enter-email-input","placeholder":"Sisestage oma e-posti aadress"},{"$i":"fxa-use-email-to-sign-in","$v":"Sisestage oma meiliaadress. Teie meiliaadressist saab teie konto nimi."},{"$i":"fxa-notice","$v":["Jätkates nõustun KaiOSi pilveteenuste dokumentidega ",{"t":"idOrVar","v":"tos"}," ja ",{"t":"idOrVar","v":"pn"},"."]},{"$i":"fxa-placeholder","$v":"Teie e-post siia"},{"$i":"fxa-tos","$v":"Teenuse tingimused"},{"$i":"fxa-pn","$v":"Privaatsusteatis"},{"$i":"fxa-create-account-title","$v":"Loo konto"},{"$i":"fxa-show-age-title","$v":"Ma olen üle 13-aastane"},{"$i":"fxa-enter-password-title","$v":"Sisestage parool. Teie parool peab olema 8–20 tähemärgi pikkune ning sisaldama nii tähti kui ka numbreid."},{"$i":"fxa-enter-password-title-1","$v":"Sisestage parool. Teie parool peab olema 8–20 tärki pikk ning sisaldama nii tähti kui ka numbreid."},{"$i":"fxa-setup-password-title","$v":"Seadista parool"},{"$i":"fxa-create-password-title","$v":"Loo parool"},{"$i":"fxa-hello-user","$v":["Tere, ",{"t":"idOrVar","v":"email"},"!"]},{"$i":"fxa-password-refresh","$v":"Sisestage jätkamiseks oma KaiOSi konto parool."},{"$i":"fxa-password","$v":"Parool","placeholder":"Parool"},{"$i":"fxa-forgot-your-password","$v":"Kas unustasite parooli?"},{"$i":"fxa-show-password","$v":"Kuva parool"},{"$i":"fxa-password-length-requirement","$v":"Parool peab olema vähemalt 8 tähemärki pikk."},{"$i":"fxa-confirm-account","$v":"Kinnitage oma konto"},{"$i":"fxa-will-send-email","$v":"Teie konto on loodud."},{"$i":"fxa-signup-click-verification-link-in-email","$v":["Oleme saatnud kinnituskirja aadressile ",{"t":"idOrVar","v":"email"},". Kontrollige oma postkasti ning kinnitage ja aktiveerige oma konto."]},{"$i":"fxa-access-manage-account-settings","$v":"Aktiveerimislink aegub 24 tunni jooksul."},{"$i":"fxa-signup-success-title","$v":"Konto on loodud"},{"$i":"about-kaios-account-text","$v":"Lorem ipsum dolor sit amet, con-sectetur adipiscing elit, sed do eiusmod tempor incididunt ut labore et dolore magna aliqua. Ut enim ad minim veniam, quis nos-trud exercitation ullamco laboris nisi ut aliquip ex ea commodo consequat. Duis aute irure dolor in reprehenderit in voluptate velit esse cillum dolore eu fugiat nulla pariatur. Excepteur sint occaecat cupidatat non proident, sunt in culpa qui officia deserunt mollit anim id est laborum."},{"$i":"about-kaios-account-text1","$v":"KaiOSi konto pakub KaiOSi teenuste autentimist. Konto tuvastab kasutaja ja seadme ning võimaldab juurdepääsu sellistele funktsioonidele nagu seadmete kaugjuhtimine ja lisateenused."},{"$i":"about-kaios-account-text2","$v":"Konto loomiseks on vaja e-posti aadressi ja parooli. Kasutaja peab kinnitama e-posti aadressi e-kirjas oleva lingi kaudu, mis konto loomise ajal saadetakse. Kontot ei aktiveerita enne selle e-posti aadressi kinnitamist."},{"$i":"about-kaios-account-text3","$v":"Konto loomisega jätkates nõustute tingimuste ja privaatsusteatisega."},{"$i":"fxa-signin-email","$v":"Konto nimi"},{"$i":"fxa-signin-password","$v":"Parool"},{"$i":"fxa-signin-success-title","$v":"Teie konto"},{"$i":"fxa-signin-lsk","$v":"Unustatud parool"},{"$i":"fxa-signin-rsk","$v":"Logi sisse"},{"$i":"fxa-change-password-title","$v":"Vaheta parool"},{"$i":"fxa-change-password-description","$v":"Sisestage oma praegune parool ja määrake uus parool."},{"$i":"fxa-new-password","$v":"Uus parool"},{"$i":"fxa-changing-password","$v":"Parooli vahetamine …"},{"$i":"fxa-forgot-password-title","$v":"Unustatud parool"},{"$i":"fxa-forgot-password","$v":"unustatud parool"},{"$i":"fxa-forgot-password-sk","$v":"PAROOL on ununenud"},{"$i":"fxa-forgot-password-success-title","$v":"Parooli läht. e-kiri saad."},{"$i":"fxa-reset-password-succcess-content","$v":"Parooli lähtestamise e-kiri on saadetud teie e-posti aadressile."},{"$i":"fxa-reset-password-succcess-content-part2","$v":"Vaadake oma postkasti ja lähtestage parool."},{"$i":"fxa-sign-out-title","$v":"Vargusevastane süsteem on lubatud"},{"$i":"fxa-sign-out-intro","$v":"kinnitage, et soovite vargusevastase funktsiooni välja lülitada ja välja logida."},{"$i":"fxa-sign-out-intro-1","$v":"Kinnitage, et soovite vargusevastase funktsiooni välja lülitada ja välja logida."},{"$i":"fxa-signout-email","$v":"Teie konto"},{"$i":"fxa-confirm-password","$v":"Kinnitage parool"},{"$i":"fxa-signing-out","$v":"Väljalogimine ..."},{"$i":"fxa-sign-out-error-title","$v":"Viga"},{"$i":"fxa-sign-out-error-message","$v":"Kontost väljalogimine ebaõnnestus. Proovige hiljem uuesti"},{"$i":"fxa-sign-out-error-message-1","$v":"Kontolt väljalogimine ebaõnnestus. Proovige hiljem uuesti."},{"$i":"fxa-connection-is-required-title","$v":"Viga"},{"$i":"fxa-connection-is-required-message","$v":"Interneti-ühendus on nõutav"},{"$i":"fxa-check-password-title","$v":"Keela vargusevastane funktsioon"},{"$i":"fxa-disable-antitheft-checkpassword-message","$v":"Kinnitage, et soovite vargusevastase funktsiooni välja lülitada."},{"$i":"fxa-reset-factory-checkpassword-message","$v":"Seadme lähtestamiseks sisestage parool ja keelake vargusvastase funktsioon."},{"$i":"fxa-reset-factory-checkpassword-message-1","$v":"Seadme lähtestamiseks sisestage parool ja keelake vargusvastane funktsioon."},{"$i":"fxa-enter-email-to-reset-password","$v":"Sisestage konto e-posti aadress, saadame parooli lähtestamiseks lingi."},{"$i":"fxa-enter-email-to-reset-password-1","$v":"Sisestage konto e-posti aadress. Saadame parooli lähtestamiseks lingi."},{"$i":"fxa-account-not-found","$v":"Kontot ei leitud. Proovige uuesti."},{"$i":"fxa-multiple-sign-in-attempts-title","$v":"Mitu sisselogimise katset"},{"$i":"fxa-multiple-sign-in-attempts-content","$v":"Olete sisestanud korduvalt vale parooli"},{"$i":"fxa-multiple-sign-in-attempts-content-1","$v":"Sisestasite korduvalt vale parooli."},{"$i":"fxa-multiple-sign-in-attempts-content-retry","$v":"Proovige hiljem uuesti"},{"$i":"shortDateFormat","$v":"%d %B, %Y"}]