[{"$i":"brandShortName","$v":"KaiOS"},{"$i":"browserBrandShortName","$v":"Web Browser"},{"$i":"browserBrandFullName","$v":"Mozilla Web Browser"},{"$i":"ringtoneBrandName","$v":"Default"},{"$i":"ringtoneSectionBrandName","$v":"System"},{"$i":"ok","$v":"U redu"},{"$i":"back","$v":"Natrag"},{"$i":"help","$v":"Pomoć"},{"$i":"cancel","$v":"Poništi"},{"$i":"close","$v":"Zatvori"},{"$i":"skip","$v":"Preskoči"},{"$i":"enable","$v":"Omogući"},{"$i":"turnOn","$v":"Uključi"},{"$i":"save","$v":"Spremi"},{"$i":"select","$v":"Odaberi"},{"$i":"deselect","$v":"Poništi odabir"},{"$i":"go","$v":"Idi"},{"$i":"search","$v":"Traži"},{"$i":"options","$v":"Opcije"},{"$i":"exit","$v":"Izađi"},{"$i":"signIn","$v":"Prijava"},{"$i":"dismiss","$v":"Odbaci"},{"$i":"dismiss-all","$v":"Odbaci sve"},{"$i":"undo","ariaLabel":"Poništi"},{"$i":"lockscreenEnterLockCode","$v":"Unesite kod od 4 znamenke"},{"$i":"lockscreenCheckLockCode","$v":"Kod nije točan. Pokušajte ponovno."},{"$i":"lockscreenDeviceLocked","$v":"Uređaj je zaključan, pokušajte ponovo nakon 30 sekundi."},{"$i":"pocketmodeLongPress","$v":"Povuci ili prit."},{"$i":"pocketmodeToUnlock","$v":"za otključavanje"},{"$i":"enterPIN","$v":"Unesite 6-znam. kod za otključavanje"},{"$i":"mediaPlaybackTrack","$v":"Naziv i izvođač pjesme"},{"$i":"mediaPlaybackControls","$v":"Kontrole reprodukcije"},{"$i":"mediaPlaybackPrevious","$v":"Prethodno"},{"$i":"mediaPlaybackPlay","$v":"Reproduciraj"},{"$i":"mediaPlaybackPause","$v":"Stanka"},{"$i":"mediaPlaybackNext","$v":"Dalje"},{"$i":"UnknownTrack","$v":"Nepoznata pjesma"},{"$i":"wifiButton-on","$v":"Wi-Fi uključen"},{"$i":"wifiButton-on-initializing","$v":"Wi-Fi uključen, pokreće se"},{"$i":"wifiButton-off","$v":"Wi-Fi isključen"},{"$i":"dataButton-on","$v":["Podaci ",{"t":"idOrVar","v":"type"}," uključeni"]},{"$i":"dataButton-off","$v":["Podaci ",{"t":"idOrVar","v":"type"}," isključeni"]},{"$i":"bluetoothButton-on","$v":"Bluetooth je uključen"},{"$i":"bluetoothButton-on-initializing","$v":"Bluetooth uključen, incijalizacija"},{"$i":"bluetoothButton-off","$v":"Bluetooth je isključen"},{"$i":"airplaneMode-on","$v":"Uključen je zrakoplovni način"},{"$i":"airplaneMode-off","$v":"Isključen je zrakoplovni način"},{"$i":"airplaneOff","$v":"Isključi zrakoplovni način rada"},{"$i":"settingsButton","ariaLabel":"Postavke"},{"$i":"simLabel","$v":["SIM ",{"t":"idOrVar","v":"id"}]},{"$i":"statusbarLabel","$v":[{"t":"idOrVar","v":"date"},", ",{"t":"idOrVar","v":"operator"}]},{"$i":"statusbarDateFormat","$v":"%b %e"},{"$i":"statusbar","ariaLabel":"Statusna traka"},{"$i":"statusbarBattery","ariaLabel":["Postotak baterije: ",{"t":"idOrVar","v":"level"}]},{"$i":"statusbarBatteryCharging","ariaLabel":["Postotak baterije: ",{"t":"idOrVar","v":"level"},", punjenje"]},{"$i":"statusbarFlightMode","ariaLabel":"Uključen je zrakoplovni način"},{"$i":"statusbarWiFiConnecting","$v":"Wi-Fi: povezivanje"},{"$i":"statusbarWiFiConnected","$v":["Wi-Fi: ",{"t":"idOrVar","v":"level"}," od 4 crtice"]},{"$i":"statusbarSignal","$v":["Mreža operatera ",{"t":"idOrVar","v":"operator"},", ",{"t":"idOrVar","v":"level"}," od 5 crtica"]},{"$i":"statusbarSignalRoaming","$v":["Mreža operatera ",{"t":"idOrVar","v":"operator"}," (roaming), ",{"t":"idOrVar","v":"level"}," od 5 crtica"]},{"$i":"statusbarSignalNoneSearching","$v":"Traženje... Samo hitni poz."},{"$i":"statusbarHeadphones","ariaLabel":"Slušalice su uključene"},{"$i":"statusbarBluetoothHeadphones","ariaLabel":"Bluetooth slušalice su uključene"},{"$i":"statusbarBluetoothTransferring","ariaLabel":"Bluetooth prijenos je aktivan"},{"$i":"statusbarIconOn-tethering","$v":"Dij. int. veze uklj."},{"$i":"statusbarIconOnActive-tethering","$v":"Dij. int. veze uklj., aktivno"},{"$i":"statusbarAlarm","ariaLabel":"Alarm je uključen"},{"$i":"statusbarIME","ariaLabel":"IME uključen"},{"$i":"statusbarIconOn-bluetooth","$v":"Bluetooth je uključen"},{"$i":"statusbarIconOnActive-bluetooth","$v":"Bluetooth uključen, aktivno"},{"$i":"statusbarIconOn-mute","$v":"Isključenje mikrofona uključeno"},{"$i":"statusbarIconOn-vibration","$v":"Vibracija uključena"},{"$i":"statusbarRecording","ariaLabel":"Snima se"},{"$i":"statusbarGeolocation","ariaLabel":"Geolokacija je uključena"},{"$i":"statusbarUsb","ariaLabel":"USB uključen"},{"$i":"statusbarForwarding","$v":"Uključeno je preusmjeravanje poziva"},{"$i":"statusbarPlaying","ariaLabel":"Reproduciranje medija"},{"$i":"statusbarNfc","ariaLabel":"NFC uključen"},{"$i":"statusbarDownloads","ariaLabel":"Preuzimanje…"},{"$i":"statusbarNetworkActivity","ariaLabel":"Umrežavanje je uključeno"},{"$i":"statusbarEmergencyCBNotification","ariaLabel":"Hitni povratni poziv"},{"$i":"statusbarNotifications","$v":{"few":[{"t":"idOrVar","v":"n"}," obavijesti"],"many":[{"t":"idOrVar","v":"n"}," obavijesti"],"one":[{"t":"idOrVar","v":"n"}," obavijesti"],"other":[{"t":"idOrVar","v":"n"}," obavijesti"],"two":[{"t":"idOrVar","v":"n"}," obavijesti"]},"$x":[{"t":"idOrVar","v":"plural"},"n"]},{"$i":"statusbarNotifications-unread","ariaLabel":{"$x":[{"t":"idOrVar","v":"plural"},"n"],"$v":{"few":["Nepročitanih poruka: ",{"t":"idOrVar","v":"n"}],"many":["Nepročitanih poruka: ",{"t":"idOrVar","v":"n"}],"one":[{"t":"idOrVar","v":"n"}," nepročitana poruka"],"other":["Nepročitanih poruka: ",{"t":"idOrVar","v":"n"}],"two":["Nepročitanih poruka: ",{"t":"idOrVar","v":"n"}]}}},{"$i":"clear","$v":"Izbriši"},{"$i":"clear-all","$v":"Očisti sve"},{"$i":"notification-title","$v":{"few":[{"t":"idOrVar","v":"n"}," obavijesti"],"many":[{"t":"idOrVar","v":"n"}," obavijesti"],"one":[{"t":"idOrVar","v":"n"}," obavijesti"],"other":[{"t":"idOrVar","v":"n"}," obavijesti"],"two":[{"t":"idOrVar","v":"n"}," obavijesti"],"zero":[{"t":"idOrVar","v":"n"}," obavijesti"]},"$x":[{"t":"idOrVar","v":"plural"},"n"]},{"$i":"notification-dialog-no-notices","$v":"Nema obavijesti"},{"$i":"notification-title-new","$v":{"few":[{"t":"idOrVar","v":"n"}," obavijesti"],"many":[{"t":"idOrVar","v":"n"}," obavijesti"],"other":[{"t":"idOrVar","v":"n"}," obavijesti"],"two":[{"t":"idOrVar","v":"n"}," obavijesti"],"one":["Obavijesti: ",{"t":"idOrVar","v":"n"}],"zero":["Obavijesti: ",{"t":"idOrVar","v":"n"}]},"$x":[{"t":"idOrVar","v":"plural"},"n"]},{"$i":"notification-dialog-no-notices-new","$v":"Nema obavijesti"},{"$i":"tcl-ntf-open","$v":"Otvori"},{"$i":"tcl-ntf-next_song","$v":"Dalje"},{"$i":"tcl-ntf_play","$v":"Reproduciraj"},{"$i":"tcl-ntf-pause","$v":"Stanka"},{"$i":"tcl-ntf-dismiss-all","$v":"Odbacivanje svega"},{"$i":"tcl-ntf-dismiss","$v":"Odbaci"},{"$i":"tcl-ntf-toaster-clear","$v":"Obav. odbač."},{"$i":"tcl-ntf-toaster-clear-all","$v":"Obav. odbač."},{"$i":"attentionScreen-tapToShow","$v":"Dodirnite za prikaz"},{"$i":"tcl-cmas-ok","$v":"U redu"},{"$i":"tcl-cmas-screen-help","$v":"Pritis. U redu za dod. inf."},{"$i":"tcl-cmas-title","$v":"Upozorenje za CMAS"},{"$i":"camera","$v":"Fotoaparat"},{"$i":"tcl-dflt-value-level","$v":"Postavi razinu vrijednosti"},{"$i":"tcl-dflt-range-value-name","$v":"Razina"},{"$i":"newVoicemails","$v":{"few":["Novih glasovnih poruka: ",{"t":"idOrVar","v":"n"}],"many":["Novih glasovnih poruka: ",{"t":"idOrVar","v":"n"}],"one":"1 nova gl. poruka","other":["Novih glasovnih poruka: ",{"t":"idOrVar","v":"n"}],"two":["Novih glasovnih poruka: ",{"t":"idOrVar","v":"n"}],"zero":"Novih novih glasovnih poruka"},"$x":[{"t":"idOrVar","v":"plural"},"n"]},{"$i":"newVoicemailsUnknown","$v":"Nova glasovna pošta"},{"$i":"dialNumber","$v":["Biraj ",{"t":"idOrVar","v":"number"}]},{"$i":"voicemailNotificationMultiSim","$v":["(SIM ",{"t":"idOrVar","v":"n"},") ",{"t":"idOrVar","v":"title"}]},{"$i":"euRoamingNotificationTitle","$v":"Otkriven je internet EU-a"},{"$i":"euRoamingNotificationMsg","$v":"Dodirnite za promjenu."},{"$i":"restart","$v":"Ponovi"},{"$i":"power","$v":"Isključivanje"},{"$i":"lock","$v":"Zaključaj"},{"$i":"cleanup","$v":"Očistite memoriju"},{"$i":"no-recent-app-windows","$v":"Ovdje se prikazuju vaši nedavni prozori s aplikacijama"},{"$i":"no-recent-browser-windows","$v":"Ovdje se prikazuju vaši nedavni prozori preglednika"},{"$i":"closeCard","ariaLabel":"Zatvori"},{"$i":"openCard","ariaLabel":"Otvori"},{"$i":"yes","$v":"Da"},{"$i":"no","$v":"Ne"},{"$i":"dontallow","$v":"Ne dopusti"},{"$i":"allow","$v":"Dopusti"},{"$i":"dontshare-geolocation","$v":"Ne dijeli"},{"$i":"share-geolocation","$v":"Podijeli"},{"$i":"dontshare-audio-capture","$v":"Ne dijeli"},{"$i":"share-audio-capture","$v":"Podijeli"},{"$i":"dontshare-video-capture","$v":"Ne dijeli"},{"$i":"share-video-capture","$v":"Podijeli"},{"$i":"dontshare-media-capture","$v":"Ne dijeli"},{"$i":"share-media-capture","$v":"Podijeli"},{"$i":"device-front","$v":"Prednja kamera"},{"$i":"device-back","$v":"Stražnja kamera"},{"$i":"front-camera","$v":"Prednja kamera"},{"$i":"back-camera","$v":"Stražnja kamera"},{"$i":"more-info","$v":"Dodatne informacije..."},{"$i":"hide-info","$v":"Sakrij informacije"},{"$i":"tcl-permission","$v":"Dopuštenje"},{"$i":"install-app","$v":["Želite li instalirati ",{"t":"idOrVar","v":"name"},"?"]},{"$i":"size","$v":"Veličina"},{"$i":"author","$v":"Autor"},{"$i":"size-unknown","$v":"Nepoznato"},{"$i":"author-unknown","$v":"Nepoznato"},{"$i":"install","$v":"Instaliraj"},{"$i":"bytes","$v":"bajtova"},{"$i":"kB","$v":"kB"},{"$i":"MB","$v":"MB"},{"$i":"GB","$v":"GB"},{"$i":"TB","$v":"TB"},{"$i":"PB","$v":"PB"},{"$i":"app-install-generic-error","$v":["Preuzimanje aplikacije ",{"t":"idOrVar","v":"appName"}," je zaustavljeno"]},{"$i":"app-install-download-failed","$v":["Preuzimanje aplikacije ",{"t":"idOrVar","v":"appName"}," nije uspjelo"]},{"$i":"app-install-install-failed","$v":["Instalacija aplikacije ",{"t":"idOrVar","v":"appName"}," nije uspjela"]},{"$i":"cancelling-will-not-refund","$v":"Ako otk. kup., nećete dobiti pov. novca. Pov. novca za plać. sadržaj daje izv. prodavatelj."},{"$i":"apps-can-be-installed-later","$v":"Aplikacije se mogu instalirati poslije iz izvornog izvora za instalaciju."},{"$i":"are-you-sure-you-want-to-cancel","$v":"Želite li doista otkazati tu instalaciju?"},{"$i":"cancel-install","$v":"Otkaži inst."},{"$i":"cancel-install-button","$v":"Otkaži inst."},{"$i":"resume","$v":"Nastavi"},{"$i":"continue","$v":"Nastavi"},{"$i":"stopDownloading","$v":["Zaustaviti preuzimanje ",{"t":"idOrVar","v":"app"},"?"]},{"$i":"app-download-can-be-restarted","$v":"Preuzimanje se poslije može ponovno pokrenuti."},{"$i":"app-download-stop-button","$v":"Zaustavi preuzimanje"},{"$i":"not-enough-space","$v":"Nema dovoljno prostora"},{"$i":"not-enough-space-message","$v":"Nema dovoljno mjesta za instaliranje ove aplikacije. Oslobodite mjesto brisanjem starih aplikacija ili medija pa pokušajte ponovno instalirati  iz originalnog izvora."},{"$i":"app-install-success","$v":["Aplikacija ",{"t":"idOrVar","v":"appName"}," je instalirana"]},{"$i":"app-install-update","$v":["Aplikacija ",{"t":"idOrVar","v":"appName"}," je ažurirana"]},{"$i":"langpack-install-success2","$v":["Aplikacija ",{"t":"idOrVar","v":"appName"}," je instalirana. Da biste to omogućili, otvorite Postavke > Jezik."]},{"$i":"setup","$v":"Postavljanje"},{"$i":"ime-addkeyboards","$v":"Dodaj tipkovnice"},{"$i":"ime-lowercase","$v":"Mala slova"},{"$i":"ime-uppercase","$v":"Veliko slovo"},{"$i":"ime-number","$v":"Broj"},{"$i":"ime-capitalize","$v":"Kapitaliziraj"},{"$i":"ime-t9","$v":"T9"},{"$i":"ime-r9","$v":"R9"},{"$i":"ime-predictive","$v":"Prediktivno"},{"$i":"ime-insert-word","$v":"Umetnite riječ"},{"$i":"ime-voice-input-messsage","$v":"Dugo pritisnite U redu za govor u tekstnom polju."},{"$i":"later","$v":"Kasnije"},{"$i":"download","$v":"Preuzimanje"},{"$i":"wantToDownload","$v":"Želite li odmah preuzeti ažuriranje?"},{"$i":"wantToInstallNow","$v":"Želite li instalirati ažuriranje odmah? Telefon nećete moći koristiti nekoliko minuta."},{"$i":"installNow","$v":"Instaliraj odmah"},{"$i":"notNow","$v":"Ne sada"},{"$i":"downloadingUpdateMessage","innerHTML":{"$o":["Preuzimanje ažuriranja… <span>Preuzeto ",{"t":"idOrVar","v":"progress"},".</span>"]}},{"$i":"downloadingAppMessage","$v":["Preuzima se ",{"t":"idOrVar","v":"appName"}]},{"$i":"downloadingAppProgressNoMax","$v":["Preuzeto ",{"t":"idOrVar","v":"progress"}]},{"$i":"downloadingAppProgressIndeterminate","$v":"Preuzimanje"},{"$i":"downloadingAppProgress","$v":["Preuzeto ",{"t":"idOrVar","v":"progress"}," / ",{"t":"idOrVar","v":"max"}]},{"$i":"cancelAllDownloads","$v":"Otk. sva preuz."},{"$i":"wantToCancelAll","$v":"Želite li doista otkazati sva preuzimanja?"},{"$i":"downloadError","$v":"Pojavila se pogreška pri preuzimanju ažuriranja."},{"$i":"updateAvailableInfo","innerHTML":{"$x":[{"t":"idOrVar","v":"plural"},"n"],"$v":{"few":{"$o":["Dostupno ažuriranja: ",{"t":"idOrVar","v":"n"},". <span>Dotaknite da biste pronašli više informacija.</span>"]},"many":{"$o":["Dostupno ažuriranja: ",{"t":"idOrVar","v":"n"},". <span>Dotaknite da biste pronašli više informacija.</span>"]},"one":{"$o":["Dostupno je ",{"t":"idOrVar","v":"n"}," ažuriranje. <span>Dotaknite da biste pronašli više informacija.</span>"]},"other":{"$o":["Dostupno ažuriranja: ",{"t":"idOrVar","v":"n"},". <span>Dotaknite da biste pronašli više informacija.</span>"]},"two":{"$o":["Dostupno ažuriranja: ",{"t":"idOrVar","v":"n"},". <span>Dotaknite da biste pronašli više informacija.</span>"]}}}},{"$i":"numberOfUpdates","$v":{"few":[{"t":"idOrVar","v":"n"}," obavijesti"],"many":[{"t":"idOrVar","v":"n"}," obavijesti"],"one":[{"t":"idOrVar","v":"n"}," obavijesti"],"other":[{"t":"idOrVar","v":"n"}," obavijesti"],"two":[{"t":"idOrVar","v":"n"}," obavijesti"]},"$x":[{"t":"idOrVar","v":"plural"},"n"]},{"$i":"systemUpdate","$v":"Ažuriranje sustava"},{"$i":"systemUpdateReady","$v":"Ažur. sust. spremno"},{"$i":"updates","$v":"Ažuriranja"},{"$i":"systemUpdateLowBatteryThreshold","$v":["Za instaliranje ažuriranja potrebno vam je barem ",{"t":"idOrVar","v":"threshold"},"% baterije."]},{"$i":"required","$v":"Obavezno"},{"$i":"uncompressingMessage","innerHTML":{"$o":"Dekompresija… <span>Moglo bi potrajati nekoliko minuta.</span>"}},{"$i":"downloadWifiPrioritizedUsing2G","$v":"Kada Wi-Fi nije dostupan, ažuriranja se preuzimaju putem podatkovne veze. Pri korištenju podatkovne veze moguće je blokiranje telefonskih poziva i mogući su dodatni troškovi."},{"$i":"downloadWifiPrioritized3","$v":"Kada Wi-Fi nije dostupan, ažuriranja se preuzimaju putem podatkovne veze. Pri korištenju podatkovne veze mogući su dodatni troškovi."},{"$i":"downloadNoWifiWarning","$v":"Wi-Fi nije dostupan. Ažuriranje putem trenutačne veze može izazvati dodatne troškove."},{"$i":"downloadOfflineWarning2","$v":"Povežite se s mrežom da biste preuzeli ažuriranja."},{"$i":"downloadUpdatesViaDataConnection","$v":"Želite li preuzeti ažuriranja putem podatkovne veze?"},{"$i":"downloadUpdatesVia2GForbidden3","$v":"Preuzimanje ažuriranja nije moguće kada su veze spore (2G). Povežite se putem Wi-Fija ili 3G mreže (ako su dostupni) pa pokušajte ponovno."},{"$i":"downloadUpdatesViaDataConnectionMessage3","$v":"Pri korištenju podatkovne veze mogući su dodatni troškovi. Želite li nastaviti?"},{"$i":"downloadUpdatesViaDataRoamingConnection","$v":"Želite li preuzeti ažuriranja putem podatkovnog roaminga?"},{"$i":"downloadUpdatesViaDataRoamingConnectionMessage","$v":"Trenutačno ste u roamingu i mogući su dodatni troškovi. Želite li nastaviti?"},{"$i":"screenshotSaved","$v":"Sn. zaslona spr. u galeriju"},{"$i":"screenshotFailed","$v":"Snimka zaslona se ne može spremiti"},{"$i":"screenshotNoSDCard","$v":"Nije pronađena nijedna memorijska kartica"},{"$i":"screenshotSDCardInUse","$v":"Memorijska se kartica koristi"},{"$i":"screenshotSDCardLow","$v":"Nema dovoljno prostora na memorijskoj kartici"},{"$i":"emergency-call-button","$v":"Hitni poziv"},{"$i":"emergency-call","$v":"Hitni slučaj"},{"$i":"unlock-a11y-button","ariaLabel":"Otključaj"},{"$i":"camera-a11y-button","ariaLabel":"Fotoaparat"},{"$i":"longDateFormat","$v":"%a, %B %d, %Y"},{"$i":"clockDateFormat","$v":"%a, %e %b"},{"$i":"panel-passcode","ariaLabel":"Ploča zaporke"},{"$i":"open-notification","$v":"otvori"},{"$i":"unlock","$v":"Otključaj"},{"$i":"login","$v":"Prijava"},{"$i":"sign-in-to-website","$v":"Prijava na web-mjesto"},{"$i":"username","$v":"Korisničko ime"},{"$i":"password","$v":"Lozinka"},{"$i":"show-password","$v":"Prikaži lozinku"},{"$i":"http-authentication-message2","$v":["Web-mjesto ",{"t":"idOrVar","v":"host"}," zahtjeva prijavu."]},{"$i":"error-message","$v":[{"t":"idOrVar","v":"name"}," ne učitava se kako valja"]},{"$i":"error-title","$v":[{"t":"idOrVar","v":"name"}," ima problema"]},{"$i":"unable-to-connect","$v":"Povezivanje nije moguće"},{"$i":"tap-to-check-settings","$v":"Dodir. za provj. postavki"},{"$i":"set","$v":"Postavi"},{"$i":"delete-title","$v":["Izbriši ",{"t":"idOrVar","v":"name"}]},{"$i":"delete-body","$v":[{"t":"idOrVar","v":"name"}," i svi povezani podaci bit će izbrisani."]},{"$i":"delete","$v":"Deinstaliraj"},{"$i":"delete-desc","$v":"Jeste li sigurni da ga želite deinstalirati?"},{"$i":"unrecoverable-error-title","$v":"Ukloni aplikaciju"},{"$i":"unrecoverable-error-body","$v":"Aplikacija se ne može instalirati zbog nepopravljive pogreške. Pokušajte ponovno preuzeti. Aplikacija će se ukloniti."},{"$i":"unrecoverable-error-action","$v":"U redu"},{"$i":"instant-settings","$v":"brze postavke"},{"$i":"settings","$v":"Postavke"},{"$i":"flashlight","$v":"Bljeskalica"},{"$i":"brightness","$v":"Svjetlina"},{"$i":"volume","$v":"Glasnoća"},{"$i":"calculator","$v":"Kalkulator"},{"$i":"airplane-mode","$v":"Zrakoplovni način"},{"$i":"wifi","$v":"Wi-Fi"},{"$i":"bluetooth","$v":"Bluetooth"},{"$i":"cellular-data","$v":"Mobilni podaci"},{"$i":"on","$v":"Uključeno"},{"$i":"off","$v":"Isključeno"},{"$i":"percentage-number","$v":[{"t":"idOrVar","v":"number"}," %"]},{"$i":"select-time","$v":"Odabir vremena"},{"$i":"select-date","$v":"Odabir datuma"},{"$i":"tcl-select-day","$v":"Odabir dana"},{"$i":"tcl-add","$v":"Dodaj"},{"$i":"battery-almost-empty-plug-in-your-charger","$v":"Baterija vam je slaba. Priključite punjač."},{"$i":"battery-temperature-warning-header","$v":"Upozorenje"},{"$i":"battery-temperature-high","$v":"Temperatura je previsoka. Telefon će se isključiti ako temperatura nastavi rasti."},{"$i":"battery-temperature-high-stop-charging","$v":"Temperatura je previsoka. Baterija se prestala puniti. Telefon će se isključiti ako temperatura nastavi rasti."},{"$i":"battery-temperature-low","$v":"Temperatura je preniska. Telefon će se isključiti ako temperatura nastavi opadati."},{"$i":"battery-temperature-low-stop-charging","$v":"Temperatura je preniska. Baterija se prestala puniti. Telefon će se isključiti ako temperatura nastavi opadati."},{"$i":"crash-dialog2-os","$v":[{"t":"idOrVar","v":"brandShortName"}," se upravo oporavio od rušenja"]},{"$i":"crash-dialog-app","$v":[{"t":"idOrVar","v":"name"}," se upravo srušio"]},{"$i":"crash-dialog-app-noname","$v":"Nešto"},{"$i":"crash-dialog-message","$v":"Želite li KaiOS-u poslati izvješće o rušenju i pridonijeti rješavanju problema? (Izvješća se šalju samo putem Wi-Fija.)"},{"$i":"crash-info-link","$v":"Što je izvješće o rušenju?"},{"$i":"crash-always-report","$v":"Uvijek pošalje sustavu KaiOS-u izvješće kada dođe do rušenja."},{"$i":"crash-dont-send","$v":"Ne šalji"},{"$i":"crash-end","$v":"Pošalji izvješće"},{"$i":"crashReports","$v":"Izvješća o rušenju"},{"$i":"done","$v":"Dovršeno"},{"$i":"crash-reports-description-1","$v":"Izvješće o rušenju sadrži neke detalje o rušenju i vašem uređaju te snimku statusa uređaja u trenutku rušenja uređaja."},{"$i":"crash-reports-description-2","$v":"To može obuhvaćati stvari kao što su otvorene stranice i aplikacije, tekst upisan u obrasce i sadržaj otvorenih poruka, nedavna povijest pregledavanja ili geolokacija koju koristi otvorena aplikacija."},{"$i":"crash-reports-description-3-start","$v":"Uz izvješća o rušenju nastojimo ispraviti probleme i poboljšati proizvode. Vašim podacima baratamo kako je opisano u našoj "},{"$i":"crash-reports-description-3-privacy","$v":"pravila privatnosti"},{"$i":"crash-reports-description-3-end","$v":"."},{"$i":"crash-banner-os2","$v":[{"t":"idOrVar","v":"brandShortName"}," se upravo srušio."]},{"$i":"crash-banner-app","$v":[{"t":"idOrVar","v":"name"}," se upravo srušio."]},{"$i":"crash-banner-report","$v":"Izvješće"},{"$i":"bluetooth-sending-progress","$v":"Pošalji datoteku putem Bluetootha"},{"$i":"bluetooth-receiving-progress","$v":"Prim. dat. put. Bluetootha"},{"$i":"acceptFileTransfer","$v":"Prijenos zahtjeva"},{"$i":"requestToReceive","$v":[{"t":"idOrVar","v":"deviceName"}," želi prenijeti datoteke. Prihvaćate li?"]},{"$i":"wantToReceiveFile","$v":[{"t":"idOrVar","v":"deviceName"}," želi prenijeti ",{"t":"idOrVar","v":"fileName"}," (",{"t":"idOrVar","v":"fileSize"},")."]},{"$i":"transfer-confirmation-title","$v":[{"t":"idOrVar","v":"deviceName"}]},{"$i":"transfer-confirmation-description","$v":"Pregledajte zaht. za prijen."},{"$i":"byteUnit-B","$v":"Bajtovi"},{"$i":"byteUnit-KB","$v":"kB"},{"$i":"byteUnit-MB","$v":"MB"},{"$i":"byteUnit-GB","$v":"GB"},{"$i":"byteUnit-TB","$v":"TB"},{"$i":"byteUnit-PB","$v":"PB"},{"$i":"byteUnit-EB","$v":"EB"},{"$i":"byteUnit-ZB","$v":"ZB"},{"$i":"byteUnit-YB","$v":"YB"},{"$i":"fileSize","$v":[{"t":"idOrVar","v":"size"}," ",{"t":"idOrVar","v":"unit"}]},{"$i":"deny","$v":"Odbij"},{"$i":"transfer","$v":"Prijenos"},{"$i":"accept","$v":"Prihvati"},{"$i":"stop","$v":"Zaustavi"},{"$i":"cancelFileTransfer","$v":"Želite otk. Bluetooth prij. dat.?"},{"$i":"continueFileTransfer","$v":"Nastavi"},{"$i":"transfer-has-started-title","$v":"Prijenos datoteke spreman je za početak"},{"$i":"transfer-has-started-description","$v":"Čekanje potvrde"},{"$i":"transfer-has-started-toast","$v":"Započeo je prijenos datoteke. Provjerite tijek u Obavijestima"},{"$i":"transferFinished-sentSuccessful-title","$v":"Datoteka je poslana"},{"$i":"transferFinished-receivedSuccessful-title","$v":"Datoteka je primljena"},{"$i":"transferFinished-failed-title","$v":"Neuspelo"},{"$i":"transferFinished-try-again-description","$v":"Datoteka se trenutno ne može poslati. Pokušajte ponovno poslije."},{"$i":"transferReport-title","$v":"Prijenos izvješća:"},{"$i":"transferReport-description","$v":["Uspjelo datoteka: ",{"t":"idOrVar","v":"numSuccessful"},", neuspjelo datoteka: ",{"t":"idOrVar","v":"numUnsuccessful"}]},{"$i":"unknown-file","$v":"Nepoznata datoteka"},{"$i":"unknown-device","$v":"Nepoznati uređaj"},{"$i":"cannotOpenFile","$v":"Primljena se datoteka ne može primiti"},{"$i":"unknownMediaTypeToOpenFile","$v":["Ne može se otvoriti nepoznata vrsta medija: ",{"t":"idOrVar","v":"fileName"}]},{"$i":"cannotReceiveFile","$v":"Datoteka se ne može primiti"},{"$i":"cannotGetStorageState","$v":"Status pohrane uređaja ne može se dohvatiti."},{"$i":"sdcard-not-exist2","$v":"Nije pronađena nijedna memorijska kartica. Umetnite memorijsku karticu."},{"$i":"sdcard-in-use","$v":"Bluetooth se ne može koristiti dok je telefon priključen. Isključite telefon da biste primali datoteke."},{"$i":"sdcard-no-space2","$v":"Prijenos nije moguće dovršiti: memorijska je kartica puna."},{"$i":"unknown-error","$v":"Nepoznata pogreška"},{"$i":"confirm","$v":"Potvrdi"},{"$i":"stopTransferTitle","$v":"Zaustavi prijenos datoteka"},{"$i":"stopTransferContent","$v":"Želite li zaustaviti prijenos datoteka putem Bluetooth veze?"},{"$i":"storage","$v":"Memorija"},{"$i":"sdcard-detected-title","$v":"Otkrivena je SD kartica"},{"$i":"no-sdcard-title","$v":"Nema SD kartice"},{"$i":"sdcard-total-size-body","$v":["Uk. vel.: ",{"t":"idOrVar","v":"size"}," ",{"t":"idOrVar","v":"unit"}]},{"$i":"sdcard-unknown-size-then-tap-to-format-body","$v":"Nepoznata veličina, dodirnite za formatiranje"},{"$i":"sdcard-removed-title","$v":"Uklonjena je SD kartica"},{"$i":"sdcard-removed-ejected-successfully","$v":"Uspješno izbačeno"},{"$i":"sdcard-removed-not-ejected-properly","$v":"Nije ispravno izbačeno"},{"$i":"set-sdcard-as-default-media-location","$v":"Otkr. SD kartica. Post. SD kart. kao zad. lok. za medije?"},{"$i":"no-sdcard-content","$v":"Umetnite SD karticu i dobijte više prostora."},{"$i":"sim-confirmation-content","$v":["Mobilni podaci dodijeljeni su SIM kartici",{"t":"idOrVar","v":"n"},"."]},{"$i":"sim-confirmation-title","$v":"SIM kartica je promijenjena"},{"$i":"sim-confirmation-notice-title","$v":"SIM kartica je promijenjena"},{"$i":"sim-confirmation-notice","$v":"Odaberite za prikaz pojedinosti."},{"$i":"sim-hot-plug","$v":"Telefon će se ponovo pokrenuti"},{"$i":"sim-hot-plug-empty","$v":"Telefon će se ponovno pokrenuti jer su SIM kartice izvađene."},{"$i":"sim-hot-plug-empty-confirm","$v":"Provjerite je li SIM kartica do kraja izvučena pa pritisnite U redu za ponovno pokretanje."},{"$i":"noSimCard","$v":"Nema SIM kartice"},{"$i":"lockedSim","$v":"Zaključani SIM"},{"$i":"noService","$v":"Nema usluge"},{"$i":"eccOnly","$v":"Emergency calls only"},{"$i":"nocard-eccOnly","$v":"No SIM card-Emergency calls only"},{"$i":"unusablecard-eccOnly","$v":"Unusable SIM card-Emergency calls only"},{"$i":"searching","$v":"Searching"},{"$i":"simPin","$v":"PIN za SIM"},{"$i":"pukCode","$v":"PUK kod"},{"$i":"nckCode","$v":"NCK kod"},{"$i":"cckCode","$v":"CCK kod"},{"$i":"spckCode","$v":"SPCK kod"},{"$i":"nck1code","$v":"NCK1 kod"},{"$i":"nck2code","$v":"NCK2 kod"},{"$i":"hnckcode","$v":"HNCK kod"},{"$i":"rcckcode","$v":"RCCK kod"},{"$i":"rspckcode","$v":"RSPCK kod"},{"$i":"ncklockContent","$v":["Utor",{"t":"idOrVar","v":"n"}," je nck zaključan."]},{"$i":"whatIsSimPin","$v":"Što je PIN za SIM?"},{"$i":"simPinIntro1","$v":"SIM PIN sprječava pristup mobilnim podatkovnim mrežama SIM kartice. Kada se omogući, svaki uređaj koji sadrži SIM karticu zatražit će PIN nakon ponovno pokretanja."},{"$i":"simPinIntro2","$v":"SIM PIN nije isto što i zaporka koja služi za otključavanje uređaja."},{"$i":"changeSimPin","$v":"Promijeni PIN"},{"$i":"pinTitle","$v":"Unesite PIN za SIM"},{"$i":"multiSIMpinTitle","$v":["Unesite PIN za SIM ",{"t":"idOrVar","v":"n"}]},{"$i":"multiSIMpukTitle","$v":["Unesite PUK",{"t":"idOrVar","v":"n"}," PIN"]},{"$i":"multiSIMnckTitle","$v":["Unesite NCK",{"t":"idOrVar","v":"n"}," PIN"]},{"$i":"multiSIMxckTitle","$v":["Unesi SIM",{"t":"idOrVar","v":"n"}," ",{"t":"idOrVar","v":"type"}]},{"$i":"xckTitle","$v":["Unesite kod ",{"t":"idOrVar","v":"type"}]},{"$i":"xckCode","$v":[{"t":"idOrVar","v":"type"}," kod"]},{"$i":"xckBlocked","$v":[{"t":"idOrVar","v":"type"}," blokiran"]},{"$i":"pukTitle","$v":"Unesite PUK kod"},{"$i":"nckTitle","$v":"Unesite NCK kod"},{"$i":"cckTitle","$v":"Unesite CCK kod"},{"$i":"spckTitle","$v":"Unesite SPCK kod"},{"$i":"nck1Title","$v":"Unesite NCK1 kod"},{"$i":"nck2Title","$v":"Unesite NCK2 kod"},{"$i":"hnckTitle","$v":"Unesite HNCK kod"},{"$i":"rcckTitle","$v":"Unesite RCCK kod"},{"$i":"rspckTitle","$v":"Unesite RSPCK kod"},{"$i":"newpinTitle","$v":"Novi PIN"},{"$i":"inputCodeRetriesLeft","$v":{"few":["Preostalo pokušaja: ",{"t":"idOrVar","v":"n"},"."],"many":["Preostalo pokušaja: ",{"t":"idOrVar","v":"n"},"."],"one":"Preostao je 1 pokušaj.","other":["Preostalo pokušaja: ",{"t":"idOrVar","v":"n"},"."],"two":["Preostalo pokušaja: ",{"t":"idOrVar","v":"n"},"."]},"$x":[{"t":"idOrVar","v":"plural"},"n"]},{"$i":"pinErrorMsg","$v":"Netočan PIN."},{"$i":"pinAttemptMsg2","$v":{"few":["Preostalo vam je ",{"t":"idOrVar","v":"n"}," pokušaja unosa točnog koda prije zaključavanja SIM kartice."],"many":["Preostalo vam je ",{"t":"idOrVar","v":"n"}," pokušaja unosa točnog koda prije zaključavanja SIM kartice."],"one":"Preostao vam je jedan pokušaj unosa točnog koda prije zaključavanja SIM kartice.","other":["Preostalo vam je ",{"t":"idOrVar","v":"n"}," pokušaja unosa točnog koda prije zaključavanja SIM kartice."],"two":["Preostalo vam je ",{"t":"idOrVar","v":"n"}," pokušaja unosa točnog koda prije zaključavanja SIM kartice."]},"$x":[{"t":"idOrVar","v":"plural"},"n"]},{"$i":"pinLastChanceMsg","$v":"Ovo vam je zadnja prilika za unos točnog PIN-a. Ako ga ne unesete, morat ćete unijeti PUK da biste koristili ovu SIM karticu."},{"$i":"simCardLockedMsg","$v":"SIM kartica je zaključana."},{"$i":"enterPukMsg","$v":"Morate unijeti osobni ključ za otključavanje (PUK) za SIM karticu. Proučite dokumentaciju uz SIM karticu ili se za dodatne informacije obratite operateru."},{"$i":"pukErrorMsg","$v":"Netočan PUK."},{"$i":"pukAttemptMsg2","$v":{"few":["Imate još ",{"t":"idOrVar","v":"n"}," pokušaja za unos točnog koda prije nego što ova SIM kartica postane trajno neupotrebljiva. Proučite dokumentaciju uz SIM karticu ili zatražite dodatne informacije od operatera."],"many":["Imate još ",{"t":"idOrVar","v":"n"}," pokušaja za unos točnog koda prije nego što ova SIM kartica postane trajno neupotrebljiva. Proučite dokumentaciju uz SIM karticu ili zatražite dodatne informacije od operatera."],"one":"Imate još jedan pokušaj unosa točnog koda prije nego što ova SIM kartica postane trajno neupotrebljiva. Proučite dokumentaciju uz SIM karticu ili zatražite dodatne informacije od operatera.","other":["Imate još ",{"t":"idOrVar","v":"n"}," pokušaja za unos točnog koda prije nego što ova SIM kartica postane trajno neupotrebljiva. Proučite dokumentaciju uz SIM karticu ili zatražite dodatne informacije od operatera."],"two":["Imate još ",{"t":"idOrVar","v":"n"}," pokušaja za unos točnog koda prije nego što ova SIM kartica postane trajno neupotrebljiva. Proučite dokumentaciju uz SIM karticu ili zatražite dodatne informacije od operatera."]},"$x":[{"t":"idOrVar","v":"plural"},"n"]},{"$i":"pukLastChanceMsg","$v":"Zadnja prilika za unos točnog PUK koda. Ako unesete pogrešan PUK kod, SIM kartica ostat će trajno neupotrebljiva. Pogledajte dokumentaciju SIM kartice ili zatražite dodatne informacije od operatera."},{"$i":"cardPermanentlyLockMsg-head","$v":"Netočan PUK."},{"$i":"cardPermanentlyLockMsg-body","$v":"Vaša je SIM kartica trajno zaključana. Obratite se operateru za dodatne informacije."},{"$i":"newSimPinMsg","$v":"Izradite PIN (mora sadržavati 4 do 8 brojki)"},{"$i":"confirmNewSimPinMsg","$v":"Potvrdite novi PIN"},{"$i":"newPinErrorMsg","$v":"PIN-ovi se ne podudaraju."},{"$i":"nckErrorMsg","$v":"NCK kod nije točan."},{"$i":"nckAttemptMsg2","$v":{"few":["Zahtjev za depers. mreže nije uspio. Za unos točn. koda ostalo je ",{"t":"idOrVar","v":"n"}," pok. Pogl. dokumentaciju uređaja ili zatražite dodatne inf. od operatera."],"many":["Zahtjev za depers. mreže nije uspio. Za unos toč. koda ostalo je ",{"t":"idOrVar","v":"n"}," pok. Pogl. dokument. uređ. ili zatražite dod. informacije od operatera."],"one":"Zahtjev za depers. mreže nije uspio. Za unos toč. koda ostao je 1 pok. Pogl. dokument. uređ. ili zatražite dod. informacije od operatera.","other":["Zahtjev za depersonalizaciju mreže nije uspio. Za unos točnog koda preostalo vam je ",{"t":"idOrVar","v":"n"}," pokušaja. Pogledajte dokumentaciju uređaja ili zatražite dodatne informacije od operatera."],"two":["Zahtjev za depers. mreže nije uspio. Za unos toč. koda ostalo je ",{"t":"idOrVar","v":"n"}," pok. Pogl. dokument. uređ. ili zatražite dod. informacije od operatera."]},"$x":[{"t":"idOrVar","v":"plural"},"n"]},{"$i":"nckLastChanceMsg","$v":"Nije uspio zahtjev za depersonalizaciju mreže. Zadnja prilika za unos točnog NCK koda. Pogledajte dokumentaciju uređaja ili zatražite dodatne informacije od operatera."},{"$i":"sim-attention-header","$v":"SIM zaključan"},{"$i":"multiSIM-attention-header","$v":["SIM",{"t":"idOrVar","v":"n"}," kartica je zaključana"]},{"$i":"sim-attention-head","$v":"SIM kartica je zaključana."},{"$i":"sim-attention-body","$v":"Želite li upisati PUK kod da biste otključali SIM karticu?"},{"$i":"enter-puk-rsk","$v":"Unesite PUK"},{"$i":"verify-rsk","$v":"Dovršeno"},{"$i":"activity-pick","$v":"Odabir pošiljatelja"},{"$i":"activity-view","$v":"Prikaz uz"},{"$i":"activity-test","$v":"Testiraj uz"},{"$i":"activity-share","$v":"Podijeli"},{"$i":"activity-new","$v":"Izradi pomoću"},{"$i":"activity-open","$v":"Otvori programom"},{"$i":"activity-save-bookmark","$v":"Knjižna oznaka za"},{"$i":"activity-record","$v":"Snimaj iz izvora"},{"$i":"activity-browse","$v":"Pregledaj pomoću"},{"$i":"activity-configure","$v":"Konfiguriraj pomoću"},{"$i":"activity-dial","$v":"Biraj od"},{"$i":"remoteDebuggerMessage","$v":"Otkriven je dolazni zahtjev za dopuštanje veze za daljinsko otklanjanje programskih pogrešaka. Želite li dopustiti vezu?"},{"$i":"captive-wifi-available","$v":["Pronađena je mreža ",{"t":"idOrVar","v":"networkName"},". Pridružiti se?"]},{"$i":"ceWarningtitle","$v":"Upozorenje o glasnoći"},{"$i":"ceWarningcontent","$v":"Da biste spriječili oštećenje sluha, nemojte predugo slušati preglasan zvuk."},{"$i":"is-volume-type-notification","$v":"Melodije zvona i dojave"},{"$i":"is-volume-type-telephony","$v":"Glasnoća"},{"$i":"is-volume-type-alarm","$v":"Alarm"},{"$i":"is-volume-type-content","$v":"Mediji"},{"$i":"tcl-volume-type-notification","$v":"Melodije zvona i dojave"},{"$i":"tcl-volume-type-telephony","$v":"Glasnoća"},{"$i":"volume-type-alarm","$v":"Alarm"},{"$i":"volume-type-content","$v":"Mediji"},{"$i":"vibrate-only","$v":"Samo vibracija"},{"$i":"silent","$v":"Bez zvuka"},{"$i":"vibrate-on","$v":"Vibracija: uključena"},{"$i":"vibrate-off","$v":"Vibracija: isključena"},{"$i":"vibrate","$v":"Vibracija"},{"$i":"tcl-volume","$v":["Glasnoća:",{"t":"idOrVar","v":"n"},"/",{"t":"idOrVar","v":"c"}]},{"$i":"notification-powersaving-mode-on-title","$v":"Način uštede energije"},{"$i":"notification-powersaving-mode-on-description","$v":"Uključen je način uštede energije."},{"$i":"low-device-storage","$v":"Ponestaje prostora za pohranu na uređaju."},{"$i":"storage-alert","$v":"Upozorenje o pohrani"},{"$i":"phone-almost-full","$v":"Telefon je gotovo pun."},{"$i":"free-space","$v":{"few":["Ostalo je manje od ",{"t":"idOrVar","v":"value"}," ",{"t":"idOrVar","v":"unit"},"."],"many":["Preostalo je manje od ",{"t":"idOrVar","v":"value"}," ",{"t":"idOrVar","v":"unit"},"."],"one":["Preostalo je manje od ",{"t":"idOrVar","v":"value"}," ",{"t":"idOrVar","v":"unit"},"."],"other":["Preostalo je manje od ",{"t":"idOrVar","v":"value"}," ",{"t":"idOrVar","v":"unit"},"."],"two":["Preostalo je manje od ",{"t":"idOrVar","v":"value"}," ",{"t":"idOrVar","v":"unit"},"."],"zero":"Nema preostalog slobodnog prostora."},"$x":[{"t":"idOrVar","v":"plural"},"value"]},{"$i":"unknown-free-space","$v":"Nepoznati preostali prostor."},{"$i":"can-delete-data-to-get-space","$v":"Možete izbrisati neke medijske datoteke ili upravljati podacima aplikacija radi oslobađanja prostora."},{"$i":"should-delete-data-to-get-space","$v":"Trebate izbrisati neke medijske datoteke ili upravljati podacima aplikacije za dobivanje više slobodnog prostora prije nego što nastavite s korištenjem uređaja."},{"$i":"storage-full-level-1-title","$v":"Telefon je gotovo pun"},{"$i":"storage-full-level-2-title","$v":"Pohr. tel. puna."},{"$i":"delete-to-get-space","$v":"Da biste oslobodili prostor, izbrišite multimedijske datoteke, podatke aplikacija ili preuzete aplikacije."},{"$i":"delete-to-get-space-level-2","$v":"Da biste oslobodili prostor, izbrišite multimedijske datoteke, podatke aplikacija ili preuzete aplikacije, inače telefon neće raditi kako treba."},{"$i":"system-alert","$v":"Sistemska dojava"},{"$i":"cb-channel","$v":["Kanal ",{"t":"idOrVar","v":"channel"}]},{"$i":"cell-broadcast-subtitle","$v":"Mobilno emitiranje"},{"$i":"cb-etws-warningType-earthquake","$v":"Upozorenje o potresu!"},{"$i":"cb-etws-warningType-tsunami","$v":"Upozorenje o cunamiju!"},{"$i":"cb-etws-warningType-earthquake-tsunami","$v":"Upozorenje o potresu-cunamiju!"},{"$i":"cb-etws-warningType-test","$v":"Testira se sustav upozorenja."},{"$i":"cb-etws-warningType-other","$v":"Upozorenje o hitnosti!"},{"$i":"icc-message-maintitle","$v":"Poruka operatora"},{"$i":"icc-message-subtitle","$v":"SIM"},{"$i":"icc-confirmCall-defaultmessage","$v":["Želite li nazvati ",{"t":"idOrVar","v":"number"},"?"]},{"$i":"icc-alertMessage-defaultmessage","$v":"Slanje poruke"},{"$i":"icc-confirmMessage-defaultmessage","$v":"Pošalji poruku"},{"$i":"icc-notification-title","$v":["SIM ",{"t":"idOrVar","v":"id"}," STK"]},{"$i":"icc-inputbox-maintitle","$v":"STK upit"},{"$i":"icc-inputbox-subtitle","$v":["SIM ",{"t":"idOrVar","v":"id"}]},{"$i":"emergency-callback-mode","$v":"Način rada za povratni poziv"},{"$i":"emergency-callback-message","$v":"Ne možete upućivati pozive, slati poruke niti se povezivati s internetom jer je omogućen način hitnih poziva. Želite li ga isključiti?"},{"$i":"cdma-record-info","$v":"Informacije o CDMA zapisu"},{"$i":"download_started","$v":"Preuzimanje je počelo"},{"$i":"download_stopped","$v":"Preuzimanje je zaustavljeno"},{"$i":"download_downloading","$v":[{"t":"idOrVar","v":"percentage"},"%"]},{"$i":"download_succeeded","$v":"Preuzimanje je dovršeno"},{"$i":"download_failed","$v":"Preuzimanje nije uspjelo"},{"$i":"update_succeeded","$v":"Ažuriranje je dovršeno"},{"$i":"download_text_by_default","$v":[{"t":"idOrVar","v":"name"}]},{"$i":"phone-storage-full-title","$v":"Pohrana telefona je puna"},{"$i":"phone-storage-full-warning","$v":"Preuzimanje datoteke nije moguće. Izbrišite medijske datoteke ili podatke aplikacije za oslobađanje prostora. Možete umetnuti i SD karticu za proširivanje medijske pohrane."},{"$i":"sdcard-storage-full-title","$v":"SD kartica je puna."},{"$i":"sdcard-storage-full-warning","$v":"Preuzimanje datoteke nije moguće. Izbrišite datoteke na SD kartici za oslobađanje prostora."},{"$i":"opt-settings","$v":"Postavke"},{"$i":"search-the-web","$v":"Pretraži web"},{"$i":"search-or-enter-address","$v":"Potraži ili unesi adresu","placeholder":"Potraži ili unesi adresu"},{"$i":"search-or-enter-url","$v":"Potraži ili unesi URL","placeholder":"Potraži ili unesi URL"},{"$i":"back-button","ariaLabel":"Natrag"},{"$i":"forward-button","ariaLabel":"Proslijedi"},{"$i":"reload-button","ariaLabel":"Ponovno učitanje"},{"$i":"stop-button","ariaLabel":"Zaustavi"},{"$i":"windows-button","ariaLabel":"Prikaži prozore"},{"$i":"noHotspotWhenAPMisOnWifiHotspot","$v":"Za kor. Wi-Fi prist. toč. isključite zrak. način."},{"$i":"apmActivated","$v":"Aktiviran je zrakoplovni način"},{"$i":"save-image","$v":"Spremi sliku"},{"$i":"save-video","$v":"Spremi videozapis"},{"$i":"save-audio","$v":"Spremi zvuk"},{"$i":"share-image","$v":"Dijeli sliku"},{"$i":"share-video","$v":"Dijeli videozapis"},{"$i":"share-audio","$v":"Dijeli zvuk"},{"$i":"tcl-cancelButtonId","$v":"Poništi"},{"$i":"tcl-not-send","$v":"Ne šalji"},{"$i":"tcl-send-report","$v":"Pošalji izvješće"},{"$i":"refresh","$v":"Osvježi"},{"$i":"goBack","$v":"Vrati se"},{"$i":"goForward","$v":"Idi dalje"},{"$i":"goToTopSites","$v":"Idi na najpopularnija web-mjesta"},{"$i":"pinToTopSites","$v":"Prikvači na najpopularnija web-mjesta"},{"$i":"pinToAllApps","$v":"Zakvači na Sve aplikacije"},{"$i":"pinToAppsMenu","$v":"Zakvači na Izbornik aplikacija"},{"$i":"viewMessages","$v":"Prikaz poruka"},{"$i":"downloadImage","$v":"Preuzmi sliku"},{"$i":"quit","$v":"Odustani"},{"$i":"minimizeBrowser","$v":"Minimiziraj preglednik"},{"$i":"pinSiteCompletely","$v":"Ovo je web-mj. prikv. na Najpopularnija web-mj."},{"$i":"siteWasPinnedBefore","$v":"Ovo je web-mj. već prikv. na Najpopularnija web-mj."},{"$i":"pinnedSitesOverLimit","$v":"Dosegnuli ste najveći dopušteni broj prikvačenih web-mjesta."},{"$i":"pressBackAgainToQuitBrowser","$v":"Ponovno pritisnite NATRAG za izlaz iz preglednika."},{"$i":"pressBackAgainToMinimizeBrowser","$v":"Pritisnite NATRAG za minimiziranje preglednika."},{"$i":"pinSiteToAllAppsCompletely","$v":"Ovo je web-mjesto zakvačeno na Sve aplikacije."},{"$i":"pinSiteToAppsMenuCompletely","$v":"To je web-mjesto zakvačeno na Izbornik aplikacija."},{"$i":"siteWasPinnedToAllAppsBefore","$v":"Ovo je web-mjesto već zakvačeno na Sve aplikacije."},{"$i":"siteWasPinnedToAppsMenuBefore","$v":"Ovo je web-mjesto već zakvačeno na Izbornik aplikacija."},{"$i":"ext-bluetooth-req","$v":"Zahtjev za uparivanjem"},{"$i":"ext-unknown","$v":"NEPOZNATO"},{"$i":"ext-new-message","$v":"Nova poruka"},{"$i":"ext-new-mail","$v":"Nova poruka pošte"},{"$i":"ext-calendar-event","$v":"Kalendarski događaj"},{"$i":"ext-new-notification","$v":"Nove obavijesti"},{"$i":"incoming","$v":"Dolazni"},{"$i":"ext-volume-notification","$v":"Mel. zv. i obavijesti"},{"$i":"ext-volume-content","$v":"Mediji"},{"$i":"ext-volume-alarm","$v":"Alarm"},{"$i":"ext-new-cmas","$v":"Hitni slučaj"},{"$i":"phone-storage-full-body","$v":"Snimanje poziva zaustavljeno. Izbrišite medijske datoteke ili podatke aplikacije za oslobađanje prostora."},{"$i":"sd-card-full-title","$v":"SD kartica je puna."},{"$i":"sd-card-full-body","$v":"Snimanje poziva zaustavljeno. Izbrišite datoteke na SD kartici za oslobađanje prostora."},{"$i":"supl-notification-title","$v":"Zahtjev za lokaciju"},{"$i":"supl-notification-message","$v":"Vaša se lozinka prenosi operateru."},{"$i":"supl-verification-title","$v":"Zahtjev za lokaciju"},{"$i":"supl-verification-message","$v":"Operater zahtijeva vašu lokaciju. Želite li navesti podatke o lokaciji operateru?"},{"$i":"supl-verification-message-for-notification","$v":"Kliknite ovdje za potvrdu"},{"$i":"supl-verification-confirm","$v":"Da"},{"$i":"supl-verification-cancel","$v":"Ne"},{"$i":"supl-more-message","$v":["Poruka: ",{"t":"idOrVar","v":"id"}," (",{"t":"idOrVar","v":"message"},")"]},{"$i":"confirmPbapMsg","$v":[{"t":"idOrVar","v":"deviceId"}," želi pristupati vašim kontaktima i povijesti poziva; prihvaćate li?"]},{"$i":"confirmTitle","$v":"Zahtjev za Bluetooth"},{"$i":"initialValue","$v":"Unesite ključ sesije"},{"$i":"confirmMapMsg","$v":[{"t":"idOrVar","v":"deviceId"}," želi pristupati vašim porukama. Prihvaćate li?"]},{"$i":"wifiCallErrorMsg","$v":["Pogreška Wifi poziva: ",{"t":"idOrVar","v":"error"}]},{"$i":"wifiCallMissEccTitle","$v":[{"t":"idOrVar","v":"operator"}," WiFi Calling"]},{"$i":"wifiCallMissEccMsg","$v":"Emergency calls in areas with cellular coverage only"},{"$i":"battery-full-title","$v":"Baterija je napunjena"},{"$i":"battery-full-body","$v":"Baterija nije potpuno napunjena."},{"$i":"sim-config-title","$v":"Konfiguracija"},{"$i":"sim-config-content-init","$v":["Pritisnite ZAPOČNI za konfiguriranje telefona za ",{"t":"idOrVar","v":"carrier"},"."]},{"$i":"sim-config-content-change","$v":["Želite li konfigurirati telefon za ",{"t":"idOrVar","v":"carrier"},"?"]},{"$i":"sim-config-content-line1","$v":"Dobro napravljeno!"},{"$i":"sim-config-content-restart","$v":"Ponovno pokrenite telefon za primjenu promjena."},{"$i":"sim-config-content-finish","$v":"Pritisnite U redu za povezivanje."},{"$i":"sim-config-content-failed","$v":["Nije moguće pronaći profil za ",{"t":"idOrVar","v":"carrier"},"."]},{"$i":"sim-config-button-restart","$v":"Ponovi"},{"$i":"sim-config-button-begin","$v":"Početi"},{"$i":"open-wifi-available","$v":"Otvorite dostupne Wi-Fi mreže"},{"$i":"wifi-available","$v":"Dostupne Wi-Fi mreže"},{"$i":"wifi-no-internet-title","$v":"Wi-Fi nema pristupa internetu"},{"$i":"wifi-no-internet-body","$v":"Tap for options"},{"$i":"wifi-no-internet-header","$v":"Wi-Fi"},{"$i":"wifi-no-internet-content","$v":[{"t":"idOrVar","v":"name"}," nema pristupa internetu, želite li ostati povezani?"]},{"$i":"ellipses_char","$v":"…"},{"$i":"fota-title-attention","$v":"Pažnja"},{"$i":"fota-upgrade-success","$v":["Nadogradnja firmvera je uspjela, vaš uređaj sad ima verziju ",{"t":"idOrVar","v":"target"},"."]},{"$i":"fota-upgrade-failed","$v":"Nadogradnja nije uspjela, prethodna verzija vraćena."},{"$i":"fota-title-software-update","$v":"Ažuriranje softvera"},{"$i":"fota-message-software-update-available","$v":"Dostupno je ažuriranje softvera."},{"$i":"fota-message-software-download-failed","$v":"Preuzimanje ažuriranja softvera nije uspjelo."},{"$i":"fota-message-software-download-complete","$v":"Preuzimanje ažuriranja softvera je dovršeno."},{"$i":"network-issue-title","$v":"Pogreška mreže"},{"$i":"network-issue-detail","$v":"Provjerite svoju vezu."},{"$i":"device-issue-title","$v":"Pogreška pri instalaciji"},{"$i":"device-issue-detail","$v":"Došlo je do nepoznate pogreške."},{"$i":"device-issue-update-title","$v":"Pogreška ažuriranja"},{"$i":"install-generic-error","$v":"Preuzimanje je zaustavljeno."},{"$i":"account-authenticator-invaild-grant-notice-title","$v":"Pogreška računa"},{"$i":"account-authenticator-invaild-grant-notice-text","$v":"Ponovno se prijavite"},{"$i":"account-authenticator-no-network-error","$v":"Nema internetske veze."},{"$i":"account-authenticator-access-denied-error","$v":"Došlo je do nepoznate pogreške."},{"$i":"qtn_els_alert_high_vol","$v":"Upozorenje o velikoj količini"},{"$i":"qtn_els_alert_in_call","$v":"Traje poziv"},{"$i":"GetEmptyUssdPrompt","$v":"Primljen je niži odgovor."},{"$i":"message-sent","$v":"Poruka je poslana"},{"$i":"send","$v":"Pošalji"},{"$i":"confirmation","$v":"Potvrda"},{"$i":"feedback-dialogview-header","$v":"Povratne informacije"},{"$i":"feedback-dialogview-message","$v":"HMD Global cijeni vaše mišljenje, pa nam kažite što mislite o novom telefonu. Ako u anketi budete htjeli sudjelovati poslije, potražite je u postavkama."},{"$i":"accessibility-enableScreenReaderSteps","$v":"To enable screen reader, press the volume up and then volume down buttons three more times"},{"$i":"accessibility-disableScreenReaderSteps","$v":"To disable screen reader, press the volume up and then volume down buttons three more times"},{"$i":"accessibility-screenReaderStarted","$v":"Screen reader started"},{"$i":"accessibility-screenReaderStopped","$v":"Screen reader stopped"},{"$i":"accessibility-menubar","$v":"menu bar"},{"$i":"accessibility-scrollbar","$v":"scroll bar"},{"$i":"accessibility-grip","$v":"grip"},{"$i":"accessibility-alert","$v":"alert"},{"$i":"accessibility-menupopup","$v":"menu popup"},{"$i":"accessibility-document","$v":"document"},{"$i":"accessibility-pane","$v":"pane"},{"$i":"accessibility-dialog","$v":"dialogue"},{"$i":"accessibility-separator","$v":"separator"},{"$i":"accessibility-toolbar","$v":"toolbar"},{"$i":"accessibility-statusbar","$v":"status bar"},{"$i":"accessibility-table","$v":"table"},{"$i":"accessibility-columnheader","$v":"column header"},{"$i":"accessibility-rowheader","$v":"row header"},{"$i":"accessibility-column","$v":"column"},{"$i":"accessibility-row","$v":"row"},{"$i":"accessibility-cell","$v":"cell"},{"$i":"accessibility-link","$v":"link"},{"$i":"accessibility-list","$v":"list"},{"$i":"accessibility-listitem","$v":"list item"},{"$i":"accessibility-outline","$v":"outline"},{"$i":"accessibility-outlineitem","$v":"outline item"},{"$i":"accessibility-pagetab","$v":"tab"},{"$i":"accessibility-propertypage","$v":"property page"},{"$i":"accessibility-graphic","$v":"graphic"},{"$i":"accessibility-pushbutton","$v":"button"},{"$i":"accessibility-checkbutton","$v":"check button"},{"$i":"accessibility-radiobutton","$v":"radio button"},{"$i":"accessibility-combobox","$v":"combo box"},{"$i":"accessibility-progressbar","$v":"progress bar"},{"$i":"accessibility-slider","$v":"slider"},{"$i":"accessibility-spinbutton","$v":"spin button"},{"$i":"accessibility-diagram","$v":"diagram"},{"$i":"accessibility-animation","$v":"animation"},{"$i":"accessibility-equation","$v":"equation"},{"$i":"accessibility-buttonmenu","$v":"button menu"},{"$i":"accessibility-whitespace","$v":"white space"},{"$i":"accessibility-pagetablist","$v":"tab list"},{"$i":"accessibility-canvas","$v":"canvas"},{"$i":"accessibility-checkmenuitem","$v":"check menu item"},{"$i":"accessibility-label","$v":"label"},{"$i":"accessibility-passwordtext","$v":"password text"},{"$i":"accessibility-radiomenuitem","$v":"radio menu item"},{"$i":"accessibility-textcontainer","$v":"text container"},{"$i":"accessibility-togglebutton","$v":"toggle button"},{"$i":"accessibility-treetable","$v":"tree table"},{"$i":"accessibility-header","$v":"header"},{"$i":"accessibility-footer","$v":"footer"},{"$i":"accessibility-paragraph","$v":"paragraph"},{"$i":"accessibility-entry","$v":"entry"},{"$i":"accessibility-caption","$v":"caption"},{"$i":"accessibility-heading","$v":"heading"},{"$i":"accessibility-section","$v":"section"},{"$i":"accessibility-form","$v":"form"},{"$i":"accessibility-comboboxlist","$v":"combo box list"},{"$i":"accessibility-comboboxoption","$v":"combo box option"},{"$i":"accessibility-imagemap","$v":"image map"},{"$i":"accessibility-listboxoption","$v":"option"},{"$i":"accessibility-listbox","$v":"list box"},{"$i":"accessibility-flatequation","$v":"flat equation"},{"$i":"accessibility-gridcell","$v":"gridcell"},{"$i":"accessibility-note","$v":"note"},{"$i":"accessibility-figure","$v":"figure"},{"$i":"accessibility-definitionlist","$v":"definition list"},{"$i":"accessibility-term","$v":"term"},{"$i":"accessibility-definition","$v":"definition"},{"$i":"accessibility-textarea","$v":"text area"},{"$i":"accessibility-textInputType_date","$v":"date"},{"$i":"accessibility-textInputType_email","$v":"e-mail"},{"$i":"accessibility-textInputType_search","$v":"search"},{"$i":"accessibility-textInputType_tel","$v":"telephone"},{"$i":"accessibility-textInputType_url","$v":"URL"},{"$i":"accessibility-headingLevel","$v":["heading level ",{"t":"idOrVar","v":"0"}]},{"$i":"accessibility-listStart","$v":"First item"},{"$i":"accessibility-listEnd","$v":"Last item"},{"$i":"accessibility-listItemsCount","$v":{"few":[{"t":"idOrVar","v":"count"}," items"],"many":[{"t":"idOrVar","v":"count"}," items"],"one":[{"t":"idOrVar","v":"count"}," item"],"other":[{"t":"idOrVar","v":"count"}," items"],"two":[{"t":"idOrVar","v":"count"}," items"],"zero":[{"t":"idOrVar","v":"count"}," items"]},"$x":[{"t":"idOrVar","v":"plural"},"count"]},{"$i":"accessibility-objItemOfN","$v":[{"t":"idOrVar","v":"0"}," of ",{"t":"idOrVar","v":"1"}]},{"$i":"accessibility-banner","$v":"banner"},{"$i":"accessibility-complementary","$v":"complementary"},{"$i":"accessibility-contentinfo","$v":"content info"},{"$i":"accessibility-main","$v":"main"},{"$i":"accessibility-navigation","$v":"navigation"},{"$i":"accessibility-search","$v":"search"},{"$i":"accessibility-tblColumnInfo","$v":{"few":["with ",{"t":"idOrVar","v":"count"}," columns"],"many":["with ",{"t":"idOrVar","v":"count"}," columns"],"one":["with ",{"t":"idOrVar","v":"count"}," column"],"other":["with ",{"t":"idOrVar","v":"count"}," columns"],"two":["with ",{"t":"idOrVar","v":"count"}," columns"],"zero":["with ",{"t":"idOrVar","v":"count"}," columns"]},"$x":[{"t":"idOrVar","v":"plural"},"count"]},{"$i":"accessibility-tblRowInfo","$v":{"few":["and ",{"t":"idOrVar","v":"count"}," rows"],"many":["and ",{"t":"idOrVar","v":"count"}," rows"],"one":["and ",{"t":"idOrVar","v":"count"}," row"],"other":["and ",{"t":"idOrVar","v":"count"}," rows"],"two":["and ",{"t":"idOrVar","v":"count"}," rows"],"zero":["and ",{"t":"idOrVar","v":"count"}," rows"]},"$x":[{"t":"idOrVar","v":"plural"},"count"]},{"$i":"accessibility-columnInfo","$v":["Column ",{"t":"idOrVar","v":"0"}]},{"$i":"accessibility-rowInfo","$v":["Row ",{"t":"idOrVar","v":"0"}]},{"$i":"accessibility-spansColumns","$v":{"few":["spans ",{"t":"idOrVar","v":"0"}," columns"],"many":["spans ",{"t":"idOrVar","v":"0"}," columns"],"one":["spans ",{"t":"idOrVar","v":"0"}," column"],"other":["spans ",{"t":"idOrVar","v":"0"}," columns"],"two":["spans ",{"t":"idOrVar","v":"0"}," columns"],"zero":["spans ",{"t":"idOrVar","v":"0"}," columns"]},"$x":[{"t":"idOrVar","v":"plural"},"0"]},{"$i":"accessibility-spansRows","$v":{"few":["spans ",{"t":"idOrVar","v":"0"}," rows"],"many":["spans ",{"t":"idOrVar","v":"0"}," rows"],"one":["spans ",{"t":"idOrVar","v":"0"}," row"],"other":["spans ",{"t":"idOrVar","v":"0"}," rows"],"two":["spans ",{"t":"idOrVar","v":"0"}," rows"],"zero":["spans ",{"t":"idOrVar","v":"0"}," rows"]},"$x":[{"t":"idOrVar","v":"plural"},"0"]},{"$i":"accessibility-jumpAction","$v":"jumped"},{"$i":"accessibility-pressAction","$v":"pressed"},{"$i":"accessibility-checkAction","$v":"checked"},{"$i":"accessibility-uncheckAction","$v":"unchecked"},{"$i":"accessibility-selectAction","$v":"selected"},{"$i":"accessibility-unselectAction","$v":"unselected"},{"$i":"accessibility-openAction","$v":"opened"},{"$i":"accessibility-closeAction","$v":"closed"},{"$i":"accessibility-switchAction","$v":"switched"},{"$i":"accessibility-clickAction","$v":"clicked"},{"$i":"accessibility-collapseAction","$v":"collapsed"},{"$i":"accessibility-expandAction","$v":"expanded"},{"$i":"accessibility-activateAction","$v":"activated"},{"$i":"accessibility-cycleAction","$v":"cycled"},{"$i":"accessibility-hidden","$v":"hidden"},{"$i":"accessibility-tabLoading","$v":"loading"},{"$i":"accessibility-tabLoaded","$v":"loaded"},{"$i":"accessibility-tabNew","$v":"new tab"},{"$i":"accessibility-tabLoadStopped","$v":"loading stopped"},{"$i":"accessibility-tabReload","$v":"reloading"},{"$i":"accessibility-stateChecked","$v":"checked"},{"$i":"accessibility-stateNotChecked","$v":"not checked"},{"$i":"accessibility-statePressed","$v":"pressed"},{"$i":"accessibility-stateExpanded","$v":"expanded"},{"$i":"accessibility-stateCollapsed","$v":"collapsed"},{"$i":"accessibility-stateUnavailable","$v":"unavailable"},{"$i":"accessibility-stateRequired","$v":"required"},{"$i":"accessibility-stateTraversed","$v":"visited"},{"$i":"accessibility-stateHasPopup","$v":"has pop up"},{"$i":"accessibility-stateSelected","$v":"selected"},{"$i":"accessibility-editingMode","$v":"editing"},{"$i":"accessibility-navigationMode","$v":"navigating"},{"$i":"accessibility-quicknav_Simple","$v":"Default"},{"$i":"accessibility-quicknav_Anchor","$v":"Anchors"},{"$i":"accessibility-quicknav_Button","$v":"Buttons"},{"$i":"accessibility-quicknav_Combobox","$v":"Combo boxes"},{"$i":"accessibility-quicknav_Landmark","$v":"Landmarks"},{"$i":"accessibility-quicknav_Entry","$v":"Entries"},{"$i":"accessibility-quicknav_FormElement","$v":"Form elements"},{"$i":"accessibility-quicknav_Graphic","$v":"Images"},{"$i":"accessibility-quicknav_Heading","$v":"Headings"},{"$i":"accessibility-quicknav_ListItem","$v":"List items"},{"$i":"accessibility-quicknav_Link","$v":"Links"},{"$i":"accessibility-quicknav_List","$v":"Lists"},{"$i":"accessibility-quicknav_PageTab","$v":"Page tabs"},{"$i":"accessibility-quicknav_RadioButton","$v":"Radio buttons"},{"$i":"accessibility-quicknav_Separator","$v":"Separators"},{"$i":"accessibility-quicknav_Table","$v":"Tables"},{"$i":"accessibility-quicknav_Checkbox","$v":"Check boxes"},{"$i":"accessibility-menubarAbbr","$v":"menu bar"},{"$i":"accessibility-scrollbarAbbr","$v":"scroll bar"},{"$i":"accessibility-gripAbbr","$v":"grip"},{"$i":"accessibility-alertAbbr","$v":"alert"},{"$i":"accessibility-menupopupAbbr","$v":"menu popup"},{"$i":"accessibility-documentAbbr","$v":"document"},{"$i":"accessibility-paneAbbr","$v":"pane"},{"$i":"accessibility-dialogAbbr","$v":"dialogue"},{"$i":"accessibility-separatorAbbr","$v":"separator"},{"$i":"accessibility-toolbarAbbr","$v":"toolbar"},{"$i":"accessibility-statusbarAbbr","$v":"status bar"},{"$i":"accessibility-tableAbbr","$v":"tbl"},{"$i":"accessibility-columnheaderAbbr","$v":"column header"},{"$i":"accessibility-rowheaderAbbr","$v":"row header"},{"$i":"accessibility-columnAbbr","$v":"column"},{"$i":"accessibility-rowAbbr","$v":"row"},{"$i":"accessibility-cellAbbr","$v":"cell"},{"$i":"accessibility-linkAbbr","$v":"lnk"},{"$i":"accessibility-listAbbr","$v":"list"},{"$i":"accessibility-listitemAbbr","$v":"list item"},{"$i":"accessibility-outlineAbbr","$v":"outline"},{"$i":"accessibility-outlineitemAbbr","$v":"outline item"},{"$i":"accessibility-pagetabAbbr","$v":"tab"},{"$i":"accessibility-propertypageAbbr","$v":"property page"},{"$i":"accessibility-graphicAbbr","$v":"graphic"},{"$i":"accessibility-pushbuttonAbbr","$v":"btn"},{"$i":"accessibility-checkbuttonAbbr","$v":"check button"},{"$i":"accessibility-radiobuttonAbbr","$v":"radio button"},{"$i":"accessibility-comboboxAbbr","$v":"combo box"},{"$i":"accessibility-progressbarAbbr","$v":"progress bar"},{"$i":"accessibility-sliderAbbr","$v":"slider"},{"$i":"accessibility-spinbuttonAbbr","$v":"spin button"},{"$i":"accessibility-diagramAbbr","$v":"diagram"},{"$i":"accessibility-animationAbbr","$v":"animation"},{"$i":"accessibility-equationAbbr","$v":"equation"},{"$i":"accessibility-buttonmenuAbbr","$v":"button menu"},{"$i":"accessibility-whitespaceAbbr","$v":"white space"},{"$i":"accessibility-pagetablistAbbr","$v":"tab list"},{"$i":"accessibility-canvasAbbr","$v":"canvas"},{"$i":"accessibility-checkmenuitemAbbr","$v":"check menu item"},{"$i":"accessibility-labelAbbr","$v":"label"},{"$i":"accessibility-passwordtextAbbr","$v":"passwdtxt"},{"$i":"accessibility-radiomenuitemAbbr","$v":"radio menu item"},{"$i":"accessibility-textcontainerAbbr","$v":"text container"},{"$i":"accessibility-togglebuttonAbbr","$v":"toggle button"},{"$i":"accessibility-treetableAbbr","$v":"tree table"},{"$i":"accessibility-headerAbbr","$v":"header"},{"$i":"accessibility-footerAbbr","$v":"footer"},{"$i":"accessibility-paragraphAbbr","$v":"paragraph"},{"$i":"accessibility-entryAbbr","$v":"entry"},{"$i":"accessibility-captionAbbr","$v":"caption"},{"$i":"accessibility-headingAbbr","$v":"heading"},{"$i":"accessibility-sectionAbbr","$v":"section"},{"$i":"accessibility-formAbbr","$v":"form"},{"$i":"accessibility-comboboxlistAbbr","$v":"combo box list"},{"$i":"accessibility-comboboxoptionAbbr","$v":"combo box option"},{"$i":"accessibility-imagemapAbbr","$v":"imgmap"},{"$i":"accessibility-listboxoptionAbbr","$v":"option"},{"$i":"accessibility-listboxAbbr","$v":"list box"},{"$i":"accessibility-flatequationAbbr","$v":"flat equation"},{"$i":"accessibility-gridcellAbbr","$v":"gridcell"},{"$i":"accessibility-noteAbbr","$v":"note"},{"$i":"accessibility-figureAbbr","$v":"fig"},{"$i":"accessibility-definitionlistAbbr","$v":"definition list"},{"$i":"accessibility-termAbbr","$v":"term"},{"$i":"accessibility-definitionAbbr","$v":"definition"},{"$i":"accessibility-textareaAbbr","$v":"txtarea"},{"$i":"accessibility-tblColumnInfoAbbr","$v":{"few":[{"t":"idOrVar","v":"count"},"c"],"many":[{"t":"idOrVar","v":"count"},"c"],"one":[{"t":"idOrVar","v":"count"},"c"],"other":[{"t":"idOrVar","v":"count"},"c"],"two":[{"t":"idOrVar","v":"count"},"c"]},"$x":[{"t":"idOrVar","v":"plural"},"count"]},{"$i":"accessibility-tblRowInfoAbbr","$v":{"few":[{"t":"idOrVar","v":"count"},"r"],"many":[{"t":"idOrVar","v":"count"},"r"],"one":[{"t":"idOrVar","v":"count"},"r"],"other":[{"t":"idOrVar","v":"count"},"r"],"two":[{"t":"idOrVar","v":"count"},"r"]},"$x":[{"t":"idOrVar","v":"plural"},"count"]},{"$i":"accessibility-cellInfoAbbr","$v":["c",{"t":"idOrVar","v":"0"},"r",{"t":"idOrVar","v":"1"}]},{"$i":"accessibility-stateCheckedAbbr","$v":"(x)"},{"$i":"accessibility-stateUncheckedAbbr","$v":"( )"},{"$i":"accessibility-statePressedAbbr","$v":"(x)"},{"$i":"accessibility-stateUnpressedAbbr","$v":"( )"},{"$i":"accessibility-pushbutton-hint","$v":"Double tap to activate"},{"$i":"accessibility-checkbutton-hint","$v":"Double tap to activate"},{"$i":"accessibility-combobox-hint","$v":"Double tap to activate"},{"$i":"accessibility-key-hint","$v":"Tap and hold to activate"},{"$i":"accessibility-link-hint","$v":"Double tap to activate"},{"$i":"accessibility-menuitem-hint","$v":"Double tap to activate"},{"$i":"accessibility-option-hint","$v":"Double tap to activate"},{"$i":"accessibility-radiobutton-hint","$v":"Double tap to activate"},{"$i":"accessibility-slider-hint","$v":"Swipe up to increase or down to decrease"},{"$i":"accessibility-spinbutton-hint","$v":"Swipe up to increase or down to decrease"},{"$i":"accessibility-pagetab-hint","$v":"Double tap to activate"},{"$i":"accessibility-entry-hint","$v":"Double tap to activate"},{"$i":"accessibility-outlineitem-hint","$v":"Double tap to activate"},{"$i":"SoftLeft","$v":"Lijeva programibilna tipka"},{"$i":"Enter","$v":"Tipka OK"},{"$i":"SoftRight","$v":"Desna programibilna tipka"},{"$i":"weekday-0-long","$v":"Nedjelja"},{"$i":"weekday-1-long","$v":"Ponedjeljak"},{"$i":"weekday-2-long","$v":"Utorak"},{"$i":"weekday-3-long","$v":"Srijeda"},{"$i":"weekday-4-long","$v":"Četvrtak"},{"$i":"weekday-5-long","$v":"Petak"},{"$i":"weekday-6-long","$v":"Subota"},{"$i":"weekday-0-short","$v":"Ned"},{"$i":"weekday-1-short","$v":"Pon"},{"$i":"weekday-2-short","$v":"Uto"},{"$i":"weekday-3-short","$v":"Sri"},{"$i":"weekday-4-short","$v":"Čet"},{"$i":"weekday-5-short","$v":"Pet"},{"$i":"weekday-6-short","$v":"Sub"},{"$i":"month-0-long","$v":"Siječanj"},{"$i":"month-1-long","$v":"Veljača"},{"$i":"month-2-long","$v":"Ožujak"},{"$i":"month-3-long","$v":"Travanj"},{"$i":"month-4-long","$v":"Svibanj"},{"$i":"month-5-long","$v":"Lipanj"},{"$i":"month-6-long","$v":"Srpanj"},{"$i":"month-7-long","$v":"Kolovoz"},{"$i":"month-8-long","$v":"Rujan"},{"$i":"month-9-long","$v":"Listopad"},{"$i":"month-10-long","$v":"Studeni"},{"$i":"month-11-long","$v":"Prosinac"},{"$i":"month-0-genitive","$v":"Siječanj"},{"$i":"month-1-genitive","$v":"Veljača"},{"$i":"month-2-genitive","$v":"Ožujak"},{"$i":"month-3-genitive","$v":"Travanj"},{"$i":"month-4-genitive","$v":"Svibanj"},{"$i":"month-5-genitive","$v":"Lipanj"},{"$i":"month-6-genitive","$v":"Srpanj"},{"$i":"month-7-genitive","$v":"Kolovoz"},{"$i":"month-8-genitive","$v":"Rujan"},{"$i":"month-9-genitive","$v":"Listopad"},{"$i":"month-10-genitive","$v":"Studeni"},{"$i":"month-11-genitive","$v":"Prosinac"},{"$i":"month-0-short","$v":"SIJEC."},{"$i":"month-1-short","$v":"VELJ."},{"$i":"month-2-short","$v":"OZUJ."},{"$i":"month-3-short","$v":"TRAV."},{"$i":"month-4-short","$v":"SVIB."},{"$i":"month-5-short","$v":"LIP."},{"$i":"month-6-short","$v":"SRP."},{"$i":"month-7-short","$v":"KOL."},{"$i":"month-8-short","$v":"RUJ."},{"$i":"month-9-short","$v":"LIST."},{"$i":"month-10-short","$v":"STUD."},{"$i":"month-11-short","$v":"PROS."},{"$i":"minutes-ago-long","$v":{"few":["Prije ",{"t":"idOrVar","v":"value"}," min"],"many":["Prije ",{"t":"idOrVar","v":"value"}," min"],"one":"prije 1 min","other":["Prije ",{"t":"idOrVar","v":"value"}," min"],"two":["Prije ",{"t":"idOrVar","v":"value"}," min"],"zero":"upravo sad"},"$x":[{"t":"idOrVar","v":"plural"},"value"]},{"$i":"hours-ago-long","$v":{"few":["Prije ",{"t":"idOrVar","v":"value"}," h"],"many":["Prije ",{"t":"idOrVar","v":"value"}," h"],"one":"prije jednog sata","other":["Prije ",{"t":"idOrVar","v":"value"}," h"],"two":["Prije ",{"t":"idOrVar","v":"value"}," h"],"zero":"upravo sad"},"$x":[{"t":"idOrVar","v":"plural"},"value"]},{"$i":"days-ago-long","$v":{"few":["Prije ",{"t":"idOrVar","v":"value"}," dana"],"many":["Prije ",{"t":"idOrVar","v":"value"}," dana"],"one":"jučer","other":["Prije ",{"t":"idOrVar","v":"value"}," dana"],"two":["Prije ",{"t":"idOrVar","v":"value"}," dana"],"zero":"danas"},"$x":[{"t":"idOrVar","v":"plural"},"value"]},{"$i":"weeks-ago-long","$v":{"few":["Prije ",{"t":"idOrVar","v":"value"}," tjed(a)na"],"many":["Prije ",{"t":"idOrVar","v":"value"}," tjed(a)na"],"one":"prošli tjedan","other":["Prije ",{"t":"idOrVar","v":"value"}," tjed(a)na"],"two":["Prije ",{"t":"idOrVar","v":"value"}," tjed(a)na"],"zero":"ovaj tjedan"},"$x":[{"t":"idOrVar","v":"plural"},"value"]},{"$i":"months-ago-long","$v":{"few":["Prije ",{"t":"idOrVar","v":"value"}," mjeseci(a)"],"many":["Prije ",{"t":"idOrVar","v":"value"}," mjeseci(a)"],"one":"prošli mjesec","other":["Prije ",{"t":"idOrVar","v":"value"}," mjeseci(a)"],"two":["Prije ",{"t":"idOrVar","v":"value"}," mjeseci(a)"],"zero":"ovaj mjesec"},"$x":[{"t":"idOrVar","v":"plural"},"value"]},{"$i":"years-ago-long","$v":{"few":["Prije ",{"t":"idOrVar","v":"value"}," godina"],"many":["Prije ",{"t":"idOrVar","v":"value"}," godina"],"one":"prošle godine","other":["Prije ",{"t":"idOrVar","v":"value"}," godina"],"two":["Prije ",{"t":"idOrVar","v":"value"}," godina"],"zero":"ova godina"},"$x":[{"t":"idOrVar","v":"plural"},"value"]},{"$i":"minutes-until-long","$v":{"few":["za ",{"t":"idOrVar","v":"value"}," min"],"many":["za ",{"t":"idOrVar","v":"value"}," min"],"one":"za minutu","other":["za ",{"t":"idOrVar","v":"value"}," min"],"two":["za ",{"t":"idOrVar","v":"value"}," min"],"zero":"sada"},"$x":[{"t":"idOrVar","v":"plural"},"value"]},{"$i":"hours-until-long","$v":{"few":["za ",{"t":"idOrVar","v":"value"}," h"],"many":["za ",{"t":"idOrVar","v":"value"}," h"],"one":"za sat vremena","other":["za ",{"t":"idOrVar","v":"value"}," h"],"two":["za ",{"t":"idOrVar","v":"value"}," h"],"zero":"sada"},"$x":[{"t":"idOrVar","v":"plural"},"value"]},{"$i":"days-until-long","$v":{"few":["za ",{"t":"idOrVar","v":"value"}," dana"],"many":["za ",{"t":"idOrVar","v":"value"}," dana"],"one":"sutra","other":["za ",{"t":"idOrVar","v":"value"}," dana"],"two":["za ",{"t":"idOrVar","v":"value"}," dana"],"zero":"danas"},"$x":[{"t":"idOrVar","v":"plural"},"value"]},{"$i":"weeks-until-long","$v":{"few":["za ",{"t":"idOrVar","v":"value"}," tjed(a)na"],"many":["za ",{"t":"idOrVar","v":"value"}," tjed(a)na"],"one":"sljedećeg tjedna","other":["za ",{"t":"idOrVar","v":"value"}," tjed(a)na"],"two":["za ",{"t":"idOrVar","v":"value"}," tjed(a)na"],"zero":"ovaj tjedan"},"$x":[{"t":"idOrVar","v":"plural"},"value"]},{"$i":"months-until-long","$v":{"few":["za ",{"t":"idOrVar","v":"value"}," mjeseci(a)"],"many":["za ",{"t":"idOrVar","v":"value"}," mjeseci(a)"],"one":"sljedećeg mjeseca","other":["za ",{"t":"idOrVar","v":"value"}," mjeseci(a)"],"two":["za ",{"t":"idOrVar","v":"value"}," mjeseci(a)"],"zero":"ovaj mjesec"},"$x":[{"t":"idOrVar","v":"plural"},"value"]},{"$i":"years-until-long","$v":{"few":["za ",{"t":"idOrVar","v":"value"}," godina"],"many":["za ",{"t":"idOrVar","v":"value"}," godina"],"one":"sljedeće godine","other":["za ",{"t":"idOrVar","v":"value"}," godina"],"two":["za ",{"t":"idOrVar","v":"value"}," godina"],"zero":"ova godina"},"$x":[{"t":"idOrVar","v":"plural"},"value"]},{"$i":"minutes-ago-short","$v":{"other":["Prije ",{"t":"idOrVar","v":"value"}," min"],"zero":"upravo sad"},"$x":[{"t":"idOrVar","v":"plural"},"value"]},{"$i":"hours-ago-short","$v":{"other":["Prije ",{"t":"idOrVar","v":"value"}," h"],"zero":"upravo sad"},"$x":[{"t":"idOrVar","v":"plural"},"value"]},{"$i":"days-ago-short","$v":{"other":["Prije ",{"t":"idOrVar","v":"value"}," dana"],"zero":"danas"},"$x":[{"t":"idOrVar","v":"plural"},"value"]},{"$i":"minutes-until-short","$v":{"other":["za ",{"t":"idOrVar","v":"value"}," min"],"zero":"sada"},"$x":[{"t":"idOrVar","v":"plural"},"value"]},{"$i":"hours-until-short","$v":{"other":["za ",{"t":"idOrVar","v":"value"}," h"],"zero":"sada"},"$x":[{"t":"idOrVar","v":"plural"},"value"]},{"$i":"days-until-short","$v":{"other":["za ",{"t":"idOrVar","v":"value"}," d."],"zero":"danas"},"$x":[{"t":"idOrVar","v":"plural"},"value"]},{"$i":"incorrectDate","$v":"(netočan datum)"},{"$i":"dateTimeFormat_%c","$v":"%a %b %e %Y %I:%M:%S %p"},{"$i":"dateTimeFormat_%x","$v":"%m/%d/%Y"},{"$i":"dateTimeFormat_%X","$v":"%I:%M:%S %p"},{"$i":"shortTimeFormat","$v":"%x %I:%M %p"},{"$i":"shortTimeFormat12","$v":"%x %I:%M %p"},{"$i":"shortTimeFormat24","$v":"%H:%M"},{"$i":"shortDateTimeFormat","$v":"%x %I:%M %p"},{"$i":"weekStartsOnMonday","$v":"0.0"},{"$i":"firstDayOfTheWeek","$v":"1.0"},{"$i":"time_am","$v":"AM"},{"$i":"time_pm","$v":"PM"},{"$i":"title-app","$v":"Dozvola aplikacije"},{"$i":"title-web","$v":"Dopuštenje web-mjesta"},{"$i":"title-cam","$v":"Odabir fotoaparata"},{"$i":"perm-alarms","$v":"Zakaži alarme"},{"$i":"perm-audio-capture","$v":"Mikrofon"},{"$i":"perm-audio-capture-appRequest","$v":["Želite li mikrofon dijeliti s aplikacijom ",{"t":"idOrVar","v":"app"},"?"]},{"$i":"perm-audio-capture-webRequest","$v":["Želite li mikrofon dijeliti s aplikacijom ",{"t":"idOrVar","v":"site"},"?"]},{"$i":"perm-audio-channel-content","$v":"Reproduciraj zvukove"},{"$i":"perm-audio-channel-notification","$v":"Repr. zv. obavijesti"},{"$i":"perm-audio-channel-ringer","$v":"Play Ringtone Sounds"},{"$i":"perm-background-sensors","$v":"Pristup senzorskim podacima"},{"$i":"perm-bluetooth","$v":"Bluetooth"},{"$i":"perm-browser","$v":"Pregled web-stranica"},{"$i":"perm-camera","$v":"Kamere"},{"$i":"perm-camera-selector-appRequest","$v":["Odabir kamere za ",{"t":"idOrVar","v":"app"},"."]},{"$i":"perm-camera-selector-webRequest","$v":["Odabir kamere za ",{"t":"idOrVar","v":"site"},"."]},{"$i":"perm-camera-appRequest","$v":[{"t":"idOrVar","v":"app"}," želi koristiti vašu kameru."]},{"$i":"perm-camera-webRequest","$v":[{"t":"idOrVar","v":"site"}," želi koristiti vašu kameru."]},{"$i":"perm-cellbroadcast","$v":"Mobilna emitiranja"},{"$i":"perm-contacts","$v":"Kontakti"},{"$i":"perm-contacts-appRequest","$v":[{"t":"idOrVar","v":"app"}," želi pristupati vašem popisu kontakata."]},{"$i":"perm-contacts-webRequest","$v":[{"t":"idOrVar","v":"site"}," želi pristupati vašem popisu kontakata."]},{"$i":"perm-desktop-notification","$v":"Obavijesti"},{"$i":"perm-desktop-notification-appRequest","$v":[{"t":"idOrVar","v":"app"}," želi prikazivati obavijesti."]},{"$i":"perm-desktop-notification-webRequest","$v":[{"t":"idOrVar","v":"site"}," želi prikazivati obavijesti."]},{"$i":"perm-device-storage-apps","$v":"Pohrana aplikacija"},{"$i":"perm-device-storage-music","$v":"Pohrana glazbe"},{"$i":"perm-device-storage-music-appRequest","$v":[{"t":"idOrVar","v":"app"}," želi pristupati vašoj glazbi."]},{"$i":"perm-device-storage-music-webRequest","$v":[{"t":"idOrVar","v":"site"}," želi pristupati vašoj glazbi."]},{"$i":"perm-device-storage-pictures","$v":"Pohrana slike"},{"$i":"perm-device-storage-pictures-appRequest","$v":[{"t":"idOrVar","v":"app"}," želi pristupati vašim slikama."]},{"$i":"perm-device-storage-pictures-webRequest","$v":[{"t":"idOrVar","v":"site"}," želi pristupati vašim slikama."]},{"$i":"perm-device-storage-sdcard","$v":"Pohrana na memorijskoj kartici"},{"$i":"perm-device-storage-sdcard-appRequest","$v":[{"t":"idOrVar","v":"app"}," želi pristupati vašoj memorijskoj kartici."]},{"$i":"perm-device-storage-sdcard-webRequest","$v":[{"t":"idOrVar","v":"site"}," želi pristupati vašoj memorijskoj kartici."]},{"$i":"perm-device-storage-videos","$v":"Videopohrana"},{"$i":"perm-device-storage-videos-appRequest","$v":[{"t":"idOrVar","v":"app"}," želi pristupati vašim videozapisima."]},{"$i":"perm-device-storage-videos-webRequest","$v":[{"t":"idOrVar","v":"site"}," želi pristupati vašim videozapisima."]},{"$i":"perm-fullscreen-appRequest","$v":[{"t":"idOrVar","v":"app"}," se sad prikazuje preko cijelog zaslona."]},{"$i":"perm-fullscreen-webRequest","$v":[{"t":"idOrVar","v":"site"}," se sad prikazuje preko cijelog zaslona."]},{"$i":"perm-embed-apps","$v":"Ugradnja aplikacija"},{"$i":"perm-fmradio","$v":"FM radio"},{"$i":"perm-fmradio-appRequest","$v":[{"t":"idOrVar","v":"app"}," želi koristiti FM radio."]},{"$i":"perm-fmradio-webRequest","$v":[{"t":"idOrVar","v":"site"}," želi koristiti FM radio."]},{"$i":"perm-geolocation","$v":"Geolokacija"},{"$i":"perm-geolocation-appRequest","$v":[{"t":"idOrVar","v":"app"}," želi znati vašu lokaciju."]},{"$i":"perm-geolocation-more-info","$v":[{"t":"idOrVar","v":"brandShortName"}," koristi GPS te dodatne dopunske informacije kao što su Wi-Fi i mobilne mreže da bi približno odredio vašu lokaciju. ",{"t":"idOrVar","v":"brandShortName"}," i davatelji usluga mogu na temelju lokacijskih podataka poboljšavati točnost i pokrivenost baza podataka lokacije.",{"t":"idOrVar","v":"brandShortName"}," uvijek će tražiti dozvolu kada neka aplikacija mora pristupiti lokaciji uređaja."]},{"$i":"perm-geolocation-webRequest","$v":[{"t":"idOrVar","v":"site"}," želi znati vašu lokaciju."]},{"$i":"perm-idle","$v":"Pog. status pr. hoda"},{"$i":"perm-indexedDB-chrome-settings","$v":"Privileged IndexedDB"},{"$i":"perm-indexedDB-unlimited","$v":"Neograničena pohrana IndexedDB"},{"$i":"perm-input-manage","$v":"Upravljanje tipkovnicama"},{"$i":"perm-input","$v":"Funkcioniraj kao tipkovnica"},{"$i":"perm-media-capture","$v":"Kamera i mikrofon"},{"$i":"perm-media-capture-appRequest","$v":["Želite li fotoaparat i mikrofon dijeliti s aplikacijom ",{"t":"idOrVar","v":"app"},"?"]},{"$i":"perm-media-capture-webRequest","$v":["Želite li fotoaparat i mikrofon dijeliti s aplikacijom ",{"t":"idOrVar","v":"site"},"?"]},{"$i":"perm-mobileconnection","$v":"Mobilna veza"},{"$i":"perm-mobileid","$v":"Mobilni identitet"},{"$i":"perm-network-events","$v":"Mrežni događaji"},{"$i":"perm-open-remote-window","$v":"Pokreni aplikaciju"},{"$i":"perm-permissions","$v":"Izmjena dozvola za aplikacije"},{"$i":"perm-power","$v":"Postavke napajanja"},{"$i":"perm-settings","$v":"Izmjena postavki"},{"$i":"perm-systemXHR","$v":"Zahtjevi unakrsnog porijekla"},{"$i":"perm-telephony","$v":"Telefonija"},{"$i":"perm-video-capture","$v":"Fotoaparat"},{"$i":"perm-video-capture-appRequest","$v":["Želite li fotoaparat dijeliti s aplikacijom ",{"t":"idOrVar","v":"app"},"?"]},{"$i":"perm-video-capture-webRequest","$v":["Želite li fotoaparat dijeliti s aplikacijom ",{"t":"idOrVar","v":"site"},"?"]},{"$i":"perm-voicemail","$v":"Kontrola glasovne pošte"},{"$i":"perm-webapps-manage","$v":"Instaliraj web-aplikacije"},{"$i":"perm-wifi-manage","$v":"Upravljanje Wi-Fijem"},{"$i":"perm-attention","$v":"Otvori preklapajuće skočne prozore"},{"$i":"perm-audio-channel-alarm","$v":"Repr. zv. alarma"},{"$i":"perm-audio-channel-normal","$v":"Reproduciraj zvukove"},{"$i":"perm-audio-channel-publicnotification","$v":"Repr. zv. javnih obavijesti"},{"$i":"perm-audio-channel-telephony","$v":"Reproduciraj zvukove telefonije"},{"$i":"perm-backgroundservice","$v":"Funkcioniraj kao pozadinski servis"},{"$i":"perm-device-storage-crashes","$v":"Pohrana podataka o rušenju"},{"$i":"perm-downloads","$v":"Pristup preuzimanjima"},{"$i":"perm-embed-widgets","$v":"Ugradnja widgeta"},{"$i":"perm-feature-detection","$v":"Otkrivanje značajke"},{"$i":"perm-firefox-accounts","$v":"Računi za Firefox"},{"$i":"perm-mobilenetwork","$v":"Mobilna mreža"},{"$i":"perm-moz-attention","$v":"Otvori preklapajuće skočne prozore (moz)"},{"$i":"perm-moz-audio-channel-ringer","$v":"Play Ringtone Sounds (moz)"},{"$i":"perm-moz-audio-channel-telephony","$v":"Repr. zv. telefonije (moz)"},{"$i":"perm-moz-firefox-accounts","$v":"Računi za Firefox (moz)"},{"$i":"perm-networkstats-manage","$v":"Kontrola statistike o upotrebi"},{"$i":"perm-nfc","$v":"NFC"},{"$i":"perm-nfc-hci-events","$v":"NFC HCI događaji"},{"$i":"perm-nfc-manager","$v":"Upravljanje NFC.om"},{"$i":"perm-phonenumberservice","$v":"Servis broja telefona"},{"$i":"perm-push","$v":"API za push"},{"$i":"perm-resourcestats-manage","$v":"Statistike resursa"},{"$i":"perm-sms","$v":"Slanje i čitanje SMS-a"},{"$i":"perm-speaker-control","$v":"Kontrola glasnoće"},{"$i":"perm-storage","$v":"Pristup pohrani"},{"$i":"perm-tcp-socket","$v":"TCP priključci"},{"$i":"perm-test-permission","$v":"Test Permission"},{"$i":"perm-time","$v":"Postavi datum i vrijeme"},{"$i":"perm-udp-socket","$v":"UDP priključci"},{"$i":"perm-wappush","$v":"WAP Push"},{"$i":"stopped_download_title","$v":"Preuzimanje je zaustavljeno"},{"$i":"tcl-stopped_download_message","$v":"Ovo je preuzimanje zaustavljeno. Želite li nastaviti s preuzimanjem?"},{"$i":"stopped_download_left_button","$v":"Poništi"},{"$i":"stopped_download_right_button","$v":"Pokušajte ponovno"},{"$i":"failed_download_title","$v":"Preuzimanje nije uspjelo"},{"$i":"failed_download_message","$v":[{"t":"idOrVar","v":"name"}," se nije uspio preuzeti. Želite li pokušati ponovno?"]},{"$i":"failed_download_left_button","$v":"Poništi"},{"$i":"failed_download_right_button","$v":"Pokušajte ponovno"},{"$i":"stop_download_title","$v":"Zaustavi preuzimanje"},{"$i":"stop_download_message","$v":"Jeste li sigurni da želite zaustaviti preuzimanje?"},{"$i":"stop_download_left_button","$v":"Poništi"},{"$i":"stop_download_right_button","$v":"Zaustavi"},{"$i":"delete_download_title","$v":"Izbriši"},{"$i":"delete_download_message","$v":["Želite li izbrisati „",{"t":"idOrVar","v":"name"},"“?"]},{"$i":"delete_download_left_button","$v":"Poništi"},{"$i":"delete_download_right_button","$v":"Izbriši"},{"$i":"delete_all_download_title","$v":"Izbriši"},{"$i":"delete_all_download_left_button","$v":"Poništi"},{"$i":"delete_all_download_right_button","$v":"Izbriši"},{"$i":"delete_all_download_message_ext","$v":"Želite li izbrisati odabrane datoteke?"},{"$i":"delete_all_download_message","$v":{"few":["Želite li izbrisati ovoliko datoteka: ",{"t":"idOrVar","v":"number"},"?"],"many":["Želite li izbrisati ovoliko datoteka: ",{"t":"idOrVar","v":"number"},"?"],"one":"Želite li izbrisati jednu datoteku?","other":["Želite li izbrisati ovoliko datoteka: ",{"t":"idOrVar","v":"number"},"?"],"two":["Želite li izbrisati ovoliko datoteka: ",{"t":"idOrVar","v":"number"},"?"],"zero":"Ne želite izbrisati nijednu datoteku?"},"$x":[{"t":"idOrVar","v":"plural"},"number"]},{"$i":"unsupported_file_type_download_title","$v":"Otvaranje nije moguće"},{"$i":"unsupported_file_type_download_message","$v":["Nijedna aplikacija ne može otvoriti ",{"t":"idOrVar","v":"name"},". Želite li spremiti ili izbrisati tu datoteku?"]},{"$i":"unsupported_file_type_download_left_button","$v":"Zadrži datoteku"},{"$i":"unsupported_file_type_download_right_button","$v":"Izbriši"},{"$i":"file_not_found_download_title","$v":"Datoteka nije pronađena"},{"$i":"file_not_found_download_message","$v":"Datoteka nije pronađena na uređaju"},{"$i":"file_not_found_download_right_button","$v":"U redu"},{"$i":"unmounted_sdcard_2_download_title","$v":"Memorijska se kartica koristi"},{"$i":"unmounted_sdcard_2_download_message","$v":"Isključi telefon"},{"$i":"unmounted_sdcard_2_download_right_button","$v":"U redu"},{"$i":"no_provider_download_title","$v":"Otvaranje nije moguće"},{"$i":"no_provider_download_message","$v":"Ovaj format datoteke nije valjan ili nije podržan."},{"$i":"no_provider_download_right_button","$v":"U redu"},{"$i":"no_memory_download_title","$v":"SD kartica je puna"},{"$i":"no_memory_download_message","$v":"Nema više prostora za SD kartici za spremanje preuzimanja. Uklonite neke datoteke prije ponovnog preuzimanja."},{"$i":"no_memory_download_right_button","$v":"U redu"},{"$i":"no_sdcard_found_2_download_title","$v":"Nije pronađena nijedna memorijska kartica"},{"$i":"no_sdcard_found_2_download_message","$v":"Umetnite memorijsku karticu ili odaberite neko drugom zadano mjesto medija u postavkama"},{"$i":"no_sdcard_found_2_download_right_button","$v":"U redu"},{"$i":"file_open_error_download_title","$v":"Potvrda"},{"$i":"file_open_error_download_message","$v":"Ovaj datotečni oblik nije valjan ili nije podržan. Želite li izbrisati datoteku?"},{"$i":"file_open_error_download_left_button","$v":"Zadrži datoteku"},{"$i":"file_open_error_download_right_button","$v":"Izbriši"},{"$i":"restart_download_error","$v":"Pojavila se pogreška pri ponovnom pokretanju preuzimanja. Pokušajte ponovno preuzeti."},{"$i":"no-downloads","$v":"Nema preuzimanja"},{"$i":"percentage","$v":[{"t":"idOrVar","v":"percentage"}," %"]},{"$i":"partialResult","$v":[{"t":"idOrVar","v":"partial"}," / ",{"t":"idOrVar","v":"total"}]},{"$i":"summary","$v":[{"t":"idOrVar","v":"date"}," - ",{"t":"idOrVar","v":"status"}]},{"$i":"download-stopped","$v":"Zaustavljeno"},{"$i":"download-failed","$v":"Preuzimanje nije uspjelo"},{"$i":"open_downloaded_file","$v":"Otvori"},{"$i":"share_downloaded_file","$v":"Podijeli"},{"$i":"wallpaper_downloaded_file","$v":"Postavi kao pozadinu"},{"$i":"ringtone_downloaded_file","$v":"Post.melodiju zvona"},{"$i":"cancel_downloaded_file","$v":"Poništi"},{"$i":"voicemailNoNumberTitle","$v":"Broj glasovne pošte nije dostupan"},{"$i":"voicemailNoNumberText","$v":"Pozivanje glasovne pošte nije moguće. Postavite broj glasovne pošte za uspostavu poziva."},{"$i":"voicemailNoNumberSettings","$v":"Postavke"},{"$i":"voicemailNoNumberCancel","$v":"Poništi"},{"$i":"airplaneMode","$v":"Zrakoplovni način"},{"$i":"noNetwork","$v":"Nema mreže"},{"$i":"roaming","$v":[{"t":"idOrVar","v":"operator"}," (Roaming)"]},{"$i":"operator-info","$v":[{"t":"idOrVar","v":"carrier"}," ",{"t":"idOrVar","v":"region"}]},{"$i":"emergencyCallsOnly","$v":"Samo žurni pozivi"},{"$i":"emergencyCallsOnly-unknownSIMState","$v":"(nepoznato stanje SIM-a)"},{"$i":"emergencyCallsOnly-noSIM","$v":"(nema SIM-a)"},{"$i":"emergencyCallsOnly-pinRequired","$v":"(obavezan je PIN za SIM)"},{"$i":"emergencyCallsOnly-pukRequired","$v":"(obavezan je PUK za SIM)"},{"$i":"emergencyCallsOnly-networkLocked","$v":"(mreža je zaključana)"},{"$i":"emergencyCallsOnly-serviceProviderLocked","$v":"(zaključao davatelj usluga)"},{"$i":"emergencyCallsOnly-corporateLocked","$v":"(zaključala korporacija)"},{"$i":"emergencyCallsOnly-network1Locked","$v":"(mreža1 je zaključana)"},{"$i":"emergencyCallsOnly-network2Locked","$v":"(mreža2 je zaključana)"},{"$i":"emergencyCallsOnly-hrpdNetworkLocked","$v":"(hrpd mreža je zaključana)"},{"$i":"emergencyCallsOnly-ruimCorporateLocked","$v":"(ruim je zaključala korporacija)"},{"$i":"emergencyCallsOnly-ruimServiceProviderLocked","$v":"(ruim je zaključao davatelj usluga)"},{"$i":"lockscreen-sim-id","$v":["SIM ",{"t":"idOrVar","v":"n"}]},{"$i":"charging-no-time","$v":["Napunjeno ",{"t":"idOrVar","v":"level"}," %"]},{"$i":"charging-minutes","$v":{"few":["Napunjeno ",{"t":"idOrVar","v":"level"}," % (",{"t":"idOrVar","v":"minutes"}," min do završetka punjenja)"],"many":["Napunjeno ",{"t":"idOrVar","v":"level"}," % (",{"t":"idOrVar","v":"minutes"}," min do završetka punjenja)"],"one":["Napunjeno ",{"t":"idOrVar","v":"level"}," % (",{"t":"idOrVar","v":"minutes"}," min do završetka punjenja)"],"other":["Napunjeno ",{"t":"idOrVar","v":"level"}," % (",{"t":"idOrVar","v":"minutes"}," min do završetka punjenja)"],"two":["Napunjeno ",{"t":"idOrVar","v":"level"}," % (",{"t":"idOrVar","v":"minutes"}," min do završetka punjenja)"],"zero":["Napunjeno ",{"t":"idOrVar","v":"level"}," % (",{"t":"idOrVar","v":"minutes"}," min do završetka punjenja)"]},"$x":[{"t":"idOrVar","v":"plural"},"minutes"]},{"$i":"charging-hours","$v":{"few":["Napunjeno ",{"t":"idOrVar","v":"level"},"% (",{"t":"idOrVar","v":"hours"}," h i ",{"t":"idOrVar","v":"minutes"}," min do završetka punjenja)"],"many":["Napunjeno ",{"t":"idOrVar","v":"level"},"% (",{"t":"idOrVar","v":"hours"}," h i ",{"t":"idOrVar","v":"minutes"}," min do završetka punjenja)"],"one":["Napunjeno ",{"t":"idOrVar","v":"level"},"% (",{"t":"idOrVar","v":"hours"}," h i ",{"t":"idOrVar","v":"minutes"}," min do završetka punjenja)"],"other":["Napunjeno ",{"t":"idOrVar","v":"level"},"% (",{"t":"idOrVar","v":"hours"}," h i ",{"t":"idOrVar","v":"minutes"}," min do završetka punjenja)"],"two":["Napunjeno ",{"t":"idOrVar","v":"level"},"% (",{"t":"idOrVar","v":"hours"}," h i ",{"t":"idOrVar","v":"minutes"}," min do završetka punjenja)"],"zero":["Napunjeno ",{"t":"idOrVar","v":"level"},"% (",{"t":"idOrVar","v":"hours"}," h i ",{"t":"idOrVar","v":"minutes"}," min do završetka punjenja)"]},"$x":[{"t":"idOrVar","v":"plural"},"minutes"]},{"$i":"network-error-in-app","$v":"Trenutno nema pristupa internetu."},{"$i":"network-error-launching","$v":[{"t":"idOrVar","v":"name"}," zahtijeva internetsku vezu."]},{"$i":"network-error-launching-title","$v":"Nema internetske veze"},{"$i":"network-error-launching-message","$v":"Za pristup internetu koristi Wi-Fi ili mobilne podatke."},{"$i":"server-not-found","$v":"Poslužitelj nije pronađen"},{"$i":"server-not-found-error","$v":["Poslužitelj se ne može pronaći na lokaciji ",{"t":"idOrVar","v":"name"},"."]},{"$i":"file-not-found","$v":"Datoteka nije pronađena"},{"$i":"file-not-found-error","$v":"Uređaj ne može prikazati ovu stranicu jer se datoteka ne može pronaći."},{"$i":"connection-failed","$v":"Povezivanje nije moguće"},{"$i":"connection-failed-error","$v":"Prilikom pokušaja pristupa web-mjestu došlo je do pogreške mreže."},{"$i":"invalid-connection","$v":"Povezivanje nije moguće"},{"$i":"invalid-connection-error","$v":"Prilikom pokušaja pristupa web-mjestu došlo je do pogreške mreže."},{"$i":"malformed-uri","$v":"URL nije valjan"},{"$i":"malformed-uri-error","$v":"Uneseni URL nije valjan i ne može se učitati."},{"$i":"redirect-loop","$v":"Stranica se ne može prikazati"},{"$i":"redirect-loop-error","$v":"Uređaj ne može prikazati ovu stranicu jer se stranica pravilno ne usmjerava. Pokušajte kasnije ponovno pristupiti stranici."},{"$i":"not-cached","$v":"Stranica istekla"},{"$i":"not-cached-error","$v":"Uređaj zbog sigurnosti ne može prikazati tu stranicu jer je istekla.."},{"$i":"is-printing","$v":"Pristup je uskraćen"},{"$i":"is-printing-error","$v":"Dokument se ne može mijenjati tijekom ispisa ili dok je otvoren pretpregled ispisa."},{"$i":"denied-port-access","$v":"Adresa je ograničena"},{"$i":"denied-port-access-error","$v":"Ova adresa koristi mrežni priključak koji se inače koristi za svrhe koje nisu pregledavanje weba. Uređaj je radi vaše zaštite otkazao zahtjev."},{"$i":"proxy-resolve-failure","$v":"Pogreška proxy posl."},{"$i":"proxy-resolve-failure-error","$v":"Uređaj se konfiguriran za korištenje proxy poslužitelja koji se ne može pronaći."},{"$i":"proxy-connect-failure","$v":"Pogreška proxy posl."},{"$i":"proxy-connect-failure-error","$v":"Uređaj se konfiguriran za korištenje proxy poslužitelja koji odbija povezivanje."},{"$i":"content-encoding","$v":"Stranica se ne može prikazati"},{"$i":"content-encoding-error","$v":"Uređaj ne može prikazati ovu stranicu jer je došlo do pogreške šifriranja sadržaja."},{"$i":"remote-xul","$v":"Stranica nepodržana"},{"$i":"remote-xul-error","$v":"Ova se stranica ne može prikazati jer koristi tehnologiju koju uređaj ne podržava."},{"$i":"phishing-blocked","$v":"Upozorenje"},{"$i":"phishing-blocked-error","$v":"Web-mjesto je prijavljeno kao web-prijevara koja iz korisnika izvlači osobne ili financijske podatke."},{"$i":"malware-blocked","$v":"Blokiran je napad zlonamjernog softvera"},{"$i":"malware-blocked-error","$v":"Web-mjesto je prijavljeno kao napadačko. Uređaj je radi vaše sigurnosti blokirao zahtjev."},{"$i":"unsafe-content-type","$v":"Nesiguran sadržaj"},{"$i":"unsafe-content-type-error","$v":"Stranica se ne može prikazati jer njezino otvaranje možda nije sigurno."},{"$i":"corrupted-content","$v":"Povezivanje nije moguće"},{"$i":"corrupted-content-error","$v":"Stranica se ne može prikazati jer je otkrivena pogreška u prijenosu podataka."},{"$i":"unknown-protocol-found","$v":"Stranica nepodržana"},{"$i":"unknown-protocol-found-error","$v":"Str. se ne može prikazati jer koristi tehn. koju uređaj ne podržava."},{"$i":"try-again","$v":"Pokušajte ponovno"},{"$i":"check-settings","$v":"Provjera postavki"},{"$i":"firefox-accounts-title","$v":"Računi za KaiOS"},{"$i":"firefox-accounts-title-sign-in","$v":"Prijava"},{"$i":"firefox-accounts-title-create-account","$v":"Izradite račun"},{"$i":"kaios-accounts-title-about-kaios-account","$v":"O računu za KaiOS"},{"$i":"kaios-accounts-phone-verification","$v":"Potvrđivanje telefona"},{"$i":"kaios-accounts-title-account-info","$v":"Podaci računa"},{"$i":"fxa-next","$v":"Dalje"},{"$i":"fxa-back","$v":"Natrag"},{"$i":"fxa-done","$v":"Dovršeno"},{"$i":"fxa-ok","$v":"U redu"},{"$i":"tcl-changessaved","$v":"Promjene spremljene"},{"$i":"tcl-verification-mail-has-been-sent","$v":"Veza za potvrdu poslana je na"},{"$i":"fxa-decline","$v":"Odbij"},{"$i":"fxa-accept","$v":"Prihvati"},{"$i":"fxa-sining-in","$v":"Prijava..."},{"$i":"not-now","$v":"Ne sada"},{"$i":"send-sms","$v":"Pošalji SMS"},{"$i":"resend-sms","$v":"Ponovno pošalji SMS"},{"$i":"fxa-connection-error-title","$v":"Povezivanje nije moguće"},{"$i":"fxa-connection-error-message","$v":"Možete stvoriti račun ili se prijaviti iz postavki."},{"$i":"fxa-reset-password-error-title","$v":"Pon. post. lozinke"},{"$i":"fxa-reset-password-error-message","$v":"Lozinku možete ponovno postaviti u postavkama."},{"$i":"fxa-incorrect-email-address-or-password","$v":"fxa incorrect email address or password"},{"$i":"fxa-internet-connection-is-required","$v":"fxa internetska veza je obavezna"},{"$i":"fxa-server-error","$v":"Pogreška posluž., pok. poslije"},{"$i":"fxa-server-error-2","$v":"Pogreška"},{"$i":"fxa-server-error-message","$v":"Nije moguće izraditi račun. Pokušajte ponovno kasnije."},{"$i":"fxa-server-error-message-2","$v":"Poslužitelj nedostupa. Pokušajte ponovno kasnije."},{"$i":"fxa-offline-error-title","$v":"Povezivanje nije moguće"},{"$i":"fxa-offline-error-message","$v":"Povežite se s mrežom iz Postavki."},{"$i":"fxa-offline-error-message-1","$v":"Nema internetske veze."},{"$i":"fxa-invalid-email-title","$v":"Pogreška"},{"$i":"fxa-invalid-email-message","$v":"Unesite valj. adr. e-pošte."},{"$i":"fxa-invalid-password-title","$v":"Pogreška"},{"$i":"fxa-invalid-password-message","$v":"Netočna adresa e-pošte ili lozinka"},{"$i":"fxa-invalid-password-message-1","$v":"Lozinka nije točna."},{"$i":"fxa-unknown-error-title","$v":"Povezivanje nije moguće"},{"$i":"fxa-unknown-error-message","$v":"Sustav nije dostupan, pokušajte ponovno uskoro."},{"$i":"fxa-email-is-taken-title","$v":"Pogreška"},{"$i":"fxa-email-is-taken-message","$v":"Već postoji račun uz ovu adresu e-pošte. Prijavite se na svoj račun."},{"$i":"fxa-confirm-age-title","$v":"Pogreška"},{"$i":"fxa-confirm-age-message","$v":"Potvrdite da ste stariji od 13 godina"},{"$i":"fxa-account-does-not-exist","$v":"Pogreška"},{"$i":"fxa-account-does-not-exist-message","$v":"Netočna adresa e-pošte ili lozinka"},{"$i":"fxa-account-does-not-exist-message-1","$v":"Account does not exist."},{"$i":"fxa-password-dont-match","$v":"Pogreška"},{"$i":"fxa-password-dont-match-message","$v":"Lozinke nisu podudarne."},{"$i":"fxa-password-less","$v":"Pogreška"},{"$i":"fxa-password-less-message","$v":"Lozinka sadrži manje od 8 znakova."},{"$i":"fxa-password-less-message-1","$v":"Zaporka sadrži manje od 8 znakova."},{"$i":"fxa-password-more","$v":"Pogreška"},{"$i":"fxa-password-more-message","$v":"Lozinka sadrži više od 20 znakova."},{"$i":"fxa-password-more-message-1","$v":"Zaporka sadrži više od 20 znakova."},{"$i":"fxa-password-error","$v":"Pogreška"},{"$i":"fxa-password-error-message","$v":"Loz. mora biti između 8 i 20 zn. s komb. slova i br."},{"$i":"fxa-connecting","$v":"Povezivanje"},{"$i":"fxa-enter-phone-number-message","$v":"Umetnite broj telefona. SMS će biti poslan i automatsko potvrđivanje će započeti."},{"$i":"fxa-sms-has-been-sent-message","$v":"SMS poruka je poslana. Kad ga primite, automatsko potvrđivanje će započeti. Samo se opustite i uživajte!"},{"$i":"fxa-time-remaining","$v":"Preostalo vrijeme:"},{"$i":"fxa-sms-verification-failed-message","$v":"SMS potvrđivanje nije uspjelo. Potvrdite telefon i pritisnite „Pošalji SMS“ za ponovni pokušaj."},{"$i":"fxa-phone-number-label","$v":"Broj telefona:"},{"$i":"fxa-enter-your-infomation","$v":"Unesite svoje podatke."},{"$i":"fxa-birthday-label","$v":"Rođendan"},{"$i":"fxa-birthday-select","$v":"Odaberi"},{"$i":"fxa-gender-label","$v":"Spol"},{"$i":"fxa-gender-select","$v":"Odaberi"},{"$i":"fxa-gender-male","$v":"Muški"},{"$i":"fxa-gender-female","$v":"Ženski"},{"$i":"fxa-gender-confidential","$v":"Povjerljivo"},{"$i":"fxa-enter-email-input","placeholder":"Unesite svoju adresu e-pošte"},{"$i":"fxa-use-email-to-sign-in","$v":"Unesite adresu e-pošte. To će biti naziv vašeg računa."},{"$i":"fxa-notice","$v":["Nastavkom prihvaćam ",{"t":"idOrVar","v":"tos"}," i ",{"t":"idOrVar","v":"pn"}," servisa u oblaku sustava KaiOS."]},{"$i":"fxa-placeholder","$v":"Ovdje dolazi vaša adresa e-pošte"},{"$i":"fxa-tos","$v":"Odredbe pružanja usluge"},{"$i":"fxa-pn","$v":"Obavijest o privatnosti"},{"$i":"fxa-create-account-title","$v":"Izradite račun"},{"$i":"fxa-show-age-title","$v":"Imam više od 13 godina"},{"$i":"fxa-enter-password-title","$v":"Unesite lozinku. Lozinka mora imati 8 do 20 znakova i mora sadržavati slova i brojke."},{"$i":"fxa-enter-password-title-1","$v":"Unesite zaporku. Zaporka mora imati 8 do 20 znakova i mora sadržavati slova i brojke."},{"$i":"fxa-setup-password-title","$v":"Postavljanje lozinke"},{"$i":"fxa-create-password-title","$v":"Izrada lozinke"},{"$i":"fxa-hello-user","$v":["Bok, ",{"t":"idOrVar","v":"email"}]},{"$i":"fxa-password-refresh","$v":"Za nastavak unesite lozinku računa za KaiOS."},{"$i":"fxa-password","$v":"Lozinka","placeholder":"Lozinka"},{"$i":"fxa-forgot-your-password","$v":"Zaboravili ste lozinku?"},{"$i":"fxa-show-password","$v":"Prikaži lozinku"},{"$i":"fxa-password-length-requirement","$v":"Lozinka mora imati najmanje 8 znakova."},{"$i":"fxa-confirm-account","$v":"Potvrdite račun"},{"$i":"fxa-will-send-email","$v":"Vaš je račun stvoren."},{"$i":"fxa-signup-click-verification-link-in-email","$v":["Poslali smo poruku e-pošte s potvrdom na adresu ",{"t":"idOrVar","v":"email"},". Provjerite dolaznu poštu pa potvrdite i aktivirajte svoj račun."]},{"$i":"fxa-access-manage-account-settings","$v":"Veza za aktivaciju isteći će za 24 sata."},{"$i":"fxa-signup-success-title","$v":"Račun je stvoren"},{"$i":"about-kaios-account-text","$v":"Lorem ipsum dolor sit amet, con-sectetur adipiscing elit, sed do eiusmod tempor incididunt ut labore et dolore magna aliqua. Ut enim ad minim veniam, quis nos-trud exercitation ullamco laboris nisi ut aliquip ex ea commodo consequat. Duis aute irure dolor in reprehenderit in voluptate velit esse cillum dolore eu fugiat nulla pariatur. Excepteur sint occaecat cupidatat non proident, sunt in culpa qui officia deserunt mollit anim id est laborum."},{"$i":"about-kaios-account-text1","$v":"Račun za KaiOS omogućuje autentifikaciju za KaiOS usluge. Račun prepoznaje korisnika i uređaj te dopušta pristup značajkama kao što su daljinsko upravljanje uređajima i dodatne usluge."},{"$i":"about-kaios-account-text2","$v":"Za izradu računa potrebni su adresa e-pošte i lozinka. Korisnik mora potvrditi adresu e-pošte putem veze u poruci e-pošte poslanoj tijekom izrade računa. Račun se neće aktivirati dok se ta adresa e-pošte ne potvrdi."},{"$i":"about-kaios-account-text3","$v":"Ako nastavite s izradom računa, prihvaćate uvjete i obavijest o zaštiti privatnosti."},{"$i":"fxa-signin-email","$v":"Naziv računa"},{"$i":"fxa-signin-password","$v":"Lozinka"},{"$i":"fxa-signin-success-title","$v":"Vaš račun"},{"$i":"fxa-signin-lsk","$v":"Zaboravih lozinku"},{"$i":"fxa-signin-rsk","$v":"Prijava"},{"$i":"fxa-change-password-title","$v":"Promjena zaporke"},{"$i":"fxa-change-password-description","$v":"Unesite trenutačnu zaporku i postavite novu zaporku."},{"$i":"fxa-new-password","$v":"Nova zaporka"},{"$i":"fxa-changing-password","$v":"Promjena zaporke..."},{"$i":"fxa-forgot-password-title","$v":"Zaboravih lozinku"},{"$i":"fxa-forgot-password","$v":"zaboravih lozinku"},{"$i":"fxa-forgot-password-sk","$v":"Zabor. ZAP."},{"$i":"fxa-forgot-password-success-title","$v":"Posl. por. za pon. post. lozinke"},{"$i":"fxa-reset-password-succcess-content","$v":"Na vaš je račun e-pošte poslana poruka e-pošte za ponovno postavljanje lozinke."},{"$i":"fxa-reset-password-succcess-content-part2","$v":"Provjerite dolaznu e-poštu i ponovno postavite lozinku."},{"$i":"fxa-sign-out-title","$v":"Sprječavanje krađe je omogućeno"},{"$i":"fxa-sign-out-intro","$v":"potvrdite da želite isključiti zaštitu od krađe i odjaviti se."},{"$i":"fxa-sign-out-intro-1","$v":"Potvrdite da želite isključiti zaštitu od krađe i odjaviti se."},{"$i":"fxa-signout-email","$v":"Vaš račun"},{"$i":"fxa-confirm-password","$v":"Potvrdite lozinku"},{"$i":"fxa-signing-out","$v":"Odjava..."},{"$i":"fxa-sign-out-error-title","$v":"Pogreška"},{"$i":"fxa-sign-out-error-message","$v":"Odjava s računa nije uspjela. Pokušajte ponovno poslije"},{"$i":"fxa-sign-out-error-message-1","$v":"Odjava s računa nije uspjela. Pokušajte ponovno poslije"},{"$i":"fxa-connection-is-required-title","$v":"Pogreška"},{"$i":"fxa-connection-is-required-message","$v":"Internetska je veza obavezna"},{"$i":"fxa-check-password-title","$v":"Onemogući sprječavanje krađe"},{"$i":"fxa-disable-antitheft-checkpassword-message","$v":"potvrdite da želite isključiti zaštitu od krađe."},{"$i":"fxa-reset-factory-checkpassword-message","$v":"Da biste ponovno postavili uređaj, morate unijeti lozinku i onemogućiti zaštitu od krađe."},{"$i":"fxa-reset-factory-checkpassword-message-1","$v":"Da biste ponovno postavili uređaj, morate unijeti zaporku i onemogućiti zaštitu od krađe."},{"$i":"fxa-enter-email-to-reset-password","$v":"Unesite e-adresu svojeg računa, poslat ćemo vam vezu za pon. post. zaporke."},{"$i":"fxa-enter-email-to-reset-password-1","$v":"Unesite e-adresu svojeg računa. Poslat ćemo vam vezu za pon. post. zaporke."},{"$i":"fxa-account-not-found","$v":"Račun nije pronađen. Pok. ponovno."},{"$i":"fxa-multiple-sign-in-attempts-title","$v":"Vođe pokušaja prijave"},{"$i":"fxa-multiple-sign-in-attempts-content","$v":"Više ste puta unijeli pogrešnu lozinku."},{"$i":"fxa-multiple-sign-in-attempts-content-1","$v":"Više ste puta unijeli pogrešnu lozinku."},{"$i":"fxa-multiple-sign-in-attempts-content-retry","$v":"Pokušajte ponovno poslije"},{"$i":"shortDateFormat","$v":"%B %d, %Y"}]