[{"$i":"brandShortName","$v":"KaiOS"},{"$i":"browserBrandShortName","$v":"Web Browser"},{"$i":"browserBrandFullName","$v":"Mozilla Web Browser"},{"$i":"ringtoneBrandName","$v":"Default"},{"$i":"ringtoneSectionBrandName","$v":"System"},{"$i":"ok","$v":"OK"},{"$i":"back","$v":"Kembali"},{"$i":"help","$v":"Bantuan"},{"$i":"cancel","$v":"Batal"},{"$i":"close","$v":"Tutup"},{"$i":"skip","$v":"Lewati"},{"$i":"enable","$v":"Aktifkan"},{"$i":"turnOn","$v":"Nyalakan"},{"$i":"save","$v":"Simpan"},{"$i":"select","$v":"Pilih"},{"$i":"deselect","$v":"Hapus pilihan"},{"$i":"go","$v":"Pergi"},{"$i":"search","$v":"Cari"},{"$i":"options","$v":"Opsi"},{"$i":"exit","$v":"Keluar"},{"$i":"signIn","$v":"Masuk"},{"$i":"dismiss","$v":"Menghentikan"},{"$i":"dismiss-all","$v":"Hentikan semua"},{"$i":"undo","ariaLabel":"Urungkan"},{"$i":"lockscreenEnterLockCode","$v":"Silakan masukkan kode 4 digit"},{"$i":"lockscreenCheckLockCode","$v":"Kode tidak valid. Silakan coba lagi."},{"$i":"lockscreenDeviceLocked","$v":"Perangkat terkunci, coba lagi setelah 30 detik."},{"$i":"pocketmodeLongPress","$v":"Tekan lama"},{"$i":"pocketmodeToUnlock","$v":"untuk lepas kunci"},{"$i":"enterPIN","$v":"Masukkan 6 digit kode untuk membuka kunci."},{"$i":"mediaPlaybackTrack","$v":"Judul dan artis track"},{"$i":"mediaPlaybackControls","$v":"Kendali putar ulang"},{"$i":"mediaPlaybackPrevious","$v":"Sebelumnya"},{"$i":"mediaPlaybackPlay","$v":"Putar"},{"$i":"mediaPlaybackPause","$v":"Jeda"},{"$i":"mediaPlaybackNext","$v":"Berikutnya"},{"$i":"UnknownTrack","$v":"Track tidak diketahui"},{"$i":"wifiButton-on","$v":"Wi-Fi menyala"},{"$i":"wifiButton-on-initializing","$v":"Wi-Fi menyala, inisialisasi"},{"$i":"wifiButton-off","$v":"Wi-Fi mati"},{"$i":"dataButton-on","$v":["Data ",{"t":"idOrVar","v":"type"}," on"]},{"$i":"dataButton-off","$v":["Data ",{"t":"idOrVar","v":"type"}," off"]},{"$i":"bluetoothButton-on","$v":"Bluetooth menyala"},{"$i":"bluetoothButton-on-initializing","$v":"Bluetooth menyala, inisialisasi"},{"$i":"bluetoothButton-off","$v":"Bluetooth mati"},{"$i":"airplaneMode-on","$v":"Mode pesawat aktif"},{"$i":"airplaneMode-off","$v":"Mode pesawat mati"},{"$i":"airplaneOff","$v":"Matikan mode pesawat"},{"$i":"settingsButton","ariaLabel":"Pengaturan"},{"$i":"simLabel","$v":["SIM ",{"t":"idOrVar","v":"id"}]},{"$i":"statusbarLabel","$v":[{"t":"idOrVar","v":"date"},", ",{"t":"idOrVar","v":"operator"}]},{"$i":"statusbarDateFormat","$v":"%b %e"},{"$i":"statusbar","ariaLabel":"Bilah Status"},{"$i":"statusbarBattery","ariaLabel":["Baterai ",{"t":"idOrVar","v":"level"}," persen"]},{"$i":"statusbarBatteryCharging","ariaLabel":["Baterai ",{"t":"idOrVar","v":"level"}," persen, mengisi"]},{"$i":"statusbarFlightMode","ariaLabel":"Mode pesawat aktif"},{"$i":"statusbarWiFiConnecting","$v":"Wi-Fi: menyambungkan"},{"$i":"statusbarWiFiConnected","$v":["Wi-Fi: ",{"t":"idOrVar","v":"level"}," dari 4 bar"]},{"$i":"statusbarSignal","$v":[{"t":"idOrVar","v":"operator"}," jaringan, ",{"t":"idOrVar","v":"level"}," dari 5 bar"]},{"$i":"statusbarSignalRoaming","$v":[{"t":"idOrVar","v":"operator"}," jaringan (roaming), ",{"t":"idOrVar","v":"level"}," dari 5 bar"]},{"$i":"statusbarSignalNoneSearching","$v":"Mencari... Panggilan darurat saja"},{"$i":"statusbarHeadphones","ariaLabel":"Headphones menyala"},{"$i":"statusbarBluetoothHeadphones","ariaLabel":"Bluetooth headphones menyala"},{"$i":"statusbarBluetoothTransferring","ariaLabel":"Bluetooth transfer aktif"},{"$i":"statusbarIconOn-tethering","$v":"Tethering menyala"},{"$i":"statusbarIconOnActive-tethering","$v":"Tethering menyala, aktif"},{"$i":"statusbarAlarm","ariaLabel":"Alarm menyala"},{"$i":"statusbarIME","ariaLabel":"IME menyala"},{"$i":"statusbarIconOn-bluetooth","$v":"Bluetooth menyala"},{"$i":"statusbarIconOnActive-bluetooth","$v":"Bluetooth menyala, aktif"},{"$i":"statusbarIconOn-mute","$v":"Bisu menyala"},{"$i":"statusbarIconOn-vibration","$v":"Getaran menyala"},{"$i":"statusbarRecording","ariaLabel":"Rekaman menyala"},{"$i":"statusbarGeolocation","ariaLabel":"Geolokasi menyalan"},{"$i":"statusbarUsb","ariaLabel":"USB menyala"},{"$i":"statusbarForwarding","$v":"Penerusan panggilan menyala"},{"$i":"statusbarPlaying","ariaLabel":"Media main"},{"$i":"statusbarNfc","ariaLabel":"NFC menyala"},{"$i":"statusbarDownloads","ariaLabel":"Mengunduh..."},{"$i":"statusbarNetworkActivity","ariaLabel":"Jaringan menyala"},{"$i":"statusbarEmergencyCBNotification","ariaLabel":"Panggilan darurat kembali"},{"$i":"statusbarNotifications","$v":{"few":[{"t":"idOrVar","v":"n"}," Pemberitahuan"],"many":[{"t":"idOrVar","v":"n"}," Pemberitahuan"],"one":[{"t":"idOrVar","v":"n"}," Pemberitahuan"],"other":[{"t":"idOrVar","v":"n"}," Pemberitahuan"],"two":[{"t":"idOrVar","v":"n"}," Pemberitahuan"]},"$x":[{"t":"idOrVar","v":"plural"},"n"]},{"$i":"statusbarNotifications-unread","ariaLabel":{"$x":[{"t":"idOrVar","v":"plural"},"n"],"$v":{"few":[{"t":"idOrVar","v":"n"}," notifikasi tidak terbaca"],"many":[{"t":"idOrVar","v":"n"}," notifikasi tidak terbaca"],"one":[{"t":"idOrVar","v":"n"}," notifikasi tidak terbaca"],"other":[{"t":"idOrVar","v":"n"}," notifikasi tidak terbaca"],"two":[{"t":"idOrVar","v":"n"}," notifikasi tidak terbaca"]}}},{"$i":"clear","$v":"Hapus"},{"$i":"clear-all","$v":"Hapus semua"},{"$i":"notification-title","$v":{"few":[{"t":"idOrVar","v":"n"}," Pemberitahuan"],"many":[{"t":"idOrVar","v":"n"}," Pemberitahuan"],"one":[{"t":"idOrVar","v":"n"}," Pemberitahuan"],"other":[{"t":"idOrVar","v":"n"}," Pemberitahuan"],"two":[{"t":"idOrVar","v":"n"}," Pemberitahuan"],"zero":[{"t":"idOrVar","v":"n"}," Pemberitahuan"]},"$x":[{"t":"idOrVar","v":"plural"},"n"]},{"$i":"notification-dialog-no-notices","$v":"Tidak Ada Pemberitahuan"},{"$i":"notification-title-new","$v":{"few":[{"t":"idOrVar","v":"n"}," Pemberitahuan"],"many":[{"t":"idOrVar","v":"n"}," Pemberitahuan"],"other":[{"t":"idOrVar","v":"n"}," Pemberitahuan"],"two":[{"t":"idOrVar","v":"n"}," Pemberitahuan"],"one":[{"t":"idOrVar","v":"n"}," Pemberitahuan"],"zero":[{"t":"idOrVar","v":"n"}," Pemberitahuan"]},"$x":[{"t":"idOrVar","v":"plural"},"n"]},{"$i":"notification-dialog-no-notices-new","$v":"Tidak Ada Pemberitahuan"},{"$i":"tcl-ntf-open","$v":"Buka"},{"$i":"tcl-ntf-next_song","$v":"Berikutnya"},{"$i":"tcl-ntf_play","$v":"Putar"},{"$i":"tcl-ntf-pause","$v":"Jeda"},{"$i":"tcl-ntf-dismiss-all","$v":"Hentikan Semua"},{"$i":"tcl-ntf-dismiss","$v":"Menghentikan"},{"$i":"tcl-ntf-toaster-clear","$v":"Notifikasi dihentikan"},{"$i":"tcl-ntf-toaster-clear-all","$v":"Notifikasi telah dihentikan"},{"$i":"attentionScreen-tapToShow","$v":"Ketuk untuk melihat"},{"$i":"tcl-cmas-ok","$v":"OK"},{"$i":"tcl-cmas-screen-help","$v":"Tekan OK untuk melihat informasi lebih"},{"$i":"tcl-cmas-title","$v":"Peringatan Darurat Nirkabel"},{"$i":"camera","$v":"Kamera"},{"$i":"tcl-dflt-value-level","$v":"Tetapkan nilai level"},{"$i":"tcl-dflt-range-value-name","$v":"Level"},{"$i":"newVoicemails","$v":{"few":[{"t":"idOrVar","v":"n"}," pesan suara baru"],"many":[{"t":"idOrVar","v":"n"}," pesan suara baru"],"one":"Satu pesan suara baru","other":[{"t":"idOrVar","v":"n"}," pesan suara baru"],"two":[{"t":"idOrVar","v":"n"}," pesan suara baru"],"zero":"Tidak ada pesan suara baru"},"$x":[{"t":"idOrVar","v":"plural"},"n"]},{"$i":"newVoicemailsUnknown","$v":"Pesan suara baru"},{"$i":"dialNumber","$v":["Memanggil ",{"t":"idOrVar","v":"number"}]},{"$i":"voicemailNotificationMultiSim","$v":["(SIM ",{"t":"idOrVar","v":"n"},") ",{"t":"idOrVar","v":"title"}]},{"$i":"euRoamingNotificationTitle","$v":"Internet EU terdeteksi"},{"$i":"euRoamingNotificationMsg","$v":"Ketuk untuk mengubah."},{"$i":"restart","$v":"Mulai Ulang"},{"$i":"power","$v":"Daya Mati"},{"$i":"lock","$v":"Kunci"},{"$i":"cleanup","$v":"Bersihkan Memori"},{"$i":"no-recent-app-windows","$v":"Jendela aplikasi terbaru Anda ditampilkan di sini"},{"$i":"no-recent-browser-windows","$v":"Jendela penjelajah terbaru Anda ditampilkan di sini"},{"$i":"closeCard","ariaLabel":"Tutup"},{"$i":"openCard","ariaLabel":"Buka"},{"$i":"yes","$v":"Ya"},{"$i":"no","$v":"Tidak"},{"$i":"dontallow","$v":"Jangan izinkan"},{"$i":"allow","$v":"Izinkan"},{"$i":"dontshare-geolocation","$v":"Jangan Bagikan"},{"$i":"share-geolocation","$v":"Bagikan"},{"$i":"dontshare-audio-capture","$v":"Jangan Bagikan"},{"$i":"share-audio-capture","$v":"Bagikan"},{"$i":"dontshare-video-capture","$v":"Jangan Bagikan"},{"$i":"share-video-capture","$v":"Bagikan"},{"$i":"dontshare-media-capture","$v":"Jangan Bagikan"},{"$i":"share-media-capture","$v":"Bagikan"},{"$i":"device-front","$v":"Kamera Depan"},{"$i":"device-back","$v":"Kamera Belakang"},{"$i":"front-camera","$v":"Kamera depan"},{"$i":"back-camera","$v":"Kamera belakang"},{"$i":"more-info","$v":"Info Lain..."},{"$i":"hide-info","$v":"Sembunyikan Info..."},{"$i":"tcl-permission","$v":"Izin"},{"$i":"install-app","$v":["Pasang ",{"t":"idOrVar","v":"name"},"?"]},{"$i":"size","$v":"Ukuran"},{"$i":"author","$v":"Penulis"},{"$i":"size-unknown","$v":"Tidak diketahui"},{"$i":"author-unknown","$v":"Tidak diketahui"},{"$i":"install","$v":"Pasang"},{"$i":"bytes","$v":"bytes"},{"$i":"kB","$v":"KB"},{"$i":"MB","$v":"MB"},{"$i":"GB","$v":"GB"},{"$i":"TB","$v":"TB"},{"$i":"PB","$v":"PB"},{"$i":"app-install-generic-error","$v":["Unduhan ",{"t":"idOrVar","v":"appName"}," berhenti"]},{"$i":"app-install-download-failed","$v":["Unduhan ",{"t":"idOrVar","v":"appName"}," gagal"]},{"$i":"app-install-install-failed","$v":["Pasang ",{"t":"idOrVar","v":"appName"}," gagal"]},{"$i":"cancelling-will-not-refund","$v":"Membatalkan tidak mengembalikan uang pembelian. Pengembalian uang untuk konten berbayar diberikan oleh penjual asli."},{"$i":"apps-can-be-installed-later","$v":"Aplikasi dapat diinstal nanti dari sumber pemasangan asli."},{"$i":"are-you-sure-you-want-to-cancel","$v":"Anda yakin ingin membatalkan pemasangan ini?"},{"$i":"cancel-install","$v":"Batalkan Pemasangan"},{"$i":"cancel-install-button","$v":"Batalkan Pemasangan"},{"$i":"resume","$v":"Lanjutkan"},{"$i":"continue","$v":"Lanjutkan"},{"$i":"stopDownloading","$v":["Berhenti mengunduh ",{"t":"idOrVar","v":"app"},"?"]},{"$i":"app-download-can-be-restarted","$v":"Unduhan dapat dimulai kembali nanti."},{"$i":"app-download-stop-button","$v":"Hentikan Unduhan"},{"$i":"not-enough-space","$v":"Memori tidak cukup"},{"$i":"not-enough-space-message","$v":"Tidak cukup ruang untuk memasang aplikasi ini. Kosongkan ruang dengan cara menghapus aplikasi atau media lama, dan coba memasang kembali dari sumber asli."},{"$i":"app-install-success","$v":[{"t":"idOrVar","v":"appName"}," terpasang"]},{"$i":"app-install-update","$v":[{"t":"idOrVar","v":"appName"}," Diperbarui"]},{"$i":"langpack-install-success2","$v":[{"t":"idOrVar","v":"appName"}," terpasang. Pergi ke Pengaturan > Bahasa untuk mengaktifkannya."]},{"$i":"setup","$v":"Persiapan"},{"$i":"ime-addkeyboards","$v":"Tambah keyboard"},{"$i":"ime-lowercase","$v":"Huruf kecil"},{"$i":"ime-uppercase","$v":"Huruf besar"},{"$i":"ime-number","$v":"Nomor"},{"$i":"ime-capitalize","$v":"Kapitalisasi"},{"$i":"ime-t9","$v":"T9"},{"$i":"ime-r9","$v":"R9"},{"$i":"ime-predictive","$v":"Prediktif"},{"$i":"ime-insert-word","$v":"Sisipkan kata"},{"$i":"ime-voice-input-messsage","$v":"Tekan tahan OK untuk berbicara dalam bidang teks."},{"$i":"later","$v":"Nanti"},{"$i":"download","$v":"Unduh"},{"$i":"wantToDownload","$v":"Unduh update sekarang?"},{"$i":"wantToInstallNow","$v":"Apakah Anda ingin menginstal pembaruan sekarang? Anda tidak akan dapat menggunakan ponsel untuk beberapa menit."},{"$i":"installNow","$v":"Pasang Sekarang"},{"$i":"notNow","$v":"Tidak Sekarang"},{"$i":"downloadingUpdateMessage","innerHTML":{"$o":["Mengunduh update... <Span>",{"t":"idOrVar","v":"progress"}," terunduh. </span>"]}},{"$i":"downloadingAppMessage","$v":["Mengunduh ",{"t":"idOrVar","v":"appName"}]},{"$i":"downloadingAppProgressNoMax","$v":[{"t":"idOrVar","v":"progress"}," terunduh"]},{"$i":"downloadingAppProgressIndeterminate","$v":"Mengunduh"},{"$i":"downloadingAppProgress","$v":[{"t":"idOrVar","v":"progress"}," / ",{"t":"idOrVar","v":"max"}," terunduh"]},{"$i":"cancelAllDownloads","$v":"Batalkan semua unduhan"},{"$i":"wantToCancelAll","$v":"Anda yakin ingin membatalkan semua unduhan?"},{"$i":"downloadError","$v":"Ada kesalahan saat mengunduh update."},{"$i":"updateAvailableInfo","innerHTML":{"$x":[{"t":"idOrVar","v":"plural"},"n"],"$v":{"few":{"$o":[{"t":"idOrVar","v":"n"}," pembaruan tersedia. <span>Ketuk untuk info lebih.</span>"]},"many":{"$o":[{"t":"idOrVar","v":"n"}," pembaruan tersedia. <span>Ketuk untuk info lebih.</span>"]},"one":{"$o":[{"t":"idOrVar","v":"n"}," pembaruan tersedia. <span>Ketuk untuk info lebih.</span>"]},"other":{"$o":[{"t":"idOrVar","v":"n"}," pembaruan tersedia. <span>Ketuk untuk info lebih.</span>"]},"two":{"$o":[{"t":"idOrVar","v":"n"}," pembaruan tersedia. <span>Ketuk untuk info lebih.</span>"]}}}},{"$i":"numberOfUpdates","$v":{"few":[{"t":"idOrVar","v":"n"}," Notifikasi"],"many":[{"t":"idOrVar","v":"n"}," Notifikasi"],"one":[{"t":"idOrVar","v":"n"}," Notifikasi"],"other":[{"t":"idOrVar","v":"n"}," Notifikasi"],"two":[{"t":"idOrVar","v":"n"}," Notifikasi"]},"$x":[{"t":"idOrVar","v":"plural"},"n"]},{"$i":"systemUpdate","$v":"Update sistem"},{"$i":"systemUpdateReady","$v":"Update Sistem Siap"},{"$i":"updates","$v":"Update"},{"$i":"systemUpdateLowBatteryThreshold","$v":["Anda perlu minimal ",{"t":"idOrVar","v":"threshold"}," level baterai untuk memasang pembaruan."]},{"$i":"required","$v":"Wajib"},{"$i":"uncompressingMessage","innerHTML":{"$o":"Lepas kompres... <span>Ini memerlukan waktu beberapa menit. </span>"}},{"$i":"downloadWifiPrioritizedUsing2G","$v":"Update diunduh melalui koneksi data ketika Wi-Fi tidak tersedia. Saat menggunakan koneksi data, panggilan telepon mungkin terblokir dan biaya tambahan berlaku."},{"$i":"downloadWifiPrioritized3","$v":"Update diunduh melalui koneksi data ketika Wi-Fi tidak tersedia. Saat menggunakan koneksi data, biaya tambahan berlaku."},{"$i":"downloadNoWifiWarning","$v":"Wi-Fi tidak tersedia. Memperbarui melalui koneksi saat ini dapat dikenakan biaya tambahan."},{"$i":"downloadOfflineWarning2","$v":"Sambung ke jaringan untuk mengunduh update."},{"$i":"downloadUpdatesViaDataConnection","$v":"Unduh update melalui koneksi data?"},{"$i":"downloadUpdatesVia2GForbidden3","$v":"Mengunduh pembaruan tidak memungkinkan koneksi yang lemah (2G). Silakan sambungkan melalui Wi-Fi atau 3G (jika tersedia) dan coba lagi."},{"$i":"downloadUpdatesViaDataConnectionMessage3","$v":"Saat menggunakan koneksi data, biaya tambahan berlaku. Apakah Anda ingin lanjut?"},{"$i":"downloadUpdatesViaDataRoamingConnection","$v":"Unduh update melalui data roaming?"},{"$i":"downloadUpdatesViaDataRoamingConnectionMessage","$v":"Anda sedang roaming dan biaya tambahan berlaku. Apakah Anda ingin lanjut?"},{"$i":"screenshotSaved","$v":"Screenshot disimpan ke Galeri"},{"$i":"screenshotFailed","$v":"Tangkapan layar tidak dapat disimpan"},{"$i":"screenshotNoSDCard","$v":"Tidak ada kartu memori ditemukan"},{"$i":"screenshotSDCardInUse","$v":"Kartu memori sedang digunakan"},{"$i":"screenshotSDCardLow","$v":"Tidak cukup ruang dalam kartu memori"},{"$i":"emergency-call-button","$v":"Panggilan Darurat"},{"$i":"emergency-call","$v":"Darurat"},{"$i":"unlock-a11y-button","ariaLabel":"Lepas kunci"},{"$i":"camera-a11y-button","ariaLabel":"Kamera"},{"$i":"longDateFormat","$v":"%A, %B %d, %Y"},{"$i":"clockDateFormat","$v":"%a, %e %b"},{"$i":"panel-passcode","ariaLabel":"Panel kode sandi"},{"$i":"open-notification","$v":"buka"},{"$i":"unlock","$v":"Lepas kunci"},{"$i":"login","$v":"Masuk"},{"$i":"sign-in-to-website","$v":"Masuk ke situs web"},{"$i":"username","$v":"Nama pengguna"},{"$i":"password","$v":"Sandi"},{"$i":"show-password","$v":"Tampilkan sandi"},{"$i":"http-authentication-message2","$v":["Situs web ",{"t":"idOrVar","v":"host"}," memerlukan Anda untuk masuk."]},{"$i":"error-message","$v":[{"t":"idOrVar","v":"name"}," tidak memuat dengan benar"]},{"$i":"error-title","$v":[{"t":"idOrVar","v":"name"}," mengalami masalah"]},{"$i":"unable-to-connect","$v":"Tidak dapat tersambung"},{"$i":"tap-to-check-settings","$v":"Ketuk untuk memeriksa pengaturan"},{"$i":"set","$v":"Tetapkan"},{"$i":"delete-title","$v":["Hapus ",{"t":"idOrVar","v":"name"}]},{"$i":"delete-body","$v":[{"t":"idOrVar","v":"name"}," dan semua datanya akan dihapus."]},{"$i":"delete","$v":"Melepaskan"},{"$i":"delete-desc","$v":"Anda yakin ingin melepaskannya?"},{"$i":"unrecoverable-error-title","$v":"Hapus Aplikasi"},{"$i":"unrecoverable-error-body","$v":"Tidak dapat memasang aplikasi karena kesalahan yang tidak dapat dipulihkan. Silakan unduh lagi. Aplikasi akan dihapus."},{"$i":"unrecoverable-error-action","$v":"OK"},{"$i":"instant-settings","$v":"pengaturan instan"},{"$i":"settings","$v":"Pengaturan"},{"$i":"flashlight","$v":"Senter"},{"$i":"brightness","$v":"Kecerahan"},{"$i":"volume","$v":"Volume"},{"$i":"calculator","$v":"Kalkulator"},{"$i":"airplane-mode","$v":"Mode Pesawat"},{"$i":"wifi","$v":"Wi-Fi"},{"$i":"bluetooth","$v":"Bluetooth"},{"$i":"cellular-data","$v":"Data Seluler"},{"$i":"on","$v":"Aktif"},{"$i":"off","$v":"Mati"},{"$i":"percentage-number","$v":[{"t":"idOrVar","v":"number"},"%"]},{"$i":"select-time","$v":"Pilih Waktu"},{"$i":"select-date","$v":"Pilih Tanggal"},{"$i":"tcl-select-day","$v":"Pilih Hari"},{"$i":"tcl-add","$v":"Tambah"},{"$i":"battery-almost-empty-plug-in-your-charger","$v":"Baterai Anda lemah. Silakan colok cas Anda."},{"$i":"battery-temperature-warning-header","$v":"Peringatan"},{"$i":"battery-temperature-high","$v":"Suhu terlalu tinggi. Ponsel akan mati jika suhu terus meningkat."},{"$i":"battery-temperature-high-stop-charging","$v":"Suhu terlalu tinggi. Baterai berhenti mengisi daya. Ponsel akan mati jika suhu terus meningkat."},{"$i":"battery-temperature-low","$v":"Suhu terlalu rendah. Ponsel akan mati jika suhu terus menurun."},{"$i":"battery-temperature-low-stop-charging","$v":"Suhu terlalu rendah. Baterai berhenti mengisi daya. Ponsel akan mati jika suhu terus menurun."},{"$i":"crash-dialog2-os","$v":[{"t":"idOrVar","v":"brandShortName"}," telah pulih dari crash"]},{"$i":"crash-dialog-app","$v":[{"t":"idOrVar","v":"name"}," baru saja crash."]},{"$i":"crash-dialog-app-noname","$v":"Sesuatu"},{"$i":"crash-dialog-message","$v":"Apakah Anda ingin mengiri KaiOS laporan tentan crash untuk membantu kami memperbaiki masalahanya? (Laporan dikirim hanya melalui Wi-Fi.)"},{"$i":"crash-info-link","$v":"Apa yang ada di laporan crash?"},{"$i":"crash-always-report","$v":"Selalu mengirimkan KaiOS laporan ketika terjadi crash."},{"$i":"crash-dont-send","$v":"Jangan Kirim"},{"$i":"crash-end","$v":"Kirim Laporan"},{"$i":"crashReports","$v":"Laporan Crash"},{"$i":"done","$v":"Selesai"},{"$i":"crash-reports-description-1","$v":"Laporan crash memuat beberapa rincian mengenai kegagalan dan alat anda, juga foto keadaan alat anda saat mengalami kegagalan"},{"$i":"crash-reports-description-2","$v":"Laporan mungkin termasuk hal-hal seperti halaman dan aplikasi yang terbuka, pesan yang diketik pada formulir dan isi dari pesan yang terbuka, riwayat jelajah terbaru, atau geolokasi yang digunakan oleh aplikasi yang terbuka."},{"$i":"crash-reports-description-3-start","$v":"Kami menggunakan laporan crash untuk mencoba memperbaiki masalah-masalah dan meningkatkan produk kami. Kami menangani informasi Anda seperti yang kami jelaskan di   kami"},{"$i":"crash-reports-description-3-privacy","$v":"kebijakan privasi"},{"$i":"crash-reports-description-3-end","$v":"."},{"$i":"crash-banner-os2","$v":[{"t":"idOrVar","v":"brandShortName"}," baru saja crash."]},{"$i":"crash-banner-app","$v":[{"t":"idOrVar","v":"name"}," baru saja crash."]},{"$i":"crash-banner-report","$v":"Laporkan"},{"$i":"bluetooth-sending-progress","$v":"Mengirim file via Bluetooth."},{"$i":"bluetooth-receiving-progress","$v":"Menerima file via Bluetooth."},{"$i":"acceptFileTransfer","$v":"Permintaan Transfer"},{"$i":"requestToReceive","$v":[{"t":"idOrVar","v":"deviceName"}," ingin mentransfer file. Apakah Anda ingin menerima?"]},{"$i":"wantToReceiveFile","$v":[{"t":"idOrVar","v":"deviceName"}," ingin mentransfer ",{"t":"idOrVar","v":"fileName"}," (",{"t":"idOrVar","v":"fileSize"},")."]},{"$i":"transfer-confirmation-title","$v":[{"t":"idOrVar","v":"deviceName"}]},{"$i":"transfer-confirmation-description","$v":"Tinjau ulang permintaan transfer."},{"$i":"byteUnit-B","$v":"Bytes"},{"$i":"byteUnit-KB","$v":"KB"},{"$i":"byteUnit-MB","$v":"MB"},{"$i":"byteUnit-GB","$v":"GB"},{"$i":"byteUnit-TB","$v":"TB"},{"$i":"byteUnit-PB","$v":"PB"},{"$i":"byteUnit-EB","$v":"EB"},{"$i":"byteUnit-ZB","$v":"ZB"},{"$i":"byteUnit-YB","$v":"YB"},{"$i":"fileSize","$v":[{"t":"idOrVar","v":"size"}," ",{"t":"idOrVar","v":"unit"}]},{"$i":"deny","$v":"Tolak"},{"$i":"transfer","$v":"Transfer"},{"$i":"accept","$v":"Setuju"},{"$i":"stop","$v":"Berhenti"},{"$i":"cancelFileTransfer","$v":"Batalkan transfer file Bluetooth?"},{"$i":"continueFileTransfer","$v":"Lanjutkan"},{"$i":"transfer-has-started-title","$v":"Transfer file siap dimulai."},{"$i":"transfer-has-started-description","$v":"Menunggu konfirmasi"},{"$i":"transfer-has-started-toast","$v":"Transfer file dimulai. Cek kemajuan dalam Pemberitahuan."},{"$i":"transferFinished-sentSuccessful-title","$v":"File terkirim."},{"$i":"transferFinished-receivedSuccessful-title","$v":"File diterima."},{"$i":"transferFinished-failed-title","$v":"Transfer file gagal."},{"$i":"transferFinished-try-again-description","$v":"Tidak dapat mengirimkan file sekarang. Silakan coba lagi nanti."},{"$i":"transferReport-title","$v":"Laporan transfer:"},{"$i":"transferReport-description","$v":[{"t":"idOrVar","v":"numSuccessful"}," file berhasil, ",{"t":"idOrVar","v":"numUnsuccessful"}," file tidak berhasil"]},{"$i":"unknown-file","$v":"File tidak diketahui"},{"$i":"unknown-device","$v":"Perangkat tidak diketahui"},{"$i":"cannotOpenFile","$v":"Tidak dapat membuka file yang diterima"},{"$i":"unknownMediaTypeToOpenFile","$v":["Tidak dapat membuka jenis media tidak diketahui: ",{"t":"idOrVar","v":"fileName"}]},{"$i":"cannotReceiveFile","$v":"Tidak dapat menerima file"},{"$i":"cannotGetStorageState","$v":"Tidak dapat mendapatkan keadaan penyimpanan perangkat."},{"$i":"sdcard-not-exist2","$v":"Kartu memori tidak ditemukan. Tolong masukkan kartu memori."},{"$i":"sdcard-in-use","$v":"Bluetooth tidak dapat digunakan saat ponsel terhubung. Harap cabut ponsel untuk menerima file."},{"$i":"sdcard-no-space2","$v":"Tidak dapat menyelesaikan transfer: kartu memori penuh."},{"$i":"unknown-error","$v":"Kesalahan tidak diketahui"},{"$i":"confirm","$v":"Konfirmasi"},{"$i":"stopTransferTitle","$v":"Hentikan Transfer File."},{"$i":"stopTransferContent","$v":"Anda ingin menghentikan transferfile via Bluetooth?"},{"$i":"storage","$v":"Penyimpanan"},{"$i":"sdcard-detected-title","$v":"Kartu SD terdeteksi"},{"$i":"no-sdcard-title","$v":"Tidak ada kartu SD"},{"$i":"sdcard-total-size-body","$v":["Ukuran total: ",{"t":"idOrVar","v":"size"}," ",{"t":"idOrVar","v":"unit"}]},{"$i":"sdcard-unknown-size-then-tap-to-format-body","$v":"Ukuran tidak t=diketahui, ketuk untuk format"},{"$i":"sdcard-removed-title","$v":"Kartu SD dilepas"},{"$i":"sdcard-removed-ejected-successfully","$v":"Mengeluarkan berhasil"},{"$i":"sdcard-removed-not-ejected-properly","$v":"Tidak dikeluarkan dengan benar"},{"$i":"set-sdcard-as-default-media-location","$v":"Kartu SD terdeteksi. Tetapkan kartu SD sebagai lokasi media default?"},{"$i":"no-sdcard-content","$v":"Pasang kartu SD untuk menambah ruang."},{"$i":"sim-confirmation-content","$v":["Data seluler ditetapkan pada SIM",{"t":"idOrVar","v":"n"},"."]},{"$i":"sim-confirmation-title","$v":"Kartu SIM Diubah"},{"$i":"sim-confirmation-notice-title","$v":"Kartu SIM diubah"},{"$i":"sim-confirmation-notice","$v":"Pilih untuk melihat detail."},{"$i":"sim-hot-plug","$v":"Telepon akan dimulai ulang."},{"$i":"sim-hot-plug-empty","$v":"Telepon akan dimulai ulang karena kartu SIM dilepas."},{"$i":"sim-hot-plug-empty-confirm","$v":"Pastikan kartu SIM sudah ditarik keluar sepenuhnya, kemudian tekan OK untuk menyalakan ulang."},{"$i":"noSimCard","$v":"Tidak ada kartu SIM"},{"$i":"lockedSim","$v":"SIM terkunci"},{"$i":"noService","$v":"Tidak Ada Layanan"},{"$i":"eccOnly","$v":"Emergency calls only"},{"$i":"nocard-eccOnly","$v":"No SIM card-Emergency calls only"},{"$i":"unusablecard-eccOnly","$v":"Unusable SIM card-Emergency calls only"},{"$i":"searching","$v":"Searching"},{"$i":"simPin","$v":"PIN SIM"},{"$i":"pukCode","$v":"PUK"},{"$i":"nckCode","$v":"Kode NCK"},{"$i":"cckCode","$v":"Kode CCK"},{"$i":"spckCode","$v":"Kode SPCK"},{"$i":"nck1code","$v":"Kode NCK1"},{"$i":"nck2code","$v":"Kode NCK2"},{"$i":"hnckcode","$v":"Kode HNCK"},{"$i":"rcckcode","$v":"Kode RCCK"},{"$i":"rspckcode","$v":"Kode RSPCK"},{"$i":"ncklockContent","$v":["Slot",{"t":"idOrVar","v":"n"}," dikunci nck."]},{"$i":"whatIsSimPin","$v":"Apa itu SIM PIN?"},{"$i":"simPinIntro1","$v":"SIM PIN mencegah akses ke jaringan data seluler kartu SIM. Ketika diaktifkan, perangkat apa pun yang berisi kartu SIM akan meminta PIN saat memulai ulang."},{"$i":"simPinIntro2","$v":"SIM PIN tidak sama dengan kode sandi yang digunakan untuk lepas kunci perangkat ini."},{"$i":"changeSimPin","$v":"Ganti PIN"},{"$i":"pinTitle","$v":"Masukkan PIN SIM"},{"$i":"multiSIMpinTitle","$v":["Masukkan SIM",{"t":"idOrVar","v":"n"}," PIN"]},{"$i":"multiSIMpukTitle","$v":["Masukkan PUK SIM",{"t":"idOrVar","v":"n"}]},{"$i":"multiSIMnckTitle","$v":["Masukkan kode NCK",{"t":"idOrVar","v":"n"}]},{"$i":"multiSIMxckTitle","$v":["Masukkan SIM",{"t":"idOrVar","v":"n"}," ",{"t":"idOrVar","v":"type"}]},{"$i":"xckTitle","$v":["Masukkan ",{"t":"idOrVar","v":"type"}," kode"]},{"$i":"xckCode","$v":[{"t":"idOrVar","v":"type"}," kode"]},{"$i":"xckBlocked","$v":[{"t":"idOrVar","v":"type"}," diblokir"]},{"$i":"pukTitle","$v":"Masukkan kode PUK"},{"$i":"nckTitle","$v":"Masukkan kode NCK"},{"$i":"cckTitle","$v":"Masukkan kode CCK"},{"$i":"spckTitle","$v":"Masukkan kode SPCK"},{"$i":"nck1Title","$v":"Masukkan kode NCK1"},{"$i":"nck2Title","$v":"Masukkan kode NCK2"},{"$i":"hnckTitle","$v":"Masukkan kode HNCK"},{"$i":"rcckTitle","$v":"Masukkan kode RCCK"},{"$i":"rspckTitle","$v":"Masukkan kode RSPCK"},{"$i":"newpinTitle","$v":"PIN baru"},{"$i":"inputCodeRetriesLeft","$v":{"few":[{"t":"idOrVar","v":"n"}," percobaan tersisa."],"many":[{"t":"idOrVar","v":"n"}," percobaan tersisa."],"one":"1 percobaan tersisa.","other":[{"t":"idOrVar","v":"n"}," percobaan tersisa."],"two":[{"t":"idOrVar","v":"n"}," percobaan tersisa."]},"$x":[{"t":"idOrVar","v":"plural"},"n"]},{"$i":"pinErrorMsg","$v":"PIN salah"},{"$i":"pinAttemptMsg2","$v":{"few":["Anda memiliki ",{"t":"idOrVar","v":"n"}," percobaan tersisa untuk memasukkan kode yang benar sebelum mengunci kartu SIM."],"many":["Anda memiliki ",{"t":"idOrVar","v":"n"}," percobaan tersisa untuk memasukkan kode yang benar sebelum mengunci kartu SIM."],"one":"Anda memiliki satu percobaan tersisa untuk memasukkan kode yang benar sebelum mengunci kartu SIM.","other":["Anda memiliki ",{"t":"idOrVar","v":"n"}," percobaan tersisa untuk memasukkan kode yang benar sebelum mengunci kartu SIM."],"two":["Anda memiliki ",{"t":"idOrVar","v":"n"}," percobaan tersisa untuk memasukkan kode yang benar sebelum mengunci kartu SIM."]},"$x":[{"t":"idOrVar","v":"plural"},"n"]},{"$i":"pinLastChanceMsg","$v":"Ini adalah kesempatan terakhir Anda untuk memasukkan PIN yang benar. Jika tidak, Anda harus memasukkan kode PUK untuk menggunakan kartu SIM ini."},{"$i":"simCardLockedMsg","$v":"Kartu SIM terkunci"},{"$i":"enterPukMsg","$v":"Anda harus memasukkan kode Personal Unlocking Key (PUK) untuk kartu SIM. Lihat dokumentasi kartu SIM Anda atau hubungi operator Anda untuk informasi lebih lanjut."},{"$i":"pukErrorMsg","$v":"PUK salah."},{"$i":"pukAttemptMsg2","$v":{"few":["Anda memiliki ",{"t":"idOrVar","v":"n"}," percobaan tersisa untuk memasukkan kode yang benar sebelum kartu SIM ini tidak dapat digunakan permanen. Lihat dokumentasi kartu SIM Anda atau hubungi operator Anda untuk informasi lebih lanjut."],"many":["Anda memiliki ",{"t":"idOrVar","v":"n"}," percobaan tersisa untuk memasukkan kode yang benar sebelum kartu SIM ini tidak dapat digunakan permanen. Lihat dokumentasi kartu SIM Anda atau hubungi operator Anda untuk informasi lebih lanjut."],"one":"Anda memiliki satu percobaan tersisa untuk memasukkan kode yang benar sebelum kartu SIM ini tidak dapat digunakan permanen. Lihat dokumentasi kartu SIM Anda atau hubungi operator Anda untuk informasi lebih lanjut.","other":["Anda memiliki ",{"t":"idOrVar","v":"n"}," percobaan tersisa untuk memasukkan kode yang benar sebelum kartu SIM ini tidak dapat digunakan permanen. Lihat dokumentasi kartu SIM Anda atau hubungi operator Anda untuk informasi lebih lanjut."],"two":["Anda memiliki ",{"t":"idOrVar","v":"n"}," percobaan tersisa untuk memasukkan kode yang benar sebelum kartu SIM ini tidak dapat digunakan permanen. Lihat dokumentasi kartu SIM Anda atau hubungi operator Anda untuk informasi lebih lanjut."]},"$x":[{"t":"idOrVar","v":"plural"},"n"]},{"$i":"pukLastChanceMsg","$v":"Kesempatan terakhir untuk memasukkan kode PUK yang benar. Kartu SIM Anda akan tidak dapat digunakan permanen jika kode PUK salah. Lihat dokumentasi kartu SIM atau hubungi operator Anda untuk informasi lebih lanjut."},{"$i":"cardPermanentlyLockMsg-head","$v":"PUK salah."},{"$i":"cardPermanentlyLockMsg-body","$v":"Kartu SIM Anda terkunci permanen. Hubungi operator Anda untuk informasi lebih lanjut."},{"$i":"newSimPinMsg","$v":"PIN SIM baru (wajib 4-8 digit)"},{"$i":"confirmNewSimPinMsg","$v":"Konfirmasi PIN SIM Baru"},{"$i":"newPinErrorMsg","$v":"PIN tidak cocok"},{"$i":"nckErrorMsg","$v":"Kode NCK salah."},{"$i":"nckAttemptMsg2","$v":{"few":["Permintaan depersonalisasi jaringan gagal. Anda memiliki ",{"t":"idOrVar","v":"n"}," percobaan tersisa untuk memasukkan kode yang benar. Lihat dokumentasi perangkat Anda atau hubungi operator Anda untuk informasi lebih lanjut."],"many":["Permintaan depersonalisasi jaringan gagal. Anda memiliki ",{"t":"idOrVar","v":"n"}," percobaan tersisa untuk memasukkan kode yang benar. Lihat dokumentasi perangkat Anda atau hubungi operator Anda untuk informasi lebih lanjut."],"one":"Permintaan depersonalisasi jaringan gagal. Anda memiliki satu percobaan tersisa untuk memasukkan kode yang benar. Lihat dokumentasi perangkat Anda atau hubungi pembawa Anda untuk informasi lebih lanjut.","other":["Permintaan depersonalisasi jaringan gagal. Anda memiliki ",{"t":"idOrVar","v":"n"}," percobaan tersisa untuk memasukkan kode yang benar. Lihat dokumentasi perangkat Anda atau hubungi operator Anda untuk informasi lebih lanjut."],"two":["Permintaan depersonalisasi jaringan gagal. Anda memiliki ",{"t":"idOrVar","v":"n"}," percobaan tersisa untuk memasukkan kode yang benar. Lihat dokumentasi perangkat Anda atau hubungi operator Anda untuk informasi lebih lanjut."]},"$x":[{"t":"idOrVar","v":"plural"},"n"]},{"$i":"nckLastChanceMsg","$v":"Permintaan depersonalisasi jaringan gagal. Ini adalah kesempatan terakhir untuk memasukkan kode yang benar. Lihat dokumentasi perangkat Anda atau hubungi operator Anda untuk informasi lebih lanjut."},{"$i":"sim-attention-header","$v":"SIM Terkunci"},{"$i":"multiSIM-attention-header","$v":["SIM",{"t":"idOrVar","v":"n"}," Terkunci"]},{"$i":"sim-attention-head","$v":"Kartu SIM dikunci."},{"$i":"sim-attention-body","$v":"Apakah Anda ingin memasukkan kode PUK untuk lepas kunci kartu SIM?"},{"$i":"enter-puk-rsk","$v":"Masukkan PUK"},{"$i":"verify-rsk","$v":"Selesai"},{"$i":"activity-pick","$v":"Pilih dari"},{"$i":"activity-view","$v":"Lihat dengan"},{"$i":"activity-test","$v":"Tes dengan"},{"$i":"activity-share","$v":"Bagikan"},{"$i":"activity-new","$v":"Buat dengan"},{"$i":"activity-open","$v":"Buka dengan"},{"$i":"activity-save-bookmark","$v":"Bookmark ke"},{"$i":"activity-record","$v":"Rekam dari"},{"$i":"activity-browse","$v":"Jelajahi dengan"},{"$i":"activity-configure","$v":"Konfigurasi dengan"},{"$i":"activity-dial","$v":"Panggilan dari"},{"$i":"remoteDebuggerMessage","$v":"Permintaan masuk untuk mengizinkan debugging koneksi jarak jauh terdeteksi. Izinkan koneksi?"},{"$i":"captive-wifi-available","$v":["Jaringan ",{"t":"idOrVar","v":"networkName"}," ditemuka. Ikut jaringan?"]},{"$i":"ceWarningtitle","$v":"Peringatan volume"},{"$i":"ceWarningcontent","$v":"Utk mncegah kmungkinan rsaknya pndngaran, jgn mdnngarkan volume tinggi dlm waktu lama."},{"$i":"is-volume-type-notification","$v":{"$o":"Nada Dering & Isyarat"}},{"$i":"is-volume-type-telephony","$v":"Volume"},{"$i":"is-volume-type-alarm","$v":"Alarm"},{"$i":"is-volume-type-content","$v":"Media"},{"$i":"tcl-volume-type-notification","$v":{"$o":"NADA DERING & PENGINGAT"}},{"$i":"tcl-volume-type-telephony","$v":"VOLUME"},{"$i":"volume-type-alarm","$v":"ALARM"},{"$i":"volume-type-content","$v":"MEDIA"},{"$i":"vibrate-only","$v":"Hanya Getar"},{"$i":"silent","$v":"Diam"},{"$i":"vibrate-on","$v":"Getar:On"},{"$i":"vibrate-off","$v":"Getar:Off"},{"$i":"vibrate","$v":"Getar"},{"$i":"tcl-volume","$v":["Volume:",{"t":"idOrVar","v":"n"},"/",{"t":"idOrVar","v":"c"}]},{"$i":"notification-powersaving-mode-on-title","$v":"Mode Hemat Tenaga"},{"$i":"notification-powersaving-mode-on-description","$v":"Mode hemat energi menyala."},{"$i":"low-device-storage","$v":"Ruang perangkat rendah.\\n"},{"$i":"storage-alert","$v":"Pengingat Penyimpanan"},{"$i":"phone-almost-full","$v":"Telepon hampir penuh."},{"$i":"free-space","$v":{"few":["Kurang dari ",{"t":"idOrVar","v":"value"}," ",{"t":"idOrVar","v":"unit"}," tersisa."],"many":["Kurang dari ",{"t":"idOrVar","v":"value"}," ",{"t":"idOrVar","v":"unit"}," tersisa."],"one":["Kurang dari ",{"t":"idOrVar","v":"value"}," ",{"t":"idOrVar","v":"unit"}," tersisa."],"other":["Kurang dari ",{"t":"idOrVar","v":"value"}," ",{"t":"idOrVar","v":"unit"}," tersisa."],"two":["Kurang dari ",{"t":"idOrVar","v":"value"}," ",{"t":"idOrVar","v":"unit"}," tersisa."],"zero":"Tidak ada ruang kosong tersisa."},"$x":[{"t":"idOrVar","v":"plural"},"value"]},{"$i":"unknown-free-space","$v":"Ruang tersisa tidak diketahui."},{"$i":"can-delete-data-to-get-space","$v":"Anda tidak dapat menghapus beberapa file medi atau mengelola data aplikasi untuk mendapatkan ruang kosong lebih."},{"$i":"should-delete-data-to-get-space","$v":"Anda perlu menghapus file media tertentu atau mengelola data aplikasi untuk menambah ruang bebas sebelum melanjutkan penggunaan perangkat ini."},{"$i":"storage-full-level-1-title","$v":"Telepon Hampir Penuh"},{"$i":"storage-full-level-2-title","$v":"Penyimpanan Telepon Penuh"},{"$i":"delete-to-get-space","$v":"Hapus file media, data aplikasi atau apl unduhan untuk membebaskan ruang."},{"$i":"delete-to-get-space-level-2","$v":"Hapus file media, data aplikasi atau apl unduhan untuk membebaskan ruang. Jika tidak, telepon tidak akan bekerja semestinya."},{"$i":"system-alert","$v":"Isyarat Sistem"},{"$i":"cb-channel","$v":["Saluran CB - ",{"t":"idOrVar","v":"channel"}]},{"$i":"cell-broadcast-subtitle","$v":"Siaran Seluler"},{"$i":"cb-etws-warningType-earthquake","$v":"Peringatan gempa!"},{"$i":"cb-etws-warningType-tsunami","$v":"Peringatan tsunami!"},{"$i":"cb-etws-warningType-earthquake-tsunami","$v":"Peringatan gempa-tsunami!"},{"$i":"cb-etws-warningType-test","$v":"Sistem isyarat sedang dites."},{"$i":"cb-etws-warningType-other","$v":"Peringatan darurat!"},{"$i":"icc-message-maintitle","$v":"Pesan Operator"},{"$i":"icc-message-subtitle","$v":"SIM"},{"$i":"icc-confirmCall-defaultmessage","$v":["Pangill ",{"t":"idOrVar","v":"number"},"?"]},{"$i":"icc-alertMessage-defaultmessage","$v":"Mengirim pesan"},{"$i":"icc-confirmMessage-defaultmessage","$v":"Kirim pesan?"},{"$i":"icc-notification-title","$v":["SIM ",{"t":"idOrVar","v":"id"}," STK"]},{"$i":"icc-inputbox-maintitle","$v":"Pertanyaan STK"},{"$i":"icc-inputbox-subtitle","$v":["SIM ",{"t":"idOrVar","v":"id"}]},{"$i":"emergency-callback-mode","$v":"Mode panggilan darurat kembali"},{"$i":"emergency-callback-message","$v":"Anda tidak dapat melakukan panggilan, mengirim pesan, atau online karena panggilan darurat kembali diaktifkan. Apakah Anda ingin menonaktifkannya?"},{"$i":"cdma-record-info","$v":"Informasi rekaman CDMA"},{"$i":"download_started","$v":"Unduhan dimulai"},{"$i":"download_stopped","$v":"Unduhan berhenti"},{"$i":"download_downloading","$v":[{"t":"idOrVar","v":"percentage"},"%"]},{"$i":"download_succeeded","$v":"Unduhan selesai"},{"$i":"download_failed","$v":"Unduhan gagal"},{"$i":"update_succeeded","$v":"Pembaruan selesai"},{"$i":"download_text_by_default","$v":[{"t":"idOrVar","v":"name"}]},{"$i":"phone-storage-full-title","$v":"Penyimpanan Telepon Penuh"},{"$i":"phone-storage-full-warning","$v":"Tidak dapat mengunduh file. Hapus file media atau data aplikasi untuk membebaskan ruang. Anda juga dapat memasang kartu SD untuk memperbesar memori media."},{"$i":"sdcard-storage-full-title","$v":"Kartu SD Penuh"},{"$i":"sdcard-storage-full-warning","$v":"Tidak dapat mengunduh file. Hapus file dalam kartu SD untuk membebaskan ruang."},{"$i":"opt-settings","$v":"Pengaturan"},{"$i":"search-the-web","$v":"Cari di web"},{"$i":"search-or-enter-address","$v":"Cari atau masukkan alamat","placeholder":"Cari atau masukkan alamat"},{"$i":"search-or-enter-url","$v":"Cari atau ketik URL","placeholder":"Cari atau ketik URL"},{"$i":"back-button","ariaLabel":"Kembali"},{"$i":"forward-button","ariaLabel":"Teruskan"},{"$i":"reload-button","ariaLabel":"Muat ulang"},{"$i":"stop-button","ariaLabel":"Berhenti"},{"$i":"windows-button","ariaLabel":"Tampilkan jendela"},{"$i":"noHotspotWhenAPMisOnWifiHotspot","$v":"Matikan mode pesawat untuk menggunakan Wi-Fi hotspot."},{"$i":"apmActivated","$v":"Mode pesawat terbang aktif"},{"$i":"save-image","$v":"Simpan Gambar"},{"$i":"save-video","$v":"Simpan Video"},{"$i":"save-audio","$v":"Simpan Audio"},{"$i":"share-image","$v":"Bagikan Gambar"},{"$i":"share-video","$v":"Bagikan Video"},{"$i":"share-audio","$v":"Bagikan Audio"},{"$i":"tcl-cancelButtonId","$v":"Batal"},{"$i":"tcl-not-send","$v":"Jangan Kirim"},{"$i":"tcl-send-report","$v":"Kirim Laporan"},{"$i":"refresh","$v":"Segarkan"},{"$i":"goBack","$v":"Kembali"},{"$i":"goForward","$v":"Maju"},{"$i":"goToTopSites","$v":"Pergi ke Situs Teratas"},{"$i":"pinToTopSites","$v":"Tempel ke Situs Teratas"},{"$i":"pinToAllApps","$v":"Sematkan ke Semua Apl"},{"$i":"pinToAppsMenu","$v":"Sematkan ke Menu Apl"},{"$i":"viewMessages","$v":"Lihat Pesan"},{"$i":"downloadImage","$v":"Unduh gambar"},{"$i":"quit","$v":"Keluar"},{"$i":"minimizeBrowser","$v":"Perkecil Browser"},{"$i":"pinSiteCompletely","$v":"Situs web ini telah ditempel ke Situs Teratas."},{"$i":"siteWasPinnedBefore","$v":"Situs web ini disematkan ke Situs Teratas sebelumnya."},{"$i":"pinnedSitesOverLimit","$v":"Anda telah mencapai jumlah maksimal situs web yang disematkan."},{"$i":"pressBackAgainToQuitBrowser","$v":"Tekan KEMBALI lagi untuk menutup browser."},{"$i":"pressBackAgainToMinimizeBrowser","$v":"Tekan lagi MUNDUR untuk memperkecil Browser."},{"$i":"pinSiteToAllAppsCompletely","$v":"Situs web ini telah disematkan ke Semua Apl."},{"$i":"pinSiteToAppsMenuCompletely","$v":"Situs web ini telah disematkan ke Menu Apl."},{"$i":"siteWasPinnedToAllAppsBefore","$v":"Situs web ini telah disematkan ke Semua Apl sebelumnya."},{"$i":"siteWasPinnedToAppsMenuBefore","$v":"Situs web ini telah disematkan ke Menu Apl sebelumnya."},{"$i":"ext-bluetooth-req","$v":"Permintaan Sandingan"},{"$i":"ext-unknown","$v":"TIDAK DIKETAHUI"},{"$i":"ext-new-message","$v":"Pesan Baru"},{"$i":"ext-new-mail","$v":"Surat Baru"},{"$i":"ext-calendar-event","$v":"Kalender Acara"},{"$i":"ext-new-notification","$v":"Pemberitahuan Baru"},{"$i":"incoming","$v":"Masuk"},{"$i":"ext-volume-notification","$v":{"$o":"Nada dering & notifikasi"}},{"$i":"ext-volume-content","$v":"Media"},{"$i":"ext-volume-alarm","$v":"Alarm"},{"$i":"ext-new-cmas","$v":"Darurat"},{"$i":"phone-storage-full-body","$v":"Rekaman panggilan dihentikan. Hapus file media atau data aplikasi untuk membebaskan ruang."},{"$i":"sd-card-full-title","$v":"Kartu SD Penuh"},{"$i":"sd-card-full-body","$v":"Rekaman panggilan dihentikan. Hapus file dalam kartu SD untuk membebaskan ruang."},{"$i":"supl-notification-title","$v":"Permintaan Lokasi"},{"$i":"supl-notification-message","$v":"Lokasi Anda sedang ditransmisikan ke operator."},{"$i":"supl-verification-title","$v":"Permintaan Lokasi"},{"$i":"supl-verification-message","$v":"Operator meminta lokasi Anda. Apakah Anda ingin memberikan info lokasi Anda ke operator?"},{"$i":"supl-verification-message-for-notification","$v":"Klik di sini untuk konfirmasi"},{"$i":"supl-verification-confirm","$v":"Ya"},{"$i":"supl-verification-cancel","$v":"Tidak"},{"$i":"supl-more-message","$v":["Pesan: ",{"t":"idOrVar","v":"id"}," (",{"t":"idOrVar","v":"message"},")"]},{"$i":"confirmPbapMsg","$v":[{"t":"idOrVar","v":"deviceId"}," ingin mengakses kontak dan riwayat panggilan Anda. Anda ingin menerima?"]},{"$i":"confirmTitle","$v":"Permintaan Bluetooth"},{"$i":"initialValue","$v":"Masukkan kunci sesi"},{"$i":"confirmMapMsg","$v":[{"t":"idOrVar","v":"deviceId"}," ingin mengakses pesan Anda. Anda ingin menerima?"]},{"$i":"wifiCallErrorMsg","$v":["Kesalahan panggilan Wifi: ",{"t":"idOrVar","v":"error"}]},{"$i":"wifiCallMissEccTitle","$v":[{"t":"idOrVar","v":"operator"}," WiFi Calling"]},{"$i":"wifiCallMissEccMsg","$v":"Emergency calls in areas with cellular coverage only"},{"$i":"battery-full-title","$v":"Baterai Penuh"},{"$i":"battery-full-body","$v":"Baterai terisi penuh."},{"$i":"sim-config-title","$v":"Konfigurasi"},{"$i":"sim-config-content-init","$v":["Tekan MULAI untuk mengonfigurasi telepon untuk ",{"t":"idOrVar","v":"carrier"},"."]},{"$i":"sim-config-content-change","$v":["Anda ingin mengonfigurasi telepon ini untuk ",{"t":"idOrVar","v":"carrier"},"?"]},{"$i":"sim-config-content-line1","$v":"Bagus sekali!"},{"$i":"sim-config-content-restart","$v":"Start ulang telepon untuk menerapkan perubahan."},{"$i":"sim-config-content-finish","$v":"Tekan OK untuk menyelesaikannya."},{"$i":"sim-config-content-failed","$v":["Tidak dapat menemukan profil ",{"t":"idOrVar","v":"carrier"},"."]},{"$i":"sim-config-button-restart","$v":"Mulai Ulang"},{"$i":"sim-config-button-begin","$v":"Mulai"},{"$i":"open-wifi-available","$v":"Buka jaringan WiFi tersedia"},{"$i":"wifi-available","$v":"Jaringan Wifi tersedia"},{"$i":"wifi-no-internet-title","$v":"Wi-Fi tidak punya akses internet"},{"$i":"wifi-no-internet-body","$v":"Buka opsi"},{"$i":"wifi-no-internet-header","$v":"Jaringan Wi-Fi"},{"$i":"wifi-no-internet-content","$v":[{"t":"idOrVar","v":"name"}," tidak punya akses internet, tetap tersambung?"]},{"$i":"ellipses_char","$v":"…"},{"$i":"fota-title-attention","$v":"Perhatian"},{"$i":"fota-upgrade-success","$v":["Peningkatan Firmware berhasil, Perangkat Anda sekarang dalam versi ",{"t":"idOrVar","v":"target"},"."]},{"$i":"fota-upgrade-failed","$v":"Peningkatan gagal, Versi sebelumnya dipulihkan."},{"$i":"fota-title-software-update","$v":"Pembaruan Perangkat Lunak"},{"$i":"fota-message-software-update-available","$v":"Pembaruan tersedia."},{"$i":"fota-message-software-download-failed","$v":"Gagal mengunduh."},{"$i":"fota-message-software-download-complete","$v":"Unduhan selesai."},{"$i":"network-issue-title","$v":"Kesalahan Jaringan"},{"$i":"network-issue-detail","$v":"Cek koneksi Anda."},{"$i":"device-issue-title","$v":"Kesalahan Penginstalan"},{"$i":"device-issue-detail","$v":"Terjadi masalah."},{"$i":"device-issue-update-title","$v":"Kesalahan Pembaruan"},{"$i":"install-generic-error","$v":"Unduhan dihentikan."},{"$i":"account-authenticator-invaild-grant-notice-title","$v":"Kesalahan Akun"},{"$i":"account-authenticator-invaild-grant-notice-text","$v":"Login lagi"},{"$i":"account-authenticator-no-network-error","$v":"Tidak ada koneksi internet."},{"$i":"account-authenticator-access-denied-error","$v":"Terjadi kesalahan tidak diketahui, coba lagi nanti."},{"$i":"qtn_els_alert_high_vol","$v":"Peringatan volume tinggi"},{"$i":"qtn_els_alert_in_call","$v":"Dalam panggilan"},{"$i":"GetEmptyUssdPrompt","$v":"Balasan diterima nol."},{"$i":"message-sent","$v":"Pesan terkirim."},{"$i":"send","$v":"Kirim"},{"$i":"confirmation","$v":"Konfirmasi"},{"$i":"feedback-dialogview-header","$v":"Tanggapan"},{"$i":"feedback-dialogview-message","$v":"Pendapat Anda sangat berharga bagi HMD Global, jadi bagaimana telepon baru ini menurut Anda. Jika Anda ingin mengikuti survei ini nanti, Anda dapat menemukannya dari Pengaturan."},{"$i":"accessibility-enableScreenReaderSteps","$v":"Untuk mengaktifkan pembaca layar, tekan tombol volume atas lalu volume bawah tiga kali"},{"$i":"accessibility-disableScreenReaderSteps","$v":"Untuk menonaktifkan pembaca layar, tekan tombol volume atas lalu volume bawah tiga kali"},{"$i":"accessibility-screenReaderStarted","$v":"Pembaca layar dimulai"},{"$i":"accessibility-screenReaderStopped","$v":"Pembaca layar dihentikan"},{"$i":"accessibility-menubar","$v":"bilah menu"},{"$i":"accessibility-scrollbar","$v":"bilah gulir"},{"$i":"accessibility-grip","$v":"grip"},{"$i":"accessibility-alert","$v":"peringatan"},{"$i":"accessibility-menupopup","$v":"popup menu"},{"$i":"accessibility-document","$v":"dokumen"},{"$i":"accessibility-pane","$v":"panel"},{"$i":"accessibility-dialog","$v":"dialog"},{"$i":"accessibility-separator","$v":"pemisah"},{"$i":"accessibility-toolbar","$v":"toolbar"},{"$i":"accessibility-statusbar","$v":"bilah status"},{"$i":"accessibility-table","$v":"tabel"},{"$i":"accessibility-columnheader","$v":"header kolom"},{"$i":"accessibility-rowheader","$v":"header baris"},{"$i":"accessibility-column","$v":"kolom"},{"$i":"accessibility-row","$v":"baris"},{"$i":"accessibility-cell","$v":"sel"},{"$i":"accessibility-link","$v":"tautan"},{"$i":"accessibility-list","$v":"daftar"},{"$i":"accessibility-listitem","$v":"item daftar"},{"$i":"accessibility-outline","$v":"garis besar"},{"$i":"accessibility-outlineitem","$v":"item garis besar"},{"$i":"accessibility-pagetab","$v":"tab"},{"$i":"accessibility-propertypage","$v":"halaman properti"},{"$i":"accessibility-graphic","$v":"gambar"},{"$i":"accessibility-pushbutton","$v":"tombol"},{"$i":"accessibility-checkbutton","$v":"periksa tombol"},{"$i":"accessibility-radiobutton","$v":"tombol radio"},{"$i":"accessibility-combobox","$v":"kotak combo"},{"$i":"accessibility-progressbar","$v":"bilah perkembangan"},{"$i":"accessibility-slider","$v":"slider"},{"$i":"accessibility-spinbutton","$v":"tombol spin"},{"$i":"accessibility-diagram","$v":"diagram"},{"$i":"accessibility-animation","$v":"animasi"},{"$i":"accessibility-equation","$v":"persamaan"},{"$i":"accessibility-buttonmenu","$v":"tombol menu"},{"$i":"accessibility-whitespace","$v":"spasi putih"},{"$i":"accessibility-pagetablist","$v":"daftar tab"},{"$i":"accessibility-canvas","$v":"kanvas"},{"$i":"accessibility-checkmenuitem","$v":"periksa item menu"},{"$i":"accessibility-label","$v":"label"},{"$i":"accessibility-passwordtext","$v":"teks sandi"},{"$i":"accessibility-radiomenuitem","$v":"item menu radio"},{"$i":"accessibility-textcontainer","$v":"penampung teks"},{"$i":"accessibility-togglebutton","$v":"aktifkan tombol"},{"$i":"accessibility-treetable","$v":"tabel pohon"},{"$i":"accessibility-header","$v":"header"},{"$i":"accessibility-footer","$v":"catatan kaki"},{"$i":"accessibility-paragraph","$v":"paragraf"},{"$i":"accessibility-entry","$v":"entri"},{"$i":"accessibility-caption","$v":"keterangan"},{"$i":"accessibility-heading","$v":"heading"},{"$i":"accessibility-section","$v":"bagian"},{"$i":"accessibility-form","$v":"bentuk"},{"$i":"accessibility-comboboxlist","$v":"daftar kotak combo"},{"$i":"accessibility-comboboxoption","$v":"opsi kotak combo"},{"$i":"accessibility-imagemap","$v":"peta gambar"},{"$i":"accessibility-listboxoption","$v":"opsi"},{"$i":"accessibility-listbox","$v":"kotak daftar"},{"$i":"accessibility-flatequation","$v":"persamaan datar"},{"$i":"accessibility-gridcell","$v":"gridcell"},{"$i":"accessibility-note","$v":"catatan"},{"$i":"accessibility-figure","$v":"bilangan"},{"$i":"accessibility-definitionlist","$v":"daftar definisi"},{"$i":"accessibility-term","$v":"istilah"},{"$i":"accessibility-definition","$v":"definisi"},{"$i":"accessibility-textarea","$v":"area teks"},{"$i":"accessibility-textInputType_date","$v":"tanggal"},{"$i":"accessibility-textInputType_email","$v":"email"},{"$i":"accessibility-textInputType_search","$v":"cari"},{"$i":"accessibility-textInputType_tel","$v":"telepon"},{"$i":"accessibility-textInputType_url","$v":"URL"},{"$i":"accessibility-headingLevel","$v":["tingkat heading ",{"t":"idOrVar","v":"0"}]},{"$i":"accessibility-listStart","$v":"Item pertama"},{"$i":"accessibility-listEnd","$v":"Item terakhir"},{"$i":"accessibility-listItemsCount","$v":{"few":[{"t":"idOrVar","v":"count"}," item"],"many":[{"t":"idOrVar","v":"count"}," item"],"one":[{"t":"idOrVar","v":"count"}," item"],"other":[{"t":"idOrVar","v":"count"}," item"],"two":[{"t":"idOrVar","v":"count"}," item"],"zero":[{"t":"idOrVar","v":"count"}," item"]},"$x":[{"t":"idOrVar","v":"plural"},"count"]},{"$i":"accessibility-objItemOfN","$v":[{"t":"idOrVar","v":"0"}," dari ",{"t":"idOrVar","v":"1"}]},{"$i":"accessibility-banner","$v":"spanduk"},{"$i":"accessibility-complementary","$v":"pelengkap"},{"$i":"accessibility-contentinfo","$v":"info konten"},{"$i":"accessibility-main","$v":"utama"},{"$i":"accessibility-navigation","$v":"navigasi"},{"$i":"accessibility-search","$v":"cari"},{"$i":"accessibility-tblColumnInfo","$v":{"few":["dengan ",{"t":"idOrVar","v":"count"}," kolom"],"many":["dengan ",{"t":"idOrVar","v":"count"}," kolom"],"one":["dengan ",{"t":"idOrVar","v":"count"}," kolom"],"other":["dengan ",{"t":"idOrVar","v":"count"}," kolom"],"two":["dengan ",{"t":"idOrVar","v":"count"}," kolom"],"zero":["dengan ",{"t":"idOrVar","v":"count"}," kolom"]},"$x":[{"t":"idOrVar","v":"plural"},"count"]},{"$i":"accessibility-tblRowInfo","$v":{"few":["dan ",{"t":"idOrVar","v":"count"}," baris"],"many":["dan ",{"t":"idOrVar","v":"count"}," baris"],"one":["dan ",{"t":"idOrVar","v":"count"}," baris"],"other":["dan ",{"t":"idOrVar","v":"count"}," baris"],"two":["dan ",{"t":"idOrVar","v":"count"}," baris"],"zero":["dan ",{"t":"idOrVar","v":"count"}," baris"]},"$x":[{"t":"idOrVar","v":"plural"},"count"]},{"$i":"accessibility-columnInfo","$v":["Kolom ",{"t":"idOrVar","v":"0"}]},{"$i":"accessibility-rowInfo","$v":["Baris ",{"t":"idOrVar","v":"0"}]},{"$i":"accessibility-spansColumns","$v":{"few":["masa ",{"t":"idOrVar","v":"0"}," kolom"],"many":["masa ",{"t":"idOrVar","v":"0"}," kolom"],"one":["masa ",{"t":"idOrVar","v":"0"}," kolom"],"other":["masa ",{"t":"idOrVar","v":"0"}," kolom"],"two":["masa ",{"t":"idOrVar","v":"0"}," kolom"],"zero":["masa ",{"t":"idOrVar","v":"0"}," kolom"]},"$x":[{"t":"idOrVar","v":"plural"},"0"]},{"$i":"accessibility-spansRows","$v":{"few":["masa ",{"t":"idOrVar","v":"0"}," baris"],"many":["masa ",{"t":"idOrVar","v":"0"}," baris"],"one":["masa ",{"t":"idOrVar","v":"0"}," baris"],"other":["masa ",{"t":"idOrVar","v":"0"}," baris"],"two":["masa ",{"t":"idOrVar","v":"0"}," baris"],"zero":["masa ",{"t":"idOrVar","v":"0"}," baris"]},"$x":[{"t":"idOrVar","v":"plural"},"0"]},{"$i":"accessibility-jumpAction","$v":"dilewati"},{"$i":"accessibility-pressAction","$v":"ditekan"},{"$i":"accessibility-checkAction","$v":"diperiksa"},{"$i":"accessibility-uncheckAction","$v":"belum dicentang"},{"$i":"accessibility-selectAction","$v":"dipilih"},{"$i":"accessibility-unselectAction","$v":"belum dipilih"},{"$i":"accessibility-openAction","$v":"dibuka"},{"$i":"accessibility-closeAction","$v":"ditutup"},{"$i":"accessibility-switchAction","$v":"dialihkan"},{"$i":"accessibility-clickAction","$v":"diklik"},{"$i":"accessibility-collapseAction","$v":"ditutup"},{"$i":"accessibility-expandAction","$v":"diperluas"},{"$i":"accessibility-activateAction","$v":"diaktifkan"},{"$i":"accessibility-cycleAction","$v":"siklus"},{"$i":"accessibility-hidden","$v":"tersembunyi"},{"$i":"accessibility-tabLoading","$v":"memuat"},{"$i":"accessibility-tabLoaded","$v":"dimuat"},{"$i":"accessibility-tabNew","$v":"tab baru"},{"$i":"accessibility-tabLoadStopped","$v":"memuat berhenti"},{"$i":"accessibility-tabReload","$v":"memuat ulang"},{"$i":"accessibility-stateChecked","$v":"diperiksa"},{"$i":"accessibility-stateNotChecked","$v":"tidak diperiksa"},{"$i":"accessibility-statePressed","$v":"ditekan"},{"$i":"accessibility-stateExpanded","$v":"diperluas"},{"$i":"accessibility-stateCollapsed","$v":"ditutup"},{"$i":"accessibility-stateUnavailable","$v":"tidak tersedia"},{"$i":"accessibility-stateRequired","$v":"wajib"},{"$i":"accessibility-stateTraversed","$v":"dikunjungi"},{"$i":"accessibility-stateHasPopup","$v":"telah muncul"},{"$i":"accessibility-stateSelected","$v":"dipilih"},{"$i":"accessibility-editingMode","$v":"mengedit"},{"$i":"accessibility-navigationMode","$v":"menavigasi"},{"$i":"accessibility-quicknav_Simple","$v":"Default"},{"$i":"accessibility-quicknav_Anchor","$v":"Jangkar"},{"$i":"accessibility-quicknav_Button","$v":"Tombol"},{"$i":"accessibility-quicknav_Combobox","$v":"Kotak-kotak combo"},{"$i":"accessibility-quicknav_Landmark","$v":"Landmark"},{"$i":"accessibility-quicknav_Entry","$v":"Entri"},{"$i":"accessibility-quicknav_FormElement","$v":"Elemen bentuk"},{"$i":"accessibility-quicknav_Graphic","$v":"Gambar"},{"$i":"accessibility-quicknav_Heading","$v":"Heading"},{"$i":"accessibility-quicknav_ListItem","$v":"Item daftar"},{"$i":"accessibility-quicknav_Link","$v":"Tautan"},{"$i":"accessibility-quicknav_List","$v":"Tautan"},{"$i":"accessibility-quicknav_PageTab","$v":"Tab halaman"},{"$i":"accessibility-quicknav_RadioButton","$v":"Tombol radio"},{"$i":"accessibility-quicknav_Separator","$v":"Pemisah"},{"$i":"accessibility-quicknav_Table","$v":"Tabel"},{"$i":"accessibility-quicknav_Checkbox","$v":"Kotak-kotak centang"},{"$i":"accessibility-menubarAbbr","$v":"bilah menu"},{"$i":"accessibility-scrollbarAbbr","$v":"bilah gulir"},{"$i":"accessibility-gripAbbr","$v":"grip"},{"$i":"accessibility-alertAbbr","$v":"peringatan"},{"$i":"accessibility-menupopupAbbr","$v":"popup menu"},{"$i":"accessibility-documentAbbr","$v":"dokumen"},{"$i":"accessibility-paneAbbr","$v":"panel"},{"$i":"accessibility-dialogAbbr","$v":"dialog"},{"$i":"accessibility-separatorAbbr","$v":"pemisah"},{"$i":"accessibility-toolbarAbbr","$v":"toolbar"},{"$i":"accessibility-statusbarAbbr","$v":"bilah status"},{"$i":"accessibility-tableAbbr","$v":"tbl"},{"$i":"accessibility-columnheaderAbbr","$v":"header kolom"},{"$i":"accessibility-rowheaderAbbr","$v":"header baris"},{"$i":"accessibility-columnAbbr","$v":"kolom"},{"$i":"accessibility-rowAbbr","$v":"baris"},{"$i":"accessibility-cellAbbr","$v":"sel"},{"$i":"accessibility-linkAbbr","$v":"tautan"},{"$i":"accessibility-listAbbr","$v":"daftar"},{"$i":"accessibility-listitemAbbr","$v":"item daftar"},{"$i":"accessibility-outlineAbbr","$v":"garis besar"},{"$i":"accessibility-outlineitemAbbr","$v":"item garis besar"},{"$i":"accessibility-pagetabAbbr","$v":"tab"},{"$i":"accessibility-propertypageAbbr","$v":"halaman properti"},{"$i":"accessibility-graphicAbbr","$v":"gambar"},{"$i":"accessibility-pushbuttonAbbr","$v":"tmbl"},{"$i":"accessibility-checkbuttonAbbr","$v":"periksa tombol"},{"$i":"accessibility-radiobuttonAbbr","$v":"tombol radio"},{"$i":"accessibility-comboboxAbbr","$v":"kotak combo"},{"$i":"accessibility-progressbarAbbr","$v":"bilah perkembangan"},{"$i":"accessibility-sliderAbbr","$v":"slider"},{"$i":"accessibility-spinbuttonAbbr","$v":"tombol spin"},{"$i":"accessibility-diagramAbbr","$v":"diagram"},{"$i":"accessibility-animationAbbr","$v":"animasi"},{"$i":"accessibility-equationAbbr","$v":"persamaan"},{"$i":"accessibility-buttonmenuAbbr","$v":"tombol menu"},{"$i":"accessibility-whitespaceAbbr","$v":"spasi putih"},{"$i":"accessibility-pagetablistAbbr","$v":"daftar tab"},{"$i":"accessibility-canvasAbbr","$v":"kanvas"},{"$i":"accessibility-checkmenuitemAbbr","$v":"periksa item menu"},{"$i":"accessibility-labelAbbr","$v":"label"},{"$i":"accessibility-passwordtextAbbr","$v":"tekssndi"},{"$i":"accessibility-radiomenuitemAbbr","$v":"item menu radio"},{"$i":"accessibility-textcontainerAbbr","$v":"penampung teks"},{"$i":"accessibility-togglebuttonAbbr","$v":"aktifkan tombol"},{"$i":"accessibility-treetableAbbr","$v":"tabel pohon"},{"$i":"accessibility-headerAbbr","$v":"header"},{"$i":"accessibility-footerAbbr","$v":"catatan kaki"},{"$i":"accessibility-paragraphAbbr","$v":"paragraf"},{"$i":"accessibility-entryAbbr","$v":"entri"},{"$i":"accessibility-captionAbbr","$v":"keterangan"},{"$i":"accessibility-headingAbbr","$v":"heading"},{"$i":"accessibility-sectionAbbr","$v":"bagian"},{"$i":"accessibility-formAbbr","$v":"bentuk"},{"$i":"accessibility-comboboxlistAbbr","$v":"daftar kotak combo"},{"$i":"accessibility-comboboxoptionAbbr","$v":"opsi kotak combo"},{"$i":"accessibility-imagemapAbbr","$v":"petagmbr"},{"$i":"accessibility-listboxoptionAbbr","$v":"opsi"},{"$i":"accessibility-listboxAbbr","$v":"kotak daftar"},{"$i":"accessibility-flatequationAbbr","$v":"persamaan datar"},{"$i":"accessibility-gridcellAbbr","$v":"gridcell"},{"$i":"accessibility-noteAbbr","$v":"catatan"},{"$i":"accessibility-figureAbbr","$v":"bil"},{"$i":"accessibility-definitionlistAbbr","$v":"daftar definisi"},{"$i":"accessibility-termAbbr","$v":"istilah"},{"$i":"accessibility-definitionAbbr","$v":"definisi"},{"$i":"accessibility-textareaAbbr","$v":"areatks"},{"$i":"accessibility-tblColumnInfoAbbr","$v":{"few":[{"t":"idOrVar","v":"count"},"c"],"many":[{"t":"idOrVar","v":"count"},"c"],"one":[{"t":"idOrVar","v":"count"},"c"],"other":[{"t":"idOrVar","v":"count"},"c"],"two":[{"t":"idOrVar","v":"count"},"c"]},"$x":[{"t":"idOrVar","v":"plural"},"count"]},{"$i":"accessibility-tblRowInfoAbbr","$v":{"few":[{"t":"idOrVar","v":"count"},"r"],"many":[{"t":"idOrVar","v":"count"},"r"],"one":[{"t":"idOrVar","v":"count"},"r"],"other":[{"t":"idOrVar","v":"count"},"r"],"two":[{"t":"idOrVar","v":"count"},"r"]},"$x":[{"t":"idOrVar","v":"plural"},"count"]},{"$i":"accessibility-cellInfoAbbr","$v":["c",{"t":"idOrVar","v":"0"},"r",{"t":"idOrVar","v":"1"}]},{"$i":"accessibility-stateCheckedAbbr","$v":"(x)"},{"$i":"accessibility-stateUncheckedAbbr","$v":"( )"},{"$i":"accessibility-statePressedAbbr","$v":"(x)"},{"$i":"accessibility-stateUnpressedAbbr","$v":"( )"},{"$i":"accessibility-pushbutton-hint","$v":"Ketuk dua kali untuk mengaktifkan"},{"$i":"accessibility-checkbutton-hint","$v":"Ketuk dua kali untuk mengaktifkan"},{"$i":"accessibility-combobox-hint","$v":"Ketuk dua kali untuk mengaktifkan"},{"$i":"accessibility-key-hint","$v":"Ketuk dan tahan untuk mengaktifkan"},{"$i":"accessibility-link-hint","$v":"Ketuk dua kali untuk mengaktifkan"},{"$i":"accessibility-menuitem-hint","$v":"Ketuk dua kali untuk mengaktifkan"},{"$i":"accessibility-option-hint","$v":"Ketuk dua kali untuk mengaktifkan"},{"$i":"accessibility-radiobutton-hint","$v":"Ketuk dua kali untuk mengaktifkan"},{"$i":"accessibility-slider-hint","$v":"Geser ke atas untuk menambah atau ke bawah untuk mengurangi"},{"$i":"accessibility-spinbutton-hint","$v":"Geser ke atas untuk menambah atau ke bawah untuk mengurangi"},{"$i":"accessibility-pagetab-hint","$v":"Ketuk dua kali untuk mengaktifkan"},{"$i":"accessibility-entry-hint","$v":"Ketuk dua kali untuk mengaktifkan"},{"$i":"accessibility-outlineitem-hint","$v":"Ketuk dua kali untuk mengaktifkan"},{"$i":"SoftLeft","$v":"Tombol soft kiri"},{"$i":"Enter","$v":"Tombol OK"},{"$i":"SoftRight","$v":"Tombol soft kanan"},{"$i":"weekday-0-long","$v":"Minggu"},{"$i":"weekday-1-long","$v":"Senin"},{"$i":"weekday-2-long","$v":"Selasa"},{"$i":"weekday-3-long","$v":"Rabu"},{"$i":"weekday-4-long","$v":"Kamis"},{"$i":"weekday-5-long","$v":"Jumat"},{"$i":"weekday-6-long","$v":"Sabtu"},{"$i":"weekday-0-short","$v":"Min"},{"$i":"weekday-1-short","$v":"Sen"},{"$i":"weekday-2-short","$v":"Sel"},{"$i":"weekday-3-short","$v":"Rab"},{"$i":"weekday-4-short","$v":"Kam"},{"$i":"weekday-5-short","$v":"Jum"},{"$i":"weekday-6-short","$v":"Sab"},{"$i":"month-0-long","$v":"Januari"},{"$i":"month-1-long","$v":"Februari"},{"$i":"month-2-long","$v":"Maret"},{"$i":"month-3-long","$v":"April"},{"$i":"month-4-long","$v":"Mei"},{"$i":"month-5-long","$v":"Juni"},{"$i":"month-6-long","$v":"Juli"},{"$i":"month-7-long","$v":"Agustus"},{"$i":"month-8-long","$v":"September"},{"$i":"month-9-long","$v":"Oktober"},{"$i":"month-10-long","$v":"November"},{"$i":"month-11-long","$v":"Desember"},{"$i":"month-0-genitive","$v":"Januari"},{"$i":"month-1-genitive","$v":"Februari"},{"$i":"month-2-genitive","$v":"Maret"},{"$i":"month-3-genitive","$v":"April"},{"$i":"month-4-genitive","$v":"Mei"},{"$i":"month-5-genitive","$v":"Juni"},{"$i":"month-6-genitive","$v":"Juli"},{"$i":"month-7-genitive","$v":"Agustus"},{"$i":"month-8-genitive","$v":"September"},{"$i":"month-9-genitive","$v":"Oktober"},{"$i":"month-10-genitive","$v":"November"},{"$i":"month-11-genitive","$v":"Desember"},{"$i":"month-0-short","$v":"Jan"},{"$i":"month-1-short","$v":"Feb"},{"$i":"month-2-short","$v":"Mar"},{"$i":"month-3-short","$v":"Apr"},{"$i":"month-4-short","$v":"Mei"},{"$i":"month-5-short","$v":"Jun"},{"$i":"month-6-short","$v":"Jul"},{"$i":"month-7-short","$v":"Agt"},{"$i":"month-8-short","$v":"Sep"},{"$i":"month-9-short","$v":"Okt"},{"$i":"month-10-short","$v":"Nov"},{"$i":"month-11-short","$v":"Des"},{"$i":"minutes-ago-long","$v":{"few":[{"t":"idOrVar","v":"value"}," menit yang lalu"],"many":[{"t":"idOrVar","v":"value"}," menit yang lalu"],"one":"semenit yang lalu","other":[{"t":"idOrVar","v":"value"}," menit yang lalu"],"two":[{"t":"idOrVar","v":"value"}," menit yang lalu"],"zero":"baru saja"},"$x":[{"t":"idOrVar","v":"plural"},"value"]},{"$i":"hours-ago-long","$v":{"few":[{"t":"idOrVar","v":"value"}," jam yang lalu"],"many":[{"t":"idOrVar","v":"value"}," jam yang lalu"],"one":"sejam yang lalu","other":[{"t":"idOrVar","v":"value"}," jam yang lalu"],"two":[{"t":"idOrVar","v":"value"}," jam yang lalu"],"zero":"baru saja"},"$x":[{"t":"idOrVar","v":"plural"},"value"]},{"$i":"days-ago-long","$v":{"few":[{"t":"idOrVar","v":"value"}," hari yang lalu"],"many":[{"t":"idOrVar","v":"value"}," hari yang lalu"],"one":"kemarin","other":[{"t":"idOrVar","v":"value"}," hari yang lalu"],"two":[{"t":"idOrVar","v":"value"}," hari yang lalu"],"zero":"hari ini"},"$x":[{"t":"idOrVar","v":"plural"},"value"]},{"$i":"weeks-ago-long","$v":{"few":[{"t":"idOrVar","v":"value"}," pekan yang lalu"],"many":[{"t":"idOrVar","v":"value"}," pekan yang lalu"],"one":"pekan lalu","other":[{"t":"idOrVar","v":"value"}," pekan yang lalu"],"two":[{"t":"idOrVar","v":"value"}," pekan yang lalu"],"zero":"pekan ini"},"$x":[{"t":"idOrVar","v":"plural"},"value"]},{"$i":"months-ago-long","$v":{"few":[{"t":"idOrVar","v":"value"}," bulan yang lalu"],"many":[{"t":"idOrVar","v":"value"}," bulan yang lalu"],"one":"bulan lalu","other":[{"t":"idOrVar","v":"value"}," bulan yang lalu"],"two":[{"t":"idOrVar","v":"value"}," bulan yang lalu"],"zero":"bulan ini"},"$x":[{"t":"idOrVar","v":"plural"},"value"]},{"$i":"years-ago-long","$v":{"few":[{"t":"idOrVar","v":"value"}," tahun yang lalu"],"many":[{"t":"idOrVar","v":"value"}," tahun yang lalu"],"one":"tahun lalu","other":[{"t":"idOrVar","v":"value"}," tahun yang lalu"],"two":[{"t":"idOrVar","v":"value"}," tahun yang lalu"],"zero":"tahun ini"},"$x":[{"t":"idOrVar","v":"plural"},"value"]},{"$i":"minutes-until-long","$v":{"few":["dalam ",{"t":"idOrVar","v":"value"}," menit"],"many":["dalam ",{"t":"idOrVar","v":"value"}," menit"],"one":"dalam satu menit","other":["dalam ",{"t":"idOrVar","v":"value"}," menit"],"two":["dalam ",{"t":"idOrVar","v":"value"}," menit"],"zero":"sekarang"},"$x":[{"t":"idOrVar","v":"plural"},"value"]},{"$i":"hours-until-long","$v":{"few":["dalam ",{"t":"idOrVar","v":"value"}," jam"],"many":["dalam ",{"t":"idOrVar","v":"value"}," jam"],"one":"dalam satu jam","other":["dalam ",{"t":"idOrVar","v":"value"}," jam"],"two":["dalam ",{"t":"idOrVar","v":"value"}," jam"],"zero":"sekarang"},"$x":[{"t":"idOrVar","v":"plural"},"value"]},{"$i":"days-until-long","$v":{"few":["dalam ",{"t":"idOrVar","v":"value"}," hari"],"many":["dalam ",{"t":"idOrVar","v":"value"}," hari"],"one":"besok","other":["dalam ",{"t":"idOrVar","v":"value"}," hari"],"two":["dalam ",{"t":"idOrVar","v":"value"}," hari"],"zero":"hari ini"},"$x":[{"t":"idOrVar","v":"plural"},"value"]},{"$i":"weeks-until-long","$v":{"few":["dalam ",{"t":"idOrVar","v":"value"}," pekan"],"many":["dalam ",{"t":"idOrVar","v":"value"}," pekan"],"one":"pekan depan","other":["dalam ",{"t":"idOrVar","v":"value"}," pekan"],"two":["dalam ",{"t":"idOrVar","v":"value"}," pekan"],"zero":"pekan ini"},"$x":[{"t":"idOrVar","v":"plural"},"value"]},{"$i":"months-until-long","$v":{"few":["dalam ",{"t":"idOrVar","v":"value"}," bulan"],"many":["dalam ",{"t":"idOrVar","v":"value"}," bulan"],"one":"bulan depan","other":["dalam ",{"t":"idOrVar","v":"value"}," bulan"],"two":["dalam ",{"t":"idOrVar","v":"value"}," bulan"],"zero":"bulan ini"},"$x":[{"t":"idOrVar","v":"plural"},"value"]},{"$i":"years-until-long","$v":{"few":["dalam ",{"t":"idOrVar","v":"value"}," tahun"],"many":["dalam ",{"t":"idOrVar","v":"value"}," tahun"],"one":"tahun depan","other":["dalam ",{"t":"idOrVar","v":"value"}," tahun"],"two":["dalam ",{"t":"idOrVar","v":"value"}," tahun"],"zero":"tahun ini"},"$x":[{"t":"idOrVar","v":"plural"},"value"]},{"$i":"minutes-ago-short","$v":{"other":[{"t":"idOrVar","v":"value"},"menit yang lalu"],"zero":"baru saja"},"$x":[{"t":"idOrVar","v":"plural"},"value"]},{"$i":"hours-ago-short","$v":{"other":[{"t":"idOrVar","v":"value"},"j yang lalu"],"zero":"baru saja"},"$x":[{"t":"idOrVar","v":"plural"},"value"]},{"$i":"days-ago-short","$v":{"other":[{"t":"idOrVar","v":"value"},"h yang lalu"],"zero":"hari ini"},"$x":[{"t":"idOrVar","v":"plural"},"value"]},{"$i":"minutes-until-short","$v":{"other":["dalam ",{"t":"idOrVar","v":"value"},"m"],"zero":"sekarang"},"$x":[{"t":"idOrVar","v":"plural"},"value"]},{"$i":"hours-until-short","$v":{"other":["dalam ",{"t":"idOrVar","v":"value"},"j"],"zero":"sekarang"},"$x":[{"t":"idOrVar","v":"plural"},"value"]},{"$i":"days-until-short","$v":{"other":["dalam ",{"t":"idOrVar","v":"value"},"h"],"zero":"hari ini"},"$x":[{"t":"idOrVar","v":"plural"},"value"]},{"$i":"incorrectDate","$v":"(tanggal salah)"},{"$i":"dateTimeFormat_%c","$v":"%a %b %e %Y %I:%M:%S %p"},{"$i":"dateTimeFormat_%x","$v":"%m/%d/%Y"},{"$i":"dateTimeFormat_%X","$v":"%I:%M:%S %p"},{"$i":"shortTimeFormat","$v":"%I:%M %p"},{"$i":"shortTimeFormat12","$v":"%I:%M %p"},{"$i":"shortTimeFormat24","$v":"%H:%M"},{"$i":"shortDateTimeFormat","$v":"%x %I:%M %p"},{"$i":"weekStartsOnMonday","$v":"0.0"},{"$i":"firstDayOfTheWeek","$v":"0.0"},{"$i":"time_am","$v":"AM"},{"$i":"time_pm","$v":"PM"},{"$i":"title-app","$v":"Perizinan Aplikasi"},{"$i":"title-web","$v":"Perizinan Situs Web"},{"$i":"title-cam","$v":"Pilih Kamera"},{"$i":"perm-alarms","$v":"Jadwal Alarm"},{"$i":"perm-audio-capture","$v":"Mikrofon"},{"$i":"perm-audio-capture-appRequest","$v":["Apakah Anda ingin membagi mikrofo dengan ",{"t":"idOrVar","v":"app"},"?"]},{"$i":"perm-audio-capture-webRequest","$v":["Apakah Anda ingin membagi mikrofo dengan ",{"t":"idOrVar","v":"site"},"?"]},{"$i":"perm-audio-channel-content","$v":"Mainkan Bunyi"},{"$i":"perm-audio-channel-notification","$v":"Mainkan Bunyi Notifikasi"},{"$i":"perm-audio-channel-ringer","$v":"Mainkan Bunyi Nada Dering"},{"$i":"perm-background-sensors","$v":"Akses Data Sensor"},{"$i":"perm-bluetooth","$v":"Bluetooth"},{"$i":"perm-browser","$v":"Inspeksi Halaman Web"},{"$i":"perm-camera","$v":"Kamera"},{"$i":"perm-camera-selector-appRequest","$v":["Pilih kamera untuk ",{"t":"idOrVar","v":"app"},"."]},{"$i":"perm-camera-selector-webRequest","$v":["Pilih kamera untuk ",{"t":"idOrVar","v":"site"},"."]},{"$i":"perm-camera-appRequest","$v":[{"t":"idOrVar","v":"app"}," ingin menggunakan kamera Anda."]},{"$i":"perm-camera-webRequest","$v":[{"t":"idOrVar","v":"site"}," ingin menggunakan kamera Anda."]},{"$i":"perm-cellbroadcast","$v":"Broadcast Seluler"},{"$i":"perm-contacts","$v":"Kontak"},{"$i":"perm-contacts-appRequest","$v":[{"t":"idOrVar","v":"app"}," ingin mengakses daftar kontak Anda."]},{"$i":"perm-contacts-webRequest","$v":[{"t":"idOrVar","v":"site"}," ingin mengakses daftar kontak Anda."]},{"$i":"perm-desktop-notification","$v":"Notifikasi"},{"$i":"perm-desktop-notification-appRequest","$v":[{"t":"idOrVar","v":"app"}," ingin menampilkan notifikasi."]},{"$i":"perm-desktop-notification-webRequest","$v":[{"t":"idOrVar","v":"site"}," ingin menampilkan notifikasi."]},{"$i":"perm-device-storage-apps","$v":"Penyimpanan Aplikasi"},{"$i":"perm-device-storage-music","$v":"Penyimpanan Musik"},{"$i":"perm-device-storage-music-appRequest","$v":[{"t":"idOrVar","v":"app"}," ingin mengakses musik Anda."]},{"$i":"perm-device-storage-music-webRequest","$v":[{"t":"idOrVar","v":"site"}," ingin mengakses musik Anda."]},{"$i":"perm-device-storage-pictures","$v":"Penyimpanan Gambar"},{"$i":"perm-device-storage-pictures-appRequest","$v":[{"t":"idOrVar","v":"app"}," ingin mengakses gambar Anda."]},{"$i":"perm-device-storage-pictures-webRequest","$v":[{"t":"idOrVar","v":"site"}," ingin mengakses gambar Anda."]},{"$i":"perm-device-storage-sdcard","$v":"Penyimpanan Kartu Memori"},{"$i":"perm-device-storage-sdcard-appRequest","$v":[{"t":"idOrVar","v":"app"}," ingin mengakses kartu memori Anda."]},{"$i":"perm-device-storage-sdcard-webRequest","$v":[{"t":"idOrVar","v":"site"}," ingin mengakses kartu memori Anda."]},{"$i":"perm-device-storage-videos","$v":"Penyimpanan Video"},{"$i":"perm-device-storage-videos-appRequest","$v":[{"t":"idOrVar","v":"app"}," ingin mengakses video Anda."]},{"$i":"perm-device-storage-videos-webRequest","$v":[{"t":"idOrVar","v":"site"}," ingin mengakses video Anda."]},{"$i":"perm-fullscreen-appRequest","$v":[{"t":"idOrVar","v":"app"}," sekarang dalam layar penuh."]},{"$i":"perm-fullscreen-webRequest","$v":[{"t":"idOrVar","v":"site"}," sekarang dalam layar penuh."]},{"$i":"perm-embed-apps","$v":"Sematan Aplikasi"},{"$i":"perm-fmradio","$v":"Radio FM"},{"$i":"perm-fmradio-appRequest","$v":[{"t":"idOrVar","v":"app"}," Ingin menggunakan Radio FM."]},{"$i":"perm-fmradio-webRequest","$v":[{"t":"idOrVar","v":"site"}," Ingin menggunakan Radio FM."]},{"$i":"perm-geolocation","$v":"Geolokasi"},{"$i":"perm-geolocation-appRequest","$v":[{"t":"idOrVar","v":"app"}," ingin mengetahui lokasi Anda."]},{"$i":"perm-geolocation-more-info","$v":[{"t":"idOrVar","v":"brandShortName"}," menggunakan GPS, dan informasi suplemental tambahan seperti WiFi dan jaringan seluler untu mengira-ngira lokasi Anda. Data lokasi mungkin digunakan oleh ",{"t":"idOrVar","v":"brandShortName"}," dan provider layanan untuk meningkatkan akurasi dan jangkauan database lokasi.",{"t":"idOrVar","v":"brandShortName"}," akan selalu meminta izin saat aplikasi butuh akses ke lokasi perangkat Anda."]},{"$i":"perm-geolocation-webRequest","$v":[{"t":"idOrVar","v":"site"}," ingin mengetahui lokasi Anda."]},{"$i":"perm-idle","$v":"Lihat Status Diam"},{"$i":"perm-indexedDB-chrome-settings","$v":"Keistimewaan terindeksDB"},{"$i":"perm-indexedDB-unlimited","$v":"Penyimpanan Tidak Terbatas TerindeksDB"},{"$i":"perm-input-manage","$v":"Kelola Keyboard"},{"$i":"perm-input","$v":"Bertindak sebagai Keyboard"},{"$i":"perm-media-capture","$v":"Kamera dan Mikrofon"},{"$i":"perm-media-capture-appRequest","$v":["Apakah Anda ingin membagikan kamera dan mikrofon Anda dengan ",{"t":"idOrVar","v":"app"},"?"]},{"$i":"perm-media-capture-webRequest","$v":["Apakah Anda ingin membagikan kamera dan mikrofon Anda dengan ",{"t":"idOrVar","v":"site"},"?"]},{"$i":"perm-mobileconnection","$v":"Koneksi Seluler"},{"$i":"perm-mobileid","$v":"Identitas Seluler"},{"$i":"perm-network-events","$v":"Peristiwa Jaringan"},{"$i":"perm-open-remote-window","$v":"Mulai Aplikasi"},{"$i":"perm-permissions","$v":"Modifikasi Perizinan Aplikasi"},{"$i":"perm-power","$v":"Pengaturan Daya"},{"$i":"perm-settings","$v":"Modifikasi Pengaturan"},{"$i":"perm-systemXHR","$v":"Permintaan Origin-Silang"},{"$i":"perm-telephony","$v":"Telephony"},{"$i":"perm-video-capture","$v":"Kamera"},{"$i":"perm-video-capture-appRequest","$v":["Apakah Anda ingin membagikan kamera Anda dengan ",{"t":"idOrVar","v":"app"},"?"]},{"$i":"perm-video-capture-webRequest","$v":["Apakah Anda ingin membagikan kamera Anda dengan ",{"t":"idOrVar","v":"site"},"?"]},{"$i":"perm-voicemail","$v":"Kendali Pesan Suara"},{"$i":"perm-webapps-manage","$v":"Pasang Webapp"},{"$i":"perm-wifi-manage","$v":"Kelola Wi-Fi"},{"$i":"perm-attention","$v":"Buka Overlay Popup"},{"$i":"perm-audio-channel-alarm","$v":"Mainkan Bunyi Alarm"},{"$i":"perm-audio-channel-normal","$v":"Mainkan Bunyi"},{"$i":"perm-audio-channel-publicnotification","$v":"Mainkan bunyi notifikasi publik"},{"$i":"perm-audio-channel-telephony","$v":"Mainkan Bunyi Telephony"},{"$i":"perm-backgroundservice","$v":"Bertindak sebagai Layanan Latar"},{"$i":"perm-device-storage-crashes","$v":"Penyimpanan Data Crash"},{"$i":"perm-downloads","$v":"Akses Unduhan"},{"$i":"perm-embed-widgets","$v":"Sematan Widget"},{"$i":"perm-feature-detection","$v":"Deteksi Fitur"},{"$i":"perm-firefox-accounts","$v":"Akun Firefox"},{"$i":"perm-mobilenetwork","$v":"Jaringan Seluler"},{"$i":"perm-moz-attention","$v":"Buka Overlay Popup (moz)"},{"$i":"perm-moz-audio-channel-ringer","$v":"Mainkan Bunyi Nada Dering (moz)"},{"$i":"perm-moz-audio-channel-telephony","$v":"Mainkan Bunyi Telephony (moz)"},{"$i":"perm-moz-firefox-accounts","$v":"Akun Firefox (moz)"},{"$i":"perm-networkstats-manage","$v":"Statistik Penggunaan Kendali"},{"$i":"perm-nfc","$v":"NFC"},{"$i":"perm-nfc-hci-events","$v":"Peristiwa NFC HCI"},{"$i":"perm-nfc-manager","$v":"Kelola NFC"},{"$i":"perm-phonenumberservice","$v":"Layanan Nomor Telepon"},{"$i":"perm-push","$v":"Push API"},{"$i":"perm-resourcestats-manage","$v":"Statistik Resource"},{"$i":"perm-sms","$v":"Kirim dan Baca SMS"},{"$i":"perm-speaker-control","$v":"Kendali Volume"},{"$i":"perm-storage","$v":"Akses Penyimpanan"},{"$i":"perm-tcp-socket","$v":"Soket TCP"},{"$i":"perm-test-permission","$v":"Perizinan Tes"},{"$i":"perm-time","$v":"Tetapkan Tanggal dan Waktu"},{"$i":"perm-udp-socket","$v":"Soket UDP"},{"$i":"perm-wappush","$v":"WAP Push"},{"$i":"stopped_download_title","$v":"Unduhan berhenti"},{"$i":"tcl-stopped_download_message","$v":"Unduhan ini terhenti. Apakah Anda ingin melanjutkan mengunduh?"},{"$i":"stopped_download_left_button","$v":"Batal"},{"$i":"stopped_download_right_button","$v":"Coba lagi"},{"$i":"failed_download_title","$v":"Unduhan gagal"},{"$i":"failed_download_message","$v":[{"t":"idOrVar","v":"name"}," gagal diunduh. Coba mengunduh lagi?"]},{"$i":"failed_download_left_button","$v":"Batal"},{"$i":"failed_download_right_button","$v":"Coba lagi"},{"$i":"stop_download_title","$v":"Hentikan Unduhan"},{"$i":"stop_download_message","$v":"Anda yakin ingin berhenti mengunduh?"},{"$i":"stop_download_left_button","$v":"Batal"},{"$i":"stop_download_right_button","$v":"Berhenti"},{"$i":"delete_download_title","$v":"Hapus"},{"$i":"delete_download_message","$v":["Hapus \"",{"t":"idOrVar","v":"name"},"\"?"]},{"$i":"delete_download_left_button","$v":"Batal"},{"$i":"delete_download_right_button","$v":"Hapus"},{"$i":"delete_all_download_title","$v":"Hapus"},{"$i":"delete_all_download_left_button","$v":"Batal"},{"$i":"delete_all_download_right_button","$v":"Hapus"},{"$i":"delete_all_download_message_ext","$v":"Hapus file yang dipilih?"},{"$i":"delete_all_download_message","$v":{"few":["Hapus ",{"t":"idOrVar","v":"number"}," file?"],"many":["Hapus ",{"t":"idOrVar","v":"number"}," file?"],"one":"Hapus satu file?","other":["Hapus ",{"t":"idOrVar","v":"number"}," file?"],"two":["Hapus ",{"t":"idOrVar","v":"number"}," file?"],"zero":"Tidak menghapus file?"},"$x":[{"t":"idOrVar","v":"plural"},"number"]},{"$i":"unsupported_file_type_download_title","$v":"Tidak dapat membuka"},{"$i":"unsupported_file_type_download_message","$v":["Tidak ada aplikasi yang dapat membuka ",{"t":"idOrVar","v":"name"},". Apakah Anda ingin menyimpan file atau menghapusnya?"]},{"$i":"unsupported_file_type_download_left_button","$v":"Simpan File"},{"$i":"unsupported_file_type_download_right_button","$v":"Hapus"},{"$i":"file_not_found_download_title","$v":"File tidak ditemukan"},{"$i":"file_not_found_download_message","$v":"File tidak ditemukan di perangkat"},{"$i":"file_not_found_download_right_button","$v":"OK"},{"$i":"unmounted_sdcard_2_download_title","$v":"Kartu memori sedang digunakan"},{"$i":"unmounted_sdcard_2_download_message","$v":"Cabut ponsel"},{"$i":"unmounted_sdcard_2_download_right_button","$v":"OK"},{"$i":"no_provider_download_title","$v":"Tidak dapat membuka"},{"$i":"no_provider_download_message","$v":"Format file tidak valid atau tidak didukung."},{"$i":"no_provider_download_right_button","$v":"OK"},{"$i":"no_memory_download_title","$v":"Kartu SD penuh"},{"$i":"no_memory_download_message","$v":"Tidak cukup ruang dalam kartu SD untuk menyimpan unduhan Anda. Silakan hapus beberapa file sebelum memulai kembali unduhan."},{"$i":"no_memory_download_right_button","$v":"OK"},{"$i":"no_sdcard_found_2_download_title","$v":"Tidak ada kartu memori ditemukan"},{"$i":"no_sdcard_found_2_download_message","$v":"Pasa kartu memori atau pilih lokasi default media alternatif di pengaturan"},{"$i":"no_sdcard_found_2_download_right_button","$v":"OK"},{"$i":"file_open_error_download_title","$v":"Konfirmasi"},{"$i":"file_open_error_download_message","$v":"Format file ini tidak valid atau tidak didukung. Apakah Anda ingin menghapus file?"},{"$i":"file_open_error_download_left_button","$v":"Simpan File"},{"$i":"file_open_error_download_right_button","$v":"Hapus"},{"$i":"restart_download_error","$v":"Terjadi kesalahan selagi memulai ulang unduhan. Silakan coba mengunduh lagi."},{"$i":"no-downloads","$v":"Tidak ada unduhan"},{"$i":"percentage","$v":[{"t":"idOrVar","v":"percentage"}," %"]},{"$i":"partialResult","$v":[{"t":"idOrVar","v":"partial"}," / ",{"t":"idOrVar","v":"total"}]},{"$i":"summary","$v":[{"t":"idOrVar","v":"date"}," - ",{"t":"idOrVar","v":"status"}]},{"$i":"download-stopped","$v":"Berhenti"},{"$i":"download-failed","$v":"Unduhan gagal"},{"$i":"open_downloaded_file","$v":"Buka"},{"$i":"share_downloaded_file","$v":"Bagikan"},{"$i":"wallpaper_downloaded_file","$v":"Tetapkan sebagai wallpaper"},{"$i":"ringtone_downloaded_file","$v":"Tetapkan sebagai nada dering"},{"$i":"cancel_downloaded_file","$v":"Batal"},{"$i":"voicemailNoNumberTitle","$v":"Nomor pesan suara tidak tersedia"},{"$i":"voicemailNoNumberText","$v":"Tidak dapat memanggil pesan suara. Tetapkan nomor pesan suara untuk melakukan panggilan."},{"$i":"voicemailNoNumberSettings","$v":"Pengaturan"},{"$i":"voicemailNoNumberCancel","$v":"Batal"},{"$i":"airplaneMode","$v":"Mode Pesawat"},{"$i":"noNetwork","$v":"Tidak ada jaringan"},{"$i":"roaming","$v":[{"t":"idOrVar","v":"operator"}," (Roaming)"]},{"$i":"operator-info","$v":[{"t":"idOrVar","v":"carrier"}," ",{"t":"idOrVar","v":"region"}]},{"$i":"emergencyCallsOnly","$v":"Panggilan darurat saja"},{"$i":"emergencyCallsOnly-unknownSIMState","$v":"(kondisi SIM tidak diketahui)"},{"$i":"emergencyCallsOnly-noSIM","$v":"(tidak ada SIM)"},{"$i":"emergencyCallsOnly-pinRequired","$v":"(SIM PIN diperlukan)"},{"$i":"emergencyCallsOnly-pukRequired","$v":"(SIM PUK diperlukan)"},{"$i":"emergencyCallsOnly-networkLocked","$v":"(jaringan terkunci)"},{"$i":"emergencyCallsOnly-serviceProviderLocked","$v":"(provider layanan terkunci)"},{"$i":"emergencyCallsOnly-corporateLocked","$v":"(korporasi terkunci)"},{"$i":"emergencyCallsOnly-network1Locked","$v":"(jaringan1 terkunci)"},{"$i":"emergencyCallsOnly-network2Locked","$v":"(jaringan2 terkunci)"},{"$i":"emergencyCallsOnly-hrpdNetworkLocked","$v":"(jaringan hrpd terkunci)"},{"$i":"emergencyCallsOnly-ruimCorporateLocked","$v":"(korporasi ruim dikunci)"},{"$i":"emergencyCallsOnly-ruimServiceProviderLocked","$v":"(provider layanan ruim terkunci)"},{"$i":"lockscreen-sim-id","$v":["SIM ",{"t":"idOrVar","v":"n"}]},{"$i":"charging-no-time","$v":[{"t":"idOrVar","v":"level"},"% Terisi"]},{"$i":"charging-minutes","$v":{"few":[{"t":"idOrVar","v":"level"},"% Terisi (",{"t":"idOrVar","v":"minutes"}," mnt hingga terisi penuh)"],"many":[{"t":"idOrVar","v":"level"},"% Terisi (",{"t":"idOrVar","v":"minutes"}," mnt hingga terisi penuh)"],"one":[{"t":"idOrVar","v":"level"},"% Terisi (",{"t":"idOrVar","v":"minutes"}," mnt hingga terisi penuh)"],"other":[{"t":"idOrVar","v":"level"},"% Terisi (",{"t":"idOrVar","v":"minutes"}," mnt hingga terisi penuh)"],"two":[{"t":"idOrVar","v":"level"},"% Terisi (",{"t":"idOrVar","v":"minutes"}," mnt hingga terisi penuh)"],"zero":[{"t":"idOrVar","v":"level"},"% Terisi (",{"t":"idOrVar","v":"minutes"}," mnt hingga terisi penuh)"]},"$x":[{"t":"idOrVar","v":"plural"},"minutes"]},{"$i":"charging-hours","$v":{"few":[{"t":"idOrVar","v":"level"},"% Terisi (",{"t":"idOrVar","v":"hours"},"j ",{"t":"idOrVar","v":"minutes"}," mnt hingga terisi penuh)"],"many":[{"t":"idOrVar","v":"level"},"% Terisi (",{"t":"idOrVar","v":"hours"},"j ",{"t":"idOrVar","v":"minutes"}," mnt hingga terisi penuh)"],"one":[{"t":"idOrVar","v":"level"},"% Terisi (",{"t":"idOrVar","v":"hours"},"j ",{"t":"idOrVar","v":"minutes"}," mnt hingga terisi penuh)"],"other":[{"t":"idOrVar","v":"level"},"% Terisi (",{"t":"idOrVar","v":"hours"},"j ",{"t":"idOrVar","v":"minutes"}," mnt hingga terisi penuh)"],"two":[{"t":"idOrVar","v":"level"},"% Terisi (",{"t":"idOrVar","v":"hours"},"j ",{"t":"idOrVar","v":"minutes"}," mnt hingga terisi penuh)"],"zero":[{"t":"idOrVar","v":"level"},"% Terisi (",{"t":"idOrVar","v":"hours"},"j ",{"t":"idOrVar","v":"minutes"}," mnt hingga terisi penuh)"]},"$x":[{"t":"idOrVar","v":"plural"},"minutes"]},{"$i":"network-error-in-app","$v":"Tidak ada akses ke Internet sekarang."},{"$i":"network-error-launching","$v":[{"t":"idOrVar","v":"name"}," memerlukan koneksi Internet."]},{"$i":"network-error-launching-title","$v":"Tidak ada koneksi Internet"},{"$i":"network-error-launching-message","$v":"Gunakan Wi-Fi atau data seluler untuk mengakses Internet."},{"$i":"server-not-found","$v":"Server tidak ditemukan"},{"$i":"server-not-found-error","$v":["Tidak dapat menemukan server di ",{"t":"idOrVar","v":"name"},"."]},{"$i":"file-not-found","$v":"File tidak ditemukan"},{"$i":"file-not-found-error","$v":"Perangkat tidak dapat menampilkan halaman ini karena file tidak dapat ditemukan."},{"$i":"connection-failed","$v":"Tidak dapat tersambung"},{"$i":"connection-failed-error","$v":"Kesalahan jaringan terjadi selagi mencoba menuju ke situs."},{"$i":"invalid-connection","$v":"Tidak dapat tersambung"},{"$i":"invalid-connection-error","$v":"Kesalahan jaringan terjadi selagi mencoba menuju ke situs."},{"$i":"malformed-uri","$v":"URL tidak valid"},{"$i":"malformed-uri-error","$v":"URL yang dimasukkan tidak valid dan tidak dapat dimuat."},{"$i":"redirect-loop","$v":"Tidak dapat menampilkan halaman"},{"$i":"redirect-loop-error","$v":"Perangkat tidak dapat menampilkan halaman ini karena halaman tidak mengalihkan dengan benar. Coba halaman ini sesaat lagi."},{"$i":"not-cached","$v":"Halaman kadaluarsa"},{"$i":"not-cached-error","$v":"Sebagai peringatan keamanan, halaman ini tidak dapat ditampilkan oleh perangkat karena telah kedaluwarsa."},{"$i":"is-printing","$v":"Akses ditolak"},{"$i":"is-printing-error","$v":"Dokumen tidak dapat diubah saat Mencetak atau dalam Pratinjau Cetak."},{"$i":"denied-port-access","$v":"Alamat dilarang"},{"$i":"denied-port-access-error","$v":"Alamat ini menggunakan port jaringan yang biasanya digunakan untuk selain menjelajahi Web. Perangkat telah membatalkan permintaan untuk perlindungan Anda."},{"$i":"proxy-resolve-failure","$v":"Kesalahan Server Proxy"},{"$i":"proxy-resolve-failure-error","$v":"Perangkat dikonfigurasi untuk menggunakan server proxy yang tidak dapat ditemukan."},{"$i":"proxy-connect-failure","$v":"Kesalahan Server Proxy"},{"$i":"proxy-connect-failure-error","$v":"Perangkat dikonfigurasi untuk menggunakan server proxy yang menolak koneksi."},{"$i":"content-encoding","$v":"Tidak dapat menampilkan halaman"},{"$i":"content-encoding-error","$v":"Perangkat tidak dapat menampilkan halaman ini karena kesalahan pengkodean konten terjadi."},{"$i":"remote-xul","$v":"Halaman tidak didukung"},{"$i":"remote-xul-error","$v":"Halaman ini tidak dapat ditampilkan karena menggunakan teknologi yang tidak didukung perangkat."},{"$i":"phishing-blocked","$v":"Peringatan"},{"$i":"phishing-blocked-error","$v":"Situs web telah dilaporkan sebagai pemalsuan wb yang dirancang untuk menipu pengguna untuk membagikan informasi pribadi dan finansial."},{"$i":"malware-blocked","$v":"Serangan malware diblokir"},{"$i":"malware-blocked-error","$v":"Situs telah dilaporkan sebagai situs penyerang. Perangkat telah memblokir permintaan untuk perlindungan Anda."},{"$i":"unsafe-content-type","$v":"Konten tidak aman"},{"$i":"unsafe-content-type-error","$v":"Halaman tidak dapat ditampilkan karena mungkin tidak aman untuk dibuka."},{"$i":"corrupted-content","$v":"Tidak dapat tersambung"},{"$i":"corrupted-content-error","$v":"Halaman tidak dapat ditampilkan karena kesalahan pada transmisi data terdeteksi."},{"$i":"unknown-protocol-found","$v":"Halaman tidak didukung"},{"$i":"unknown-protocol-found-error","$v":"Halaman tidak dapat ditampilkan karena menggunakan teknologi yang tidak didukung perangkat."},{"$i":"try-again","$v":"Coba lagi"},{"$i":"check-settings","$v":"Periksa pengaturan"},{"$i":"firefox-accounts-title","$v":"Akun KaiOS"},{"$i":"firefox-accounts-title-sign-in","$v":"Masuk"},{"$i":"firefox-accounts-title-create-account","$v":"Buat Akun"},{"$i":"kaios-accounts-title-about-kaios-account","$v":"Tentang Akun KaiOS"},{"$i":"kaios-accounts-phone-verification","$v":"Verifikasi Ponsel"},{"$i":"kaios-accounts-title-account-info","$v":"Informasi Akun"},{"$i":"fxa-next","$v":"Berikutnya"},{"$i":"fxa-back","$v":"Kembali"},{"$i":"fxa-done","$v":"Selesai"},{"$i":"fxa-ok","$v":"OK"},{"$i":"tcl-changessaved","$v":"Perubahan disimpan"},{"$i":"tcl-verification-mail-has-been-sent","$v":"Tautan verifikasi telah dikirim ke"},{"$i":"fxa-decline","$v":"Tolak"},{"$i":"fxa-accept","$v":"Setuju"},{"$i":"fxa-sining-in","$v":"Masuk..."},{"$i":"not-now","$v":"Tidak Sekarang"},{"$i":"send-sms","$v":"Kirim SMS"},{"$i":"resend-sms","$v":"Kirim ulang SMS"},{"$i":"fxa-connection-error-title","$v":"Tidak dapat Tersambung"},{"$i":"fxa-connection-error-message","$v":"Anda dapat membuat akun atau masuk dari Pengaturan."},{"$i":"fxa-reset-password-error-title","$v":"Reset Sandi"},{"$i":"fxa-reset-password-error-message","$v":"Anda dapat mereset sandi Anda dari Pengaturan."},{"$i":"fxa-incorrect-email-address-or-password","$v":"fxa alamat email atau sandi salah"},{"$i":"fxa-internet-connection-is-required","$v":"fxa koneksi internet diperlukan"},{"$i":"fxa-server-error","$v":"Kesalahan server, silakan coba lagi nanti"},{"$i":"fxa-server-error-2","$v":"Kesalahan"},{"$i":"fxa-server-error-message","$v":"Tidak dapat membuat akun. Coba lagi nanti."},{"$i":"fxa-server-error-message-2","$v":"Server tidak tersedia. Coba lagi nanti."},{"$i":"fxa-offline-error-title","$v":"Tidak dapat Tersambung"},{"$i":"fxa-offline-error-message","$v":"Silakan menyambungkan ke jaringan dari Pengaturan."},{"$i":"fxa-offline-error-message-1","$v":"Tidak ada koneksi internet."},{"$i":"fxa-invalid-email-title","$v":"Kesalahan"},{"$i":"fxa-invalid-email-message","$v":"Silakan masukkan email yang valid."},{"$i":"fxa-invalid-password-title","$v":"Kesalahan"},{"$i":"fxa-invalid-password-message","$v":"Alamat email dan sandi salah"},{"$i":"fxa-invalid-password-message-1","$v":"Sandi salah."},{"$i":"fxa-unknown-error-title","$v":"Tidak dapat Tersambung"},{"$i":"fxa-unknown-error-message","$v":"Sistem tidak tersedia, coba lagi nanti."},{"$i":"fxa-email-is-taken-title","$v":"Kesalahan"},{"$i":"fxa-email-is-taken-message","$v":"Telah ada akun untuk email ini. Silakan masuk ke akun Anda."},{"$i":"fxa-confirm-age-title","$v":"Kesalahan"},{"$i":"fxa-confirm-age-message","$v":"Silakan konfirmasi umur Anda di atas 13"},{"$i":"fxa-account-does-not-exist","$v":"Kesalahan"},{"$i":"fxa-account-does-not-exist-message","$v":"Alamat email dan sandi salah"},{"$i":"fxa-account-does-not-exist-message-1","$v":"Akun tidak ada ada."},{"$i":"fxa-password-dont-match","$v":"Kesalahan"},{"$i":"fxa-password-dont-match-message","$v":"Sandi tidak cocok"},{"$i":"fxa-password-less","$v":"Kesalahan"},{"$i":"fxa-password-less-message","$v":"sandi kurang dari 8 karakter"},{"$i":"fxa-password-less-message-1","$v":"Sandi kurang dari 8 karakter."},{"$i":"fxa-password-more","$v":"Kesalahan"},{"$i":"fxa-password-more-message","$v":"sandi lebih dari 20 karakter"},{"$i":"fxa-password-more-message-1","$v":"Sandi lebih dari 20 karakter."},{"$i":"fxa-password-error","$v":"Kesalahan"},{"$i":"fxa-password-error-message","$v":"Sandi harus antara 8-20 karakter dengan kombinasi huruf dan angka."},{"$i":"fxa-connecting","$v":"Menyambungkan"},{"$i":"fxa-enter-phone-number-message","$v":"Silakan masukkan nomor telepon Anda. SMS akan dikirim dan verifikasi otomatis akan mulai."},{"$i":"fxa-sms-has-been-sent-message","$v":"SMS telah dikirim, setelah diterima verifikasi akan mulai. Silakan tunggu dan bersantai!"},{"$i":"fxa-time-remaining","$v":"Sisa waktu:"},{"$i":"fxa-sms-verification-failed-message","$v":"Verifikasi SMS gagal. Silakan konfirmasi ponsel Anda dan tekan “Kirim ulang SMS” untuk mencoba lagi."},{"$i":"fxa-phone-number-label","$v":"Nomor telepon"},{"$i":"fxa-enter-your-infomation","$v":"Masukkan informasi Anda."},{"$i":"fxa-birthday-label","$v":"Ulang tahun"},{"$i":"fxa-birthday-select","$v":"Pilih"},{"$i":"fxa-gender-label","$v":"Jenis Kelamin"},{"$i":"fxa-gender-select","$v":"Pilih"},{"$i":"fxa-gender-male","$v":"Pria"},{"$i":"fxa-gender-female","$v":"Wanita"},{"$i":"fxa-gender-confidential","$v":"Rahasia"},{"$i":"fxa-enter-email-input","placeholder":"Tulis email Anda"},{"$i":"fxa-use-email-to-sign-in","$v":"Silakan masukkan email Anda. Email Anda akan menjadi nama akun Anda."},{"$i":"fxa-notice","$v":["Dengan melanjutkan, Saya setuju dengan ",{"t":"idOrVar","v":"tos"}," dan ",{"t":"idOrVar","v":"pn"}," layanan cloud KaiOS."]},{"$i":"fxa-placeholder","$v":"Email Anda di sini"},{"$i":"fxa-tos","$v":"Syarat Ketentuan"},{"$i":"fxa-pn","$v":"Pemberitahuan Privasi"},{"$i":"fxa-create-account-title","$v":"Buat Akun"},{"$i":"fxa-show-age-title","$v":"Saya lebih dari 13 tahun"},{"$i":"fxa-enter-password-title","$v":"Silakan masukkan sandi. Sandi Anda harus memiliki 8 - 20 karakter dan harus mengandung huruf dan angka."},{"$i":"fxa-enter-password-title-1","$v":"Masukkan sandi. Sandi Anda harus memiliki 8-20 karakter dan harus berisi huruf dan angka."},{"$i":"fxa-setup-password-title","$v":"Setelan Sandi"},{"$i":"fxa-create-password-title","$v":"Buat Sandi"},{"$i":"fxa-hello-user","$v":["Halo, ",{"t":"idOrVar","v":"email"}]},{"$i":"fxa-password-refresh","$v":"Silakan masukkan sandi Akun KaiOS Anda untuk lanjut."},{"$i":"fxa-password","$v":"Sandi","placeholder":"Sandi"},{"$i":"fxa-forgot-your-password","$v":"Lupa sandi Anda?"},{"$i":"fxa-show-password","$v":"Tampilkan sandi"},{"$i":"fxa-password-length-requirement","$v":"Panjang sandi Anda minimal harus 8 karakter."},{"$i":"fxa-confirm-account","$v":"Konfirmasi Akun Anda"},{"$i":"fxa-will-send-email","$v":"Akun Anda telah dibuat."},{"$i":"fxa-signup-click-verification-link-in-email","$v":["Kami telah mengirim email konfirmasi ke ",{"t":"idOrVar","v":"email"},". Silakan periksa kotak masuk dan verifikasi dan aktifkan akun Anda."]},{"$i":"fxa-access-manage-account-settings","$v":"Tautan aktifasi akan berakhir dalam 24 jam."},{"$i":"fxa-signup-success-title","$v":"Akun Dibuat"},{"$i":"about-kaios-account-text","$v":"Lorem ipsum dolor sit amet, con-sectetur adipiscing elit, sed do eiusmod tempor incididunt ut labore et dolore magna aliqua. Ut enim ad minim veniam, quis nos-trud exercitation ullamco laboris nisi ut aliquip ex ea commodo consequat. Duis aute irure dolor in reprehenderit in voluptate velit esse cillum dolore eu fugiat nulla pariatur. Excepteur sint occaecat cupidatat non proident, sunt in culpa qui officia deserunt mollit anim id est laborum."},{"$i":"about-kaios-account-text1","$v":"Akun KaiOS memberikan otentikasi untuk layanan KaiOS. Akun mengidentifikasi pengguna dan perangkat dan mengizinkan akses ke fitur seperti pengelolaan jarak jauh perangkat dan layanan tambahan."},{"$i":"about-kaios-account-text2","$v":"Membuat akun membutuhkan alamat email dan sandi. Pengguna harus memverifikasi alamat email melalui tautan email yang dikirim selama pembuatan akun. Akun tidak akan aktif hingga alamat email ini diverifikasi."},{"$i":"about-kaios-account-text3","$v":"Dengan melanjutkan ke pembuatan akun, Anda setuju dengan pemberitahuan syarat dan privasi."},{"$i":"fxa-signin-email","$v":"Nama Akun"},{"$i":"fxa-signin-password","$v":"Sandi"},{"$i":"fxa-signin-success-title","$v":"Akun Anda"},{"$i":"fxa-signin-lsk","$v":"Lupa Sandi"},{"$i":"fxa-signin-rsk","$v":"Masuk"},{"$i":"fxa-change-password-title","$v":"Ubah sandi"},{"$i":"fxa-change-password-description","$v":"Masukkan sandi Anda saat ini dan tetapkan sandi baru."},{"$i":"fxa-new-password","$v":"Sandi Baru"},{"$i":"fxa-changing-password","$v":"Mengubah sandi.."},{"$i":"fxa-forgot-password-title","$v":"Lupa Sandi"},{"$i":"fxa-forgot-password","$v":"lupa sandi"},{"$i":"fxa-forgot-password-sk","$v":"Lupa PWD"},{"$i":"fxa-forgot-password-success-title","$v":"Tetapkan ulang Sandi Pesan Terkirim"},{"$i":"fxa-reset-password-succcess-content","$v":"Email untuk menyetel ulang sandi Anda telah dikirim ke akun email Anda."},{"$i":"fxa-reset-password-succcess-content-part2","$v":"Silakan periksa kotak masuk email Anda dan reset sandi Anda."},{"$i":"fxa-sign-out-title","$v":"Anti-malin diaktifkan"},{"$i":"fxa-sign-out-intro","$v":"silakan konfirmasi bahwa Anda ingin mematikan anti-maling dan keluar"},{"$i":"fxa-sign-out-intro-1","$v":"konfirmasi jika Anda ingin mematikan anti-pencurian dan keluar."},{"$i":"fxa-signout-email","$v":"Akun Anda"},{"$i":"fxa-confirm-password","$v":"Konfirmasikan Sandi"},{"$i":"fxa-signing-out","$v":"Keluar..."},{"$i":"fxa-sign-out-error-title","$v":"Kesalahan"},{"$i":"fxa-sign-out-error-message","$v":"Keluar akun gagal silakan coba lagi nanti"},{"$i":"fxa-sign-out-error-message-1","$v":"Gagal keluar dari akun, coba lagi nanti."},{"$i":"fxa-connection-is-required-title","$v":"Kesalahan"},{"$i":"fxa-connection-is-required-message","$v":"Koneksi internet diperlukan"},{"$i":"fxa-check-password-title","$v":"Matikan Anti-Maling"},{"$i":"fxa-disable-antitheft-checkpassword-message","$v":"Silakan konfirmasi bahwa Anda ingin mematikan anti-maling."},{"$i":"fxa-reset-factory-checkpassword-message","$v":"Untuk menyetel ulang perangkat Anda, Anda harus memasukkan sandi Anda dan matikan anti-maling."},{"$i":"fxa-reset-factory-checkpassword-message-1","$v":"Untuk mereset perangkat, Anda harus memasukkan sandi dan menonaktifkan anti-pencurian."},{"$i":"fxa-enter-email-to-reset-password","$v":"Masukkan email akun Anda, kami akan mengirimkan tautan untuk mereset sandi."},{"$i":"fxa-enter-email-to-reset-password-1","$v":"Masukkan email akun Anda, kami akan mengirimkan tautan untuk mereset sandi."},{"$i":"fxa-account-not-found","$v":"Akun tidak ditemukan. Coba lagi."},{"$i":"fxa-multiple-sign-in-attempts-title","$v":"Percobaan Masuk Berulang-ulang"},{"$i":"fxa-multiple-sign-in-attempts-content","$v":"Anda telah memasukkan sandi yang salah berkali-kali"},{"$i":"fxa-multiple-sign-in-attempts-content-1","$v":"Anda terlalu sering salah memasukkan sandi."},{"$i":"fxa-multiple-sign-in-attempts-content-retry","$v":"Silakan coba lagi nanti"},{"$i":"shortDateFormat","$v":"%B %e, %Y"}]