[{"$i":"brandShortName","$v":"KaiOS"},{"$i":"browserBrandShortName","$v":"Web Browser"},{"$i":"browserBrandFullName","$v":"Mozilla Web Browser"},{"$i":"ringtoneBrandName","$v":"Default"},{"$i":"ringtoneSectionBrandName","$v":"System"},{"$i":"ok","$v":"OK"},{"$i":"back","$v":"Indietro"},{"$i":"help","$v":"Guida"},{"$i":"cancel","$v":"Annulla"},{"$i":"close","$v":"Chiudi"},{"$i":"skip","$v":"Salta"},{"$i":"enable","$v":"Attiva"},{"$i":"turnOn","$v":"Attiva"},{"$i":"save","$v":"Salva"},{"$i":"select","$v":"Seleziona"},{"$i":"deselect","$v":"Deseleziona"},{"$i":"go","$v":"Vai"},{"$i":"search","$v":"Cerca"},{"$i":"options","$v":"Opzioni"},{"$i":"exit","$v":"Esci"},{"$i":"signIn","$v":"Accedi"},{"$i":"dismiss","$v":"Ignora"},{"$i":"dismiss-all","$v":"Ignora tutto"},{"$i":"undo","ariaLabel":"Annulla"},{"$i":"lockscreenEnterLockCode","$v":"Inserire un codice di 4 cifre"},{"$i":"lockscreenCheckLockCode","$v":"Codice non valido. Riprovare."},{"$i":"lockscreenDeviceLocked","$v":"Il dispositivo è bloccato, riprovare dopo 30 secondi."},{"$i":"pocketmodeLongPress","$v":"Scorrere o premere"},{"$i":"pocketmodeToUnlock","$v":"per sbloccare"},{"$i":"enterPIN","$v":"Inserire il codice a 6 cifre per sbloccare"},{"$i":"mediaPlaybackTrack","$v":"Titolo e artista brano"},{"$i":"mediaPlaybackControls","$v":"Controlli riproduzione"},{"$i":"mediaPlaybackPrevious","$v":"Precedente"},{"$i":"mediaPlaybackPlay","$v":"Riproduci"},{"$i":"mediaPlaybackPause","$v":"Pausa"},{"$i":"mediaPlaybackNext","$v":"Successivo"},{"$i":"UnknownTrack","$v":"Brano sconosciuto"},{"$i":"wifiButton-on","$v":"Wi-Fi attivato"},{"$i":"wifiButton-on-initializing","$v":"Wi-Fi attivato, inizializzazione in corso"},{"$i":"wifiButton-off","$v":"Wi-Fi disattivato"},{"$i":"dataButton-on","$v":["Dati ",{"t":"idOrVar","v":"type"}," attivati"]},{"$i":"dataButton-off","$v":["Dati ",{"t":"idOrVar","v":"type"}," disattivati"]},{"$i":"bluetoothButton-on","$v":"Bluetooth attivato"},{"$i":"bluetoothButton-on-initializing","$v":"Bluetooth attivato, inizializzazione in corso"},{"$i":"bluetoothButton-off","$v":"Bluetooth disattivato"},{"$i":"airplaneMode-on","$v":"Modalità aereo attivata"},{"$i":"airplaneMode-off","$v":"Modalità aereo disattivata"},{"$i":"airplaneOff","$v":"Disattiva modalità aereo"},{"$i":"settingsButton","ariaLabel":"Impostazioni"},{"$i":"simLabel","$v":["SIM ",{"t":"idOrVar","v":"id"}]},{"$i":"statusbarLabel","$v":[{"t":"idOrVar","v":"date"},", ",{"t":"idOrVar","v":"operator"}]},{"$i":"statusbarDateFormat","$v":"%b %e"},{"$i":"statusbar","ariaLabel":"Barra di stato"},{"$i":"statusbarBattery","ariaLabel":["Batteria ",{"t":"idOrVar","v":"level"}," percento"]},{"$i":"statusbarBatteryCharging","ariaLabel":["Batteria ",{"t":"idOrVar","v":"level"}," percento, in carica"]},{"$i":"statusbarFlightMode","ariaLabel":"Modalità aereo attivata"},{"$i":"statusbarWiFiConnecting","$v":"Wi-Fi: connessione in corso"},{"$i":"statusbarWiFiConnected","$v":["Wi-Fi: ",{"t":"idOrVar","v":"level"}," di 4 barre"]},{"$i":"statusbarSignal","$v":["Rete ",{"t":"idOrVar","v":"operator"},", ",{"t":"idOrVar","v":"level"}," di 5 barre"]},{"$i":"statusbarSignalRoaming","$v":["Rete ",{"t":"idOrVar","v":"operator"}," (roaming), ",{"t":"idOrVar","v":"level"}," di 5 barre"]},{"$i":"statusbarSignalNoneSearching","$v":"Ricerca in corso... Solo chiamate di emergenza"},{"$i":"statusbarHeadphones","ariaLabel":"Cuffie attivate"},{"$i":"statusbarBluetoothHeadphones","ariaLabel":"Cuffie Bluetooth attivate"},{"$i":"statusbarBluetoothTransferring","ariaLabel":"Trasferimento Bluetooth attivo"},{"$i":"statusbarIconOn-tethering","$v":"Tethering attivato"},{"$i":"statusbarIconOnActive-tethering","$v":"Tethering attivato, attivo"},{"$i":"statusbarAlarm","ariaLabel":"Allarme attivato"},{"$i":"statusbarIME","ariaLabel":"IME attivato"},{"$i":"statusbarIconOn-bluetooth","$v":"Bluetooth attivato"},{"$i":"statusbarIconOnActive-bluetooth","$v":"Bluetooth attivato, attivo"},{"$i":"statusbarIconOn-mute","$v":"Silenzioso attivato"},{"$i":"statusbarIconOn-vibration","$v":"Vibrazione attivata"},{"$i":"statusbarRecording","ariaLabel":"Registrazione attivata"},{"$i":"statusbarGeolocation","ariaLabel":"Geolocalizzazione attivata"},{"$i":"statusbarUsb","ariaLabel":"USB attivata"},{"$i":"statusbarForwarding","$v":"Trasferimento di chiamata"},{"$i":"statusbarPlaying","ariaLabel":"Riproduzione di file multimediali in corso"},{"$i":"statusbarNfc","ariaLabel":"NFC attivato"},{"$i":"statusbarDownloads","ariaLabel":"Download in corso..."},{"$i":"statusbarNetworkActivity","ariaLabel":"Networking attivato"},{"$i":"statusbarEmergencyCBNotification","ariaLabel":"Richiamata di emergenza"},{"$i":"statusbarNotifications","$v":{"few":[{"t":"idOrVar","v":"n"}," notifiche"],"many":[{"t":"idOrVar","v":"n"}," notifiche"],"one":[{"t":"idOrVar","v":"n"}," notifica"],"other":[{"t":"idOrVar","v":"n"}," notifiche"],"two":[{"t":"idOrVar","v":"n"}," notifiche"]},"$x":[{"t":"idOrVar","v":"plural"},"n"]},{"$i":"statusbarNotifications-unread","ariaLabel":{"$x":[{"t":"idOrVar","v":"plural"},"n"],"$v":{"few":[{"t":"idOrVar","v":"n"}," notifiche da leggere"],"many":[{"t":"idOrVar","v":"n"}," notifiche da leggere"],"one":[{"t":"idOrVar","v":"n"}," notifica da leggere"],"other":[{"t":"idOrVar","v":"n"}," notifiche da leggere"],"two":[{"t":"idOrVar","v":"n"}," notifiche da leggere"]}}},{"$i":"clear","$v":"Cancella"},{"$i":"clear-all","$v":"Cancella tutto"},{"$i":"notification-title","$v":{"few":[{"t":"idOrVar","v":"n"}," notifiche"],"many":[{"t":"idOrVar","v":"n"}," notifiche"],"one":[{"t":"idOrVar","v":"n"}," notifica"],"other":[{"t":"idOrVar","v":"n"}," notifiche"],"two":[{"t":"idOrVar","v":"n"}," notifiche"],"zero":[{"t":"idOrVar","v":"n"}," notifiche"]},"$x":[{"t":"idOrVar","v":"plural"},"n"]},{"$i":"notification-dialog-no-notices","$v":"Nessuna notifica"},{"$i":"notification-title-new","$v":{"few":[{"t":"idOrVar","v":"n"}," notifiche"],"many":[{"t":"idOrVar","v":"n"}," notifiche"],"other":[{"t":"idOrVar","v":"n"}," notifiche"],"two":[{"t":"idOrVar","v":"n"}," notifiche"],"one":[{"t":"idOrVar","v":"n"}," avviso"],"zero":[{"t":"idOrVar","v":"n"}," avviso"]},"$x":[{"t":"idOrVar","v":"plural"},"n"]},{"$i":"notification-dialog-no-notices-new","$v":"Nessun avviso"},{"$i":"tcl-ntf-open","$v":"Apri"},{"$i":"tcl-ntf-next_song","$v":"Avanti"},{"$i":"tcl-ntf_play","$v":"Riproduci"},{"$i":"tcl-ntf-pause","$v":"Pausa"},{"$i":"tcl-ntf-dismiss-all","$v":"Ignora tutto"},{"$i":"tcl-ntf-dismiss","$v":"Ignora"},{"$i":"tcl-ntf-toaster-clear","$v":"Notifica ignorata"},{"$i":"tcl-ntf-toaster-clear-all","$v":"Notifiche ignorate"},{"$i":"attentionScreen-tapToShow","$v":"Toccare per mostrare"},{"$i":"tcl-cmas-ok","$v":"OK"},{"$i":"tcl-cmas-screen-help","$v":"Premere OK per visualizzare ulteriori informazioni"},{"$i":"tcl-cmas-title","$v":"Allerte di emergenza wireless"},{"$i":"camera","$v":"Fotocamera"},{"$i":"tcl-dflt-value-level","$v":"Imposta livello di valore"},{"$i":"tcl-dflt-range-value-name","$v":"Livello"},{"$i":"newVoicemails","$v":{"few":[{"t":"idOrVar","v":"n"}," nuovi messaggi vocali"],"many":[{"t":"idOrVar","v":"n"}," nuovi messaggi vocali"],"one":"Un nuovo messaggio vocale","other":[{"t":"idOrVar","v":"n"}," nuovi messaggi vocali"],"two":[{"t":"idOrVar","v":"n"}," nuovi messaggi vocali"],"zero":"Nessun nuovo messaggio vocale"},"$x":[{"t":"idOrVar","v":"plural"},"n"]},{"$i":"newVoicemailsUnknown","$v":"Nuovo messaggio vocale"},{"$i":"dialNumber","$v":["Componi ",{"t":"idOrVar","v":"number"}]},{"$i":"voicemailNotificationMultiSim","$v":["(SIM ",{"t":"idOrVar","v":"n"},") ",{"t":"idOrVar","v":"title"}]},{"$i":"euRoamingNotificationTitle","$v":"Internet UE rilevata"},{"$i":"euRoamingNotificationMsg","$v":"Toccare per modificare."},{"$i":"restart","$v":"Riavvia"},{"$i":"power","$v":"Spegni"},{"$i":"lock","$v":"Blocca"},{"$i":"cleanup","$v":"Pulisci memoria"},{"$i":"no-recent-app-windows","$v":"Le finestre delle applicazioni recenti vengono mostrate qui"},{"$i":"no-recent-browser-windows","$v":"Le finestre del browser recenti vengono mostrate qui"},{"$i":"closeCard","ariaLabel":"Chiudi"},{"$i":"openCard","ariaLabel":"Apri"},{"$i":"yes","$v":"Sì"},{"$i":"no","$v":"No"},{"$i":"dontallow","$v":"Non consentire"},{"$i":"allow","$v":"OK"},{"$i":"dontshare-geolocation","$v":"Non condividere"},{"$i":"share-geolocation","$v":"Condividi"},{"$i":"dontshare-audio-capture","$v":"Non condividere"},{"$i":"share-audio-capture","$v":"Condividi"},{"$i":"dontshare-video-capture","$v":"Non condividere"},{"$i":"share-video-capture","$v":"Condividi"},{"$i":"dontshare-media-capture","$v":"Non condividere"},{"$i":"share-media-capture","$v":"Condividi"},{"$i":"device-front","$v":"Fotocamera anteriore"},{"$i":"device-back","$v":"Fotocamera posteriore"},{"$i":"front-camera","$v":"Fotocamera anteriore"},{"$i":"back-camera","$v":"Fotocamera posteriore"},{"$i":"more-info","$v":"Altre informazioni..."},{"$i":"hide-info","$v":"Nascondi informazioni"},{"$i":"tcl-permission","$v":"Autorizzazione"},{"$i":"install-app","$v":["Installare ",{"t":"idOrVar","v":"name"},"?"]},{"$i":"size","$v":"Dimensioni"},{"$i":"author","$v":"Autore"},{"$i":"size-unknown","$v":"Sconosciuto"},{"$i":"author-unknown","$v":"Sconosciuto"},{"$i":"install","$v":"Installa"},{"$i":"bytes","$v":"byte"},{"$i":"kB","$v":"KB"},{"$i":"MB","$v":"MB"},{"$i":"GB","$v":"GB"},{"$i":"TB","$v":"TB"},{"$i":"PB","$v":"PB"},{"$i":"app-install-generic-error","$v":["Download di ",{"t":"idOrVar","v":"appName"}," interrotto"]},{"$i":"app-install-download-failed","$v":["Download di ",{"t":"idOrVar","v":"appName"}," non riuscito"]},{"$i":"app-install-install-failed","$v":["Installazione di ",{"t":"idOrVar","v":"appName"}," non riuscita"]},{"$i":"cancelling-will-not-refund","$v":"L'annullamento non rimborsa un acquisto. I rimborsi per i contenuti pagati vengono forniti dal venditore originale."},{"$i":"apps-can-be-installed-later","$v":"È possibile installare le applicazioni in un secondo momento dalla fonte di installazione originale."},{"$i":"are-you-sure-you-want-to-cancel","$v":"Annullare l'installazione?"},{"$i":"cancel-install","$v":"Annulla installazione"},{"$i":"cancel-install-button","$v":"Annulla installazione"},{"$i":"resume","$v":"Riprendi"},{"$i":"continue","$v":"Continua"},{"$i":"stopDownloading","$v":["Interrompere il download di ",{"t":"idOrVar","v":"app"},"?"]},{"$i":"app-download-can-be-restarted","$v":"È possibile riavviare il download in un secondo momento."},{"$i":"app-download-stop-button","$v":"Interrompi download"},{"$i":"not-enough-space","$v":"Spazio insufficiente"},{"$i":"not-enough-space-message","$v":"Spazio insufficiente per installare l'applicazione. Liberare spazio eliminando applicazioni o file multimediali precedenti, e tentare nuovamente l'installazione dalla fonte originale."},{"$i":"app-install-success","$v":[{"t":"idOrVar","v":"appName"}," installato"]},{"$i":"app-install-update","$v":[{"t":"idOrVar","v":"appName"}," aggiornato"]},{"$i":"langpack-install-success2","$v":[{"t":"idOrVar","v":"appName"}," installato. Andare a Impostazioni > Lingua per attivare."]},{"$i":"setup","$v":"Configurazione"},{"$i":"ime-addkeyboards","$v":"Aggiungi tastiere"},{"$i":"ime-lowercase","$v":"Lettere minuscole"},{"$i":"ime-uppercase","$v":"Lettere maiuscole"},{"$i":"ime-number","$v":"Numero"},{"$i":"ime-capitalize","$v":"Lettera maiuscola"},{"$i":"ime-t9","$v":"T9"},{"$i":"ime-r9","$v":"R9"},{"$i":"ime-predictive","$v":"Predittivo"},{"$i":"ime-insert-word","$v":"Inserisci parola"},{"$i":"ime-voice-input-messsage","$v":"Tenere premuto OK per parlare nel campo di testo."},{"$i":"later","$v":"Più tardi"},{"$i":"download","$v":"Scarica"},{"$i":"wantToDownload","$v":"Scaricare subito l'aggiornamento?"},{"$i":"wantToInstallNow","$v":"Installare subito l'aggiornamento? Non sarà possibile usare il telefono per alcuni minuti."},{"$i":"installNow","$v":"Installa subito"},{"$i":"notNow","$v":"Non ora"},{"$i":"downloadingUpdateMessage","innerHTML":{"$o":["Download degli aggiornamenti in corso... <span>",{"t":"idOrVar","v":"progress"}," scaricato.</span>"]}},{"$i":"downloadingAppMessage","$v":["Download di ",{"t":"idOrVar","v":"appName"}," in corso"]},{"$i":"downloadingAppProgressNoMax","$v":[{"t":"idOrVar","v":"progress"}," scaricato"]},{"$i":"downloadingAppProgressIndeterminate","$v":"Download in corso"},{"$i":"downloadingAppProgress","$v":[{"t":"idOrVar","v":"progress"}," / ",{"t":"idOrVar","v":"max"}," scaricato"]},{"$i":"cancelAllDownloads","$v":"Annulla tutti i download"},{"$i":"wantToCancelAll","$v":"Annullare tutti i download?"},{"$i":"downloadError","$v":"Si è verificato un errore durante il download degli aggiornamenti."},{"$i":"updateAvailableInfo","innerHTML":{"$x":[{"t":"idOrVar","v":"plural"},"n"],"$v":{"few":{"$o":[{"t":"idOrVar","v":"n"}," aggiornamenti disponibili. <span>Toccare per ulteriori informazioni.</span>"]},"many":{"$o":[{"t":"idOrVar","v":"n"}," aggiornamenti disponibili. <span>Toccare per ulteriori informazioni.</span>"]},"one":{"$o":[{"t":"idOrVar","v":"n"}," aggiornamento disponibile. <span>Toccare per ulteriori informazioni.</span>"]},"other":{"$o":[{"t":"idOrVar","v":"n"}," aggiornamenti disponibili. <span>Toccare per ulteriori informazioni.</span>"]},"two":{"$o":[{"t":"idOrVar","v":"n"}," aggiornamenti disponibili. <span>Toccare per ulteriori informazioni.</span>"]}}}},{"$i":"numberOfUpdates","$v":{"few":[{"t":"idOrVar","v":"n"}," notifiche"],"many":[{"t":"idOrVar","v":"n"}," notifiche"],"one":[{"t":"idOrVar","v":"n"}," notifica"],"other":[{"t":"idOrVar","v":"n"}," notifiche"],"two":[{"t":"idOrVar","v":"n"}," notifiche"]},"$x":[{"t":"idOrVar","v":"plural"},"n"]},{"$i":"systemUpdate","$v":"Aggiornamento di sistema"},{"$i":"systemUpdateReady","$v":"Aggiornamento di sistema pronto"},{"$i":"updates","$v":"Aggiornamenti"},{"$i":"systemUpdateLowBatteryThreshold","$v":["È necessario un livello minimo della batteria del ",{"t":"idOrVar","v":"threshold"},"% per installare l'aggiornamento."]},{"$i":"required","$v":"Richiesto"},{"$i":"uncompressingMessage","innerHTML":{"$o":"Decompressione in corso... <span>Questa operazione può richiedere alcuni minuti.</span>"}},{"$i":"downloadWifiPrioritizedUsing2G","$v":"Gli aggiornamenti vengono scaricati tramite una connessione dati quando il Wi-Fi non è disponibile. Quando si usa una connessione dati, è possibile che le chiamate telefoniche siano bloccate e che siano inoltre applicabili ulteriori costi."},{"$i":"downloadWifiPrioritized3","$v":"Gli aggiornamenti vengono scaricati tramite una connessione dati quando il Wi-Fi non è disponibile. Quando si usa una connessione dati, è possibile che siano applicabili ulteriori costi."},{"$i":"downloadNoWifiWarning","$v":"Wi-Fi non disponibile. L'aggiornamento con la connessione attuale può generare ulteriori costi."},{"$i":"downloadOfflineWarning2","$v":"Connettersi a una rete per scaricare gli aggiornamenti."},{"$i":"downloadUpdatesViaDataConnection","$v":"Scaricare gli aggiornamenti tramite una connessione dati?"},{"$i":"downloadUpdatesVia2GForbidden3","$v":"Il download degli aggiornamenti è impossibile con connessioni lente (2G). Connettersi al Wi-Fi o 3G (se disponibile) e riprovare."},{"$i":"downloadUpdatesViaDataConnectionMessage3","$v":"Quando si usa una connessione dati, è possibile che siano applicabili ulteriori costi. Continuare?"},{"$i":"downloadUpdatesViaDataRoamingConnection","$v":"Scaricare gli aggiornamenti tramite il roaming dati?"},{"$i":"downloadUpdatesViaDataRoamingConnectionMessage","$v":"Attualmente in roaming. È possibile che siano applicabili ulteriori costi. Continuare?"},{"$i":"screenshotSaved","$v":"Screenshot salvato in Galleria"},{"$i":"screenshotFailed","$v":"Impossibile salvare lo screenshot"},{"$i":"screenshotNoSDCard","$v":"Nessuna scheda di memoria trovata"},{"$i":"screenshotSDCardInUse","$v":"Scheda di memoria in uso"},{"$i":"screenshotSDCardLow","$v":"Spazio insufficiente sulla scheda di memoria"},{"$i":"emergency-call-button","$v":"Chiamata di emergenza"},{"$i":"emergency-call","$v":"Emergenza"},{"$i":"unlock-a11y-button","ariaLabel":"Sblocca"},{"$i":"camera-a11y-button","ariaLabel":"Fotocamera"},{"$i":"longDateFormat","$v":"%A, %B %d, %Y"},{"$i":"clockDateFormat","$v":"%a, %e %b"},{"$i":"panel-passcode","ariaLabel":"Riquadro Passcode"},{"$i":"open-notification","$v":"apri"},{"$i":"unlock","$v":"Sblocca"},{"$i":"login","$v":"Accedi"},{"$i":"sign-in-to-website","$v":"Accedi al sito Web"},{"$i":"username","$v":"Nome utente"},{"$i":"password","$v":"Password"},{"$i":"show-password","$v":"Mostra password"},{"$i":"http-authentication-message2","$v":["Il sito Web ",{"t":"idOrVar","v":"host"}," richiede l'accesso."]},{"$i":"error-message","$v":[{"t":"idOrVar","v":"name"}," non carica correttamente"]},{"$i":"error-title","$v":[{"t":"idOrVar","v":"name"}," ha problemi"]},{"$i":"unable-to-connect","$v":"Impossibile connettersi"},{"$i":"tap-to-check-settings","$v":"Toccare per verificare le impostazioni"},{"$i":"set","$v":"Imposta"},{"$i":"delete-title","$v":["Elimina ",{"t":"idOrVar","v":"name"}]},{"$i":"delete-body","$v":[{"t":"idOrVar","v":"name"}," e tutti i relativi dati verranno eliminati."]},{"$i":"delete","$v":"Disinstalla"},{"$i":"delete-desc","$v":"Disinstallare?"},{"$i":"unrecoverable-error-title","$v":"Rimuovi applicazione"},{"$i":"unrecoverable-error-body","$v":"Impossibile installare l'applicazione a causa di un errore irrecuperabile. Riprovare più tardi il download. L'applicazione sarà rimossa."},{"$i":"unrecoverable-error-action","$v":"OK"},{"$i":"instant-settings","$v":"impostazioni istantanee"},{"$i":"settings","$v":"Impostazioni"},{"$i":"flashlight","$v":"Flash"},{"$i":"brightness","$v":"Luminosità"},{"$i":"volume","$v":"Volume"},{"$i":"calculator","$v":"Calcolatrice"},{"$i":"airplane-mode","$v":"Modalità aereo"},{"$i":"wifi","$v":"Wi-Fi"},{"$i":"bluetooth","$v":"Bluetooth"},{"$i":"cellular-data","$v":"Dati cellulari"},{"$i":"on","$v":"Attivato"},{"$i":"off","$v":"Disattivato"},{"$i":"percentage-number","$v":[{"t":"idOrVar","v":"number"},"%"]},{"$i":"select-time","$v":"Seleziona ora"},{"$i":"select-date","$v":"Seleziona data"},{"$i":"tcl-select-day","$v":"Seleziona giorno"},{"$i":"tcl-add","$v":"Aggiungi"},{"$i":"battery-almost-empty-plug-in-your-charger","$v":"Batteria quasi esaurita. Collegare il caricabatteria."},{"$i":"battery-temperature-warning-header","$v":"Attenzione"},{"$i":"battery-temperature-high","$v":"Temperatura troppo elevata. Il telefono si spegnerà se la temperatura continua a salire."},{"$i":"battery-temperature-high-stop-charging","$v":"Temperatura troppo elevata. La batteria ha interrotto la carica. Il telefono si spegnerà se la temperatura continua a salire."},{"$i":"battery-temperature-low","$v":"Temperatura troppo bassa. Il telefono si spegnerà se la temperatura continua a scendere."},{"$i":"battery-temperature-low-stop-charging","$v":"Temperatura troppo bassa. La batteria ha interrotto la carica. Il telefono si spegnerà se la temperatura continua a scendere."},{"$i":"crash-dialog2-os","$v":[{"t":"idOrVar","v":"brandShortName"}," si è appena ripreso da un crash"]},{"$i":"crash-dialog-app","$v":[{"t":"idOrVar","v":"name"}," è appena crashato"]},{"$i":"crash-dialog-app-noname","$v":"Qualcosa"},{"$i":"crash-dialog-message","$v":"Inviare a KaiOS un rapporto sul crash per contribuire alla risoluzione del problema? (I rapporti vengono inviati solo tramite Wi-Fi)."},{"$i":"crash-info-link","$v":"Cosa contiene un crash report?"},{"$i":"crash-always-report","$v":"Inviare sempre a KaiOS un rapporto in caso di crash."},{"$i":"crash-dont-send","$v":"Non inviare"},{"$i":"crash-end","$v":"Invia rapporto"},{"$i":"crashReports","$v":"Crash report"},{"$i":"done","$v":"Fine"},{"$i":"crash-reports-description-1","$v":"Un crash report contiene alcuni dettagli sul crash e il dispositivo, nonché uno snapshot dello stato del dispositivo al momento del crash."},{"$i":"crash-reports-description-2","$v":"È possibile che siano inclusi elementi come pagine e applicazioni aperte, testo digitato nei moduli e contenuto dei messaggi aperti, cronologia di navigazione recente o geolocalizzazione usata da un'applicazione aperta."},{"$i":"crash-reports-description-3-start","$v":"I crash report vengono usati per tentare di risolvere i problemi e migliorare i prodotti. Le informazioni vengono gestite come descritto nella "},{"$i":"crash-reports-description-3-privacy","$v":"informativa sulla privacy"},{"$i":"crash-reports-description-3-end","$v":"."},{"$i":"crash-banner-os2","$v":[{"t":"idOrVar","v":"brandShortName"}," è appena crashato."]},{"$i":"crash-banner-app","$v":[{"t":"idOrVar","v":"name"}," è appena crashato."]},{"$i":"crash-banner-report","$v":"Rapporto"},{"$i":"bluetooth-sending-progress","$v":"Invio di file in corso tramite Bluetooth"},{"$i":"bluetooth-receiving-progress","$v":"Ricezione di file in corso tramite Bluetooth"},{"$i":"acceptFileTransfer","$v":"Richiesta di trasferimento"},{"$i":"requestToReceive","$v":[{"t":"idOrVar","v":"deviceName"}," desidera trasferire file. Accettare?"]},{"$i":"wantToReceiveFile","$v":[{"t":"idOrVar","v":"deviceName"}," desidera trasferire ",{"t":"idOrVar","v":"fileName"}," (",{"t":"idOrVar","v":"fileSize"},")."]},{"$i":"transfer-confirmation-title","$v":[{"t":"idOrVar","v":"deviceName"}]},{"$i":"transfer-confirmation-description","$v":"Esaminare la richiesta di trasferimento."},{"$i":"byteUnit-B","$v":"Byte"},{"$i":"byteUnit-KB","$v":"KB"},{"$i":"byteUnit-MB","$v":"MB"},{"$i":"byteUnit-GB","$v":"GB"},{"$i":"byteUnit-TB","$v":"TB"},{"$i":"byteUnit-PB","$v":"PB"},{"$i":"byteUnit-EB","$v":"EB"},{"$i":"byteUnit-ZB","$v":"ZB"},{"$i":"byteUnit-YB","$v":"YB"},{"$i":"fileSize","$v":[{"t":"idOrVar","v":"size"}," ",{"t":"idOrVar","v":"unit"}]},{"$i":"deny","$v":"Nega"},{"$i":"transfer","$v":"Trasferisci"},{"$i":"accept","$v":"Accetta"},{"$i":"stop","$v":"Interrompi"},{"$i":"cancelFileTransfer","$v":"Annullare il trasferimento file tramite Bluetooth?"},{"$i":"continueFileTransfer","$v":"Continua"},{"$i":"transfer-has-started-title","$v":"Trasferimento file pronto a iniziare"},{"$i":"transfer-has-started-description","$v":"In attesa di conferma"},{"$i":"transfer-has-started-toast","$v":"Trasferimento file iniziato. Verificare l'avanzamento in Notifiche"},{"$i":"transferFinished-sentSuccessful-title","$v":"File inviato"},{"$i":"transferFinished-receivedSuccessful-title","$v":"File ricevuto"},{"$i":"transferFinished-failed-title","$v":"Trasferimento file non riuscito"},{"$i":"transferFinished-try-again-description","$v":"Impossibile inviare subito il file. Riprovare più tardi."},{"$i":"transferReport-title","$v":"Rapporto di trasferimento:"},{"$i":"transferReport-description","$v":[{"t":"idOrVar","v":"numSuccessful"}," file trasferiti, ",{"t":"idOrVar","v":"numUnsuccessful"}," file non trasferiti"]},{"$i":"unknown-file","$v":"File sconosciuto"},{"$i":"unknown-device","$v":"Dispositivo sconosciuto"},{"$i":"cannotOpenFile","$v":"Impossibile aprire il file ricevuto"},{"$i":"unknownMediaTypeToOpenFile","$v":["Impossibile aprire il tipo di file multimediale sconosciuto: ",{"t":"idOrVar","v":"fileName"}]},{"$i":"cannotReceiveFile","$v":"Impossibile ricevere il file"},{"$i":"cannotGetStorageState","$v":"Impossibile ottenere lo stato della memoria del dispositivo."},{"$i":"sdcard-not-exist2","$v":"Nessuna scheda di memoria trovata. Inserire una scheda di memoria."},{"$i":"sdcard-in-use","$v":"Impossibile usare il Bluetooth mentre il telefono è collegato. Scollegare il telefono per ricevere file."},{"$i":"sdcard-no-space2","$v":"Impossibile completare il trasferimento: scheda di memoria esaurita."},{"$i":"unknown-error","$v":"Errore sconosciuto"},{"$i":"confirm","$v":"Conferma"},{"$i":"stopTransferTitle","$v":"Interrompi trasferimento file"},{"$i":"stopTransferContent","$v":"Interrompere il trasferimento di file tramite Bluetooth?"},{"$i":"storage","$v":"Memoria"},{"$i":"sdcard-detected-title","$v":"Scheda SD rilevata"},{"$i":"no-sdcard-title","$v":"Nessuna scheda SD"},{"$i":"sdcard-total-size-body","$v":["Dimensioni totali: ",{"t":"idOrVar","v":"size"}," ",{"t":"idOrVar","v":"unit"}]},{"$i":"sdcard-unknown-size-then-tap-to-format-body","$v":"Dimensioni sconosciute, toccare per formattare"},{"$i":"sdcard-removed-title","$v":"Scheda SD rimossa"},{"$i":"sdcard-removed-ejected-successfully","$v":"Espulsione riuscita"},{"$i":"sdcard-removed-not-ejected-properly","$v":"Espulsione errata"},{"$i":"set-sdcard-as-default-media-location","$v":"Scheda SD rilevata. Impostare la scheda SD come percorso predefinito per i file multimediali?"},{"$i":"no-sdcard-content","$v":"Inserire una scheda SD per avere più spazio."},{"$i":"sim-confirmation-content","$v":["Dati mobili assegnati alla SIM",{"t":"idOrVar","v":"n"},"."]},{"$i":"sim-confirmation-title","$v":"Schede SIM cambiate"},{"$i":"sim-confirmation-notice-title","$v":"Schede SIM cambiate"},{"$i":"sim-confirmation-notice","$v":"Selezionare per vedere i dettagli."},{"$i":"sim-hot-plug","$v":"Il telefono verrà riavviato."},{"$i":"sim-hot-plug-empty","$v":"Il telefono verrà riavviato perché le schede SIM sono state estratte."},{"$i":"sim-hot-plug-empty-confirm","$v":"Assicurarsi che la scheda SIM sia stata rimossa del tutto, quindi premere OK per riavviare."},{"$i":"noSimCard","$v":"Nessuna scheda SIM"},{"$i":"lockedSim","$v":"SIM bloccata"},{"$i":"noService","$v":"Nessun servizio"},{"$i":"eccOnly","$v":"Emergency calls only"},{"$i":"nocard-eccOnly","$v":"No SIM card-Emergency calls only"},{"$i":"unusablecard-eccOnly","$v":"Unusable SIM card-Emergency calls only"},{"$i":"searching","$v":"Searching"},{"$i":"simPin","$v":"PIN SIM"},{"$i":"pukCode","$v":"Codice PUK"},{"$i":"nckCode","$v":"Codice NCK"},{"$i":"cckCode","$v":"Codice CCK"},{"$i":"spckCode","$v":"Codice SPCK"},{"$i":"nck1code","$v":"Codice NCK1"},{"$i":"nck2code","$v":"Codice NCK2"},{"$i":"hnckcode","$v":"Codice HNCK"},{"$i":"rcckcode","$v":"Codice RCCK"},{"$i":"rspckcode","$v":"Codice RSPCK"},{"$i":"ncklockContent","$v":["Lo slot ",{"t":"idOrVar","v":"n"}," è bloccato con il codice NCK."]},{"$i":"whatIsSimPin","$v":"Che cos'è il PIN di una SIM?"},{"$i":"simPinIntro1","$v":"Il PIN di una SIM impedisce l'accesso alle reti dati cellulari della scheda SIM. Quando è attivato, qualsiasi dispositivo contenente una scheda SIM richiederà il PIN al riavvio."},{"$i":"simPinIntro2","$v":"Il PIN di una SIM non è identico al passcode usato per sbloccare il dispositivo."},{"$i":"changeSimPin","$v":"Cambia PIN"},{"$i":"pinTitle","$v":"Inserisci PIN SIM"},{"$i":"multiSIMpinTitle","$v":["Inserisci PIN SIM",{"t":"idOrVar","v":"n"}]},{"$i":"multiSIMpukTitle","$v":["Inserisci PUK SIM",{"t":"idOrVar","v":"n"}]},{"$i":"multiSIMnckTitle","$v":["Inserisci codice NCK",{"t":"idOrVar","v":"n"}]},{"$i":"multiSIMxckTitle","$v":["Inserisci ",{"t":"idOrVar","v":"type"}," SIM",{"t":"idOrVar","v":"n"}]},{"$i":"xckTitle","$v":["Inserisci codice ",{"t":"idOrVar","v":"type"}]},{"$i":"xckCode","$v":["Codice ",{"t":"idOrVar","v":"type"}]},{"$i":"xckBlocked","$v":[{"t":"idOrVar","v":"type"}," bloccato"]},{"$i":"pukTitle","$v":"Inserisci codice PUK"},{"$i":"nckTitle","$v":"Inserisci codice NCK"},{"$i":"cckTitle","$v":"Inserisci codice CCK"},{"$i":"spckTitle","$v":"Inserisci codice SPCK"},{"$i":"nck1Title","$v":"Inserisci codice NCK1"},{"$i":"nck2Title","$v":"Inserisci codice NCK2"},{"$i":"hnckTitle","$v":"Inserisci codice HNCK"},{"$i":"rcckTitle","$v":"Inserisci codice RCCK"},{"$i":"rspckTitle","$v":"Inserisci codice RSPCK"},{"$i":"newpinTitle","$v":"Nuovo PIN"},{"$i":"inputCodeRetriesLeft","$v":{"few":[{"t":"idOrVar","v":"n"}," tentativi rimasti."],"many":[{"t":"idOrVar","v":"n"}," tentativi rimasti."],"one":"1 tentativo rimasto.","other":[{"t":"idOrVar","v":"n"}," tentativi rimasti."],"two":[{"t":"idOrVar","v":"n"}," tentativi rimasti."]},"$x":[{"t":"idOrVar","v":"plural"},"n"]},{"$i":"pinErrorMsg","$v":"PIN errato."},{"$i":"pinAttemptMsg2","$v":{"few":["Sono rimasti ",{"t":"idOrVar","v":"n"}," tentativi per inserire il codice corretto prima che la scheda SIM venga bloccata."],"many":["Sono rimasti ",{"t":"idOrVar","v":"n"}," tentativi per inserire il codice corretto prima che la scheda SIM venga bloccata."],"one":"È rimasto un tentativo per inserire il codice corretto prima che la scheda SIM venga bloccata.","other":["Sono rimasti ",{"t":"idOrVar","v":"n"}," tentativi per inserire il codice corretto prima che la scheda SIM venga bloccata."],"two":["Sono rimasti ",{"t":"idOrVar","v":"n"}," tentativi per inserire il codice corretto prima che la scheda SIM venga bloccata."]},"$x":[{"t":"idOrVar","v":"plural"},"n"]},{"$i":"pinLastChanceMsg","$v":"Ultima possibilità di inserire il PIN corretto. Altrimenti è necessario inserire il codice PUK per usare la scheda SIM."},{"$i":"simCardLockedMsg","$v":"La scheda SIM è bloccata."},{"$i":"enterPukMsg","$v":"È necessario inserire il codice della chiave di sblocco personale (PUK) per la scheda SIM. Consultare la documentazione della scheda SIM o contattare il gestore per ulteriori informazioni."},{"$i":"pukErrorMsg","$v":"PUK errato."},{"$i":"pukAttemptMsg2","$v":{"few":["Sono rimasti ",{"t":"idOrVar","v":"n"}," tentativi per inserire il codice corretto prima che la scheda SIM diventi permanentemente inutilizzabile. Consultare la documentazione della scheda SIM o contattare il gestore per ulteriori informazioni."],"many":["Sono rimasti ",{"t":"idOrVar","v":"n"}," tentativi per inserire il codice corretto prima che la scheda SIM diventi permanentemente inutilizzabile. Consultare la documentazione della scheda SIM o contattare il gestore per ulteriori informazioni."],"one":"È rimasto un tentativo per inserire il codice corretto prima che la scheda SIM diventi permanentemente inutilizzabile. Consultare la documentazione della scheda SIM o contattare il gestore per ulteriori informazioni.","other":["Sono rimasti ",{"t":"idOrVar","v":"n"}," tentativi per inserire il codice corretto prima che la scheda SIM diventi permanentemente inutilizzabile. Consultare la documentazione della scheda SIM o contattare il gestore per ulteriori informazioni."],"two":["Sono rimasti ",{"t":"idOrVar","v":"n"}," tentativi per inserire il codice corretto prima che la scheda SIM diventi permanentemente inutilizzabile. Consultare la documentazione della scheda SIM o contattare il gestore per ulteriori informazioni."]},"$x":[{"t":"idOrVar","v":"plural"},"n"]},{"$i":"pukLastChanceMsg","$v":"Ultima possibilità per inserire il codice PUK corretto. La scheda SIM diventerà permanentemente inutilizzabile se si inserisce il codice PUK errato. Consultare la documentazione della scheda SIM o contattare il gestore per ulteriori informazioni."},{"$i":"cardPermanentlyLockMsg-head","$v":"PUK errato."},{"$i":"cardPermanentlyLockMsg-body","$v":"La scheda SIM è bloccata permanentemente. Contattare il gestore per ulteriori informazioni."},{"$i":"newSimPinMsg","$v":"Crea PIN (deve contenere 4-8 cifre)"},{"$i":"confirmNewSimPinMsg","$v":"Conferma nuovo PIN"},{"$i":"newPinErrorMsg","$v":"I PIN non corrispondono."},{"$i":"nckErrorMsg","$v":"Codice NCK errato."},{"$i":"nckAttemptMsg2","$v":{"few":["Richiesta di anonimizzazione della rete non riuscita. Sono rimasti ",{"t":"idOrVar","v":"n"}," tentativi per inserire il codice corretto. Consultare la documentazione del dispositivo o contattare il gestore per ulteriori informazioni."],"many":["Richiesta di anonimizzazione della rete non riuscita. Sono rimasti ",{"t":"idOrVar","v":"n"}," tentativi per inserire il codice corretto. Consultare la documentazione del dispositivo o contattare il gestore per ulteriori informazioni."],"one":["Richiesta di anonimizzazione della rete non riuscita. È rimasto ",{"t":"idOrVar","v":"n"}," tentativo per inserire il codice corretto. Consultare la documentazione del dispositivo o contattare il gestore per ulteriori informazioni."],"other":["Richiesta di anonimizzazione della rete non riuscita. Sono rimasti ",{"t":"idOrVar","v":"n"}," tentativi per inserire il codice corretto. Consultare la documentazione del dispositivo o contattare il gestore per ulteriori informazioni."],"two":["Richiesta di anonimizzazione della rete non riuscita. Sono rimasti ",{"t":"idOrVar","v":"n"}," tentativi per inserire il codice corretto. Consultare la documentazione del dispositivo o contattare il gestore per ulteriori informazioni."]},"$x":[{"t":"idOrVar","v":"plural"},"n"]},{"$i":"nckLastChanceMsg","$v":"Richiesta di anonimizzazione della rete non riuscita. Ultima possibilità per inserire il codice NCK corretto. Consultare la documentazione del dispositivo o contattare il gestore per ulteriori informazioni."},{"$i":"sim-attention-header","$v":"SIM bloccata"},{"$i":"multiSIM-attention-header","$v":["SIM",{"t":"idOrVar","v":"n"}," bloccata"]},{"$i":"sim-attention-head","$v":"Scheda SIM bloccata."},{"$i":"sim-attention-body","$v":"Inserire il codice PUK per sbloccare la scheda SIM?"},{"$i":"enter-puk-rsk","$v":"Inserisci PUK"},{"$i":"verify-rsk","$v":"Fine"},{"$i":"activity-pick","$v":"Seleziona da"},{"$i":"activity-view","$v":"Visualizza con"},{"$i":"activity-test","$v":"Prova con"},{"$i":"activity-share","$v":"Condividi"},{"$i":"activity-new","$v":"Crea con"},{"$i":"activity-open","$v":"Apri con"},{"$i":"activity-save-bookmark","$v":"Segnalibro in"},{"$i":"activity-record","$v":"Registra da"},{"$i":"activity-browse","$v":"Sfoglia con"},{"$i":"activity-configure","$v":"Configura con"},{"$i":"activity-dial","$v":"Componi da"},{"$i":"remoteDebuggerMessage","$v":"È stata rilevata una richiesta in arrivo per autorizzare la connessione di debug remoto. Consentire la connessione?"},{"$i":"captive-wifi-available","$v":["Rete ",{"t":"idOrVar","v":"networkName"}," trovata. Unirsi alla rete?"]},{"$i":"ceWarningtitle","$v":"Avviso volume"},{"$i":"ceWarningcontent","$v":"Per evitare danni all'udito, non ascoltare a livelli di volume elevati per periodi prolungati."},{"$i":"is-volume-type-notification","$v":"Suonerie e avvisi"},{"$i":"is-volume-type-telephony","$v":"Volume"},{"$i":"is-volume-type-alarm","$v":"Allarme"},{"$i":"is-volume-type-content","$v":"File multimediali"},{"$i":"tcl-volume-type-notification","$v":"Suonerie e avvisi"},{"$i":"tcl-volume-type-telephony","$v":"Volume"},{"$i":"volume-type-alarm","$v":"Allarme"},{"$i":"volume-type-content","$v":"File multimediali"},{"$i":"vibrate-only","$v":"Solo vibrazione"},{"$i":"silent","$v":"Silenzioso"},{"$i":"vibrate-on","$v":"Vibrazione: attivata"},{"$i":"vibrate-off","$v":"Vibrazione: disattivata"},{"$i":"vibrate","$v":"Vibrazione"},{"$i":"tcl-volume","$v":["Volume: ",{"t":"idOrVar","v":"n"},"/",{"t":"idOrVar","v":"c"}]},{"$i":"notification-powersaving-mode-on-title","$v":"Modalità risparmio energetico"},{"$i":"notification-powersaving-mode-on-description","$v":"Modalità risparmio energetico attivata"},{"$i":"low-device-storage","$v":"Spazio del dispositivo in esaurimento.\\n"},{"$i":"storage-alert","$v":"Allarme risorsa di archiviazione"},{"$i":"phone-almost-full","$v":"Telefono quasi esaurito."},{"$i":"free-space","$v":{"few":["Meno di ",{"t":"idOrVar","v":"value"}," ",{"t":"idOrVar","v":"unit"}," restanti."],"many":["Meno di ",{"t":"idOrVar","v":"value"}," ",{"t":"idOrVar","v":"unit"}," restanti."],"one":["Meno di ",{"t":"idOrVar","v":"value"}," ",{"t":"idOrVar","v":"unit"}," restante."],"other":["Meno di ",{"t":"idOrVar","v":"value"}," ",{"t":"idOrVar","v":"unit"}," restanti."],"two":["Meno di ",{"t":"idOrVar","v":"value"}," ",{"t":"idOrVar","v":"unit"}," restanti."],"zero":"Nessuno spazio libero restante."},"$x":[{"t":"idOrVar","v":"plural"},"value"]},{"$i":"unknown-free-space","$v":"Spazio rimanente sconosciuto."},{"$i":"can-delete-data-to-get-space","$v":"È possibile eliminare alcuni file multimediali o gestire i dati delle applicazioni per liberare più spazio."},{"$i":"should-delete-data-to-get-space","$v":"È necessario eliminare alcuni file multimediali o gestire i dati delle applicazioni per liberare più spazio prima di continuare a utilizzare questo dispositivo."},{"$i":"storage-full-level-1-title","$v":"Telefono quasi pieno"},{"$i":"storage-full-level-2-title","$v":"Memoria del telefono piena."},{"$i":"delete-to-get-space","$v":"Eliminare i file multimediali, i dati dell'app o le app scaricate per liberare dello spazio."},{"$i":"delete-to-get-space-level-2","$v":"Eliminare i file multimediali, i dati dell'app o le app scaricate per liberare dello spazio. In caso contrario, il telefono non funzionerà correttamente."},{"$i":"system-alert","$v":"Allerta di sistema"},{"$i":"cb-channel","$v":["Canale ",{"t":"idOrVar","v":"channel"}]},{"$i":"cell-broadcast-subtitle","$v":"Cell Broadcast"},{"$i":"cb-etws-warningType-earthquake","$v":"Avviso terremoto."},{"$i":"cb-etws-warningType-tsunami","$v":"Avviso tsunami."},{"$i":"cb-etws-warningType-earthquake-tsunami","$v":"Avviso terremoto-tsunami."},{"$i":"cb-etws-warningType-test","$v":"Prova del sistema di allerta in corso."},{"$i":"cb-etws-warningType-other","$v":"Avviso di emergenza."},{"$i":"icc-message-maintitle","$v":"Messaggio operatore"},{"$i":"icc-message-subtitle","$v":"SIM"},{"$i":"icc-confirmCall-defaultmessage","$v":["Chiamare ",{"t":"idOrVar","v":"number"},"?"]},{"$i":"icc-alertMessage-defaultmessage","$v":"Invio di un messaggio in corso"},{"$i":"icc-confirmMessage-defaultmessage","$v":"Inviare il messaggio?"},{"$i":"icc-notification-title","$v":["STK SIM ",{"t":"idOrVar","v":"id"}]},{"$i":"icc-inputbox-maintitle","$v":"Query STK"},{"$i":"icc-inputbox-subtitle","$v":["SIM ",{"t":"idOrVar","v":"id"}]},{"$i":"emergency-callback-mode","$v":"Modalità richiamata di emergenza"},{"$i":"emergency-callback-message","$v":"Non è possibile effettuare chiamate, inviare messaggi né navigare in linea perché è attivata la modalità richiamata di emergenza. Disattivarla?"},{"$i":"cdma-record-info","$v":"Informazioni record CDMA"},{"$i":"download_started","$v":"Download avviato"},{"$i":"download_stopped","$v":"Download interrotto"},{"$i":"download_downloading","$v":[{"t":"idOrVar","v":"percentage"},"%"]},{"$i":"download_succeeded","$v":"Download completato"},{"$i":"download_failed","$v":"Download non riuscito"},{"$i":"update_succeeded","$v":"Aggiornamento completato"},{"$i":"download_text_by_default","$v":[{"t":"idOrVar","v":"name"}]},{"$i":"phone-storage-full-title","$v":"Risorsa di archiviazione del telefono quasi esaurita"},{"$i":"phone-storage-full-warning","$v":"Impossibile scaricare il file. Eliminare i file multimediali o i dati dell'app per liberare dello spazio. È inoltre possibile inserire una scheda SD per espandere la memoria multimediale."},{"$i":"sdcard-storage-full-title","$v":"Scheda SD esaurita"},{"$i":"sdcard-storage-full-warning","$v":"Impossibile scaricare il file. Eliminare file nella scheda SD per liberare dello spazio."},{"$i":"opt-settings","$v":"Impostazioni"},{"$i":"search-the-web","$v":"Cercare nel Web"},{"$i":"search-or-enter-address","$v":"Cercare o inserire l'indirizzo","placeholder":"Cercare o inserire l'indirizzo"},{"$i":"search-or-enter-url","$v":"Cercare o digitare l'URL","placeholder":"Cercare o digitare l'URL"},{"$i":"back-button","ariaLabel":"Indietro"},{"$i":"forward-button","ariaLabel":"Inoltra"},{"$i":"reload-button","ariaLabel":"Ricarica"},{"$i":"stop-button","ariaLabel":"Interrompi"},{"$i":"windows-button","ariaLabel":"Mostra finestre"},{"$i":"noHotspotWhenAPMisOnWifiHotspot","$v":"Disattivare la modalità aereo per usare l'hotspot Wi-Fi."},{"$i":"apmActivated","$v":"Modalità aereo attivata"},{"$i":"save-image","$v":"Salva immagine"},{"$i":"save-video","$v":"Salva video"},{"$i":"save-audio","$v":"Salva audio"},{"$i":"share-image","$v":"Condividi immagine"},{"$i":"share-video","$v":"Condividi video"},{"$i":"share-audio","$v":"Condividi audio"},{"$i":"tcl-cancelButtonId","$v":"Annulla"},{"$i":"tcl-not-send","$v":"Non inviare"},{"$i":"tcl-send-report","$v":"Invia rapporto"},{"$i":"refresh","$v":"Aggiorna"},{"$i":"goBack","$v":"Torna indietro"},{"$i":"goForward","$v":"Procedi"},{"$i":"goToTopSites","$v":"Vai a Siti migliori"},{"$i":"pinToTopSites","$v":"Aggiungi ai siti migliori"},{"$i":"pinToAllApps","$v":"Blocca in alto in Tutte le app"},{"$i":"pinToAppsMenu","$v":"Blocca in alto nel Menu app"},{"$i":"viewMessages","$v":"Visualizza messaggi"},{"$i":"downloadImage","$v":"Scarica immagine"},{"$i":"quit","$v":"Esci"},{"$i":"minimizeBrowser","$v":"Riduci browser"},{"$i":"pinSiteCompletely","$v":"Sito Web aggiunto ai siti migliori"},{"$i":"siteWasPinnedBefore","$v":"Sito web già aggiunto ai siti migliori"},{"$i":"pinnedSitesOverLimit","$v":"È stato raggiunto il numero massimo di siti Web \"pinned\"."},{"$i":"pressBackAgainToQuitBrowser","$v":"Premere di nuovo INDIETRO per uscire dal browser."},{"$i":"pressBackAgainToMinimizeBrowser","$v":"Premere di nuovo INDIETRO per ridurre il browser."},{"$i":"pinSiteToAllAppsCompletely","$v":"Il sito Web è stato bloccato in alto in Tutte le app."},{"$i":"pinSiteToAppsMenuCompletely","$v":"Il sito Web è stato bloccato in alto nel Menu app."},{"$i":"siteWasPinnedToAllAppsBefore","$v":"Il sito Web è già stato bloccato in alto in Tutte le app."},{"$i":"siteWasPinnedToAppsMenuBefore","$v":"Il sito Web è già stato bloccato in alto nel Menu app."},{"$i":"ext-bluetooth-req","$v":"Richiesta di associazione"},{"$i":"ext-unknown","$v":"SCONOSCIUTO"},{"$i":"ext-new-message","$v":"Nuovo messaggio"},{"$i":"ext-new-mail","$v":"Nuovo messaggio e-mail"},{"$i":"ext-calendar-event","$v":"Evento Calendario"},{"$i":"ext-new-notification","$v":"Nuove notifiche"},{"$i":"incoming","$v":"In arrivo"},{"$i":"ext-volume-notification","$v":"Suonerie e notifiche"},{"$i":"ext-volume-content","$v":"File multimediali"},{"$i":"ext-volume-alarm","$v":"Allarme"},{"$i":"ext-new-cmas","$v":"Emergenza"},{"$i":"phone-storage-full-body","$v":"Registrazione chiamata interrotta. Eliminare i file multimediali o i dati dell'app per liberare dello spazio."},{"$i":"sd-card-full-title","$v":"Scheda SD esaurita"},{"$i":"sd-card-full-body","$v":"Registrazione chiamata interrotta. Eliminare file nella scheda SD per liberare dello spazio."},{"$i":"supl-notification-title","$v":"Richiesta di localizzazione"},{"$i":"supl-notification-message","$v":"La posizione dell'utente viene trasmessa all'operatore."},{"$i":"supl-verification-title","$v":"Richiesta di localizzazione"},{"$i":"supl-verification-message","$v":"L'operatore richiede la posizione dell'utente. Fornire le informazioni sulla posizione all'operatore?"},{"$i":"supl-verification-message-for-notification","$v":"Fare clic qui per confermare"},{"$i":"supl-verification-confirm","$v":"Sì"},{"$i":"supl-verification-cancel","$v":"No"},{"$i":"supl-more-message","$v":["Messaggio: ",{"t":"idOrVar","v":"id"}," (",{"t":"idOrVar","v":"message"},")"]},{"$i":"confirmPbapMsg","$v":[{"t":"idOrVar","v":"deviceId"}," desidera accedere ai contatti e al registro delle chiamate. Accettare?"]},{"$i":"confirmTitle","$v":"Richiesta Bluetooth"},{"$i":"initialValue","$v":"Inserire la chiave di sessione"},{"$i":"confirmMapMsg","$v":[{"t":"idOrVar","v":"deviceId"}," desidera accedere ai messaggi. Accettare?"]},{"$i":"wifiCallErrorMsg","$v":["Errore di Wi-Fi Calling: ",{"t":"idOrVar","v":"error"}]},{"$i":"wifiCallMissEccTitle","$v":[{"t":"idOrVar","v":"operator"}," WiFi Calling"]},{"$i":"wifiCallMissEccMsg","$v":"Emergency calls in areas with cellular coverage only"},{"$i":"battery-full-title","$v":"Batteria carica"},{"$i":"battery-full-body","$v":"Batteria completamente carica."},{"$i":"sim-config-title","$v":"Configurazione"},{"$i":"sim-config-content-init","$v":["Premere INIZIA per configurare il telefono per ",{"t":"idOrVar","v":"carrier"},"."]},{"$i":"sim-config-content-change","$v":["Configurare il telefono per ",{"t":"idOrVar","v":"carrier"},"?"]},{"$i":"sim-config-content-line1","$v":"Congratulazioni!"},{"$i":"sim-config-content-restart","$v":"Riavviare il telefono per applicare le modifiche."},{"$i":"sim-config-content-finish","$v":"Premere OK per terminare."},{"$i":"sim-config-content-failed","$v":["Impossibile trovare il profilo dell'operatore ",{"t":"idOrVar","v":"carrier"},"."]},{"$i":"sim-config-button-restart","$v":"Riavvia"},{"$i":"sim-config-button-begin","$v":"Inizia"},{"$i":"open-wifi-available","$v":"Apri reti Wi-Fi disponibili"},{"$i":"wifi-available","$v":"Reti Wi-Fi disponibili"},{"$i":"wifi-no-internet-title","$v":"Il Wi-Fi non ha accesso a Internet"},{"$i":"wifi-no-internet-body","$v":"Opzione per le opzioni"},{"$i":"wifi-no-internet-header","$v":"Reti Wi-Fi"},{"$i":"wifi-no-internet-content","$v":[{"t":"idOrVar","v":"name"}," non dispone di un accesso a Internet. Rimanere collegati?"]},{"$i":"ellipses_char","$v":"…"},{"$i":"fota-title-attention","$v":"Attenzione"},{"$i":"fota-upgrade-success","$v":["Aggiornamento del firmware riuscito. Dispositivo ora con la versione ",{"t":"idOrVar","v":"target"},"."]},{"$i":"fota-upgrade-failed","$v":"Aggiornamento non riuscito, versione precedente ripristinata."},{"$i":"fota-title-software-update","$v":"Aggiornamento software"},{"$i":"fota-message-software-update-available","$v":"Aggiornamento disponibile."},{"$i":"fota-message-software-download-failed","$v":"Download non riuscito."},{"$i":"fota-message-software-download-complete","$v":"Download completato."},{"$i":"network-issue-title","$v":"Errore di rete"},{"$i":"network-issue-detail","$v":"Verificare la connessione."},{"$i":"device-issue-title","$v":"Errore di installazione"},{"$i":"device-issue-detail","$v":"Si è verificato un errore sconosciuto."},{"$i":"device-issue-update-title","$v":"Errore di aggiornamento"},{"$i":"install-generic-error","$v":"Download interrotto."},{"$i":"account-authenticator-invaild-grant-notice-title","$v":"Errore dell'account"},{"$i":"account-authenticator-invaild-grant-notice-text","$v":"Accedi di nuovo"},{"$i":"account-authenticator-no-network-error","$v":"Nessuna connessione a Internet."},{"$i":"account-authenticator-access-denied-error","$v":"Si è verificato un errore sconosciuto."},{"$i":"qtn_els_alert_high_vol","$v":"Avviso volume alto"},{"$i":"qtn_els_alert_in_call","$v":"Chiam. in corso"},{"$i":"GetEmptyUssdPrompt","$v":"Risposta nulla ricevuta."},{"$i":"message-sent","$v":"Messaggio inviato."},{"$i":"send","$v":"Invia"},{"$i":"confirmation","$v":"Conferma"},{"$i":"feedback-dialogview-header","$v":"Feedback"},{"$i":"feedback-dialogview-message","$v":"L'opinione dell'utente conta molto per HMD Global. Ci piacerebbe quindi sapere cosa ne pensi del nuovo telefono. Se si desidera partecipare al sondaggio più tardi, è possibile trovarlo in Impostazioni."},{"$i":"accessibility-enableScreenReaderSteps","$v":"Per attivare lo screen reader, aumentare e ridurre il volume con i pulsanti altre tre volte"},{"$i":"accessibility-disableScreenReaderSteps","$v":"Per disattivare lo screen reader, aumentare e ridurre il volume con i pulsanti altre tre volte"},{"$i":"accessibility-screenReaderStarted","$v":"Screen reader avviato"},{"$i":"accessibility-screenReaderStopped","$v":"Screen reader interrotto"},{"$i":"accessibility-menubar","$v":"barra di menu"},{"$i":"accessibility-scrollbar","$v":"barra di scorrimento"},{"$i":"accessibility-grip","$v":"maniglia"},{"$i":"accessibility-alert","$v":"avviso"},{"$i":"accessibility-menupopup","$v":"finestra popup di menu"},{"$i":"accessibility-document","$v":"documento"},{"$i":"accessibility-pane","$v":"riquadro"},{"$i":"accessibility-dialog","$v":"finestra di dialogo"},{"$i":"accessibility-separator","$v":"separatore"},{"$i":"accessibility-toolbar","$v":"barra degli strumenti"},{"$i":"accessibility-statusbar","$v":"barra di stato"},{"$i":"accessibility-table","$v":"tabella"},{"$i":"accessibility-columnheader","$v":"intestazione di colonna"},{"$i":"accessibility-rowheader","$v":"intestazione di riga"},{"$i":"accessibility-column","$v":"colonna"},{"$i":"accessibility-row","$v":"riga"},{"$i":"accessibility-cell","$v":"cella"},{"$i":"accessibility-link","$v":"link"},{"$i":"accessibility-list","$v":"elenco"},{"$i":"accessibility-listitem","$v":"voce di elenco"},{"$i":"accessibility-outline","$v":"profilo"},{"$i":"accessibility-outlineitem","$v":"voce di profilo"},{"$i":"accessibility-pagetab","$v":"scheda"},{"$i":"accessibility-propertypage","$v":"pagina delle proprietà"},{"$i":"accessibility-graphic","$v":"grafico"},{"$i":"accessibility-pushbutton","$v":"pulsante"},{"$i":"accessibility-checkbutton","$v":"pulsante di selezione"},{"$i":"accessibility-radiobutton","$v":"pulsante di opzione"},{"$i":"accessibility-combobox","$v":"casella combinata"},{"$i":"accessibility-progressbar","$v":"barra di avanzamento"},{"$i":"accessibility-slider","$v":"cursore"},{"$i":"accessibility-spinbutton","$v":"pulsante di selezione"},{"$i":"accessibility-diagram","$v":"diagramma"},{"$i":"accessibility-animation","$v":"animazione"},{"$i":"accessibility-equation","$v":"equazione"},{"$i":"accessibility-buttonmenu","$v":"menu a pulsante"},{"$i":"accessibility-whitespace","$v":"spazio bianco"},{"$i":"accessibility-pagetablist","$v":"elenco di schede"},{"$i":"accessibility-canvas","$v":"tela"},{"$i":"accessibility-checkmenuitem","$v":"check menu item"},{"$i":"accessibility-label","$v":"etichetta"},{"$i":"accessibility-passwordtext","$v":"testo di password"},{"$i":"accessibility-radiomenuitem","$v":"voce del menu di opzione"},{"$i":"accessibility-textcontainer","$v":"contenitore di testo"},{"$i":"accessibility-togglebutton","$v":"pulsante di commutazione"},{"$i":"accessibility-treetable","$v":"tabella ad albero"},{"$i":"accessibility-header","$v":"intestazione"},{"$i":"accessibility-footer","$v":"piè di pagina"},{"$i":"accessibility-paragraph","$v":"paragrafo"},{"$i":"accessibility-entry","$v":"inserimento"},{"$i":"accessibility-caption","$v":"didascalia"},{"$i":"accessibility-heading","$v":"titolo"},{"$i":"accessibility-section","$v":"sezione"},{"$i":"accessibility-form","$v":"modulo"},{"$i":"accessibility-comboboxlist","$v":"elenco di casella combinata"},{"$i":"accessibility-comboboxoption","$v":"opzione di casella combinata"},{"$i":"accessibility-imagemap","$v":"mappa immagine"},{"$i":"accessibility-listboxoption","$v":"opzione"},{"$i":"accessibility-listbox","$v":"casella di riepilogo"},{"$i":"accessibility-flatequation","$v":"equazione"},{"$i":"accessibility-gridcell","$v":"cella di griglia"},{"$i":"accessibility-note","$v":"nota"},{"$i":"accessibility-figure","$v":"figura"},{"$i":"accessibility-definitionlist","$v":"elenco di definizioni"},{"$i":"accessibility-term","$v":"durata"},{"$i":"accessibility-definition","$v":"definizione"},{"$i":"accessibility-textarea","$v":"area di testo"},{"$i":"accessibility-textInputType_date","$v":"data"},{"$i":"accessibility-textInputType_email","$v":"e-mail"},{"$i":"accessibility-textInputType_search","$v":"cerca"},{"$i":"accessibility-textInputType_tel","$v":"telefono"},{"$i":"accessibility-textInputType_url","$v":"URL"},{"$i":"accessibility-headingLevel","$v":["livello di titolo ",{"t":"idOrVar","v":"0"}]},{"$i":"accessibility-listStart","$v":"Prima voce"},{"$i":"accessibility-listEnd","$v":"Ultima voce"},{"$i":"accessibility-listItemsCount","$v":{"few":[{"t":"idOrVar","v":"count"}," voci"],"many":[{"t":"idOrVar","v":"count"}," voci"],"one":[{"t":"idOrVar","v":"count"}," voce"],"other":[{"t":"idOrVar","v":"count"}," voci"],"two":[{"t":"idOrVar","v":"count"}," voci"],"zero":[{"t":"idOrVar","v":"count"}," voci"]},"$x":[{"t":"idOrVar","v":"plural"},"count"]},{"$i":"accessibility-objItemOfN","$v":[{"t":"idOrVar","v":"0"}," di ",{"t":"idOrVar","v":"1"}]},{"$i":"accessibility-banner","$v":"banner"},{"$i":"accessibility-complementary","$v":"complementare"},{"$i":"accessibility-contentinfo","$v":"informazioni sul contenuto"},{"$i":"accessibility-main","$v":"principale"},{"$i":"accessibility-navigation","$v":"navigazione"},{"$i":"accessibility-search","$v":"cerca"},{"$i":"accessibility-tblColumnInfo","$v":{"few":["con ",{"t":"idOrVar","v":"count"}," colonne"],"many":["con ",{"t":"idOrVar","v":"count"}," colonne"],"one":["con ",{"t":"idOrVar","v":"count"}," colonna"],"other":["con ",{"t":"idOrVar","v":"count"}," colonne"],"two":["con ",{"t":"idOrVar","v":"count"}," colonne"],"zero":["con ",{"t":"idOrVar","v":"count"}," colonne"]},"$x":[{"t":"idOrVar","v":"plural"},"count"]},{"$i":"accessibility-tblRowInfo","$v":{"few":["e ",{"t":"idOrVar","v":"count"}," righe"],"many":["e ",{"t":"idOrVar","v":"count"}," righe"],"one":["e ",{"t":"idOrVar","v":"count"}," riga"],"other":["e ",{"t":"idOrVar","v":"count"}," righe"],"two":["e ",{"t":"idOrVar","v":"count"}," righe"],"zero":["e ",{"t":"idOrVar","v":"count"}," righe"]},"$x":[{"t":"idOrVar","v":"plural"},"count"]},{"$i":"accessibility-columnInfo","$v":["Colonna ",{"t":"idOrVar","v":"0"}]},{"$i":"accessibility-rowInfo","$v":["Riga ",{"t":"idOrVar","v":"0"}]},{"$i":"accessibility-spansColumns","$v":{"few":["include ",{"t":"idOrVar","v":"0"}," colonne"],"many":["include ",{"t":"idOrVar","v":"0"}," colonne"],"one":["include ",{"t":"idOrVar","v":"0"}," colonna"],"other":["include ",{"t":"idOrVar","v":"0"}," colonne"],"two":["include ",{"t":"idOrVar","v":"0"}," colonne"],"zero":["include ",{"t":"idOrVar","v":"0"}," colonne"]},"$x":[{"t":"idOrVar","v":"plural"},"0"]},{"$i":"accessibility-spansRows","$v":{"few":["include ",{"t":"idOrVar","v":"0"}," righe"],"many":["include ",{"t":"idOrVar","v":"0"}," righe"],"one":["include ",{"t":"idOrVar","v":"0"}," riga"],"other":["include ",{"t":"idOrVar","v":"0"}," righe"],"two":["include ",{"t":"idOrVar","v":"0"}," righe"],"zero":["include ",{"t":"idOrVar","v":"0"}," righe"]},"$x":[{"t":"idOrVar","v":"plural"},"0"]},{"$i":"accessibility-jumpAction","$v":"saltato"},{"$i":"accessibility-pressAction","$v":"premuto"},{"$i":"accessibility-checkAction","$v":"selezionato"},{"$i":"accessibility-uncheckAction","$v":"deselezionato"},{"$i":"accessibility-selectAction","$v":"selezionato"},{"$i":"accessibility-unselectAction","$v":"deselezionato"},{"$i":"accessibility-openAction","$v":"aperto"},{"$i":"accessibility-closeAction","$v":"chiuso"},{"$i":"accessibility-switchAction","$v":"commutato"},{"$i":"accessibility-clickAction","$v":"clicked"},{"$i":"accessibility-collapseAction","$v":"ridotto"},{"$i":"accessibility-expandAction","$v":"espanso"},{"$i":"accessibility-activateAction","$v":"attivato"},{"$i":"accessibility-cycleAction","$v":"ricorrente"},{"$i":"accessibility-hidden","$v":"nascosto"},{"$i":"accessibility-tabLoading","$v":"caricamento in corso"},{"$i":"accessibility-tabLoaded","$v":"caricato"},{"$i":"accessibility-tabNew","$v":"nuova scheda"},{"$i":"accessibility-tabLoadStopped","$v":"caricamento interrotto"},{"$i":"accessibility-tabReload","$v":"ricaricamento in corso"},{"$i":"accessibility-stateChecked","$v":"selezionato"},{"$i":"accessibility-stateNotChecked","$v":"non selezionato"},{"$i":"accessibility-statePressed","$v":"premuto"},{"$i":"accessibility-stateExpanded","$v":"espanso"},{"$i":"accessibility-stateCollapsed","$v":"ridotto"},{"$i":"accessibility-stateUnavailable","$v":"non disponibile"},{"$i":"accessibility-stateRequired","$v":"richiesto"},{"$i":"accessibility-stateTraversed","$v":"visitato"},{"$i":"accessibility-stateHasPopup","$v":"ha una finestra popup"},{"$i":"accessibility-stateSelected","$v":"selezionato"},{"$i":"accessibility-editingMode","$v":"modifica"},{"$i":"accessibility-navigationMode","$v":"navigazione in corso"},{"$i":"accessibility-quicknav_Simple","$v":"Predefinito"},{"$i":"accessibility-quicknav_Anchor","$v":"Ancoraggi"},{"$i":"accessibility-quicknav_Button","$v":"Pulsanti"},{"$i":"accessibility-quicknav_Combobox","$v":"Caselle combinate"},{"$i":"accessibility-quicknav_Landmark","$v":"Punti di riferimento"},{"$i":"accessibility-quicknav_Entry","$v":"Inserimenti"},{"$i":"accessibility-quicknav_FormElement","$v":"Elementi di modulo"},{"$i":"accessibility-quicknav_Graphic","$v":"Immagini"},{"$i":"accessibility-quicknav_Heading","$v":"Titoli"},{"$i":"accessibility-quicknav_ListItem","$v":"Voci di elenco"},{"$i":"accessibility-quicknav_Link","$v":"Link"},{"$i":"accessibility-quicknav_List","$v":"Elenchi"},{"$i":"accessibility-quicknav_PageTab","$v":"Schede di pagina"},{"$i":"accessibility-quicknav_RadioButton","$v":"Pulsanti di opzione"},{"$i":"accessibility-quicknav_Separator","$v":"Separatori"},{"$i":"accessibility-quicknav_Table","$v":"Tabelle"},{"$i":"accessibility-quicknav_Checkbox","$v":"Caselle di controllo"},{"$i":"accessibility-menubarAbbr","$v":"barra di menu"},{"$i":"accessibility-scrollbarAbbr","$v":"barra di scorrimento"},{"$i":"accessibility-gripAbbr","$v":"maniglia"},{"$i":"accessibility-alertAbbr","$v":"avviso"},{"$i":"accessibility-menupopupAbbr","$v":"finestra popup di menu"},{"$i":"accessibility-documentAbbr","$v":"documento"},{"$i":"accessibility-paneAbbr","$v":"riquadro"},{"$i":"accessibility-dialogAbbr","$v":"finestra di dialogo"},{"$i":"accessibility-separatorAbbr","$v":"separatore"},{"$i":"accessibility-toolbarAbbr","$v":"barra degli strumenti"},{"$i":"accessibility-statusbarAbbr","$v":"barra di stato"},{"$i":"accessibility-tableAbbr","$v":"tbl"},{"$i":"accessibility-columnheaderAbbr","$v":"intestazione di colonna"},{"$i":"accessibility-rowheaderAbbr","$v":"intestazione di riga"},{"$i":"accessibility-columnAbbr","$v":"colonna"},{"$i":"accessibility-rowAbbr","$v":"riga"},{"$i":"accessibility-cellAbbr","$v":"cella"},{"$i":"accessibility-linkAbbr","$v":"lnk"},{"$i":"accessibility-listAbbr","$v":"elenco"},{"$i":"accessibility-listitemAbbr","$v":"voce di elenco"},{"$i":"accessibility-outlineAbbr","$v":"profilo"},{"$i":"accessibility-outlineitemAbbr","$v":"voce di profilo"},{"$i":"accessibility-pagetabAbbr","$v":"scheda"},{"$i":"accessibility-propertypageAbbr","$v":"pagina delle proprietà"},{"$i":"accessibility-graphicAbbr","$v":"grafico"},{"$i":"accessibility-pushbuttonAbbr","$v":"btn"},{"$i":"accessibility-checkbuttonAbbr","$v":"pulsante di selezione"},{"$i":"accessibility-radiobuttonAbbr","$v":"pulsante di opzione"},{"$i":"accessibility-comboboxAbbr","$v":"casella combinata"},{"$i":"accessibility-progressbarAbbr","$v":"barra di avanzamento"},{"$i":"accessibility-sliderAbbr","$v":"cursore"},{"$i":"accessibility-spinbuttonAbbr","$v":"pulsante di selezione"},{"$i":"accessibility-diagramAbbr","$v":"diagramma"},{"$i":"accessibility-animationAbbr","$v":"animazione"},{"$i":"accessibility-equationAbbr","$v":"equazione"},{"$i":"accessibility-buttonmenuAbbr","$v":"menu a pulsante"},{"$i":"accessibility-whitespaceAbbr","$v":"spazio bianco"},{"$i":"accessibility-pagetablistAbbr","$v":"elenco di schede"},{"$i":"accessibility-canvasAbbr","$v":"tela"},{"$i":"accessibility-checkmenuitemAbbr","$v":"check menu item"},{"$i":"accessibility-labelAbbr","$v":"etichetta"},{"$i":"accessibility-passwordtextAbbr","$v":"passwdtxt"},{"$i":"accessibility-radiomenuitemAbbr","$v":"voce del menu di opzione"},{"$i":"accessibility-textcontainerAbbr","$v":"contenitore di testo"},{"$i":"accessibility-togglebuttonAbbr","$v":"pulsante di commutazione"},{"$i":"accessibility-treetableAbbr","$v":"tabella ad albero"},{"$i":"accessibility-headerAbbr","$v":"intestazione"},{"$i":"accessibility-footerAbbr","$v":"piè di pagina"},{"$i":"accessibility-paragraphAbbr","$v":"paragrafo"},{"$i":"accessibility-entryAbbr","$v":"inserimento"},{"$i":"accessibility-captionAbbr","$v":"didascalia"},{"$i":"accessibility-headingAbbr","$v":"titolo"},{"$i":"accessibility-sectionAbbr","$v":"sezione"},{"$i":"accessibility-formAbbr","$v":"modulo"},{"$i":"accessibility-comboboxlistAbbr","$v":"elenco di casella combinata"},{"$i":"accessibility-comboboxoptionAbbr","$v":"opzione di casella combinata"},{"$i":"accessibility-imagemapAbbr","$v":"imgmap"},{"$i":"accessibility-listboxoptionAbbr","$v":"opzione"},{"$i":"accessibility-listboxAbbr","$v":"casella di riepilogo"},{"$i":"accessibility-flatequationAbbr","$v":"equazione"},{"$i":"accessibility-gridcellAbbr","$v":"cella di griglia"},{"$i":"accessibility-noteAbbr","$v":"nota"},{"$i":"accessibility-figureAbbr","$v":"fig."},{"$i":"accessibility-definitionlistAbbr","$v":"elenco di definizioni"},{"$i":"accessibility-termAbbr","$v":"durata"},{"$i":"accessibility-definitionAbbr","$v":"definizione"},{"$i":"accessibility-textareaAbbr","$v":"txtarea"},{"$i":"accessibility-tblColumnInfoAbbr","$v":{"few":[{"t":"idOrVar","v":"count"}," c"],"many":[{"t":"idOrVar","v":"count"}," c"],"one":[{"t":"idOrVar","v":"count"}," c"],"other":[{"t":"idOrVar","v":"count"}," c"],"two":[{"t":"idOrVar","v":"count"}," c"]},"$x":[{"t":"idOrVar","v":"plural"},"count"]},{"$i":"accessibility-tblRowInfoAbbr","$v":{"few":[{"t":"idOrVar","v":"count"}," r"],"many":[{"t":"idOrVar","v":"count"}," r"],"one":[{"t":"idOrVar","v":"count"}," r"],"other":[{"t":"idOrVar","v":"count"}," r"],"two":[{"t":"idOrVar","v":"count"}," r"]},"$x":[{"t":"idOrVar","v":"plural"},"count"]},{"$i":"accessibility-cellInfoAbbr","$v":["c",{"t":"idOrVar","v":"0"},"r",{"t":"idOrVar","v":"1"}]},{"$i":"accessibility-stateCheckedAbbr","$v":"(x)"},{"$i":"accessibility-stateUncheckedAbbr","$v":"( )"},{"$i":"accessibility-statePressedAbbr","$v":"(x)"},{"$i":"accessibility-stateUnpressedAbbr","$v":"( )"},{"$i":"accessibility-pushbutton-hint","$v":"Toccare due volte per attivare"},{"$i":"accessibility-checkbutton-hint","$v":"Toccare due volte per attivare"},{"$i":"accessibility-combobox-hint","$v":"Toccare due volte per attivare"},{"$i":"accessibility-key-hint","$v":"Tenere premuto per attivare"},{"$i":"accessibility-link-hint","$v":"Toccare due volte per attivare"},{"$i":"accessibility-menuitem-hint","$v":"Toccare due volte per attivare"},{"$i":"accessibility-option-hint","$v":"Toccare due volte per attivare"},{"$i":"accessibility-radiobutton-hint","$v":"Toccare due volte per attivare"},{"$i":"accessibility-slider-hint","$v":"Scorrere verso l'alto per aumentare o verso il basso per diminuire"},{"$i":"accessibility-spinbutton-hint","$v":"Scorrere verso l'alto per aumentare o verso il basso per diminuire"},{"$i":"accessibility-pagetab-hint","$v":"Toccare due volte per attivare"},{"$i":"accessibility-entry-hint","$v":"Toccare due volte per attivare"},{"$i":"accessibility-outlineitem-hint","$v":"Toccare due volte per attivare"},{"$i":"SoftLeft","$v":"Tasto funzione sinistro"},{"$i":"Enter","$v":"Tasto OK"},{"$i":"SoftRight","$v":"Tasto funzione destro"},{"$i":"weekday-0-long","$v":"Domenica"},{"$i":"weekday-1-long","$v":"Lunedì"},{"$i":"weekday-2-long","$v":"Martedì"},{"$i":"weekday-3-long","$v":"Mercoledì"},{"$i":"weekday-4-long","$v":"Giovedì"},{"$i":"weekday-5-long","$v":"Venerdì"},{"$i":"weekday-6-long","$v":"Sabato"},{"$i":"weekday-0-short","$v":"Dom"},{"$i":"weekday-1-short","$v":"Lun"},{"$i":"weekday-2-short","$v":"Mar"},{"$i":"weekday-3-short","$v":"Mer"},{"$i":"weekday-4-short","$v":"Gio"},{"$i":"weekday-5-short","$v":"Ven"},{"$i":"weekday-6-short","$v":"Sab"},{"$i":"month-0-long","$v":"Gennaio"},{"$i":"month-1-long","$v":"Febbraio"},{"$i":"month-2-long","$v":"Marzo"},{"$i":"month-3-long","$v":"Aprile"},{"$i":"month-4-long","$v":"Maggio"},{"$i":"month-5-long","$v":"Giugno"},{"$i":"month-6-long","$v":"Luglio"},{"$i":"month-7-long","$v":"Agosto"},{"$i":"month-8-long","$v":"Settembre"},{"$i":"month-9-long","$v":"Ottobre"},{"$i":"month-10-long","$v":"Novembre"},{"$i":"month-11-long","$v":"Dicembre"},{"$i":"month-0-genitive","$v":"Gennaio"},{"$i":"month-1-genitive","$v":"Febbraio"},{"$i":"month-2-genitive","$v":"Marzo"},{"$i":"month-3-genitive","$v":"Aprile"},{"$i":"month-4-genitive","$v":"Maggio"},{"$i":"month-5-genitive","$v":"Giugno"},{"$i":"month-6-genitive","$v":"Luglio"},{"$i":"month-7-genitive","$v":"Agosto"},{"$i":"month-8-genitive","$v":"Settembre"},{"$i":"month-9-genitive","$v":"Ottobre"},{"$i":"month-10-genitive","$v":"Novembre"},{"$i":"month-11-genitive","$v":"Dicembre"},{"$i":"month-0-short","$v":"Gen"},{"$i":"month-1-short","$v":"Feb"},{"$i":"month-2-short","$v":"Mar"},{"$i":"month-3-short","$v":"Apr"},{"$i":"month-4-short","$v":"Mag"},{"$i":"month-5-short","$v":"Giu"},{"$i":"month-6-short","$v":"Lug"},{"$i":"month-7-short","$v":"Ago"},{"$i":"month-8-short","$v":"Set"},{"$i":"month-9-short","$v":"Ott"},{"$i":"month-10-short","$v":"Nov"},{"$i":"month-11-short","$v":"Dic"},{"$i":"minutes-ago-long","$v":{"few":[{"t":"idOrVar","v":"value"}," minuti fa"],"many":[{"t":"idOrVar","v":"value"}," minuti fa"],"one":"un minuto fa","other":[{"t":"idOrVar","v":"value"}," minuti fa"],"two":[{"t":"idOrVar","v":"value"}," minuti fa"],"zero":"adesso"},"$x":[{"t":"idOrVar","v":"plural"},"value"]},{"$i":"hours-ago-long","$v":{"few":[{"t":"idOrVar","v":"value"}," ore fa"],"many":[{"t":"idOrVar","v":"value"}," ore fa"],"one":"un'ora fa","other":[{"t":"idOrVar","v":"value"}," ore fa"],"two":[{"t":"idOrVar","v":"value"}," ore fa"],"zero":"adesso"},"$x":[{"t":"idOrVar","v":"plural"},"value"]},{"$i":"days-ago-long","$v":{"few":[{"t":"idOrVar","v":"value"}," giorni fa"],"many":[{"t":"idOrVar","v":"value"}," giorni fa"],"one":"ieri","other":[{"t":"idOrVar","v":"value"}," giorni fa"],"two":[{"t":"idOrVar","v":"value"}," giorni fa"],"zero":"oggi"},"$x":[{"t":"idOrVar","v":"plural"},"value"]},{"$i":"weeks-ago-long","$v":{"few":[{"t":"idOrVar","v":"value"}," settimane fa"],"many":[{"t":"idOrVar","v":"value"}," settimane fa"],"one":"una settimana fa","other":[{"t":"idOrVar","v":"value"}," settimane fa"],"two":[{"t":"idOrVar","v":"value"}," settimane fa"],"zero":"questa settimana"},"$x":[{"t":"idOrVar","v":"plural"},"value"]},{"$i":"months-ago-long","$v":{"few":[{"t":"idOrVar","v":"value"}," mesi fa"],"many":[{"t":"idOrVar","v":"value"}," mesi fa"],"one":"un mese fa","other":[{"t":"idOrVar","v":"value"}," mesi fa"],"two":[{"t":"idOrVar","v":"value"}," mesi fa"],"zero":"questo mese"},"$x":[{"t":"idOrVar","v":"plural"},"value"]},{"$i":"years-ago-long","$v":{"few":[{"t":"idOrVar","v":"value"}," anni fa"],"many":[{"t":"idOrVar","v":"value"}," anni fa"],"one":"un anno fa","other":[{"t":"idOrVar","v":"value"}," anni fa"],"two":[{"t":"idOrVar","v":"value"}," anni fa"],"zero":"quest'anno"},"$x":[{"t":"idOrVar","v":"plural"},"value"]},{"$i":"minutes-until-long","$v":{"few":["tra ",{"t":"idOrVar","v":"value"}," minuti"],"many":["tra ",{"t":"idOrVar","v":"value"}," minuti"],"one":"tra un minuto","other":["tra ",{"t":"idOrVar","v":"value"}," minuti"],"two":["tra ",{"t":"idOrVar","v":"value"}," minuti"],"zero":"ora"},"$x":[{"t":"idOrVar","v":"plural"},"value"]},{"$i":"hours-until-long","$v":{"few":["tra ",{"t":"idOrVar","v":"value"}," ore"],"many":["tra ",{"t":"idOrVar","v":"value"}," ore"],"one":"tra un'ora","other":["tra ",{"t":"idOrVar","v":"value"}," ore"],"two":["tra ",{"t":"idOrVar","v":"value"}," ore"],"zero":"ora"},"$x":[{"t":"idOrVar","v":"plural"},"value"]},{"$i":"days-until-long","$v":{"few":["tra ",{"t":"idOrVar","v":"value"}," giorni"],"many":["tra ",{"t":"idOrVar","v":"value"}," giorni"],"one":"domani","other":["tra ",{"t":"idOrVar","v":"value"}," giorni"],"two":["tra ",{"t":"idOrVar","v":"value"}," giorni"],"zero":"oggi"},"$x":[{"t":"idOrVar","v":"plural"},"value"]},{"$i":"weeks-until-long","$v":{"few":["tra ",{"t":"idOrVar","v":"value"}," settimane"],"many":["tra ",{"t":"idOrVar","v":"value"}," settimane"],"one":"tra una settimana","other":["tra ",{"t":"idOrVar","v":"value"}," settimane"],"two":["tra ",{"t":"idOrVar","v":"value"}," settimane"],"zero":"questa settimana"},"$x":[{"t":"idOrVar","v":"plural"},"value"]},{"$i":"months-until-long","$v":{"few":["tra ",{"t":"idOrVar","v":"value"}," mesi"],"many":["tra ",{"t":"idOrVar","v":"value"}," mesi"],"one":"tra un mese","other":["tra ",{"t":"idOrVar","v":"value"}," mesi"],"two":["tra ",{"t":"idOrVar","v":"value"}," mesi"],"zero":"questo mese"},"$x":[{"t":"idOrVar","v":"plural"},"value"]},{"$i":"years-until-long","$v":{"few":["tra ",{"t":"idOrVar","v":"value"}," anni"],"many":["tra ",{"t":"idOrVar","v":"value"}," anni"],"one":"tra un anno","other":["tra ",{"t":"idOrVar","v":"value"}," anni"],"two":["tra ",{"t":"idOrVar","v":"value"}," anni"],"zero":"quest'anno"},"$x":[{"t":"idOrVar","v":"plural"},"value"]},{"$i":"minutes-ago-short","$v":{"other":[{"t":"idOrVar","v":"value"}," m fa"],"zero":"adesso"},"$x":[{"t":"idOrVar","v":"plural"},"value"]},{"$i":"hours-ago-short","$v":{"other":[{"t":"idOrVar","v":"value"}," h fa"],"zero":"adesso"},"$x":[{"t":"idOrVar","v":"plural"},"value"]},{"$i":"days-ago-short","$v":{"other":[{"t":"idOrVar","v":"value"}," g fa"],"zero":"oggi"},"$x":[{"t":"idOrVar","v":"plural"},"value"]},{"$i":"minutes-until-short","$v":{"other":["tra ",{"t":"idOrVar","v":"value"}," m"],"zero":"ora"},"$x":[{"t":"idOrVar","v":"plural"},"value"]},{"$i":"hours-until-short","$v":{"other":["tra ",{"t":"idOrVar","v":"value"}," h"],"zero":"ora"},"$x":[{"t":"idOrVar","v":"plural"},"value"]},{"$i":"days-until-short","$v":{"other":["tra ",{"t":"idOrVar","v":"value"}," g"],"zero":"oggi"},"$x":[{"t":"idOrVar","v":"plural"},"value"]},{"$i":"incorrectDate","$v":"(data errata)"},{"$i":"dateTimeFormat_%c","$v":"%a %b %e %Y %I:%M:%S %p"},{"$i":"dateTimeFormat_%x","$v":"%m/%d/%Y"},{"$i":"dateTimeFormat_%X","$v":"%I:%M:%S %p"},{"$i":"shortTimeFormat","$v":"%I:%M %p"},{"$i":"shortTimeFormat12","$v":"%I:%M %p"},{"$i":"shortTimeFormat24","$v":"%H:%M"},{"$i":"shortDateTimeFormat","$v":"%x %I:%M %p"},{"$i":"weekStartsOnMonday","$v":"0.0"},{"$i":"firstDayOfTheWeek","$v":"1.0"},{"$i":"time_am","$v":"AM"},{"$i":"time_pm","$v":"PM"},{"$i":"title-app","$v":"Autorizzazione applicazione"},{"$i":"title-web","$v":"Autorizzazione sito Web"},{"$i":"title-cam","$v":"Seleziona fotocamera"},{"$i":"perm-alarms","$v":"Pianifica allarmi"},{"$i":"perm-audio-capture","$v":"Microfono"},{"$i":"perm-audio-capture-appRequest","$v":["Condividere il microfono con ",{"t":"idOrVar","v":"app"},"?"]},{"$i":"perm-audio-capture-webRequest","$v":["Condividere il microfono con ",{"t":"idOrVar","v":"site"},"?"]},{"$i":"perm-audio-channel-content","$v":"Riproduci suoni"},{"$i":"perm-audio-channel-notification","$v":"Riproduci suoni di notifica"},{"$i":"perm-audio-channel-ringer","$v":"Riproduci suoni di suoneria"},{"$i":"perm-background-sensors","$v":"Accedi ai dati del sensore"},{"$i":"perm-bluetooth","$v":"Bluetooth"},{"$i":"perm-browser","$v":"Ispeziona pagine Web"},{"$i":"perm-camera","$v":"Fotocamere"},{"$i":"perm-camera-selector-appRequest","$v":["Selezionare una fotocamera per ",{"t":"idOrVar","v":"app"},"."]},{"$i":"perm-camera-selector-webRequest","$v":["Selezionare una fotocamera per ",{"t":"idOrVar","v":"site"},"."]},{"$i":"perm-camera-appRequest","$v":[{"t":"idOrVar","v":"app"}," desidera usare la fotocamera."]},{"$i":"perm-camera-webRequest","$v":[{"t":"idOrVar","v":"site"}," desidera usare la fotocamera."]},{"$i":"perm-cellbroadcast","$v":"Cell Broadcast"},{"$i":"perm-contacts","$v":"Contatti"},{"$i":"perm-contacts-appRequest","$v":[{"t":"idOrVar","v":"app"}," desidera accedere all'elenco dei contatti."]},{"$i":"perm-contacts-webRequest","$v":[{"t":"idOrVar","v":"site"}," desidera accedere all'elenco dei contatti."]},{"$i":"perm-desktop-notification","$v":"Notifiche"},{"$i":"perm-desktop-notification-appRequest","$v":[{"t":"idOrVar","v":"app"}," desidera visualizzare notifiche."]},{"$i":"perm-desktop-notification-webRequest","$v":[{"t":"idOrVar","v":"site"}," desidera visualizzare notifiche."]},{"$i":"perm-device-storage-apps","$v":"Memoria applicazioni"},{"$i":"perm-device-storage-music","$v":"Memoria musica"},{"$i":"perm-device-storage-music-appRequest","$v":[{"t":"idOrVar","v":"app"}," desidera accedere alla musica."]},{"$i":"perm-device-storage-music-webRequest","$v":[{"t":"idOrVar","v":"site"}," desidera accedere alla musica."]},{"$i":"perm-device-storage-pictures","$v":"Memoria immagini"},{"$i":"perm-device-storage-pictures-appRequest","$v":[{"t":"idOrVar","v":"app"}," desidera accedere alle immagini."]},{"$i":"perm-device-storage-pictures-webRequest","$v":[{"t":"idOrVar","v":"site"}," desidera accedere alle immagini."]},{"$i":"perm-device-storage-sdcard","$v":"Memoria scheda di memoria"},{"$i":"perm-device-storage-sdcard-appRequest","$v":[{"t":"idOrVar","v":"app"}," desidera accedere alla scheda di memoria."]},{"$i":"perm-device-storage-sdcard-webRequest","$v":[{"t":"idOrVar","v":"site"}," desidera accedere alla scheda di memoria."]},{"$i":"perm-device-storage-videos","$v":"Memoria video"},{"$i":"perm-device-storage-videos-appRequest","$v":[{"t":"idOrVar","v":"app"}," desidera accedere ai video."]},{"$i":"perm-device-storage-videos-webRequest","$v":[{"t":"idOrVar","v":"site"}," desidera accedere ai video."]},{"$i":"perm-fullscreen-appRequest","$v":[{"t":"idOrVar","v":"app"}," è ora a schermo intero."]},{"$i":"perm-fullscreen-webRequest","$v":[{"t":"idOrVar","v":"site"}," è ora a schermo intero."]},{"$i":"perm-embed-apps","$v":"Integra applicazioni"},{"$i":"perm-fmradio","$v":"Radio FM"},{"$i":"perm-fmradio-appRequest","$v":[{"t":"idOrVar","v":"app"}," desidera usare la radio FM."]},{"$i":"perm-fmradio-webRequest","$v":[{"t":"idOrVar","v":"site"}," desidera usare la radio FM."]},{"$i":"perm-geolocation","$v":"Geolocalizzazione"},{"$i":"perm-geolocation-appRequest","$v":[{"t":"idOrVar","v":"app"}," desidera conoscere la posizione dell'utente."]},{"$i":"perm-geolocation-more-info","$v":[{"t":"idOrVar","v":"brandShortName"}," usa il GPS, e ulteriori informazioni aggiuntive come il Wi-Fi e le reti mobili per calcolare approssimativamente la posizione. I dati sulla posizione possono essere usati da ",{"t":"idOrVar","v":"brandShortName"}," e dai provider di servizi per migliorare la precisione e la copertura dei database di localizzazione.",{"t":"idOrVar","v":"brandShortName"}," chiederà sempre l'autorizzazione prima che un'applicazione acceda alla posizione del dispositivo."]},{"$i":"perm-geolocation-webRequest","$v":[{"t":"idOrVar","v":"site"}," desidera conoscere la posizione dell'utente."]},{"$i":"perm-idle","$v":"Vedi stato di inattività"},{"$i":"perm-indexedDB-chrome-settings","$v":"IndexedDB con privilegi"},{"$i":"perm-indexedDB-unlimited","$v":"Memoria IndexedDB senza limiti"},{"$i":"perm-input-manage","$v":"Gestisci tastiere"},{"$i":"perm-input","$v":"Agisci come tastiera"},{"$i":"perm-media-capture","$v":"Fotocamera e microfono"},{"$i":"perm-media-capture-appRequest","$v":["Condividere la fotocamera e il microfono con ",{"t":"idOrVar","v":"app"},"?"]},{"$i":"perm-media-capture-webRequest","$v":["Condividere la fotocamera e il microfono con ",{"t":"idOrVar","v":"site"},"?"]},{"$i":"perm-mobileconnection","$v":"Connessione mobile"},{"$i":"perm-mobileid","$v":"Identità mobile"},{"$i":"perm-network-events","$v":"Eventi di rete"},{"$i":"perm-open-remote-window","$v":"Avviare un'applicazione"},{"$i":"perm-permissions","$v":"Modifica autorizzazioni delle applicazioni"},{"$i":"perm-power","$v":"Impostazioni di alimentazione"},{"$i":"perm-settings","$v":"Modifica impostazioni"},{"$i":"perm-systemXHR","$v":"Richieste di origine incrociata"},{"$i":"perm-telephony","$v":"Telefonia"},{"$i":"perm-video-capture","$v":"Fotocamera"},{"$i":"perm-video-capture-appRequest","$v":["Condividere la fotocamera con ",{"t":"idOrVar","v":"app"},"?"]},{"$i":"perm-video-capture-webRequest","$v":["Condividere la fotocamera con ",{"t":"idOrVar","v":"site"},"?"]},{"$i":"perm-voicemail","$v":"Controlla segreteria"},{"$i":"perm-webapps-manage","$v":"Installa applicazioni Web"},{"$i":"perm-wifi-manage","$v":"Gestisci Wi-Fi"},{"$i":"perm-attention","$v":"Apri finestre popup sovrapposte"},{"$i":"perm-audio-channel-alarm","$v":"Riproduci suoni di allarme"},{"$i":"perm-audio-channel-normal","$v":"Riproduci suoni"},{"$i":"perm-audio-channel-publicnotification","$v":"Riproduci suoni di notifica pubblica"},{"$i":"perm-audio-channel-telephony","$v":"Riproduci suoni di telefonia"},{"$i":"perm-backgroundservice","$v":"Agisci come servizio in background"},{"$i":"perm-device-storage-crashes","$v":"Memoria dati di crash"},{"$i":"perm-downloads","$v":"Accedi ai download"},{"$i":"perm-embed-widgets","$v":"Integra widget"},{"$i":"perm-feature-detection","$v":"Rilevamento funzioni"},{"$i":"perm-firefox-accounts","$v":"Account Firefox"},{"$i":"perm-mobilenetwork","$v":"Rete mobile"},{"$i":"perm-moz-attention","$v":"Apri finestre popup sovrapposte (moz)"},{"$i":"perm-moz-audio-channel-ringer","$v":"Riproduci suoni di suoneria (moz)"},{"$i":"perm-moz-audio-channel-telephony","$v":"Riproduci suoni di telefonia (moz)"},{"$i":"perm-moz-firefox-accounts","$v":"Account Firefox (moz)"},{"$i":"perm-networkstats-manage","$v":"Controlla statistiche di uso"},{"$i":"perm-nfc","$v":"NFC"},{"$i":"perm-nfc-hci-events","$v":"Eventi HCI NFC"},{"$i":"perm-nfc-manager","$v":"Gestisci NFC"},{"$i":"perm-phonenumberservice","$v":"Servizio numeri di telefono"},{"$i":"perm-push","$v":"Push API"},{"$i":"perm-resourcestats-manage","$v":"Statistiche risorse"},{"$i":"perm-sms","$v":"Invia e leggi SMS"},{"$i":"perm-speaker-control","$v":"Controlla volume"},{"$i":"perm-storage","$v":"Accedi alla memoria"},{"$i":"perm-tcp-socket","$v":"Prese TCP"},{"$i":"perm-test-permission","$v":"Test Permission"},{"$i":"perm-time","$v":"Imposta data e ora"},{"$i":"perm-udp-socket","$v":"Prese UDP"},{"$i":"perm-wappush","$v":"WAP Push"},{"$i":"stopped_download_title","$v":"Download interrotto"},{"$i":"tcl-stopped_download_message","$v":"Download interrotto. Riprendere il download?"},{"$i":"stopped_download_left_button","$v":"Annulla"},{"$i":"stopped_download_right_button","$v":"Riprovare"},{"$i":"failed_download_title","$v":"Download non riuscito"},{"$i":"failed_download_message","$v":["Impossibile scaricare ",{"t":"idOrVar","v":"name"},". Riprovare di nuovo il download?"]},{"$i":"failed_download_left_button","$v":"Annulla"},{"$i":"failed_download_right_button","$v":"Riprovare"},{"$i":"stop_download_title","$v":"Interrompi download"},{"$i":"stop_download_message","$v":"Interrompere il download?"},{"$i":"stop_download_left_button","$v":"Annulla"},{"$i":"stop_download_right_button","$v":"Interrompi"},{"$i":"delete_download_title","$v":"Elimina"},{"$i":"delete_download_message","$v":["Eliminare \"",{"t":"idOrVar","v":"name"},"\"?"]},{"$i":"delete_download_left_button","$v":"Annulla"},{"$i":"delete_download_right_button","$v":"Elimina"},{"$i":"delete_all_download_title","$v":"Elimina"},{"$i":"delete_all_download_left_button","$v":"Annulla"},{"$i":"delete_all_download_right_button","$v":"Elimina"},{"$i":"delete_all_download_message_ext","$v":"Eliminare i file selezionati?"},{"$i":"delete_all_download_message","$v":{"few":["Eliminare ",{"t":"idOrVar","v":"number"}," file?"],"many":["Eliminare ",{"t":"idOrVar","v":"number"}," file?"],"one":"Eliminare un file?","other":["Eliminare ",{"t":"idOrVar","v":"number"}," file?"],"two":["Eliminare ",{"t":"idOrVar","v":"number"}," file?"],"zero":"Non eliminare nessun file?"},"$x":[{"t":"idOrVar","v":"plural"},"number"]},{"$i":"unsupported_file_type_download_title","$v":"Impossibile aprire"},{"$i":"unsupported_file_type_download_message","$v":["Non è disponibile un'applicazione in grado di aprire ",{"t":"idOrVar","v":"name"},". Salvare il file o eliminarlo?"]},{"$i":"unsupported_file_type_download_left_button","$v":"Mantieni file"},{"$i":"unsupported_file_type_download_right_button","$v":"Elimina"},{"$i":"file_not_found_download_title","$v":"File non trovato"},{"$i":"file_not_found_download_message","$v":"Impossibile trovare il file sul dispositivo"},{"$i":"file_not_found_download_right_button","$v":"OK"},{"$i":"unmounted_sdcard_2_download_title","$v":"Scheda di memoria in uso"},{"$i":"unmounted_sdcard_2_download_message","$v":"Scollegare il telefono"},{"$i":"unmounted_sdcard_2_download_right_button","$v":"OK"},{"$i":"no_provider_download_title","$v":"Impossibile aprire"},{"$i":"no_provider_download_message","$v":"Formato di file non valido o non supportato."},{"$i":"no_provider_download_right_button","$v":"OK"},{"$i":"no_memory_download_title","$v":"Scheda SIM piena"},{"$i":"no_memory_download_message","$v":"Spazio esaurito sulla scheda SD per salvare il download. Rimuovere alcuni file prima di riavviare il download."},{"$i":"no_memory_download_right_button","$v":"OK"},{"$i":"no_sdcard_found_2_download_title","$v":"Nessuna scheda di memoria trovata"},{"$i":"no_sdcard_found_2_download_message","$v":"Inserire una scheda di memoria o selezionare un percorso predefinito alternativo per i file multimediali nelle impostazioni"},{"$i":"no_sdcard_found_2_download_right_button","$v":"OK"},{"$i":"file_open_error_download_title","$v":"Conferma"},{"$i":"file_open_error_download_message","$v":"Formato di file non valido o non supportato. Eliminare il file?"},{"$i":"file_open_error_download_left_button","$v":"Mantieni file"},{"$i":"file_open_error_download_right_button","$v":"Elimina"},{"$i":"restart_download_error","$v":"Si è verificato un errore durante il riavvio del download. Riprovare a scaricare."},{"$i":"no-downloads","$v":"Nessun download"},{"$i":"percentage","$v":[{"t":"idOrVar","v":"percentage"},"%"]},{"$i":"partialResult","$v":[{"t":"idOrVar","v":"partial"}," / ",{"t":"idOrVar","v":"total"}]},{"$i":"summary","$v":[{"t":"idOrVar","v":"date"}," - ",{"t":"idOrVar","v":"status"}]},{"$i":"download-stopped","$v":"Interrotto"},{"$i":"download-failed","$v":"Download non riuscito"},{"$i":"open_downloaded_file","$v":"Apri"},{"$i":"share_downloaded_file","$v":"Condividi"},{"$i":"wallpaper_downloaded_file","$v":"Imposta come sfondo"},{"$i":"ringtone_downloaded_file","$v":"Imposta come suoneria"},{"$i":"cancel_downloaded_file","$v":"Annulla"},{"$i":"voicemailNoNumberTitle","$v":"Numero di segreteria non disponibile"},{"$i":"voicemailNoNumberText","$v":"Impossibile chiamare la segreteria. Configurare il numero di segreteria per inoltrare la chiamata."},{"$i":"voicemailNoNumberSettings","$v":"Impostazioni"},{"$i":"voicemailNoNumberCancel","$v":"Annulla"},{"$i":"airplaneMode","$v":"Modalità aereo"},{"$i":"noNetwork","$v":"Nessuna rete"},{"$i":"roaming","$v":[{"t":"idOrVar","v":"operator"}," (roaming)"]},{"$i":"operator-info","$v":[{"t":"idOrVar","v":"carrier"}," ",{"t":"idOrVar","v":"region"}]},{"$i":"emergencyCallsOnly","$v":"Solo chiamate di emergenza"},{"$i":"emergencyCallsOnly-unknownSIMState","$v":"(stato della SIM sconosciuto)"},{"$i":"emergencyCallsOnly-noSIM","$v":"(nessuna SIM)"},{"$i":"emergencyCallsOnly-pinRequired","$v":"(PIN SIM richiesto)"},{"$i":"emergencyCallsOnly-pukRequired","$v":"(PUK SIM richiesto)"},{"$i":"emergencyCallsOnly-networkLocked","$v":"(rete bloccata)"},{"$i":"emergencyCallsOnly-serviceProviderLocked","$v":"(blocco del provider di servizi)"},{"$i":"emergencyCallsOnly-corporateLocked","$v":"(blocco aziendale)"},{"$i":"emergencyCallsOnly-network1Locked","$v":"(rete 1 bloccata)"},{"$i":"emergencyCallsOnly-network2Locked","$v":"(rete 2 bloccata)"},{"$i":"emergencyCallsOnly-hrpdNetworkLocked","$v":"(rete HRPD bloccata)"},{"$i":"emergencyCallsOnly-ruimCorporateLocked","$v":"(blocco aziendale RUIM)"},{"$i":"emergencyCallsOnly-ruimServiceProviderLocked","$v":"(blocco RUIM del provider di servizi)"},{"$i":"lockscreen-sim-id","$v":["SIM ",{"t":"idOrVar","v":"n"}]},{"$i":"charging-no-time","$v":[{"t":"idOrVar","v":"level"},"% di carica"]},{"$i":"charging-minutes","$v":{"few":[{"t":"idOrVar","v":"level"},"% di carica (",{"t":"idOrVar","v":"minutes"}," m fino alla carica completa)"],"many":[{"t":"idOrVar","v":"level"},"% di carica (",{"t":"idOrVar","v":"minutes"}," m fino alla carica completa)"],"one":[{"t":"idOrVar","v":"level"},"% di carica (",{"t":"idOrVar","v":"minutes"}," m fino alla carica completa)"],"other":[{"t":"idOrVar","v":"level"},"% di carica (",{"t":"idOrVar","v":"minutes"}," m fino alla carica completa)"],"two":[{"t":"idOrVar","v":"level"},"% di carica (",{"t":"idOrVar","v":"minutes"}," m fino alla carica completa)"],"zero":[{"t":"idOrVar","v":"level"},"% di carica (",{"t":"idOrVar","v":"minutes"}," m fino alla carica completa)"]},"$x":[{"t":"idOrVar","v":"plural"},"minutes"]},{"$i":"charging-hours","$v":{"few":[{"t":"idOrVar","v":"level"},"% di carica (",{"t":"idOrVar","v":"hours"}," h ",{"t":"idOrVar","v":"minutes"}," m fino alla carica completa)"],"many":[{"t":"idOrVar","v":"level"},"% di carica (",{"t":"idOrVar","v":"hours"}," h ",{"t":"idOrVar","v":"minutes"}," m fino alla carica completa)"],"one":[{"t":"idOrVar","v":"level"},"% di carica (",{"t":"idOrVar","v":"hours"}," h ",{"t":"idOrVar","v":"minutes"}," m fino alla carica completa)"],"other":[{"t":"idOrVar","v":"level"},"% di carica (",{"t":"idOrVar","v":"hours"}," h ",{"t":"idOrVar","v":"minutes"}," m fino alla carica completa)"],"two":[{"t":"idOrVar","v":"level"},"% di carica (",{"t":"idOrVar","v":"hours"}," h ",{"t":"idOrVar","v":"minutes"}," m fino alla carica completa)"],"zero":[{"t":"idOrVar","v":"level"},"% di carica (",{"t":"idOrVar","v":"hours"}," h ",{"t":"idOrVar","v":"minutes"}," m fino alla carica completa)"]},"$x":[{"t":"idOrVar","v":"plural"},"minutes"]},{"$i":"network-error-in-app","$v":"Nessun accesso a Internet al momento attuale."},{"$i":"network-error-launching","$v":[{"t":"idOrVar","v":"name"}," richiede una connessione a Internet."]},{"$i":"network-error-launching-title","$v":"Nessuna connessione a Internet"},{"$i":"network-error-launching-message","$v":"Usare il Wi-Fi o i dati mobili per accedere a Internet."},{"$i":"server-not-found","$v":"Server non trovato"},{"$i":"server-not-found-error","$v":["Impossibile trovare il server su ",{"t":"idOrVar","v":"name"},"."]},{"$i":"file-not-found","$v":"File non trovato"},{"$i":"file-not-found-error","$v":"Il dispositivo non può visualizzare la pagina perché è impossibile trovare il file."},{"$i":"connection-failed","$v":"Impossibile connettersi"},{"$i":"connection-failed-error","$v":"Si è verificato un errore di rete durante il tentativo di raggiungere il sito."},{"$i":"invalid-connection","$v":"Impossibile connettersi"},{"$i":"invalid-connection-error","$v":"Si è verificato un errore di rete durante il tentativo di raggiungere il sito."},{"$i":"malformed-uri","$v":"URL non valido"},{"$i":"malformed-uri-error","$v":"L'URL inserito non è valido ed è impossibile caricarlo."},{"$i":"redirect-loop","$v":"Impossibile visualizzare la pagina"},{"$i":"redirect-loop-error","$v":"Il dispositivo non può visualizzare la pagina perché la pagina non reindirizza correttamente. Provare di nuovo la pagina in un momento successivo."},{"$i":"not-cached","$v":"Pagina scaduta"},{"$i":"not-cached-error","$v":"Come precauzione di sicurezza, il dispositivo non può visualizzare la pagina perché è scaduta."},{"$i":"is-printing","$v":"Accesso negato"},{"$i":"is-printing-error","$v":"Impossibile modificare il documento durante la stampa o in Anteprima stampa."},{"$i":"denied-port-access","$v":"Indirizzo limitato"},{"$i":"denied-port-access-error","$v":"Questo indirizzo usa una porta di rete che è solitamente impiegata per scopi diversi dalla navigazione sul Web. Il dispositivo ha annullato la richiesta per ragioni di protezione."},{"$i":"proxy-resolve-failure","$v":"Errore del server proxy"},{"$i":"proxy-resolve-failure-error","$v":"Il dispositivo è configurato per usare un server proxy che non è possibile trovare."},{"$i":"proxy-connect-failure","$v":"Errore del server proxy"},{"$i":"proxy-connect-failure-error","$v":"Il dispositivo è configurato per usare un server proxy che rifiuta le connessioni."},{"$i":"content-encoding","$v":"Impossibile visualizzare la pagina"},{"$i":"content-encoding-error","$v":"Il dispositivo non può visualizzare la pagina perché si è verificato un errore di crittografia del contenuto."},{"$i":"remote-xul","$v":"Pagina non supportata"},{"$i":"remote-xul-error","$v":"Impossibile visualizzare la pagina perché usa una tecnologia che non è supportata sul dispositivo."},{"$i":"phishing-blocked","$v":"Attenzione"},{"$i":"phishing-blocked-error","$v":"Il sito Web è stato segnalato come una contraffazione per ingannare gli utenti, facendo loro condividere informazioni personali o finanziarie."},{"$i":"malware-blocked","$v":"Attacco malware bloccato"},{"$i":"malware-blocked-error","$v":"Il sito è stato segnalato come sito di attacco. Il dispositivo ha bloccato la richiesta per ragioni di protezione."},{"$i":"unsafe-content-type","$v":"Contenuto non sicuro"},{"$i":"unsafe-content-type-error","$v":"Impossibile visualizzare la pagina perché la sua apertura potrebbe non essere sicura."},{"$i":"corrupted-content","$v":"Impossibile connettersi"},{"$i":"corrupted-content-error","$v":"Impossibile visualizzare la pagina perché è stato rilevato un errore di trasmissione dati."},{"$i":"unknown-protocol-found","$v":"Pagina non supportata"},{"$i":"unknown-protocol-found-error","$v":"Impossibile visualizzare la pagina perché usa una tecnologia che non è supportata sul dispositivo."},{"$i":"try-again","$v":"Riprovare"},{"$i":"check-settings","$v":"Verifica impostazioni"},{"$i":"firefox-accounts-title","$v":"Account KaiOS"},{"$i":"firefox-accounts-title-sign-in","$v":"Accedi"},{"$i":"firefox-accounts-title-create-account","$v":"Crea account"},{"$i":"kaios-accounts-title-about-kaios-account","$v":"Informazioni sull'account KaiOS"},{"$i":"kaios-accounts-phone-verification","$v":"Verifica telefono"},{"$i":"kaios-accounts-title-account-info","$v":"Informazioni account"},{"$i":"fxa-next","$v":"Avanti"},{"$i":"fxa-back","$v":"Indietro"},{"$i":"fxa-done","$v":"Fine"},{"$i":"fxa-ok","$v":"OK"},{"$i":"tcl-changessaved","$v":"Modifiche salvate"},{"$i":"tcl-verification-mail-has-been-sent","$v":"È stato inviato un link di verifica a"},{"$i":"fxa-decline","$v":"Rifiuta"},{"$i":"fxa-accept","$v":"Accetta"},{"$i":"fxa-sining-in","$v":"Accesso in corso..."},{"$i":"not-now","$v":"Non ora"},{"$i":"send-sms","$v":"Invia SMS"},{"$i":"resend-sms","$v":"Reinvia SMS"},{"$i":"fxa-connection-error-title","$v":"Impossibile connettersi"},{"$i":"fxa-connection-error-message","$v":"È possibile creare un account o accedere da Impostazioni."},{"$i":"fxa-reset-password-error-title","$v":"Reimposta password"},{"$i":"fxa-reset-password-error-message","$v":"È possibile reimpostare la password da Impostazioni."},{"$i":"fxa-incorrect-email-address-or-password","$v":"indirizzo e-mail o password errati"},{"$i":"fxa-internet-connection-is-required","$v":"connessione a Internet richiesta"},{"$i":"fxa-server-error","$v":"Errore del server. Riprovare più tardi"},{"$i":"fxa-server-error-2","$v":"Errore"},{"$i":"fxa-server-error-message","$v":"Impossibile creare un account. Riprovare più tardi."},{"$i":"fxa-server-error-message-2","$v":"Server non disponibile. Riprovare più tardi."},{"$i":"fxa-offline-error-title","$v":"Impossibile connettersi"},{"$i":"fxa-offline-error-message","$v":"Connettersi a una rete da Impostazioni."},{"$i":"fxa-offline-error-message-1","$v":"Nessuna connessione a Internet."},{"$i":"fxa-invalid-email-title","$v":"Errore"},{"$i":"fxa-invalid-email-message","$v":"Inserire un indirizzo e-mail valido."},{"$i":"fxa-invalid-password-title","$v":"Errore"},{"$i":"fxa-invalid-password-message","$v":"Indirizzo e-mail o password errati"},{"$i":"fxa-invalid-password-message-1","$v":"Password errata."},{"$i":"fxa-unknown-error-title","$v":"Impossibile connettersi"},{"$i":"fxa-unknown-error-message","$v":"Sistema non disponibile. Riprovare tra poco."},{"$i":"fxa-email-is-taken-title","$v":"Errore"},{"$i":"fxa-email-is-taken-message","$v":"È già presente un account per questo indirizzo e-mail. Effettuare l'accesso all'account."},{"$i":"fxa-confirm-age-title","$v":"Errore"},{"$i":"fxa-confirm-age-message","$v":"Confermare che l'età è superiore ai 13 anni"},{"$i":"fxa-account-does-not-exist","$v":"Errore"},{"$i":"fxa-account-does-not-exist-message","$v":"Indirizzo e-mail o password errati"},{"$i":"fxa-account-does-not-exist-message-1","$v":"L'account non esiste."},{"$i":"fxa-password-dont-match","$v":"Errore"},{"$i":"fxa-password-dont-match-message","$v":"Le password non corrispondono."},{"$i":"fxa-password-less","$v":"Errore"},{"$i":"fxa-password-less-message","$v":"password inferiore a 8 caratteri."},{"$i":"fxa-password-less-message-1","$v":"La password ha meno di 8 caratteri."},{"$i":"fxa-password-more","$v":"Errore"},{"$i":"fxa-password-more-message","$v":"password superiore a 20 caratteri."},{"$i":"fxa-password-more-message-1","$v":"La password ha più di 20 caratteri."},{"$i":"fxa-password-error","$v":"Errore"},{"$i":"fxa-password-error-message","$v":"La password deve avere 8-20 caratteri con una combinazione di lettere e numeri."},{"$i":"fxa-connecting","$v":"Connessione in corso"},{"$i":"fxa-enter-phone-number-message","$v":"Inserire il numero di telefono. Verrà inviato un SMS per iniziare l'autoverifica."},{"$i":"fxa-sms-has-been-sent-message","$v":"SMS inviato. Una volta ricevuto, inizierà l'autoverifica."},{"$i":"fxa-time-remaining","$v":"Tempo rimanente:"},{"$i":"fxa-sms-verification-failed-message","$v":"Verifica SMS non riuscita. Confermare il telefono e premere \"Reinvia SMS\" per riprovare."},{"$i":"fxa-phone-number-label","$v":"Numero di telefono"},{"$i":"fxa-enter-your-infomation","$v":"Inserire le informazioni."},{"$i":"fxa-birthday-label","$v":"Compleanno"},{"$i":"fxa-birthday-select","$v":"Seleziona"},{"$i":"fxa-gender-label","$v":"Sesso"},{"$i":"fxa-gender-select","$v":"Seleziona"},{"$i":"fxa-gender-male","$v":"Maschio"},{"$i":"fxa-gender-female","$v":"Femmina"},{"$i":"fxa-gender-confidential","$v":"Riservato"},{"$i":"fxa-enter-email-input","placeholder":"Immettere l'indirizzo e-mail"},{"$i":"fxa-use-email-to-sign-in","$v":"Inserire l'indirizzo e-mail. L'indirizzo e-mail sarà il nome dell'account."},{"$i":"fxa-notice","$v":["Precedendo, si acconsente ai ",{"t":"idOrVar","v":"tos"}," e alla ",{"t":"idOrVar","v":"pn"}," dei servizi cloud di KaiOS."]},{"$i":"fxa-placeholder","$v":"Indirizzo e-mail qui"},{"$i":"fxa-tos","$v":"Termini di servizio"},{"$i":"fxa-pn","$v":"Informativa sulla privacy"},{"$i":"fxa-create-account-title","$v":"Crea account"},{"$i":"fxa-show-age-title","$v":"Ho più di 13 anni"},{"$i":"fxa-enter-password-title","$v":"Inserire la password. La password deve avere 8-20 caratteri e deve contenere sia lettere che numeri."},{"$i":"fxa-enter-password-title-1","$v":"Inserire una password. La password deve avere 8-20 caratteri e contenere sia lettere che numeri."},{"$i":"fxa-setup-password-title","$v":"Configura password"},{"$i":"fxa-create-password-title","$v":"Crea password"},{"$i":"fxa-hello-user","$v":["Salve, ",{"t":"idOrVar","v":"email"}]},{"$i":"fxa-password-refresh","$v":"Inserire la password dell'account KaiOS per continuare."},{"$i":"fxa-password","$v":"Password","placeholder":"Password"},{"$i":"fxa-forgot-your-password","$v":"Password dimenticata?"},{"$i":"fxa-show-password","$v":"Mostra password"},{"$i":"fxa-password-length-requirement","$v":"La password deve avere almeno 8 caratteri."},{"$i":"fxa-confirm-account","$v":"Conferma account"},{"$i":"fxa-will-send-email","$v":"L'account è stato creato."},{"$i":"fxa-signup-click-verification-link-in-email","$v":["È stato inviato un messaggio e-mail di conferma a ",{"t":"idOrVar","v":"email"},". Controllare la casella della posta in arrivo e verificare l'account per attivarlo."]},{"$i":"fxa-access-manage-account-settings","$v":"Il link di attivazione scade dopo 24 ore."},{"$i":"fxa-signup-success-title","$v":"Account creato"},{"$i":"about-kaios-account-text","$v":"Lorem ipsum dolor sit amet, con-sectetur adipiscing elit, sed do eiusmod tempor incididunt ut labore et dolore magna aliqua. Ut enim ad minim veniam, quis nos-trud exercitation ullamco laboris nisi ut aliquip ex ea commodo consequat. Duis aute irure dolor in reprehenderit in voluptate velit esse cillum dolore eu fugiat nulla pariatur. Excepteur sint occaecat cupidatat non proident, sunt in culpa qui officia deserunt mollit anim id est laborum."},{"$i":"about-kaios-account-text1","$v":"L'account KaiOS fornisce l'autenticazione per i servizi KaiOS. L'account identifica l'utente e il dispositivo, e consente l'accesso a funzionalità come la gestione remota dei dispositivi e servizi aggiuntivi."},{"$i":"about-kaios-account-text2","$v":"La creazione di un account richiede un indirizzo e-mail e una password. L'utente deve verificare l'indirizzo e-mail tramite un link inviato durante la creazione dell'account. L'account non sarà attivato senza la verifica dell'indirizzo e-mail."},{"$i":"about-kaios-account-text3","$v":"Procedendo con la creazione dell'account, l'utente acconsente ai termini e all'informativa sulla privacy."},{"$i":"fxa-signin-email","$v":"Nome account"},{"$i":"fxa-signin-password","$v":"Password"},{"$i":"fxa-signin-success-title","$v":"Account"},{"$i":"fxa-signin-lsk","$v":"Password dimenticata"},{"$i":"fxa-signin-rsk","$v":"Accedi"},{"$i":"fxa-change-password-title","$v":"Modifica password"},{"$i":"fxa-change-password-description","$v":"Inserire la password corrente e impostare una nuova password."},{"$i":"fxa-new-password","$v":"Nuova password"},{"$i":"fxa-changing-password","$v":"Modifica della password in corso…"},{"$i":"fxa-forgot-password-title","$v":"Password dimenticata"},{"$i":"fxa-forgot-password","$v":"password dimenticata"},{"$i":"fxa-forgot-password-sk","$v":"Password dimenticata"},{"$i":"fxa-forgot-password-success-title","$v":"Ripristina messaggio e-mail con la password inviato"},{"$i":"fxa-reset-password-succcess-content","$v":"Il messaggio e-mail per reimpostare la password è stato inviato all'account e-mail."},{"$i":"fxa-reset-password-succcess-content-part2","$v":"Verificare la casella e-mail della posta in arrivo e reimpostare la password."},{"$i":"fxa-sign-out-title","$v":"Antifurto attivato"},{"$i":"fxa-sign-out-intro","$v":"confermare che si desidera disattivare l'antifurto e disconnettersi."},{"$i":"fxa-sign-out-intro-1","$v":"confermare che si desidera disattivare l'antifurto e uscire."},{"$i":"fxa-signout-email","$v":"Account"},{"$i":"fxa-confirm-password","$v":"Conferma password"},{"$i":"fxa-signing-out","$v":"Disconnessione in corso..."},{"$i":"fxa-sign-out-error-title","$v":"Errore"},{"$i":"fxa-sign-out-error-message","$v":"Disconnessione dall'account non riuscita. Riprovare più tardi"},{"$i":"fxa-sign-out-error-message-1","$v":"Uscita dall'account non riuscita. Riprovare più tardi"},{"$i":"fxa-connection-is-required-title","$v":"Errore"},{"$i":"fxa-connection-is-required-message","$v":"Connessione a Internet richiesta"},{"$i":"fxa-check-password-title","$v":"Disattiva antifurto"},{"$i":"fxa-disable-antitheft-checkpassword-message","$v":"Confermare che si desidera disattivare l'antifurto."},{"$i":"fxa-reset-factory-checkpassword-message","$v":"Per ripristinare il dispositivo, è necessario inserire la password e disattivare l'antifurto."},{"$i":"fxa-reset-factory-checkpassword-message-1","$v":"Per ripristinare il dispositivo, è necessario inserire la password e disattivare l'antifurto."},{"$i":"fxa-enter-email-to-reset-password","$v":"Inserire l'e-mail dell'account, a cui verrà inviato un link per resettare la password."},{"$i":"fxa-enter-email-to-reset-password-1","$v":"Inserire l'e-mail dell'account, a cui verrà inviato un link per resettare la password."},{"$i":"fxa-account-not-found","$v":"Account non trovato. Riprovare."},{"$i":"fxa-multiple-sign-in-attempts-title","$v":"Tentativi di accesso multipli"},{"$i":"fxa-multiple-sign-in-attempts-content","$v":"È stata inserita più volte la password errata"},{"$i":"fxa-multiple-sign-in-attempts-content-1","$v":"È stata inserita più volte una password errata."},{"$i":"fxa-multiple-sign-in-attempts-content-retry","$v":"Riprovare più tardi"},{"$i":"shortDateFormat","$v":"%B %d, %Y"}]