[{"$i":"brandShortName","$v":"KaiOS"},{"$i":"browserBrandShortName","$v":"Web Browser"},{"$i":"browserBrandFullName","$v":"Mozilla Web Browser"},{"$i":"ringtoneBrandName","$v":"Default"},{"$i":"ringtoneSectionBrandName","$v":"System"},{"$i":"ok","$v":"LABI"},{"$i":"back","$v":"Atpakaļ"},{"$i":"help","$v":"Palīdzība"},{"$i":"cancel","$v":"Atcelt"},{"$i":"close","$v":"Aizvērt"},{"$i":"skip","$v":"Izlaist"},{"$i":"enable","$v":"Iespējot"},{"$i":"turnOn","$v":"Ieslēgt"},{"$i":"save","$v":"Saglabāt"},{"$i":"select","$v":"Izvēlēties"},{"$i":"deselect","$v":"Noņemt izvēli"},{"$i":"go","$v":"Doties"},{"$i":"search","$v":"Meklēt"},{"$i":"options","$v":"Iespējas"},{"$i":"exit","$v":"Iziet"},{"$i":"signIn","$v":"Pierakstīties"},{"$i":"dismiss","$v":"Vairs nerādīt"},{"$i":"dismiss-all","$v":"Vairs nerādīt visu"},{"$i":"undo","ariaLabel":"Atsaukt"},{"$i":"lockscreenEnterLockCode","$v":"Ievadiet 4 ciparu kodu"},{"$i":"lockscreenCheckLockCode","$v":"Nederīgs kods. Mēģiniet vēlreiz."},{"$i":"lockscreenDeviceLocked","$v":"Ierīce ir bloķēta, mēģiniet vēlreiz pēc 30 sekundēm."},{"$i":"pocketmodeLongPress","$v":"Bīdīt vai piespiest"},{"$i":"pocketmodeToUnlock","$v":"lai atbloķētu"},{"$i":"enterPIN","$v":"Lai atbloķētu, ievadiet sešciparu kodu"},{"$i":"mediaPlaybackTrack","$v":"Dziesmas nos., izpildītājs"},{"$i":"mediaPlaybackControls","$v":"Atskaņošanas vadīklas"},{"$i":"mediaPlaybackPrevious","$v":"Atpakaļ"},{"$i":"mediaPlaybackPlay","$v":"Atskaņot"},{"$i":"mediaPlaybackPause","$v":"Apturēt"},{"$i":"mediaPlaybackNext","$v":"Tālāk"},{"$i":"UnknownTrack","$v":"Nezināma dziesma"},{"$i":"wifiButton-on","$v":"WI-Fi ieslēgts"},{"$i":"wifiButton-on-initializing","$v":"Wi-Fi ieslēgts, inicializē"},{"$i":"wifiButton-off","$v":"Wi-Fi izslēgts"},{"$i":"dataButton-on","$v":[{"t":"idOrVar","v":"type"}," dati ieslēgti"]},{"$i":"dataButton-off","$v":[{"t":"idOrVar","v":"type"}," dati izslēgti"]},{"$i":"bluetoothButton-on","$v":"Ieslēgt Bluetooth"},{"$i":"bluetoothButton-on-initializing","$v":"Bluetooth ieslēgts, inicializācija"},{"$i":"bluetoothButton-off","$v":"Izslēgt Bluetooth"},{"$i":"airplaneMode-on","$v":"Lidmašīnas režīms ieslēgts"},{"$i":"airplaneMode-off","$v":"Lidmašīnas režīms izslēgts"},{"$i":"airplaneOff","$v":"Ieslēgt lidmašīnas režīmu"},{"$i":"settingsButton","ariaLabel":"Uzstādījumi"},{"$i":"simLabel","$v":["SIM ",{"t":"idOrVar","v":"id"}]},{"$i":"statusbarLabel","$v":[{"t":"idOrVar","v":"date"},", ",{"t":"idOrVar","v":"operator"}]},{"$i":"statusbarDateFormat","$v":"%b %e"},{"$i":"statusbar","ariaLabel":"Statusa josla"},{"$i":"statusbarBattery","ariaLabel":["Akumulators: ",{"t":"idOrVar","v":"level"}," procenti"]},{"$i":"statusbarBatteryCharging","ariaLabel":["Akumulators ",{"t":"idOrVar","v":"level"}," procenti, uzlāde"]},{"$i":"statusbarFlightMode","ariaLabel":"Lidmašīnas režīms ieslēgts"},{"$i":"statusbarWiFiConnecting","$v":"Wi-Fi: tiek veidots savienojums"},{"$i":"statusbarWiFiConnected","$v":["Wi-Fi: ",{"t":"idOrVar","v":"level"}," 4 joslas"]},{"$i":"statusbarSignal","$v":[{"t":"idOrVar","v":"operator"}," tīkls ",{"t":"idOrVar","v":"level"}," ar 5 joslām"]},{"$i":"statusbarSignalRoaming","$v":[{"t":"idOrVar","v":"operator"}," tīkls (viesabonēšana), ",{"t":"idOrVar","v":"level"}," ar 5 joslām"]},{"$i":"statusbarSignalNoneSearching","$v":"Meklē... Tikai ārkārtas zvani"},{"$i":"statusbarHeadphones","ariaLabel":"Austiņas ieslēgtas"},{"$i":"statusbarBluetoothHeadphones","ariaLabel":"Bluetooth austiņas ieslēgtas"},{"$i":"statusbarBluetoothTransferring","ariaLabel":"Bluetooth pārsūtīšana aktīva"},{"$i":"statusbarIconOn-tethering","$v":"Piesaiste ieslēgta"},{"$i":"statusbarIconOnActive-tethering","$v":"Piesaiste ieslēgta, aktīva"},{"$i":"statusbarAlarm","ariaLabel":"Signāls ieslēgts"},{"$i":"statusbarIME","ariaLabel":"IME ieslēgts"},{"$i":"statusbarIconOn-bluetooth","$v":"Bluetooth ieslēgts"},{"$i":"statusbarIconOnActive-bluetooth","$v":"Bluetooth ieslēgts, aktīvs"},{"$i":"statusbarIconOn-mute","$v":"Izslēgta skaņa"},{"$i":"statusbarIconOn-vibration","$v":"Vibrēšana ieslēgta"},{"$i":"statusbarRecording","ariaLabel":"Ierakstīšana ieslēgta"},{"$i":"statusbarGeolocation","ariaLabel":"Ģeogrāfiskās atrašanās vieta ieslēgta"},{"$i":"statusbarUsb","ariaLabel":"USB ieslēgts"},{"$i":"statusbarForwarding","$v":"Zvanu pāradresācija ieslēgta"},{"$i":"statusbarPlaying","ariaLabel":"Multivides atskaņošana"},{"$i":"statusbarNfc","ariaLabel":"NFC ieslēgts"},{"$i":"statusbarDownloads","ariaLabel":"Notiek lejupielāde..."},{"$i":"statusbarNetworkActivity","ariaLabel":"Tīklošana ieslēgta"},{"$i":"statusbarEmergencyCBNotification","ariaLabel":"Ārkārtas atzvanīšana"},{"$i":"statusbarNotifications","$v":{"few":[{"t":"idOrVar","v":"n"}," paziņojumi"],"many":[{"t":"idOrVar","v":"n"}," paziņojumi"],"one":[{"t":"idOrVar","v":"n"}," paziņojumi"],"other":[{"t":"idOrVar","v":"n"}," paziņojumi"],"two":[{"t":"idOrVar","v":"n"}," paziņojumi"]},"$x":[{"t":"idOrVar","v":"plural"},"n"]},{"$i":"statusbarNotifications-unread","ariaLabel":{"$x":[{"t":"idOrVar","v":"plural"},"n"],"$v":{"few":[{"t":"idOrVar","v":"n"}," neizlasīti paziņojumi"],"many":[{"t":"idOrVar","v":"n"}," neizlasīti paziņojumi"],"one":[{"t":"idOrVar","v":"n"}," neizlasīts paziņojums"],"other":[{"t":"idOrVar","v":"n"}," neizlasīti paziņojumi"],"two":[{"t":"idOrVar","v":"n"}," neizlasīti paziņojumi"]}}},{"$i":"clear","$v":"Notīrīt"},{"$i":"clear-all","$v":"Notīr. vis."},{"$i":"notification-title","$v":{"few":[{"t":"idOrVar","v":"n"}," paziņojumi"],"many":[{"t":"idOrVar","v":"n"}," paziņojumi"],"one":[{"t":"idOrVar","v":"n"}," paziņojumi"],"other":[{"t":"idOrVar","v":"n"}," paziņojumi"],"two":[{"t":"idOrVar","v":"n"}," paziņojumi"],"zero":[{"t":"idOrVar","v":"n"}," paziņojumi"]},"$x":[{"t":"idOrVar","v":"plural"},"n"]},{"$i":"notification-dialog-no-notices","$v":"Nav paziņojumu"},{"$i":"notification-title-new","$v":{"few":[{"t":"idOrVar","v":"n"}," paziņojumi"],"many":[{"t":"idOrVar","v":"n"}," paziņojumi"],"other":[{"t":"idOrVar","v":"n"}," paziņojumi"],"two":[{"t":"idOrVar","v":"n"}," paziņojumi"],"one":[{"t":"idOrVar","v":"n"}," paziņojumi"],"zero":[{"t":"idOrVar","v":"n"}," paziņojumi"]},"$x":[{"t":"idOrVar","v":"plural"},"n"]},{"$i":"notification-dialog-no-notices-new","$v":"Nav paziņojumu"},{"$i":"tcl-ntf-open","$v":"Atvērt"},{"$i":"tcl-ntf-next_song","$v":"Tālāk"},{"$i":"tcl-ntf_play","$v":"Atskaņot"},{"$i":"tcl-ntf-pause","$v":"Apturēt"},{"$i":"tcl-ntf-dismiss-all","$v":"Vairs nerādīt visu"},{"$i":"tcl-ntf-dismiss","$v":"Vairs nerādīt"},{"$i":"tcl-ntf-toaster-clear","$v":"Paziņojums noraidīts"},{"$i":"tcl-ntf-toaster-clear-all","$v":"Paziņojumi noraidīti"},{"$i":"attentionScreen-tapToShow","$v":"Pieskarieties, lai rādītu"},{"$i":"tcl-cmas-ok","$v":"LABI"},{"$i":"tcl-cmas-screen-help","$v":"Nospiediet Labi, lai skatītu papildu inf."},{"$i":"tcl-cmas-title","$v":"CMAS brīdinājums"},{"$i":"camera","$v":"Kamera"},{"$i":"tcl-dflt-value-level","$v":"Uzstādīt vērtības līmeni"},{"$i":"tcl-dflt-range-value-name","$v":"Līmenis"},{"$i":"newVoicemails","$v":{"few":[{"t":"idOrVar","v":"n"}," jauni balss pasta ziņojumi"],"many":[{"t":"idOrVar","v":"n"}," jauni balss pasta ziņojumi"],"one":"Viens jauns balss pasts","other":[{"t":"idOrVar","v":"n"}," jauni balss pasta ziņojumi"],"two":[{"t":"idOrVar","v":"n"}," jauni balss pasta ziņojumi"],"zero":"Nav neviena jauna balss pasta ziņojuma"},"$x":[{"t":"idOrVar","v":"plural"},"n"]},{"$i":"newVoicemailsUnknown","$v":"Jauns balss pasts"},{"$i":"dialNumber","$v":["Zvanīt uz numuru ",{"t":"idOrVar","v":"number"}]},{"$i":"voicemailNotificationMultiSim","$v":["(SIM ",{"t":"idOrVar","v":"n"},") ",{"t":"idOrVar","v":"title"}]},{"$i":"euRoamingNotificationTitle","$v":"Noteikts ES internets"},{"$i":"euRoamingNotificationMsg","$v":"Pieskarieties, lai mainītu."},{"$i":"restart","$v":"Restartēt"},{"$i":"power","$v":"Izslēgt"},{"$i":"lock","$v":"Bloķēt"},{"$i":"cleanup","$v":"Notīrīt atmiņu"},{"$i":"no-recent-app-windows","$v":"Šeit tiek rādīti nesenie programmu logi"},{"$i":"no-recent-browser-windows","$v":"Šeit tiek rādīti jūsu nesenie pārlūka logi"},{"$i":"closeCard","ariaLabel":"Aizvērt"},{"$i":"openCard","ariaLabel":"Atvērt"},{"$i":"yes","$v":"Jā"},{"$i":"no","$v":"Nē"},{"$i":"dontallow","$v":"Neatļaut"},{"$i":"allow","$v":"Atļaut"},{"$i":"dontshare-geolocation","$v":"Nekopīgot"},{"$i":"share-geolocation","$v":"Kopīgot"},{"$i":"dontshare-audio-capture","$v":"Nekopīgot"},{"$i":"share-audio-capture","$v":"Kopīgot"},{"$i":"dontshare-video-capture","$v":"Nekopīgot"},{"$i":"share-video-capture","$v":"Kopīgot"},{"$i":"dontshare-media-capture","$v":"Nekopīgot"},{"$i":"share-media-capture","$v":"Kopīgot"},{"$i":"device-front","$v":"Priekšējā kamera"},{"$i":"device-back","$v":"Aizmugurējā kamera"},{"$i":"front-camera","$v":"Priekšējā kamera"},{"$i":"back-camera","$v":"Aizmugures kamera"},{"$i":"more-info","$v":"Papildinformācija..."},{"$i":"hide-info","$v":"Paslēpt informāciju"},{"$i":"tcl-permission","$v":"Atļauja"},{"$i":"install-app","$v":["Vai instalēt ",{"t":"idOrVar","v":"name"},"?"]},{"$i":"size","$v":"Lielums"},{"$i":"author","$v":"Autors"},{"$i":"size-unknown","$v":"Nezināms"},{"$i":"author-unknown","$v":"Nezināms"},{"$i":"install","$v":"Instalēt"},{"$i":"bytes","$v":"baiti"},{"$i":"kB","$v":"KB"},{"$i":"MB","$v":"MB"},{"$i":"GB","$v":"GB"},{"$i":"TB","$v":"TB"},{"$i":"PB","$v":"PB"},{"$i":"app-install-generic-error","$v":[{"t":"idOrVar","v":"appName"}," lejupielāde tika pārtraukta"]},{"$i":"app-install-download-failed","$v":[{"t":"idOrVar","v":"appName"}," lejupielāde neizdevās"]},{"$i":"app-install-install-failed","$v":[{"t":"idOrVar","v":"appName"}," instalēšana neizdevās"]},{"$i":"cancelling-will-not-refund","$v":"Atceļot maksa netiks atgriezta. Atmaksu par apmaksātu saturu nodrošina sākotn. pārdevējs."},{"$i":"apps-can-be-installed-later","$v":"Programmas var instalēt vēlāk, izmantojot sākotnējo instalācijas avotu."},{"$i":"are-you-sure-you-want-to-cancel","$v":"Vai tiešām vēlaties atcelt šo instalēšanu?"},{"$i":"cancel-install","$v":"Atcelt instal."},{"$i":"cancel-install-button","$v":"Atcelt instal."},{"$i":"resume","$v":"Turpināt"},{"$i":"continue","$v":"Turpināt"},{"$i":"stopDownloading","$v":["Vai pārtraukt programmas ",{"t":"idOrVar","v":"app"}," lejupielādi?"]},{"$i":"app-download-can-be-restarted","$v":"Lejupielādi var restartēt vēlāk."},{"$i":"app-download-stop-button","$v":"Pārtraukt lejupielādi"},{"$i":"not-enough-space","$v":"Nepietiek vietas"},{"$i":"not-enough-space-message","$v":"Nepietiek vietas, lai instalētu šo programmu. Atbrīvojiet vietu, dzēšot vecākas programmas vai multividi, un mēģiniet atkārtoti instalēt no sākotnējā avota."},{"$i":"app-install-success","$v":["Ir instalēta lietotne ",{"t":"idOrVar","v":"appName"}]},{"$i":"app-install-update","$v":["Lietotne ",{"t":"idOrVar","v":"appName"}," atjaunināta"]},{"$i":"langpack-install-success2","$v":["Ir instalēta lietotne ",{"t":"idOrVar","v":"appName"},". Lai to iespējotu, atveriet sadaļu uzstādījumi > Valoda."]},{"$i":"setup","$v":"Uzstādījumi"},{"$i":"ime-addkeyboards","$v":"Pievienot tastatūras"},{"$i":"ime-lowercase","$v":"Mazie burti"},{"$i":"ime-uppercase","$v":"Lielie burti"},{"$i":"ime-number","$v":"Numurs"},{"$i":"ime-capitalize","$v":"Ar lielajiem burtiem"},{"$i":"ime-t9","$v":"T9"},{"$i":"ime-r9","$v":"R9"},{"$i":"ime-predictive","$v":"Paredzams"},{"$i":"ime-insert-word","$v":"Ievietojiet vārdu"},{"$i":"ime-voice-input-messsage","$v":"Nospiediet un turiet LABI, lai ierunātu tekstu teksta laukā."},{"$i":"later","$v":"Vēlāk"},{"$i":"download","$v":"Lejupielāde"},{"$i":"wantToDownload","$v":"Vai lejupielādēt atjauninājumu tagad?"},{"$i":"wantToInstallNow","$v":"Vai vēlaties instalēt atjauninājumu tagad? Jūs nevarēsiet izmantot savu tālruni dažas minūtes."},{"$i":"installNow","$v":"Instalēt tūlīt"},{"$i":"notNow","$v":"Ne tagad"},{"$i":"downloadingUpdateMessage","innerHTML":{"$o":["Notiek atjauninājumu lejupielāde... <span>",{"t":"idOrVar","v":"progress"}," lejupielādēts.</span>"]}},{"$i":"downloadingAppMessage","$v":["Notiek programmas ",{"t":"idOrVar","v":"appName"}," lejupielāde"]},{"$i":"downloadingAppProgressNoMax","$v":[{"t":"idOrVar","v":"progress"}," lejupielādes"]},{"$i":"downloadingAppProgressIndeterminate","$v":"Notiek lejupielāde"},{"$i":"downloadingAppProgress","$v":[{"t":"idOrVar","v":"progress"}," / ",{"t":"idOrVar","v":"max"}," lejupielādes"]},{"$i":"cancelAllDownloads","$v":"Atcelt lejupielādes"},{"$i":"wantToCancelAll","$v":"Vai tiešām vēlaties atcelt visas lejupielādes?"},{"$i":"downloadError","$v":"Lejupielādējot atjauninājumus, radās kļūda."},{"$i":"updateAvailableInfo","innerHTML":{"$x":[{"t":"idOrVar","v":"plural"},"n"],"$v":{"few":{"$o":["Ir pieejami ",{"t":"idOrVar","v":"n"}," atjauninājumi. <span> Pieskarieties, lai iegūtu plašāku informāciju. </span>"]},"many":{"$o":["Ir pieejami ",{"t":"idOrVar","v":"n"}," atjauninājumi. <span> Pieskarieties, lai iegūtu plašāku informāciju. </span>"]},"one":{"$o":["Ir pieejams ",{"t":"idOrVar","v":"n"}," atjauninājums. <span> Pieskarieties, lai iegūtu plašāku informāciju. </span>"]},"other":{"$o":["Ir pieejami ",{"t":"idOrVar","v":"n"}," atjauninājumi. <span> Pieskarieties, lai iegūtu plašāku informāciju. </span>"]},"two":{"$o":["Ir pieejami ",{"t":"idOrVar","v":"n"}," atjauninājumi. <span> Pieskarieties, lai iegūtu plašāku informāciju. </span>"]}}}},{"$i":"numberOfUpdates","$v":{"few":[{"t":"idOrVar","v":"n"}," paziņojumi"],"many":[{"t":"idOrVar","v":"n"}," paziņojumi"],"one":[{"t":"idOrVar","v":"n"}," paziņojumi"],"other":[{"t":"idOrVar","v":"n"}," paziņojumi"],"two":[{"t":"idOrVar","v":"n"}," paziņojumi"]},"$x":[{"t":"idOrVar","v":"plural"},"n"]},{"$i":"systemUpdate","$v":"Sistēmas atjauninājums"},{"$i":"systemUpdateReady","$v":"Sistēmas atjaun. gatavi"},{"$i":"updates","$v":"Atjauninājumi"},{"$i":"systemUpdateLowBatteryThreshold","$v":["Lai instalētu atjauninājumu, akumulatora uzlādes līmenim ir jābūt vismaz ",{"t":"idOrVar","v":"threshold"},"%."]},{"$i":"required","$v":"Nepieciešamas"},{"$i":"uncompressingMessage","innerHTML":{"$o":"Notiek atspiešana... <span>Šī darbība var ilgt vairākas minūtes.</span>"}},{"$i":"downloadWifiPrioritizedUsing2G","$v":"Atjauninājumi tiek lejupielādēti, izmantojot datu savienojumu, ja Wi-Fi nav pieejams. Izmantojot datu savienojumu, var tikt bloķēti zvani un var arī tikt piemērota papildu maksa."},{"$i":"downloadWifiPrioritized3","$v":"Atjauninājumi tiek lejupielādēti, izmantojot datu savienojumu, ja Wi-Fi nav pieejams. Izmantojot datu savienojumu, var tikt piemērota papildu maksa."},{"$i":"downloadNoWifiWarning","$v":"Wi-Fi nav pieejams. Par pašreizējā savienojuma atjaunināšanu var tikt piemērota papildu maksa."},{"$i":"downloadOfflineWarning2","$v":"Lai lejupielādētu atjauninājumus, izveidojiet savienojumu ar tīklu."},{"$i":"downloadUpdatesViaDataConnection","$v":"Vai lejupielādēt atjauninājumus, izmantojot datu savienojumu?"},{"$i":"downloadUpdatesVia2GForbidden3","$v":"Ja savienojums ir lēns (2G), atjauninājumus lejupielādēt nav iespējams. Izveidojiet savienojumu, izmantojot Wi-Fi vai 3G tīklu (ja tas ir pieejams), un mēģiniet vēlreiz."},{"$i":"downloadUpdatesViaDataConnectionMessage3","$v":"Izmantojot datu savienojumu, var tikt piemērota papildu maksa. Vai vēlaties turpināt?"},{"$i":"downloadUpdatesViaDataRoamingConnection","$v":"Vai lejupielādēt atjauninājumus, izmantojot datu viesabonēšanu?"},{"$i":"downloadUpdatesViaDataRoamingConnectionMessage","$v":"Jūs pašlaik izmantojat viesabonēšanu, par ko var tikt piemērota papildu maksa. Vai vēlaties turpināt?"},{"$i":"screenshotSaved","$v":"Ekrānuzņ. saglabāts galerijā"},{"$i":"screenshotFailed","$v":"Neizdevās saglabāt ekrānuzņēmumu"},{"$i":"screenshotNoSDCard","$v":"Netika atrasta neviena atmiņas karte"},{"$i":"screenshotSDCardInUse","$v":"Atmiņas karte tiek izmantota"},{"$i":"screenshotSDCardLow","$v":"Atmiņas kartē nepietiek vietas"},{"$i":"emergency-call-button","$v":"Ārkārtas zvans"},{"$i":"emergency-call","$v":"Ārkārtas"},{"$i":"unlock-a11y-button","ariaLabel":"Atbloķēt"},{"$i":"camera-a11y-button","ariaLabel":"Kamera"},{"$i":"longDateFormat","$v":"%a, %Y. gada %d. %B"},{"$i":"clockDateFormat","$v":"%a, %e %b"},{"$i":"panel-passcode","ariaLabel":"Piekļuves koda panelis"},{"$i":"open-notification","$v":"atvērt"},{"$i":"unlock","$v":"Atbloķēt"},{"$i":"login","$v":"Pierakstīties"},{"$i":"sign-in-to-website","$v":"Pierakstīties vietnē"},{"$i":"username","$v":"Lietotājvārds"},{"$i":"password","$v":"Parole"},{"$i":"show-password","$v":"Rādīt paroli"},{"$i":"http-authentication-message2","$v":["Šajā vietnē ",{"t":"idOrVar","v":"host"}," ir nepieciešams pierakstīties."]},{"$i":"error-message","$v":[{"t":"idOrVar","v":"name"}," nepareiza ielāde"]},{"$i":"error-title","$v":[{"t":"idOrVar","v":"name"}," ir problēmas"]},{"$i":"unable-to-connect","$v":"Nevar savienot"},{"$i":"tap-to-check-settings","$v":"Piesk., lai pārbaudītu uzstād."},{"$i":"set","$v":"Kopa"},{"$i":"delete-title","$v":["Dzēst ",{"t":"idOrVar","v":"name"}]},{"$i":"delete-body","$v":[{"t":"idOrVar","v":"name"}," un visi tā dati tiks dzēsti."]},{"$i":"delete","$v":"Atinstalēt"},{"$i":"delete-desc","$v":"Vai tiešām vēlaties to atinstalēt?"},{"$i":"unrecoverable-error-title","$v":"Noņemt programmu"},{"$i":"unrecoverable-error-body","$v":"Nevar instalēt programmu neatkopjamas kļūdas dēļ. Mēģiniet lejupielādēt vēlreiz. Programma tiks noņemta."},{"$i":"unrecoverable-error-action","$v":"LABI"},{"$i":"instant-settings","$v":"tūlītējie uzstādījumi"},{"$i":"settings","$v":"Uzstādījumi"},{"$i":"flashlight","$v":"Zibspuldze"},{"$i":"brightness","$v":"Spilgtums"},{"$i":"volume","$v":"Skaļums"},{"$i":"calculator","$v":"Kalkulators"},{"$i":"airplane-mode","$v":"Lidmašīnas režīms"},{"$i":"wifi","$v":"Wi-Fi"},{"$i":"bluetooth","$v":"Bluetooth"},{"$i":"cellular-data","$v":"Mobilie dati"},{"$i":"on","$v":"Ieslēgts"},{"$i":"off","$v":"Izslēgta"},{"$i":"percentage-number","$v":[{"t":"idOrVar","v":"number"},"%"]},{"$i":"select-time","$v":"Atlasiet laiku"},{"$i":"select-date","$v":"Atlasiet datumu"},{"$i":"tcl-select-day","$v":"Atlasiet dienu"},{"$i":"tcl-add","$v":"Pievienot"},{"$i":"battery-almost-empty-plug-in-your-charger","$v":"Akumulatora līmenis ir zems. Pievienojiet lādētāju."},{"$i":"battery-temperature-warning-header","$v":"Brīdinājums"},{"$i":"battery-temperature-high","$v":"Temperatūra ir pārāk augsta. Ja temperatūra turpinās augt, tālrunis izslēgsies."},{"$i":"battery-temperature-high-stop-charging","$v":"Temperatūra ir pārāk augsta. Akumulatora uzlāde ir pārtraukta. Ja temperatūra turpinās augt, tālrunis izslēgsies."},{"$i":"battery-temperature-low","$v":"Temperatūra ir pārāk zema. Ja temperatūra turpinās samazināties, tālrunis izslēgsies."},{"$i":"battery-temperature-low-stop-charging","$v":"Temperatūra ir pārāk zema. Akumulatora uzlāde ir pārtraukta. Ja temperatūra turpinās samazināties, tālrunis izslēgsies."},{"$i":"crash-dialog2-os","$v":[{"t":"idOrVar","v":"brandShortName"}," tika atkopta pēc avārijas"]},{"$i":"crash-dialog-app","$v":[{"t":"idOrVar","v":"name"}," tikko avarēja"]},{"$i":"crash-dialog-app-noname","$v":"Problēma"},{"$i":"crash-dialog-message","$v":"Vai vēlaties nosūtīt KaiOS atskaiti par avāriju, lai palīdzētu novērst problēmu? (Atskaites tiek sūtītas tikai Wi-Fi tīklā.)"},{"$i":"crash-info-link","$v":"Kāda inf. ir avārijas atskaitē?"},{"$i":"crash-always-report","$v":"Vienmēr nosūtīt KaiOS atskaiti, ja notikusi avārija."},{"$i":"crash-dont-send","$v":"Nesūtīt"},{"$i":"crash-end","$v":"Sūtīt atskaiti"},{"$i":"crashReports","$v":"Avārijas ziņojumi"},{"$i":"done","$v":"Gatavs"},{"$i":"crash-reports-description-1","$v":"Avārijas pārskatā ir sniegta informācija par avāriju un jūsu ierīci, kā arī informācija par ierīces statusu avārijas brīdī."},{"$i":"crash-reports-description-2","$v":"Tas var ietvert atvērtas lapas un programmas, formās ievadītu tekstu un atvērtu ziņu saturu, neseno pārlūkošanas vēsturi vai ģeogrāfisko atrašanās vietu, ko izmanto atvērta programma."},{"$i":"crash-reports-description-3-start","$v":"Mēs izmantojam avāriju atskaites, lai mēģinātu novērst problēmas un uzlabot mūsu produktus. Mēs apstrādājam jūsu informāciju saskaņā ar mūsu  "},{"$i":"crash-reports-description-3-privacy","$v":"konfidencialitātes politika"},{"$i":"crash-reports-description-3-end","$v":"."},{"$i":"crash-banner-os2","$v":[{"t":"idOrVar","v":"brandShortName"}," tikko avarēja."]},{"$i":"crash-banner-app","$v":[{"t":"idOrVar","v":"name"}," tikko avarēja."]},{"$i":"crash-banner-report","$v":"Atskaite"},{"$i":"bluetooth-sending-progress","$v":"Notiek faila sūtīšana, izmantojot Bluetooth"},{"$i":"bluetooth-receiving-progress","$v":"Saņem failu caur Bluetooth"},{"$i":"acceptFileTransfer","$v":"Pārsūtīšanas pieprasījums"},{"$i":"requestToReceive","$v":["Ierīce ",{"t":"idOrVar","v":"deviceName"}," vēlas pārsūtīt failu(-us). Vai akceptēt?"]},{"$i":"wantToReceiveFile","$v":[{"t":"idOrVar","v":"deviceName"}," vēlas pārsūtīt failu ",{"t":"idOrVar","v":"fileName"}," (",{"t":"idOrVar","v":"fileSize"},")."]},{"$i":"transfer-confirmation-title","$v":[{"t":"idOrVar","v":"deviceName"}]},{"$i":"transfer-confirmation-description","$v":"Pārskatiet pārsūtīš. piepras."},{"$i":"byteUnit-B","$v":"Baiti"},{"$i":"byteUnit-KB","$v":"KB"},{"$i":"byteUnit-MB","$v":"MB"},{"$i":"byteUnit-GB","$v":"GB"},{"$i":"byteUnit-TB","$v":"TB"},{"$i":"byteUnit-PB","$v":"PB"},{"$i":"byteUnit-EB","$v":"EB"},{"$i":"byteUnit-ZB","$v":"ZB"},{"$i":"byteUnit-YB","$v":"YB"},{"$i":"fileSize","$v":[{"t":"idOrVar","v":"size"}," ",{"t":"idOrVar","v":"unit"}]},{"$i":"deny","$v":"Liegt"},{"$i":"transfer","$v":"Pārsūtīt"},{"$i":"accept","$v":"Pieņemt"},{"$i":"stop","$v":"Pārtraukt"},{"$i":"cancelFileTransfer","$v":"Vai atcelt Bluetooth pārsūtīšanu?"},{"$i":"continueFileTransfer","$v":"Turpināt"},{"$i":"transfer-has-started-title","$v":"Var sākt failu pārsūtīš."},{"$i":"transfer-has-started-description","$v":"Tiek gaidīts apstiprinājums"},{"$i":"transfer-has-started-toast","$v":"Failu pārsūtīšana ir sākta. Pārbaudiet progresu sadaļā Paziņojumi"},{"$i":"transferFinished-sentSuccessful-title","$v":"Fails nosūtīts"},{"$i":"transferFinished-receivedSuccessful-title","$v":"Fails saņemts"},{"$i":"transferFinished-failed-title","$v":"Faila pārsūtīš. kļūda"},{"$i":"transferFinished-try-again-description","$v":"Pašlaik nevar nosūtīt failu. Vēlāk mēģiniet vēlreiz."},{"$i":"transferReport-title","$v":"Pārsūtīt atskaiti:"},{"$i":"transferReport-description","$v":[{"t":"idOrVar","v":"numSuccessful"}," veiksmīgi faili, ",{"t":"idOrVar","v":"numUnsuccessful"}," neveiksmīgi faili"]},{"$i":"unknown-file","$v":"Nezināms fails"},{"$i":"unknown-device","$v":"Nezināma ierīce"},{"$i":"cannotOpenFile","$v":"Nevar atvērt saņemto failu"},{"$i":"unknownMediaTypeToOpenFile","$v":["Nevar atvērt nezināmu multivides veidu: ",{"t":"idOrVar","v":"fileName"}]},{"$i":"cannotReceiveFile","$v":"Nevar saņemt failu"},{"$i":"cannotGetStorageState","$v":"Nevar iegūt ierīces krātuves statusu."},{"$i":"sdcard-not-exist2","$v":"Netika atrasta neviena atmiņas karte. Ievietojiet atmiņas karti."},{"$i":"sdcard-in-use","$v":"Nevar izmantot Bluetooth, kamēr ir pievienots tālrunis. Atvienojiet tālruni, lai saņemtu failu(-s)."},{"$i":"sdcard-no-space2","$v":"Nevar pabeigt pārsūtīšanu: atmiņas karte ir pilna."},{"$i":"unknown-error","$v":"Nezināma kļūda"},{"$i":"confirm","$v":"Apstiprināt"},{"$i":"stopTransferTitle","$v":"Pārtraukt failu pārsūtīšanu"},{"$i":"stopTransferContent","$v":"Vai vēlaties pārtraukt failu pārsūtīšanu, izmantojot Bluetooth?"},{"$i":"storage","$v":"Krātuve"},{"$i":"sdcard-detected-title","$v":"SD karte noteikta"},{"$i":"no-sdcard-title","$v":"Nav SD kartes"},{"$i":"sdcard-total-size-body","$v":["Kop. liel.: ",{"t":"idOrVar","v":"size"}," ",{"t":"idOrVar","v":"unit"}]},{"$i":"sdcard-unknown-size-then-tap-to-format-body","$v":"Nezināms lielums, pieskarieties, lai formatētu"},{"$i":"sdcard-removed-title","$v":"SD karte izņemta"},{"$i":"sdcard-removed-ejected-successfully","$v":"Veiksmīgi izstumts"},{"$i":"sdcard-removed-not-ejected-properly","$v":"Nepareizi izņemts"},{"$i":"set-sdcard-as-default-media-location","$v":"SD karte noteikta. Vai iestatīt SD kā noklus. multivides atraš. vietu?"},{"$i":"no-sdcard-content","$v":"Ievietojiet SD karti, lai palielinātu atmiņas vietu."},{"$i":"sim-confirmation-content","$v":["Mobilie dati ir piešķirti SIM",{"t":"idOrVar","v":"n"}]},{"$i":"sim-confirmation-title","$v":"SIM kartes mainītas"},{"$i":"sim-confirmation-notice-title","$v":"SIM kartes mainītas"},{"$i":"sim-confirmation-notice","$v":"Atlasiet, lai apskatītu datus."},{"$i":"sim-hot-plug","$v":"Tālrunis tiks restartēts"},{"$i":"sim-hot-plug-empty","$v":"Tālrunis tiks restartēts, jo tika izņemta SIM karte."},{"$i":"sim-hot-plug-empty-confirm","$v":"Lūdzu, pārliecinieties, ka SIM karte ir pilnībā izņemta, pēc tam nospiediet pogu Labi."},{"$i":"noSimCard","$v":"Nav SIM kartes"},{"$i":"lockedSim","$v":"Bloķēta SIM karte"},{"$i":"noService","$v":"Nav pakalpojuma"},{"$i":"eccOnly","$v":"Emergency calls only"},{"$i":"nocard-eccOnly","$v":"No SIM card-Emergency calls only"},{"$i":"unusablecard-eccOnly","$v":"Unusable SIM card-Emergency calls only"},{"$i":"searching","$v":"Searching"},{"$i":"simPin","$v":"SIM kartes PIN"},{"$i":"pukCode","$v":"PUK kods"},{"$i":"nckCode","$v":"NCK kods"},{"$i":"cckCode","$v":"CCK kods"},{"$i":"spckCode","$v":"SPCK kods"},{"$i":"nck1code","$v":"NCK1 kods"},{"$i":"nck2code","$v":"NCK2 kods"},{"$i":"hnckcode","$v":"HNCK kods"},{"$i":"rcckcode","$v":"RCCK kods"},{"$i":"rspckcode","$v":"RSPCK kods"},{"$i":"ncklockContent","$v":["NCK bloķēja slotu",{"t":"idOrVar","v":"n"},"."]},{"$i":"whatIsSimPin","$v":"Kas ir SIM kartes PIN kods?"},{"$i":"simPinIntro1","$v":"SIM kartes PIN nepieļauj piekļuvi SIM kartes mobilo datu tīkliem. To iespējojot, jebkura ierīce, kurā ir SIM karte, restartēšanas laikā pieprasīs PIN kodu."},{"$i":"simPinIntro2","$v":"SIM kartes PIN kods nav tāds pats kā piekļuves kods, kas tiek izmantots ierīces atbloķēšanai."},{"$i":"changeSimPin","$v":"Mainīt PIN kodu"},{"$i":"pinTitle","$v":"Ievadiet SIM kartes PIN kodu"},{"$i":"multiSIMpinTitle","$v":["Ievadiet SIM ",{"t":"idOrVar","v":"n"}," kartes PIN kodu"]},{"$i":"multiSIMpukTitle","$v":["Ievadiet PUK",{"t":"idOrVar","v":"n"}," PIN kodu"]},{"$i":"multiSIMnckTitle","$v":["Ievadiet NCK",{"t":"idOrVar","v":"n"}," PIN kodu"]},{"$i":"multiSIMxckTitle","$v":["Ievadiet SIM",{"t":"idOrVar","v":"n"}," ",{"t":"idOrVar","v":"type"}]},{"$i":"xckTitle","$v":["Ievadīt ",{"t":"idOrVar","v":"type"}," kodu"]},{"$i":"xckCode","$v":[{"t":"idOrVar","v":"type"}," kods"]},{"$i":"xckBlocked","$v":[{"t":"idOrVar","v":"type"}," bloķēts"]},{"$i":"pukTitle","$v":"Ievadiet PUK kodu"},{"$i":"nckTitle","$v":"Ievadiet NCK kodu"},{"$i":"cckTitle","$v":"Ievadiet CCK kodu"},{"$i":"spckTitle","$v":"Ievadiet SPCK kodu"},{"$i":"nck1Title","$v":"Ievadiet NCK1 kodu"},{"$i":"nck2Title","$v":"Ievadiet NCK2 kodu"},{"$i":"hnckTitle","$v":"Ievadiet HNCK kodu"},{"$i":"rcckTitle","$v":"Ievadiet RCCK kodu"},{"$i":"rspckTitle","$v":"Ievadiet RSPCK kodu"},{"$i":"newpinTitle","$v":"Jauns PIN kods"},{"$i":"inputCodeRetriesLeft","$v":{"few":["Atlikuši ",{"t":"idOrVar","v":"n"}," mēģinājumi."],"many":["Atlikuši ",{"t":"idOrVar","v":"n"}," mēģinājumi."],"one":"Atlicis 1 mēģinājums.","other":["Atlikuši ",{"t":"idOrVar","v":"n"}," mēģinājumi."],"two":["Atlikuši ",{"t":"idOrVar","v":"n"}," mēģinājumi."]},"$x":[{"t":"idOrVar","v":"plural"},"n"]},{"$i":"pinErrorMsg","$v":"Nepareizs PIN kods."},{"$i":"pinAttemptMsg2","$v":{"few":["Jums ir atlikuši ",{"t":"idOrVar","v":"n"}," mēģinājumi ievadīt pareizo kodu, pirms SIM karte tiks bloķēta."],"many":["Jums ir atlikuši ",{"t":"idOrVar","v":"n"}," mēģinājumi ievadīt pareizo kodu, pirms SIM karte tiks bloķēta."],"one":"Jums ir atlicis viens mēģinājums ievadīt pareizo kodu, pirms SIM karte tiks bloķēta.","other":["Jums ir atlikuši ",{"t":"idOrVar","v":"n"}," mēģinājumi ievadīt pareizo kodu, pirms SIM karte tiks bloķēta."],"two":["Jums ir atlikuši ",{"t":"idOrVar","v":"n"}," mēģinājumi ievadīt pareizo kodu, pirms SIM karte tiks bloķēta."]},"$x":[{"t":"idOrVar","v":"plural"},"n"]},{"$i":"pinLastChanceMsg","$v":"Šī ir jūsu pēdējā iespēja ievadīt pareizo PIN kodu. Citādi jums būs jāievada PUK kods, lai varētu izmantot šo SIM karti."},{"$i":"simCardLockedMsg","$v":"SIM karte ir bloķēta."},{"$i":"enterPukMsg","$v":"Jums jāievada SIM kartes personiskās atbloķēšanas atslēgas (Personal Unlocking Key — PUK) kods. Plašāku informāciju skatiet savas SIM kartes dokumentācijā vai sazinieties ar savu operatoru."},{"$i":"pukErrorMsg","$v":"Nepareizs PUK kods."},{"$i":"pukAttemptMsg2","$v":{"few":["Jums ir atlikuši ",{"t":"idOrVar","v":"n"}," mēģinājumi ievadīt pareizo kodu, pirms SIM karti neatgriezeniski nebūs iespējams izmantot. Plašāku informāciju skatiet savas SIM kartes dokumentācijā vai sazinieties ar savu operatoru."],"many":["Jums ir atlikuši ",{"t":"idOrVar","v":"n"}," mēģinājumi ievadīt pareizo kodu, pirms SIM karti neatgriezeniski nebūs iespējams izmantot. Plašāku informāciju skatiet savas SIM kartes dokumentācijā vai sazinieties ar savu operatoru."],"one":"Jums ir atlicis viens mēģinājums ievadīt pareizo kodu, pirms SIM karti neatgriezeniski nebūs iespējams izmantot. Plašāku informāciju skatiet savas SIM kartes dokumentācijā vai sazinieties ar savu operatoru.","other":["Jums ir atlikuši ",{"t":"idOrVar","v":"n"}," mēģinājumi ievadīt pareizo kodu, pirms SIM karti neatgriezeniski nebūs iespējams izmantot. Plašāku informāciju skatiet savas SIM kartes dokumentācijā vai sazinieties ar savu operatoru."],"two":["Jums ir atlikuši ",{"t":"idOrVar","v":"n"}," mēģinājumi ievadīt pareizo kodu, pirms SIM karti neatgriezeniski nebūs iespējams izmantot. Plašāku informāciju skatiet savas SIM kartes dokumentācijā vai sazinieties ar savu operatoru."]},"$x":[{"t":"idOrVar","v":"plural"},"n"]},{"$i":"pukLastChanceMsg","$v":"Pēdējais mēģinājums ievadīt pareizo PUK kodu. Ja ievadīsiet nepareizu PUK kodu, jūsu SIM karte būs neatgriezeniski neizmantojama. Plašāku informāciju skatiet savas SIM kartes dokumentācijā vai sazinieties ar savu mobilo sakaru operatoru."},{"$i":"cardPermanentlyLockMsg-head","$v":"Nepareizs PUK kods."},{"$i":"cardPermanentlyLockMsg-body","$v":"Jūsu SIM karte ir neatgriezeniski bloķēta. Lai iegūtu plašāku informāciju, sazinieties ar savu operatoru."},{"$i":"newSimPinMsg","$v":"Izveidot PIN kodu (jāsastāv no 4 līdz 8 cipariem)"},{"$i":"confirmNewSimPinMsg","$v":"Apstipriniet jauno PIN kodu"},{"$i":"newPinErrorMsg","$v":"PIN kodi nesakrīt."},{"$i":"nckErrorMsg","$v":"NCK kods ir nepareizs."},{"$i":"nckAttemptMsg2","$v":{"few":["Tīkla depersonalizēšanas pieprasījuma kļūda. Atlikuši ",{"t":"idOrVar","v":"n"}," mēģinājumi, lai ievadītu kodu. Inform. skatiet ierīces dokumentācijā vai sazinieties ar savu operatoru."],"many":["Tīkla depersonalizācijas pieprasījuma kļūda. Atlikuši ",{"t":"idOrVar","v":"n"}," mēģinājumi ievadīt kodu. Inform. skatiet ierīces dokumentācijā vai sazinieties ar savu mobilo sakaru operatoru."],"one":"Tīkla depersonalizācijas pieprasījuma kļūda. Atlicis viens mēģinājums ievadīt kodu. Informāciju skatiet ierīces dokumentācijā vai sazinieties ar savu mobilo sakaru operatoru.","other":["Tīkla depersonalizēšanas pieprasījuma kļūda. Jums ir atlikuši ",{"t":"idOrVar","v":"n"}," mēģinājumi, lai ievadītu pareizo kodu. Plašāku informāciju skatiet ierīces dokumentācijā vai sazinieties ar savu operatoru."],"two":["Tīkla depersonalizēšanas pieprasījuma kļūda. Atlikuši ",{"t":"idOrVar","v":"n"}," mēģinājumi, lai ievadītu kodu. Inform. skatiet ierīces dokumentācijā vai sazinieties ar savu operatoru."]},"$x":[{"t":"idOrVar","v":"plural"},"n"]},{"$i":"nckLastChanceMsg","$v":"Tīkla depersonalizācijas pieprasījuma kļūda. Pēdējā iespēja ievadīt pareizo NCK kodu. Plašāku informāciju skatiet ierīces dokumentācijā vai sazinieties ar savu mobilo sakaru operatoru."},{"$i":"sim-attention-header","$v":"SIM karte bloķēta."},{"$i":"multiSIM-attention-header","$v":["SIM",{"t":"idOrVar","v":"n"}," ir bloķēta"]},{"$i":"sim-attention-head","$v":"SIM karte ir bloķēta."},{"$i":"sim-attention-body","$v":"Vai vēlaties ievadīt PUK kodu, lai atbloķētu SIM karti?"},{"$i":"enter-puk-rsk","$v":"Ievadiet PUK kodu"},{"$i":"verify-rsk","$v":"Gatavs"},{"$i":"activity-pick","$v":"Atlasīt no"},{"$i":"activity-view","$v":"Skatīt ar"},{"$i":"activity-test","$v":"Pārbaudīt ar"},{"$i":"activity-share","$v":"Kopīgot"},{"$i":"activity-new","$v":"Izveidot ar"},{"$i":"activity-open","$v":"Atvērt ar"},{"$i":"activity-save-bookmark","$v":"Pievienot šādai izlasei:"},{"$i":"activity-record","$v":"Ierakstīt no"},{"$i":"activity-browse","$v":"Pārlūkot ar"},{"$i":"activity-configure","$v":"Konfigurēt ar"},{"$i":"activity-dial","$v":"Zvanīt no"},{"$i":"remoteDebuggerMessage","$v":"Tika atklāts ienākošs pieprasījums atļaut attālās atkļūdošanas savienojumu. Vai atļaut savienojumu?"},{"$i":"captive-wifi-available","$v":["Tīkls ",{"t":"idOrVar","v":"networkName"}," tika atrasts. Vai pievienoties tīklam?"]},{"$i":"ceWarningtitle","$v":"Skaļuma brīdinājums"},{"$i":"ceWarningcontent","$v":"Lai novērstu iespējamus dzirdes bojājumus, ilgstoši neklausieties, izmantojot augstu skaļuma līmeni."},{"$i":"is-volume-type-notification","$v":"Zvana sign. un brīdināj."},{"$i":"is-volume-type-telephony","$v":"Skaļums"},{"$i":"is-volume-type-alarm","$v":"Modinātājs"},{"$i":"is-volume-type-content","$v":"Multivide"},{"$i":"tcl-volume-type-notification","$v":"Zvana sign. un brīdināj."},{"$i":"tcl-volume-type-telephony","$v":"Skaļums"},{"$i":"volume-type-alarm","$v":"Modinātājs"},{"$i":"volume-type-content","$v":"Multivide"},{"$i":"vibrate-only","$v":"Tikai vibrēt"},{"$i":"silent","$v":"Klusums"},{"$i":"vibrate-on","$v":"Vibrēšana: ieslēgta"},{"$i":"vibrate-off","$v":"Vibrēšana: izslēgta"},{"$i":"vibrate","$v":"Vibrēt"},{"$i":"tcl-volume","$v":["Skaļums:",{"t":"idOrVar","v":"n"},"/",{"t":"idOrVar","v":"c"}]},{"$i":"notification-powersaving-mode-on-title","$v":"Enerģijas taupīšanas režīms"},{"$i":"notification-powersaving-mode-on-description","$v":"Enerģijas taupīšanas režīms ir ieslēgts."},{"$i":"low-device-storage","$v":"Ierīces atmiņā ir maz vietas."},{"$i":"storage-alert","$v":"Brīdinājums par uzglabāšanu"},{"$i":"phone-almost-full","$v":"Tālruņa atmiņa ir gandrīz pilna."},{"$i":"free-space","$v":{"few":["Atlicis mazāk nekā ",{"t":"idOrVar","v":"value"},{"t":"idOrVar","v":"unit"},"."],"many":["Atlicis mazāk nekā ",{"t":"idOrVar","v":"value"},{"t":"idOrVar","v":"unit"},"."],"one":["Atlicis mazāk nekā ",{"t":"idOrVar","v":"value"},{"t":"idOrVar","v":"unit"},"."],"other":["Atlicis mazāk nekā ",{"t":"idOrVar","v":"value"},{"t":"idOrVar","v":"unit"},"."],"two":["Atlicis mazāk nekā ",{"t":"idOrVar","v":"value"},{"t":"idOrVar","v":"unit"},"."],"zero":"Vairs nav brīvas vietas."},"$x":[{"t":"idOrVar","v":"plural"},"value"]},{"$i":"unknown-free-space","$v":"Nezināma atlikusī vieta."},{"$i":"can-delete-data-to-get-space","$v":"Lai atbrīvotu vietu, varat dzēst dažus multivides failus vai pārvaldīt programmas datus."},{"$i":"should-delete-data-to-get-space","$v":"Pirms turpināsiet šīs ierīces lietošanu, dzēsiet dažus multivides failus vai pārvaldiet programmu datus, lai atbrīvotu vietu."},{"$i":"storage-full-level-1-title","$v":"Tālrunis gandrīz pilnībā"},{"$i":"storage-full-level-2-title","$v":"Tālruņa krātuve ir pilna."},{"$i":"delete-to-get-space","$v":"Lai atbrīvotu vietu, izdzēsiet multivides failus, lietojumprogrammas datus vai lejupielādētās programmas."},{"$i":"delete-to-get-space-level-2","$v":"Izdzēsiet multivides failus, lietojumprogrammas datus vai lejupielādētās programmas, lai atbrīvotu vietu. Pretējā gadījumā tālrunis nedarbosies pareizi."},{"$i":"system-alert","$v":"Sistēmas brīdinājums"},{"$i":"cb-channel","$v":["Kanāls ",{"t":"idOrVar","v":"channel"}]},{"$i":"cell-broadcast-subtitle","$v":"Šūnu apraide"},{"$i":"cb-etws-warningType-earthquake","$v":"Zemestrīces brīdinājums!"},{"$i":"cb-etws-warningType-tsunami","$v":"Cunami brīdinājums!"},{"$i":"cb-etws-warningType-earthquake-tsunami","$v":"Zemestrīces un cunami brīdinājums!"},{"$i":"cb-etws-warningType-test","$v":"Brīdinājuma sistēma tiek pārbaudīta."},{"$i":"cb-etws-warningType-other","$v":"Ārkārtas brīdinājums!"},{"$i":"icc-message-maintitle","$v":"Operatora ziņa"},{"$i":"icc-message-subtitle","$v":"SIM"},{"$i":"icc-confirmCall-defaultmessage","$v":["Vai zvanīt uz numuru ",{"t":"idOrVar","v":"number"},"?"]},{"$i":"icc-alertMessage-defaultmessage","$v":"Notiek ziņas sūtīšana"},{"$i":"icc-confirmMessage-defaultmessage","$v":"Vai sūtīt ziņu?"},{"$i":"icc-notification-title","$v":["SIM ",{"t":"idOrVar","v":"id"}," kartes STK"]},{"$i":"icc-inputbox-maintitle","$v":"STK vaicājums"},{"$i":"icc-inputbox-subtitle","$v":["SIM ",{"t":"idOrVar","v":"id"}]},{"$i":"emergency-callback-mode","$v":"Ārkārtas atzvanīšanas režīms"},{"$i":"emergency-callback-message","$v":"Jūs nevarat veikt zvanus, sūtīt ziņas vai doties tiešsaistē, jo ir aktivizēts ārkārtas atzvanīšanas režīms. Vai vēlaties to izslēgt?"},{"$i":"cdma-record-info","$v":"CDMA ierakstu informācija"},{"$i":"download_started","$v":"Lejupielāde sākta"},{"$i":"download_stopped","$v":"Lejupielāde pārtraukta"},{"$i":"download_downloading","$v":[{"t":"idOrVar","v":"percentage"},"%"]},{"$i":"download_succeeded","$v":"Lejupielāde pabeigta"},{"$i":"download_failed","$v":"Lejupielāde neizdevās"},{"$i":"update_succeeded","$v":"Atjaunināšana pabeigta"},{"$i":"download_text_by_default","$v":[{"t":"idOrVar","v":"name"}]},{"$i":"phone-storage-full-title","$v":"Tālruņa krātuve ir pilna"},{"$i":"phone-storage-full-warning","$v":"Nevar lejupielādēt failu. Dzēsiet multivides failus vai programmu datus, lai atbrīvotu vietu. Varat arī ievietot SD karti, lai palielinātu multivides atmiņu."},{"$i":"sdcard-storage-full-title","$v":"SD karte ir pilna."},{"$i":"sdcard-storage-full-warning","$v":"Nevar lejupielādēt failu. Dzēsiet failus SD kartē, lai atbrīvotu vietu."},{"$i":"opt-settings","$v":"Iestatījumi"},{"$i":"search-the-web","$v":"Meklēšana tīmeklī"},{"$i":"search-or-enter-address","$v":"Meklēt vai ievadīt adresi","placeholder":"Meklēt vai ievadīt adresi"},{"$i":"search-or-enter-url","$v":"Meklēt vai ievadīt URL","placeholder":"Meklēt vai ievadīt URL"},{"$i":"back-button","ariaLabel":"Atpakaļ"},{"$i":"forward-button","ariaLabel":"Pāradresēt"},{"$i":"reload-button","ariaLabel":"Atkārtoti ielādēt"},{"$i":"stop-button","ariaLabel":"Pārtraukt"},{"$i":"windows-button","ariaLabel":"Rādīt logus"},{"$i":"noHotspotWhenAPMisOnWifiHotspot","$v":"Izslēdziet lidm. rež., lai izmantotu Wi-Fi tīklāju."},{"$i":"apmActivated","$v":"Aktivizēts lidmašīnas režīms"},{"$i":"save-image","$v":"Saglabāt attēlu"},{"$i":"save-video","$v":"Saglabāt video"},{"$i":"save-audio","$v":"Saglabāt audio"},{"$i":"share-image","$v":"Kopīgot attēlu"},{"$i":"share-video","$v":"Kopīgot videoklipu"},{"$i":"share-audio","$v":"Kopīgot audio"},{"$i":"tcl-cancelButtonId","$v":"Atcelt"},{"$i":"tcl-not-send","$v":"Nesūtīt"},{"$i":"tcl-send-report","$v":"Sūtīt atskaiti"},{"$i":"refresh","$v":"Atsvaidzināt"},{"$i":"goBack","$v":"Doties atpakaļ"},{"$i":"goForward","$v":"Doties tālāk"},{"$i":"goToTopSites","$v":"Atveriet populārākās vietnes"},{"$i":"pinToTopSites","$v":"Piespraust galvenajām vietnēm"},{"$i":"pinToAllApps","$v":"Piespraust sadaļai Visas programmas"},{"$i":"pinToAppsMenu","$v":"Piespraust sadaļai Programmu izvēlne"},{"$i":"viewMessages","$v":"Skatīt ziņas"},{"$i":"downloadImage","$v":"Lejupielādēt attēlu"},{"$i":"quit","$v":"Beigt"},{"$i":"minimizeBrowser","$v":"Minimizēt pārlūku"},{"$i":"pinSiteCompletely","$v":"Vietne ir piesprausta populārākajām."},{"$i":"siteWasPinnedBefore","$v":"Vietne jau iepriekš tika piespr. populārākajām."},{"$i":"pinnedSitesOverLimit","$v":"Ir sasniegts maksimālais piesprausto vietņu skaits."},{"$i":"pressBackAgainToQuitBrowser","$v":"Spiediet vēlreiz ATPAKAĻ, lai izietu no pārlūka."},{"$i":"pressBackAgainToMinimizeBrowser","$v":"Vēlreiz nospiediet ATPAKAĻ, lai minimizētu pārlūku."},{"$i":"pinSiteToAllAppsCompletely","$v":"Šī vietne ir piesprausta sadaļai Visas programmas."},{"$i":"pinSiteToAppsMenuCompletely","$v":"Šī vietne ir piesprausta sadaļai Programmu izvēlne."},{"$i":"siteWasPinnedToAllAppsBefore","$v":"Šī vietne pirms tam bija piesprausta sadaļai Visas programmas."},{"$i":"siteWasPinnedToAppsMenuBefore","$v":"Šī vietne pirms tam bija piesprausta sadaļai Programmu izvēlne."},{"$i":"ext-bluetooth-req","$v":"Savienošanas piepras."},{"$i":"ext-unknown","$v":"NEZINĀMS"},{"$i":"ext-new-message","$v":"Jauna ziņa"},{"$i":"ext-new-mail","$v":"Jauns pasts"},{"$i":"ext-calendar-event","$v":"Kalendāra notikums"},{"$i":"ext-new-notification","$v":"Jauni paziņojumi"},{"$i":"incoming","$v":"Ienākošais"},{"$i":"ext-volume-notification","$v":"Zvana sign. un paziņ."},{"$i":"ext-volume-content","$v":"Multivide"},{"$i":"ext-volume-alarm","$v":"Modinātājs"},{"$i":"ext-new-cmas","$v":"Ārkārtas"},{"$i":"phone-storage-full-body","$v":"Zvanu ierakstīšana pārtraukta. Dzēsiet multivides failus vai programmu datus, lai atbrīvotu vietu."},{"$i":"sd-card-full-title","$v":"SD karte ir pilna."},{"$i":"sd-card-full-body","$v":"Zvana ierakstīšana pārtraukta. Dzēsiet failus SD kartē, lai atbrīvotu vietu."},{"$i":"supl-notification-title","$v":"Atrašanās vietas pieprasījums"},{"$i":"supl-notification-message","$v":"Jūsu atrašanās vieta tiek pārsūtīta operatoram."},{"$i":"supl-verification-title","$v":"Atrašanās vietas pieprasījums"},{"$i":"supl-verification-message","$v":"Operators pieprasa jūsu atrašanās vietu. Vai vēlaties operatoram sniegt informāciju par savu atrašanās vietu?"},{"$i":"supl-verification-message-for-notification","$v":"Lai apstipr., noklikšķ. šeit"},{"$i":"supl-verification-confirm","$v":"Jā"},{"$i":"supl-verification-cancel","$v":"Nē"},{"$i":"supl-more-message","$v":["Ziņa: ",{"t":"idOrVar","v":"id"}," (",{"t":"idOrVar","v":"message"},")"]},{"$i":"confirmPbapMsg","$v":[{"t":"idOrVar","v":"deviceId"}," would like to access your contacts and call history. Do you want to accept?"]},{"$i":"confirmTitle","$v":"Bluetooth pieprasījums"},{"$i":"initialValue","$v":"Ievadiet sesijas atslēgu"},{"$i":"confirmMapMsg","$v":[{"t":"idOrVar","v":"deviceId"}," would like to access your messages. Do you want to accept?"]},{"$i":"wifiCallErrorMsg","$v":["Wifi zvana kļūda: ",{"t":"idOrVar","v":"error"}]},{"$i":"wifiCallMissEccTitle","$v":[{"t":"idOrVar","v":"operator"}," WiFi Calling"]},{"$i":"wifiCallMissEccMsg","$v":"Emergency calls in areas with cellular coverage only"},{"$i":"battery-full-title","$v":"Akumulators ir pilns"},{"$i":"battery-full-body","$v":"Akumulators ir pilnībā uzlādēts."},{"$i":"sim-config-title","$v":"Konfigurācija"},{"$i":"sim-config-content-init","$v":["Nospiediet SĀKT, lai tālrunī konfigurētu operatoru ",{"t":"idOrVar","v":"carrier"},"."]},{"$i":"sim-config-content-change","$v":["Vai vēlaties tālrunī konfigurēt operatoru ",{"t":"idOrVar","v":"carrier"},"?"]},{"$i":"sim-config-content-line1","$v":"Labi padarīts!"},{"$i":"sim-config-content-restart","$v":"Restartējiet tālruni, lai lietotu izmaiņas."},{"$i":"sim-config-content-finish","$v":"Nospiediet LABI, lai pabeigtu."},{"$i":"sim-config-content-failed","$v":["Nevar atrast operatora ",{"t":"idOrVar","v":"carrier"}," profilu."]},{"$i":"sim-config-button-restart","$v":"Restartēt"},{"$i":"sim-config-button-begin","$v":"Sāciet"},{"$i":"open-wifi-available","$v":"Pieejami atvērtie Wi-Fi tīkli"},{"$i":"wifi-available","$v":"Pieejams Wi-Fi tīkls"},{"$i":"wifi-no-internet-title","$v":"Wi-Fi nav piekļuves internetam"},{"$i":"wifi-no-internet-body","$v":"Tap for options"},{"$i":"wifi-no-internet-header","$v":"Wi-Fi"},{"$i":"wifi-no-internet-content","$v":[{"t":"idOrVar","v":"name"}," nav piekļuves internetam, vai saglabāt savienojumu?"]},{"$i":"ellipses_char","$v":"…"},{"$i":"fota-title-attention","$v":"Uzmanību!"},{"$i":"fota-upgrade-success","$v":["Aparātprogrammatūras jaunināšana veiksmīga, jūsu ierīcē tagad ir versija ",{"t":"idOrVar","v":"target"},"."]},{"$i":"fota-upgrade-failed","$v":"Jaunināšana neizdevās, atjaunota iepriekšējā versija."},{"$i":"fota-title-software-update","$v":"Programmatūras atjauninājums"},{"$i":"fota-message-software-update-available","$v":"Pieejams programmatūras atjauninājums."},{"$i":"fota-message-software-download-failed","$v":"Programmatūras atjauninājuma lejupielāde neizdevās."},{"$i":"fota-message-software-download-complete","$v":"Programmatūras atjauninājuma lejupielāde pabeigta."},{"$i":"network-issue-title","$v":"Tīkla kļūda"},{"$i":"network-issue-detail","$v":"Lūdzu, pārbaudiet savu savienojumu."},{"$i":"device-issue-title","$v":"Instalēšanas kļūda"},{"$i":"device-issue-detail","$v":"Radās nezināma kļūda."},{"$i":"device-issue-update-title","$v":"Atjauninājuma kļūda"},{"$i":"install-generic-error","$v":"Lejupielāde pārtraukta."},{"$i":"account-authenticator-invaild-grant-notice-title","$v":"Konta kļūda"},{"$i":"account-authenticator-invaild-grant-notice-text","$v":"Piesakieties vēlreiz"},{"$i":"account-authenticator-no-network-error","$v":"Nav interneta savienojuma."},{"$i":"account-authenticator-access-denied-error","$v":"Radās nezināma kļūda."},{"$i":"qtn_els_alert_high_vol","$v":"Brīdinājums par lielu skaļumu"},{"$i":"qtn_els_alert_in_call","$v":"Ienākošais zvans"},{"$i":"GetEmptyUssdPrompt","$v":"Saņemta null atbilde."},{"$i":"message-sent","$v":"Ziņa nosūtīta"},{"$i":"send","$v":"Sūtīt"},{"$i":"confirmation","$v":"Apstiprinājums"},{"$i":"feedback-dialogview-header","$v":"Atsauksme"},{"$i":"feedback-dialogview-message","$v":"HMD Global augsti novērtē jūsu viedokli. Lūdzu, pastāstiet, kā jums patīk jaunais tālrunis. Ja vēlēsieties šo aptauju aizpildīt vēlāk, tā būs atrodama sadaļā Iestatījumi."},{"$i":"accessibility-enableScreenReaderSteps","$v":"To enable screen reader, press the volume up and then volume down buttons three more times"},{"$i":"accessibility-disableScreenReaderSteps","$v":"To disable screen reader, press the volume up and then volume down buttons three more times"},{"$i":"accessibility-screenReaderStarted","$v":"Screen reader started"},{"$i":"accessibility-screenReaderStopped","$v":"Screen reader stopped"},{"$i":"accessibility-menubar","$v":"menu bar"},{"$i":"accessibility-scrollbar","$v":"scroll bar"},{"$i":"accessibility-grip","$v":"grip"},{"$i":"accessibility-alert","$v":"alert"},{"$i":"accessibility-menupopup","$v":"menu popup"},{"$i":"accessibility-document","$v":"document"},{"$i":"accessibility-pane","$v":"pane"},{"$i":"accessibility-dialog","$v":"dialogue"},{"$i":"accessibility-separator","$v":"separator"},{"$i":"accessibility-toolbar","$v":"toolbar"},{"$i":"accessibility-statusbar","$v":"status bar"},{"$i":"accessibility-table","$v":"table"},{"$i":"accessibility-columnheader","$v":"column header"},{"$i":"accessibility-rowheader","$v":"row header"},{"$i":"accessibility-column","$v":"column"},{"$i":"accessibility-row","$v":"row"},{"$i":"accessibility-cell","$v":"cell"},{"$i":"accessibility-link","$v":"link"},{"$i":"accessibility-list","$v":"list"},{"$i":"accessibility-listitem","$v":"list item"},{"$i":"accessibility-outline","$v":"outline"},{"$i":"accessibility-outlineitem","$v":"outline item"},{"$i":"accessibility-pagetab","$v":"tab"},{"$i":"accessibility-propertypage","$v":"property page"},{"$i":"accessibility-graphic","$v":"graphic"},{"$i":"accessibility-pushbutton","$v":"button"},{"$i":"accessibility-checkbutton","$v":"check button"},{"$i":"accessibility-radiobutton","$v":"radio button"},{"$i":"accessibility-combobox","$v":"combo box"},{"$i":"accessibility-progressbar","$v":"progress bar"},{"$i":"accessibility-slider","$v":"slider"},{"$i":"accessibility-spinbutton","$v":"spin button"},{"$i":"accessibility-diagram","$v":"diagram"},{"$i":"accessibility-animation","$v":"animation"},{"$i":"accessibility-equation","$v":"equation"},{"$i":"accessibility-buttonmenu","$v":"button menu"},{"$i":"accessibility-whitespace","$v":"white space"},{"$i":"accessibility-pagetablist","$v":"tab list"},{"$i":"accessibility-canvas","$v":"canvas"},{"$i":"accessibility-checkmenuitem","$v":"check menu item"},{"$i":"accessibility-label","$v":"label"},{"$i":"accessibility-passwordtext","$v":"password text"},{"$i":"accessibility-radiomenuitem","$v":"radio menu item"},{"$i":"accessibility-textcontainer","$v":"text container"},{"$i":"accessibility-togglebutton","$v":"toggle button"},{"$i":"accessibility-treetable","$v":"tree table"},{"$i":"accessibility-header","$v":"header"},{"$i":"accessibility-footer","$v":"footer"},{"$i":"accessibility-paragraph","$v":"paragraph"},{"$i":"accessibility-entry","$v":"entry"},{"$i":"accessibility-caption","$v":"caption"},{"$i":"accessibility-heading","$v":"heading"},{"$i":"accessibility-section","$v":"section"},{"$i":"accessibility-form","$v":"form"},{"$i":"accessibility-comboboxlist","$v":"combo box list"},{"$i":"accessibility-comboboxoption","$v":"combo box option"},{"$i":"accessibility-imagemap","$v":"image map"},{"$i":"accessibility-listboxoption","$v":"option"},{"$i":"accessibility-listbox","$v":"list box"},{"$i":"accessibility-flatequation","$v":"flat equation"},{"$i":"accessibility-gridcell","$v":"gridcell"},{"$i":"accessibility-note","$v":"note"},{"$i":"accessibility-figure","$v":"figure"},{"$i":"accessibility-definitionlist","$v":"definition list"},{"$i":"accessibility-term","$v":"term"},{"$i":"accessibility-definition","$v":"definition"},{"$i":"accessibility-textarea","$v":"text area"},{"$i":"accessibility-textInputType_date","$v":"date"},{"$i":"accessibility-textInputType_email","$v":"e-mail"},{"$i":"accessibility-textInputType_search","$v":"search"},{"$i":"accessibility-textInputType_tel","$v":"telephone"},{"$i":"accessibility-textInputType_url","$v":"URL"},{"$i":"accessibility-headingLevel","$v":["heading level ",{"t":"idOrVar","v":"0"}]},{"$i":"accessibility-listStart","$v":"First item"},{"$i":"accessibility-listEnd","$v":"Last item"},{"$i":"accessibility-listItemsCount","$v":{"few":[{"t":"idOrVar","v":"count"}," items"],"many":[{"t":"idOrVar","v":"count"}," items"],"one":[{"t":"idOrVar","v":"count"}," item"],"other":[{"t":"idOrVar","v":"count"}," items"],"two":[{"t":"idOrVar","v":"count"}," items"],"zero":[{"t":"idOrVar","v":"count"}," items"]},"$x":[{"t":"idOrVar","v":"plural"},"count"]},{"$i":"accessibility-objItemOfN","$v":[{"t":"idOrVar","v":"0"}," of ",{"t":"idOrVar","v":"1"}]},{"$i":"accessibility-banner","$v":"banner"},{"$i":"accessibility-complementary","$v":"complementary"},{"$i":"accessibility-contentinfo","$v":"content info"},{"$i":"accessibility-main","$v":"main"},{"$i":"accessibility-navigation","$v":"navigation"},{"$i":"accessibility-search","$v":"search"},{"$i":"accessibility-tblColumnInfo","$v":{"few":["with ",{"t":"idOrVar","v":"count"}," columns"],"many":["with ",{"t":"idOrVar","v":"count"}," columns"],"one":["with ",{"t":"idOrVar","v":"count"}," column"],"other":["with ",{"t":"idOrVar","v":"count"}," columns"],"two":["with ",{"t":"idOrVar","v":"count"}," columns"],"zero":["with ",{"t":"idOrVar","v":"count"}," columns"]},"$x":[{"t":"idOrVar","v":"plural"},"count"]},{"$i":"accessibility-tblRowInfo","$v":{"few":["and ",{"t":"idOrVar","v":"count"}," rows"],"many":["and ",{"t":"idOrVar","v":"count"}," rows"],"one":["and ",{"t":"idOrVar","v":"count"}," row"],"other":["and ",{"t":"idOrVar","v":"count"}," rows"],"two":["and ",{"t":"idOrVar","v":"count"}," rows"],"zero":["and ",{"t":"idOrVar","v":"count"}," rows"]},"$x":[{"t":"idOrVar","v":"plural"},"count"]},{"$i":"accessibility-columnInfo","$v":["Column ",{"t":"idOrVar","v":"0"}]},{"$i":"accessibility-rowInfo","$v":["Row ",{"t":"idOrVar","v":"0"}]},{"$i":"accessibility-spansColumns","$v":{"few":["spans ",{"t":"idOrVar","v":"0"}," columns"],"many":["spans ",{"t":"idOrVar","v":"0"}," columns"],"one":["spans ",{"t":"idOrVar","v":"0"}," column"],"other":["spans ",{"t":"idOrVar","v":"0"}," columns"],"two":["spans ",{"t":"idOrVar","v":"0"}," columns"],"zero":["spans ",{"t":"idOrVar","v":"0"}," columns"]},"$x":[{"t":"idOrVar","v":"plural"},"0"]},{"$i":"accessibility-spansRows","$v":{"few":["spans ",{"t":"idOrVar","v":"0"}," rows"],"many":["spans ",{"t":"idOrVar","v":"0"}," rows"],"one":["spans ",{"t":"idOrVar","v":"0"}," row"],"other":["spans ",{"t":"idOrVar","v":"0"}," rows"],"two":["spans ",{"t":"idOrVar","v":"0"}," rows"],"zero":["spans ",{"t":"idOrVar","v":"0"}," rows"]},"$x":[{"t":"idOrVar","v":"plural"},"0"]},{"$i":"accessibility-jumpAction","$v":"jumped"},{"$i":"accessibility-pressAction","$v":"pressed"},{"$i":"accessibility-checkAction","$v":"checked"},{"$i":"accessibility-uncheckAction","$v":"unchecked"},{"$i":"accessibility-selectAction","$v":"selected"},{"$i":"accessibility-unselectAction","$v":"unselected"},{"$i":"accessibility-openAction","$v":"opened"},{"$i":"accessibility-closeAction","$v":"closed"},{"$i":"accessibility-switchAction","$v":"switched"},{"$i":"accessibility-clickAction","$v":"clicked"},{"$i":"accessibility-collapseAction","$v":"collapsed"},{"$i":"accessibility-expandAction","$v":"expanded"},{"$i":"accessibility-activateAction","$v":"activated"},{"$i":"accessibility-cycleAction","$v":"cycled"},{"$i":"accessibility-hidden","$v":"hidden"},{"$i":"accessibility-tabLoading","$v":"loading"},{"$i":"accessibility-tabLoaded","$v":"loaded"},{"$i":"accessibility-tabNew","$v":"new tab"},{"$i":"accessibility-tabLoadStopped","$v":"loading stopped"},{"$i":"accessibility-tabReload","$v":"reloading"},{"$i":"accessibility-stateChecked","$v":"checked"},{"$i":"accessibility-stateNotChecked","$v":"not checked"},{"$i":"accessibility-statePressed","$v":"pressed"},{"$i":"accessibility-stateExpanded","$v":"expanded"},{"$i":"accessibility-stateCollapsed","$v":"collapsed"},{"$i":"accessibility-stateUnavailable","$v":"unavailable"},{"$i":"accessibility-stateRequired","$v":"required"},{"$i":"accessibility-stateTraversed","$v":"visited"},{"$i":"accessibility-stateHasPopup","$v":"has pop up"},{"$i":"accessibility-stateSelected","$v":"selected"},{"$i":"accessibility-editingMode","$v":"editing"},{"$i":"accessibility-navigationMode","$v":"navigating"},{"$i":"accessibility-quicknav_Simple","$v":"Default"},{"$i":"accessibility-quicknav_Anchor","$v":"Anchors"},{"$i":"accessibility-quicknav_Button","$v":"Buttons"},{"$i":"accessibility-quicknav_Combobox","$v":"Combo boxes"},{"$i":"accessibility-quicknav_Landmark","$v":"Landmarks"},{"$i":"accessibility-quicknav_Entry","$v":"Entries"},{"$i":"accessibility-quicknav_FormElement","$v":"Form elements"},{"$i":"accessibility-quicknav_Graphic","$v":"Images"},{"$i":"accessibility-quicknav_Heading","$v":"Headings"},{"$i":"accessibility-quicknav_ListItem","$v":"List items"},{"$i":"accessibility-quicknav_Link","$v":"Links"},{"$i":"accessibility-quicknav_List","$v":"Lists"},{"$i":"accessibility-quicknav_PageTab","$v":"Page tabs"},{"$i":"accessibility-quicknav_RadioButton","$v":"Radio buttons"},{"$i":"accessibility-quicknav_Separator","$v":"Separators"},{"$i":"accessibility-quicknav_Table","$v":"Tables"},{"$i":"accessibility-quicknav_Checkbox","$v":"Check boxes"},{"$i":"accessibility-menubarAbbr","$v":"menu bar"},{"$i":"accessibility-scrollbarAbbr","$v":"scroll bar"},{"$i":"accessibility-gripAbbr","$v":"grip"},{"$i":"accessibility-alertAbbr","$v":"alert"},{"$i":"accessibility-menupopupAbbr","$v":"menu popup"},{"$i":"accessibility-documentAbbr","$v":"document"},{"$i":"accessibility-paneAbbr","$v":"pane"},{"$i":"accessibility-dialogAbbr","$v":"dialogue"},{"$i":"accessibility-separatorAbbr","$v":"separator"},{"$i":"accessibility-toolbarAbbr","$v":"toolbar"},{"$i":"accessibility-statusbarAbbr","$v":"status bar"},{"$i":"accessibility-tableAbbr","$v":"tbl"},{"$i":"accessibility-columnheaderAbbr","$v":"column header"},{"$i":"accessibility-rowheaderAbbr","$v":"row header"},{"$i":"accessibility-columnAbbr","$v":"column"},{"$i":"accessibility-rowAbbr","$v":"row"},{"$i":"accessibility-cellAbbr","$v":"cell"},{"$i":"accessibility-linkAbbr","$v":"lnk"},{"$i":"accessibility-listAbbr","$v":"list"},{"$i":"accessibility-listitemAbbr","$v":"list item"},{"$i":"accessibility-outlineAbbr","$v":"outline"},{"$i":"accessibility-outlineitemAbbr","$v":"outline item"},{"$i":"accessibility-pagetabAbbr","$v":"tab"},{"$i":"accessibility-propertypageAbbr","$v":"property page"},{"$i":"accessibility-graphicAbbr","$v":"graphic"},{"$i":"accessibility-pushbuttonAbbr","$v":"btn"},{"$i":"accessibility-checkbuttonAbbr","$v":"check button"},{"$i":"accessibility-radiobuttonAbbr","$v":"radio button"},{"$i":"accessibility-comboboxAbbr","$v":"combo box"},{"$i":"accessibility-progressbarAbbr","$v":"progress bar"},{"$i":"accessibility-sliderAbbr","$v":"slider"},{"$i":"accessibility-spinbuttonAbbr","$v":"spin button"},{"$i":"accessibility-diagramAbbr","$v":"diagram"},{"$i":"accessibility-animationAbbr","$v":"animation"},{"$i":"accessibility-equationAbbr","$v":"equation"},{"$i":"accessibility-buttonmenuAbbr","$v":"button menu"},{"$i":"accessibility-whitespaceAbbr","$v":"white space"},{"$i":"accessibility-pagetablistAbbr","$v":"tab list"},{"$i":"accessibility-canvasAbbr","$v":"canvas"},{"$i":"accessibility-checkmenuitemAbbr","$v":"check menu item"},{"$i":"accessibility-labelAbbr","$v":"label"},{"$i":"accessibility-passwordtextAbbr","$v":"passwdtxt"},{"$i":"accessibility-radiomenuitemAbbr","$v":"radio menu item"},{"$i":"accessibility-textcontainerAbbr","$v":"text container"},{"$i":"accessibility-togglebuttonAbbr","$v":"toggle button"},{"$i":"accessibility-treetableAbbr","$v":"tree table"},{"$i":"accessibility-headerAbbr","$v":"header"},{"$i":"accessibility-footerAbbr","$v":"footer"},{"$i":"accessibility-paragraphAbbr","$v":"paragraph"},{"$i":"accessibility-entryAbbr","$v":"entry"},{"$i":"accessibility-captionAbbr","$v":"caption"},{"$i":"accessibility-headingAbbr","$v":"heading"},{"$i":"accessibility-sectionAbbr","$v":"section"},{"$i":"accessibility-formAbbr","$v":"form"},{"$i":"accessibility-comboboxlistAbbr","$v":"combo box list"},{"$i":"accessibility-comboboxoptionAbbr","$v":"combo box option"},{"$i":"accessibility-imagemapAbbr","$v":"imgmap"},{"$i":"accessibility-listboxoptionAbbr","$v":"option"},{"$i":"accessibility-listboxAbbr","$v":"list box"},{"$i":"accessibility-flatequationAbbr","$v":"flat equation"},{"$i":"accessibility-gridcellAbbr","$v":"gridcell"},{"$i":"accessibility-noteAbbr","$v":"note"},{"$i":"accessibility-figureAbbr","$v":"fig"},{"$i":"accessibility-definitionlistAbbr","$v":"definition list"},{"$i":"accessibility-termAbbr","$v":"term"},{"$i":"accessibility-definitionAbbr","$v":"definition"},{"$i":"accessibility-textareaAbbr","$v":"txtarea"},{"$i":"accessibility-tblColumnInfoAbbr","$v":{"few":[{"t":"idOrVar","v":"count"},"c"],"many":[{"t":"idOrVar","v":"count"},"c"],"one":[{"t":"idOrVar","v":"count"},"c"],"other":[{"t":"idOrVar","v":"count"},"c"],"two":[{"t":"idOrVar","v":"count"},"c"]},"$x":[{"t":"idOrVar","v":"plural"},"count"]},{"$i":"accessibility-tblRowInfoAbbr","$v":{"few":[{"t":"idOrVar","v":"count"},"r"],"many":[{"t":"idOrVar","v":"count"},"r"],"one":[{"t":"idOrVar","v":"count"},"r"],"other":[{"t":"idOrVar","v":"count"},"r"],"two":[{"t":"idOrVar","v":"count"},"r"]},"$x":[{"t":"idOrVar","v":"plural"},"count"]},{"$i":"accessibility-cellInfoAbbr","$v":["c",{"t":"idOrVar","v":"0"},"r",{"t":"idOrVar","v":"1"}]},{"$i":"accessibility-stateCheckedAbbr","$v":"(x)"},{"$i":"accessibility-stateUncheckedAbbr","$v":"( )"},{"$i":"accessibility-statePressedAbbr","$v":"(x)"},{"$i":"accessibility-stateUnpressedAbbr","$v":"( )"},{"$i":"accessibility-pushbutton-hint","$v":"Double tap to activate"},{"$i":"accessibility-checkbutton-hint","$v":"Double tap to activate"},{"$i":"accessibility-combobox-hint","$v":"Double tap to activate"},{"$i":"accessibility-key-hint","$v":"Tap and hold to activate"},{"$i":"accessibility-link-hint","$v":"Double tap to activate"},{"$i":"accessibility-menuitem-hint","$v":"Double tap to activate"},{"$i":"accessibility-option-hint","$v":"Double tap to activate"},{"$i":"accessibility-radiobutton-hint","$v":"Double tap to activate"},{"$i":"accessibility-slider-hint","$v":"Swipe up to increase or down to decrease"},{"$i":"accessibility-spinbutton-hint","$v":"Swipe up to increase or down to decrease"},{"$i":"accessibility-pagetab-hint","$v":"Double tap to activate"},{"$i":"accessibility-entry-hint","$v":"Double tap to activate"},{"$i":"accessibility-outlineitem-hint","$v":"Double tap to activate"},{"$i":"SoftLeft","$v":"Kreisais izvēles taustiņš"},{"$i":"Enter","$v":"Taustiņš “Labi”"},{"$i":"SoftRight","$v":"Labais izvēles taustiņš"},{"$i":"weekday-0-long","$v":"Svētdiena"},{"$i":"weekday-1-long","$v":"Pirmdiena"},{"$i":"weekday-2-long","$v":"Otrdiena"},{"$i":"weekday-3-long","$v":"Trešdiens"},{"$i":"weekday-4-long","$v":"Ceturtdiena"},{"$i":"weekday-5-long","$v":"Piektdiena"},{"$i":"weekday-6-long","$v":"Sestdiena"},{"$i":"weekday-0-short","$v":"Sv"},{"$i":"weekday-1-short","$v":"P"},{"$i":"weekday-2-short","$v":"O"},{"$i":"weekday-3-short","$v":"T"},{"$i":"weekday-4-short","$v":"C"},{"$i":"weekday-5-short","$v":"Pk"},{"$i":"weekday-6-short","$v":"S"},{"$i":"month-0-long","$v":"Janvāris"},{"$i":"month-1-long","$v":"Februāris"},{"$i":"month-2-long","$v":"Marts"},{"$i":"month-3-long","$v":"Aprīlis"},{"$i":"month-4-long","$v":"Maijs"},{"$i":"month-5-long","$v":"Jūnijs"},{"$i":"month-6-long","$v":"Jūlijs"},{"$i":"month-7-long","$v":"Augusts"},{"$i":"month-8-long","$v":"Septembris"},{"$i":"month-9-long","$v":"Oktobris"},{"$i":"month-10-long","$v":"Novembris"},{"$i":"month-11-long","$v":"Decembris"},{"$i":"month-0-genitive","$v":"Janvāris"},{"$i":"month-1-genitive","$v":"Februāris"},{"$i":"month-2-genitive","$v":"Marts"},{"$i":"month-3-genitive","$v":"Aprīlis"},{"$i":"month-4-genitive","$v":"Maijs"},{"$i":"month-5-genitive","$v":"Jūnijs"},{"$i":"month-6-genitive","$v":"Jūlijs"},{"$i":"month-7-genitive","$v":"Augusts"},{"$i":"month-8-genitive","$v":"Septembris"},{"$i":"month-9-genitive","$v":"Oktobris"},{"$i":"month-10-genitive","$v":"Novembris"},{"$i":"month-11-genitive","$v":"Decembris"},{"$i":"month-0-short","$v":"Jan."},{"$i":"month-1-short","$v":"Febr."},{"$i":"month-2-short","$v":"Marts"},{"$i":"month-3-short","$v":"Apr."},{"$i":"month-4-short","$v":"Maijs"},{"$i":"month-5-short","$v":"Jūn."},{"$i":"month-6-short","$v":"Jūl."},{"$i":"month-7-short","$v":"Aug."},{"$i":"month-8-short","$v":"Sept."},{"$i":"month-9-short","$v":"Okt."},{"$i":"month-10-short","$v":"Nov."},{"$i":"month-11-short","$v":"Dec."},{"$i":"minutes-ago-long","$v":{"few":["Pirms ",{"t":"idOrVar","v":"value"}," minūtēm"],"many":["Pirms ",{"t":"idOrVar","v":"value"}," minūtēm"],"one":"pirms minūtes","other":["Pirms ",{"t":"idOrVar","v":"value"}," minūtēm"],"two":["Pirms ",{"t":"idOrVar","v":"value"}," minūtēm"],"zero":"tikko"},"$x":[{"t":"idOrVar","v":"plural"},"value"]},{"$i":"hours-ago-long","$v":{"few":["Pirms ",{"t":"idOrVar","v":"value"}," stundām"],"many":["Pirms ",{"t":"idOrVar","v":"value"}," stundām"],"one":"pirms stundas","other":["Pirms ",{"t":"idOrVar","v":"value"}," stundām"],"two":["Pirms ",{"t":"idOrVar","v":"value"}," stundām"],"zero":"tikko"},"$x":[{"t":"idOrVar","v":"plural"},"value"]},{"$i":"days-ago-long","$v":{"few":["Pirms ",{"t":"idOrVar","v":"value"}," dienām"],"many":["Pirms ",{"t":"idOrVar","v":"value"}," dienām"],"one":"vakar","other":["Pirms ",{"t":"idOrVar","v":"value"}," dienām"],"two":["Pirms ",{"t":"idOrVar","v":"value"}," dienām"],"zero":"šodien"},"$x":[{"t":"idOrVar","v":"plural"},"value"]},{"$i":"weeks-ago-long","$v":{"few":["Pirms ",{"t":"idOrVar","v":"value"}," nedēļām"],"many":["Pirms ",{"t":"idOrVar","v":"value"}," nedēļām"],"one":"pagājušajā nedēļā","other":["Pirms ",{"t":"idOrVar","v":"value"}," nedēļām"],"two":["Pirms ",{"t":"idOrVar","v":"value"}," nedēļām"],"zero":"šonedēļ"},"$x":[{"t":"idOrVar","v":"plural"},"value"]},{"$i":"months-ago-long","$v":{"few":["Pirms ",{"t":"idOrVar","v":"value"}," mēnešiem"],"many":["Pirms ",{"t":"idOrVar","v":"value"}," mēnešiem"],"one":"pagājušajā mēnesī","other":["Pirms ",{"t":"idOrVar","v":"value"}," mēnešiem"],"two":["Pirms ",{"t":"idOrVar","v":"value"}," mēnešiem"],"zero":"šomēnes"},"$x":[{"t":"idOrVar","v":"plural"},"value"]},{"$i":"years-ago-long","$v":{"few":["Pirms ",{"t":"idOrVar","v":"value"}," gadiem"],"many":["Pirms ",{"t":"idOrVar","v":"value"}," gadiem"],"one":"pagājušajā gadā","other":["Pirms ",{"t":"idOrVar","v":"value"}," gadiem"],"two":["Pirms ",{"t":"idOrVar","v":"value"}," gadiem"],"zero":"šogad"},"$x":[{"t":"idOrVar","v":"plural"},"value"]},{"$i":"minutes-until-long","$v":{"few":[{"t":"idOrVar","v":"value"}," minūtēs"],"many":[{"t":"idOrVar","v":"value"}," minūtēs"],"one":"minūtē","other":[{"t":"idOrVar","v":"value"}," minūtēs"],"two":[{"t":"idOrVar","v":"value"}," minūtēs"],"zero":"tūlīt"},"$x":[{"t":"idOrVar","v":"plural"},"value"]},{"$i":"hours-until-long","$v":{"few":[{"t":"idOrVar","v":"value"}," stundās"],"many":[{"t":"idOrVar","v":"value"}," stundās"],"one":"stundā","other":[{"t":"idOrVar","v":"value"}," stundās"],"two":[{"t":"idOrVar","v":"value"}," stundās"],"zero":"tūlīt"},"$x":[{"t":"idOrVar","v":"plural"},"value"]},{"$i":"days-until-long","$v":{"few":[{"t":"idOrVar","v":"value"}," dienās"],"many":[{"t":"idOrVar","v":"value"}," dienās"],"one":"rīt","other":[{"t":"idOrVar","v":"value"}," dienās"],"two":[{"t":"idOrVar","v":"value"}," dienās"],"zero":"šodien"},"$x":[{"t":"idOrVar","v":"plural"},"value"]},{"$i":"weeks-until-long","$v":{"few":[{"t":"idOrVar","v":"value"}," nedēļās"],"many":[{"t":"idOrVar","v":"value"}," nedēļās"],"one":"nākamā nedēļa","other":[{"t":"idOrVar","v":"value"}," nedēļās"],"two":[{"t":"idOrVar","v":"value"}," nedēļās"],"zero":"šonedēļ"},"$x":[{"t":"idOrVar","v":"plural"},"value"]},{"$i":"months-until-long","$v":{"few":[{"t":"idOrVar","v":"value"}," mēnešos"],"many":[{"t":"idOrVar","v":"value"}," mēnešos"],"one":"nākamais mēnesis","other":[{"t":"idOrVar","v":"value"}," mēnešos"],"two":[{"t":"idOrVar","v":"value"}," mēnešos"],"zero":"šomēnes"},"$x":[{"t":"idOrVar","v":"plural"},"value"]},{"$i":"years-until-long","$v":{"few":[{"t":"idOrVar","v":"value"}," gados"],"many":[{"t":"idOrVar","v":"value"}," gados"],"one":"nākamais gads","other":[{"t":"idOrVar","v":"value"}," gados"],"two":[{"t":"idOrVar","v":"value"}," gados"],"zero":"šogad"},"$x":[{"t":"idOrVar","v":"plural"},"value"]},{"$i":"minutes-ago-short","$v":{"other":["Pirms ",{"t":"idOrVar","v":"value"}," min."],"zero":"tikko"},"$x":[{"t":"idOrVar","v":"plural"},"value"]},{"$i":"hours-ago-short","$v":{"other":["Pirms ",{"t":"idOrVar","v":"value"}," stundām"],"zero":"tikko"},"$x":[{"t":"idOrVar","v":"plural"},"value"]},{"$i":"days-ago-short","$v":{"other":["Pirms ",{"t":"idOrVar","v":"value"}," d."],"zero":"šodien"},"$x":[{"t":"idOrVar","v":"plural"},"value"]},{"$i":"minutes-until-short","$v":{"other":[{"t":"idOrVar","v":"value"}," min."],"zero":"tūlīt"},"$x":[{"t":"idOrVar","v":"plural"},"value"]},{"$i":"hours-until-short","$v":{"other":[{"t":"idOrVar","v":"value"}," st."],"zero":"tūlīt"},"$x":[{"t":"idOrVar","v":"plural"},"value"]},{"$i":"days-until-short","$v":{"other":[{"t":"idOrVar","v":"value"}," dienās"],"zero":"šodien"},"$x":[{"t":"idOrVar","v":"plural"},"value"]},{"$i":"incorrectDate","$v":"(nepareizs datums)"},{"$i":"dateTimeFormat_%c","$v":"%a %b %e %Y %I:%M:%S %p"},{"$i":"dateTimeFormat_%x","$v":"%m/%d/%Y"},{"$i":"dateTimeFormat_%X","$v":"%I:%M:%S %p"},{"$i":"shortTimeFormat","$v":"%I:%M %p"},{"$i":"shortTimeFormat12","$v":"%I:%M %p"},{"$i":"shortTimeFormat24","$v":"%H:%M"},{"$i":"shortDateTimeFormat","$v":"%x %I:%M %p"},{"$i":"weekStartsOnMonday","$v":"0.0"},{"$i":"firstDayOfTheWeek","$v":"1.0"},{"$i":"time_am","$v":"no rīta"},{"$i":"time_pm","$v":"Pēc plkst."},{"$i":"title-app","$v":"Programmu atļauja"},{"$i":"title-web","$v":"Vietnes atļauja"},{"$i":"title-cam","$v":"Atlasiet kameru"},{"$i":"perm-alarms","$v":"Signālu plānošana"},{"$i":"perm-audio-capture","$v":"Mikrofons"},{"$i":"perm-audio-capture-appRequest","$v":["Vai vēlaties kopīgot savu mikrofonu ar programmu ",{"t":"idOrVar","v":"app"},"?"]},{"$i":"perm-audio-capture-webRequest","$v":["Vai vēlaties kopīgot savu mikrofonu ar vietni ",{"t":"idOrVar","v":"site"},"?"]},{"$i":"perm-audio-channel-content","$v":"Atskaņot skaņas"},{"$i":"perm-audio-channel-notification","$v":"Atskaņot paziņ. skaņas"},{"$i":"perm-audio-channel-ringer","$v":"Play Ringtone Sounds"},{"$i":"perm-background-sensors","$v":"Piekļuves sensoru dati"},{"$i":"perm-bluetooth","$v":"Bluetooth"},{"$i":"perm-browser","$v":"Pārbaudiet Web lapas"},{"$i":"perm-camera","$v":"Fotokameras"},{"$i":"perm-camera-selector-appRequest","$v":["Atlasiet kameru priekš ",{"t":"idOrVar","v":"app"},"."]},{"$i":"perm-camera-selector-webRequest","$v":["Atlasiet kameru priekš ",{"t":"idOrVar","v":"site"},"."]},{"$i":"perm-camera-appRequest","$v":["Lietotne ",{"t":"idOrVar","v":"app"}," vēlas izmantot jūsu kameru."]},{"$i":"perm-camera-webRequest","$v":["Vietne ",{"t":"idOrVar","v":"site"}," vēlas izmantot jūsu kameru."]},{"$i":"perm-cellbroadcast","$v":"Šūnu apraide"},{"$i":"perm-contacts","$v":"Kontakti"},{"$i":"perm-contacts-appRequest","$v":["Lietotne ",{"t":"idOrVar","v":"app"}," vēlas piekļūt jūsu kontaktu sarakstam."]},{"$i":"perm-contacts-webRequest","$v":["Vietne ",{"t":"idOrVar","v":"site"}," vēlas piekļūt jūsu kontaktu sarakstam."]},{"$i":"perm-desktop-notification","$v":"Paziņojumi"},{"$i":"perm-desktop-notification-appRequest","$v":["Lietotne ",{"t":"idOrVar","v":"app"}," vēlas rādīt paziņojumus."]},{"$i":"perm-desktop-notification-webRequest","$v":["Vietne ",{"t":"idOrVar","v":"site"}," vēlas rādīt paziņojumus."]},{"$i":"perm-device-storage-apps","$v":"Programmu krātuve"},{"$i":"perm-device-storage-music","$v":"Mūzikas krātuve"},{"$i":"perm-device-storage-music-appRequest","$v":["Lietotne ",{"t":"idOrVar","v":"app"}," vēlas piekļūt jūsu mūzikai."]},{"$i":"perm-device-storage-music-webRequest","$v":["Vietne ",{"t":"idOrVar","v":"site"}," vēlas piekļūt jūsu mūzikai."]},{"$i":"perm-device-storage-pictures","$v":"Attēlu krātuve"},{"$i":"perm-device-storage-pictures-appRequest","$v":["Lietotne ",{"t":"idOrVar","v":"app"}," vēlas piekļūt jūsu attēliem."]},{"$i":"perm-device-storage-pictures-webRequest","$v":["Vietne ",{"t":"idOrVar","v":"site"}," vēlas piekļūt jūsu attēliem."]},{"$i":"perm-device-storage-sdcard","$v":"Atmiņas kartes krātuve"},{"$i":"perm-device-storage-sdcard-appRequest","$v":["Lietotne ",{"t":"idOrVar","v":"app"}," vēlas piekļūt jūsu atmiņas kartei."]},{"$i":"perm-device-storage-sdcard-webRequest","$v":["Vietne ",{"t":"idOrVar","v":"site"}," vēlas piekļūt jūsu atmiņas kartei."]},{"$i":"perm-device-storage-videos","$v":"Video krātuve"},{"$i":"perm-device-storage-videos-appRequest","$v":["Lietotne ",{"t":"idOrVar","v":"app"}," vēlas piekļūt jūsu video."]},{"$i":"perm-device-storage-videos-webRequest","$v":["Vietne ",{"t":"idOrVar","v":"site"}," vēlas piekļūt jūsu video."]},{"$i":"perm-fullscreen-appRequest","$v":["Lietotnei ",{"t":"idOrVar","v":"app"}," tagad ir pilnekrāna režīms."]},{"$i":"perm-fullscreen-webRequest","$v":["Vietnē ",{"t":"idOrVar","v":"site"}," tagad ir pilnekrāna režīms."]},{"$i":"perm-embed-apps","$v":"Iegultās programmas"},{"$i":"perm-fmradio","$v":"FM radio"},{"$i":"perm-fmradio-appRequest","$v":["Lietotne ",{"t":"idOrVar","v":"app"}," vēlas izmantot FM radio."]},{"$i":"perm-fmradio-webRequest","$v":["Vietne ",{"t":"idOrVar","v":"site"}," vēlas izmantot FM radio."]},{"$i":"perm-geolocation","$v":"Ģeogrāfiskā atrašanās vieta"},{"$i":"perm-geolocation-appRequest","$v":["Lietotne ",{"t":"idOrVar","v":"app"}," vēlas uzzināt jūsu atrašanās vietu."]},{"$i":"perm-geolocation-more-info","$v":[{"t":"idOrVar","v":"brandShortName"}," izmanto GPS, kā arī papildu informāciju, piemēram, WiFi un mobilos tīklus, lai tuvinātu jūsu atrašanās vietu. Atrašanās vietas datus var izmantot ",{"t":"idOrVar","v":"brandShortName"}," un pakalpojumu sniedzēji, lai uzlabotu atrašanās vietu datu bāžu precizitāti un aptvērumu. ",{"t":"idOrVar","v":"brandShortName"}," vienmēr pieprasa atļauju, ja lietojumprogrammai ir nepieciešama piekļuve jūsu ierīces atrašanās vietai."]},{"$i":"perm-geolocation-webRequest","$v":["Vietne ",{"t":"idOrVar","v":"site"}," vēlas uzzināt jūsu atrašanās vietu."]},{"$i":"perm-idle","$v":"Skatīt dīkstāves statusu"},{"$i":"perm-indexedDB-chrome-settings","$v":"Privileģēts IndexedDB"},{"$i":"perm-indexedDB-unlimited","$v":"Neierobežota indexedDB krātuve"},{"$i":"perm-input-manage","$v":"Tastatūru pārvaldīšana"},{"$i":"perm-input","$v":"Darbojas kā tastatūra"},{"$i":"perm-media-capture","$v":"Kamera un mikrofons"},{"$i":"perm-media-capture-appRequest","$v":["Vai vēlaties kopīgot savu kameru un mikrofonu ar programmu ",{"t":"idOrVar","v":"app"},"?"]},{"$i":"perm-media-capture-webRequest","$v":["Vai vēlaties kopīgot savu kameru un mikrofonu ar vietni ",{"t":"idOrVar","v":"site"},"?"]},{"$i":"perm-mobileconnection","$v":"Mobilais savienojums"},{"$i":"perm-mobileid","$v":"Mobilā identitāte"},{"$i":"perm-network-events","$v":"Tīkla notikumi"},{"$i":"perm-open-remote-window","$v":"Startēt programmu"},{"$i":"perm-permissions","$v":"Programmu atļauju modificēšana"},{"$i":"perm-power","$v":"Enerģijas uzstādījumi"},{"$i":"perm-settings","$v":"Uzstādījumu modificēšana"},{"$i":"perm-systemXHR","$v":"Pārrobežu pieprasījumi"},{"$i":"perm-telephony","$v":"Telefonija"},{"$i":"perm-video-capture","$v":"Kamera"},{"$i":"perm-video-capture-appRequest","$v":["Vai vēlaties kopīgot savu kameru ar programmu ",{"t":"idOrVar","v":"app"},"?"]},{"$i":"perm-video-capture-webRequest","$v":["Vai vēlaties kopīgot savu kameru ar vietni ",{"t":"idOrVar","v":"site"},"?"]},{"$i":"perm-voicemail","$v":"Balss pasta kontrole"},{"$i":"perm-webapps-manage","$v":"Instalējiet Web programmas"},{"$i":"perm-wifi-manage","$v":"Wi-Fi pārvaldīšana"},{"$i":"perm-attention","$v":"Atvērt pārklājuma uznirstošos logus"},{"$i":"perm-audio-channel-alarm","$v":"Atskaņot signāla skaņas"},{"$i":"perm-audio-channel-normal","$v":"Atskaņot skaņas"},{"$i":"perm-audio-channel-publicnotification","$v":"Atskaņot publisko paziņ. skaņas"},{"$i":"perm-audio-channel-telephony","$v":"Atskaņot telefonijas skaņas"},{"$i":"perm-backgroundservice","$v":"Darbojas kā fona pakalpojums"},{"$i":"perm-device-storage-crashes","$v":"Avārijas datu krātuve"},{"$i":"perm-downloads","$v":"Piekļuves lejupielādes"},{"$i":"perm-embed-widgets","$v":"Iegultie logrīki"},{"$i":"perm-feature-detection","$v":"Funkciju noteikšana"},{"$i":"perm-firefox-accounts","$v":"Firefox konti"},{"$i":"perm-mobilenetwork","$v":"Mobilais tīkls"},{"$i":"perm-moz-attention","$v":"Atvērt pārklājuma uznirstošos logus (moz)"},{"$i":"perm-moz-audio-channel-ringer","$v":"Play Ringtone Sounds (moz)"},{"$i":"perm-moz-audio-channel-telephony","$v":"Atskaņot telef. skaņas (moz)"},{"$i":"perm-moz-firefox-accounts","$v":"Firefox konti (moz)"},{"$i":"perm-networkstats-manage","$v":"Kontroles izmantošanas statistika"},{"$i":"perm-nfc","$v":"NFC"},{"$i":"perm-nfc-hci-events","$v":"NFC HCI notikumi"},{"$i":"perm-nfc-manager","$v":"NFC pārvaldīšana"},{"$i":"perm-phonenumberservice","$v":"Tālruņa nr. pakalp."},{"$i":"perm-push","$v":"Push API"},{"$i":"perm-resourcestats-manage","$v":"Resursu statistika"},{"$i":"perm-sms","$v":"Sūtīt un lasīt īsziņu"},{"$i":"perm-speaker-control","$v":"Kontroles apjoms"},{"$i":"perm-storage","$v":"Piekļuves krātuve"},{"$i":"perm-tcp-socket","$v":"TCP ligzdas"},{"$i":"perm-test-permission","$v":"Test Permission"},{"$i":"perm-time","$v":"Uzstādīt datumu un laiku"},{"$i":"perm-udp-socket","$v":"UDP ligzdas"},{"$i":"perm-wappush","$v":"WAP stūmējtehnoloģija"},{"$i":"stopped_download_title","$v":"Lejupielāde pārtraukta"},{"$i":"tcl-stopped_download_message","$v":"Šī lejupielāde tika pārtraukta. Vai vēlaties atsākt lejupielādi?"},{"$i":"stopped_download_left_button","$v":"Atcelt"},{"$i":"stopped_download_right_button","$v":"Mēģināt vēlreiz"},{"$i":"failed_download_title","$v":"Lejupielāde neizdevās"},{"$i":"failed_download_message","$v":["Neizdevās lejupielādēt ",{"t":"idOrVar","v":"name"},". Vai vēlreiz mēģināt lejupielādēt?"]},{"$i":"failed_download_left_button","$v":"Atcelt"},{"$i":"failed_download_right_button","$v":"Mēģināt vēlreiz"},{"$i":"stop_download_title","$v":"Pārtraukt lejupielādi"},{"$i":"stop_download_message","$v":"Vai tiešām vēlaties apturēt lejupielādi?"},{"$i":"stop_download_left_button","$v":"Atcelt"},{"$i":"stop_download_right_button","$v":"Apturēt"},{"$i":"delete_download_title","$v":"Dzēst"},{"$i":"delete_download_message","$v":["Vai dzēst ",{"t":"idOrVar","v":"name"},"?"]},{"$i":"delete_download_left_button","$v":"Atcelt"},{"$i":"delete_download_right_button","$v":"Dzēst"},{"$i":"delete_all_download_title","$v":"Dzēst"},{"$i":"delete_all_download_left_button","$v":"Atcelt"},{"$i":"delete_all_download_right_button","$v":"Dzēst"},{"$i":"delete_all_download_message_ext","$v":"Vai dzēst izvēlētos failus?"},{"$i":"delete_all_download_message","$v":{"few":["Vai dzēst ",{"t":"idOrVar","v":"number"}," failus?"],"many":["Vai dzēst ",{"t":"idOrVar","v":"number"}," failus?"],"one":"Vai dzēst vienu failu?","other":["Vai dzēst ",{"t":"idOrVar","v":"number"}," failus?"],"two":["Vai dzēst ",{"t":"idOrVar","v":"number"}," failus?"],"zero":"Vai neizdzēst failus?"},"$x":[{"t":"idOrVar","v":"plural"},"number"]},{"$i":"unsupported_file_type_download_title","$v":"Nevar atvērt"},{"$i":"unsupported_file_type_download_message","$v":["Nav nevienas programmas, ar ko var atvērt failu ",{"t":"idOrVar","v":"name"},". Vai vēlaties failu saglabāt vai dzēst?"]},{"$i":"unsupported_file_type_download_left_button","$v":"Paturēt failu"},{"$i":"unsupported_file_type_download_right_button","$v":"Dzēst"},{"$i":"file_not_found_download_title","$v":"Fails nav atrasts"},{"$i":"file_not_found_download_message","$v":"Fails ierīcē netika atrasts"},{"$i":"file_not_found_download_right_button","$v":"Labi"},{"$i":"unmounted_sdcard_2_download_title","$v":"Atmiņas karte tiek izmantota"},{"$i":"unmounted_sdcard_2_download_message","$v":"Atvienojiet tālruni"},{"$i":"unmounted_sdcard_2_download_right_button","$v":"Labi"},{"$i":"no_provider_download_title","$v":"Nevar atvērt"},{"$i":"no_provider_download_message","$v":"Šis faila formāts ir nederīgs vai neatbalstīts."},{"$i":"no_provider_download_right_button","$v":"Labi"},{"$i":"no_memory_download_title","$v":"SIM karte ir pilna"},{"$i":"no_memory_download_message","$v":"Jūsu SD kartē nepietiek vietas, lai saglabātu lejupielādi. Pirms lejupielādes atsākšanas noņemiet dažus failus."},{"$i":"no_memory_download_right_button","$v":"Labi"},{"$i":"no_sdcard_found_2_download_title","$v":"Netika atrasta neviena atmiņas karte"},{"$i":"no_sdcard_found_2_download_message","$v":"Ievietojiet atmiņas karti vai sadaļā Uzstādījumi izvēlieties citu noklusējuma multivides atrašanās vietu"},{"$i":"no_sdcard_found_2_download_right_button","$v":"Labi"},{"$i":"file_open_error_download_title","$v":"Apstiprinājums"},{"$i":"file_open_error_download_message","$v":"Šis faila formāts nav derīgs vai neietiek atbalstīts. Vai vēlaties dzēst failu?"},{"$i":"file_open_error_download_left_button","$v":"Paturēt failu"},{"$i":"file_open_error_download_right_button","$v":"Dzēst"},{"$i":"restart_download_error","$v":"Restartējot lejupielādi, radās kļūda. Mēģiniet lejupielādēt vēlreiz."},{"$i":"no-downloads","$v":"Nav lejupielāžu"},{"$i":"percentage","$v":[{"t":"idOrVar","v":"percentage"}," %"]},{"$i":"partialResult","$v":[{"t":"idOrVar","v":"partial"}," / ",{"t":"idOrVar","v":"total"}]},{"$i":"summary","$v":[{"t":"idOrVar","v":"date"}," - ",{"t":"idOrVar","v":"status"}]},{"$i":"download-stopped","$v":"Pārtraukts"},{"$i":"download-failed","$v":"Lejupielāde neizdevās"},{"$i":"open_downloaded_file","$v":"Atvērt"},{"$i":"share_downloaded_file","$v":"Kopīgot"},{"$i":"wallpaper_downloaded_file","$v":"Uzstādīt kā fona attēlu"},{"$i":"ringtone_downloaded_file","$v":"Uzstādīt kā zvana signālu"},{"$i":"cancel_downloaded_file","$v":"Atcelt"},{"$i":"voicemailNoNumberTitle","$v":"Balss pasta numurs nav pieejams"},{"$i":"voicemailNoNumberText","$v":"Nevar izsaukt balss pastu. Iestatiet balss pasta numuru, lai veiktu zvanu."},{"$i":"voicemailNoNumberSettings","$v":"Uzstādījumi"},{"$i":"voicemailNoNumberCancel","$v":"Atcelt"},{"$i":"airplaneMode","$v":"Lidmašīnas režīms"},{"$i":"noNetwork","$v":"Nav tīkla"},{"$i":"roaming","$v":[{"t":"idOrVar","v":"operator"}," (viesabonēšana)"]},{"$i":"operator-info","$v":[{"t":"idOrVar","v":"carrier"}," ",{"t":"idOrVar","v":"region"}]},{"$i":"emergencyCallsOnly","$v":"Tikai ārkārtas zvani"},{"$i":"emergencyCallsOnly-unknownSIMState","$v":"(nezināms SIM kartes stāvoklis)"},{"$i":"emergencyCallsOnly-noSIM","$v":"(nav SIM)"},{"$i":"emergencyCallsOnly-pinRequired","$v":"(Nepieciešams SIM kartes kods)"},{"$i":"emergencyCallsOnly-pukRequired","$v":"(Nepieciešams SIM kartes PUK kods)"},{"$i":"emergencyCallsOnly-networkLocked","$v":"(tīkls ir bloķēts)"},{"$i":"emergencyCallsOnly-serviceProviderLocked","$v":"(pak. sniedzējs bloķēts)"},{"$i":"emergencyCallsOnly-corporateLocked","$v":"(uzņēmuma bloķēts)"},{"$i":"emergencyCallsOnly-network1Locked","$v":"(1. tīkls ir bloķēts)"},{"$i":"emergencyCallsOnly-network2Locked","$v":"(2. tīkls ir bloķēts)"},{"$i":"emergencyCallsOnly-hrpdNetworkLocked","$v":"(hrpd tīkls bloķēts)"},{"$i":"emergencyCallsOnly-ruimCorporateLocked","$v":"(ruim uzņēmums ir bloķēts)"},{"$i":"emergencyCallsOnly-ruimServiceProviderLocked","$v":"(ruim pakalpojumu sniedzējs ir bloķēts)"},{"$i":"lockscreen-sim-id","$v":["SIM ",{"t":"idOrVar","v":"n"}]},{"$i":"charging-no-time","$v":[{"t":"idOrVar","v":"level"},"% uzlāde"]},{"$i":"charging-minutes","$v":{"few":[{"t":"idOrVar","v":"level"},"% uzlāde ( ",{"t":"idOrVar","v":"minutes"}," min līdz pilnīgai uzlādei)"],"many":[{"t":"idOrVar","v":"level"},"% uzlāde ( ",{"t":"idOrVar","v":"minutes"}," min līdz pilnīgai uzlādei)"],"one":[{"t":"idOrVar","v":"level"},"% uzlāde (",{"t":"idOrVar","v":"minutes"}," min līdz pilnīgai uzlādei)"],"other":[{"t":"idOrVar","v":"level"},"% uzlāde ( ",{"t":"idOrVar","v":"minutes"}," min līdz pilnīgai uzlādei)"],"two":[{"t":"idOrVar","v":"level"},"% uzlāde ( ",{"t":"idOrVar","v":"minutes"}," min līdz pilnīgai uzlādei)"],"zero":[{"t":"idOrVar","v":"level"},"% uzlāde ( ",{"t":"idOrVar","v":"minutes"}," min līdz pilnīgai uzlādei)"]},"$x":[{"t":"idOrVar","v":"plural"},"minutes"]},{"$i":"charging-hours","$v":{"few":[{"t":"idOrVar","v":"level"},"% uzlāde ( ",{"t":"idOrVar","v":"hours"}," h ",{"t":"idOrVar","v":"minutes"}," min līdz pilnīgai uzlādei)"],"many":[{"t":"idOrVar","v":"level"},"% uzlāde ( ",{"t":"idOrVar","v":"hours"}," h ",{"t":"idOrVar","v":"minutes"}," min līdz pilnīgai uzlādei)"],"one":[{"t":"idOrVar","v":"level"},"% uzlāde ( ",{"t":"idOrVar","v":"hours"}," h ",{"t":"idOrVar","v":"minutes"}," min līdz pilnīgai uzlādei)"],"other":[{"t":"idOrVar","v":"level"},"% uzlāde ( ",{"t":"idOrVar","v":"hours"}," h ",{"t":"idOrVar","v":"minutes"}," min līdz pilnīgai uzlādei)"],"two":[{"t":"idOrVar","v":"level"},"% uzlāde ( ",{"t":"idOrVar","v":"hours"}," h ",{"t":"idOrVar","v":"minutes"}," min līdz pilnīgai uzlādei)"],"zero":[{"t":"idOrVar","v":"level"},"% uzlāde ( ",{"t":"idOrVar","v":"hours"}," h ",{"t":"idOrVar","v":"minutes"}," min līdz pilnīgai uzlādei)"]},"$x":[{"t":"idOrVar","v":"plural"},"minutes"]},{"$i":"network-error-in-app","$v":"Pašlaik nav piekļuves internetam."},{"$i":"network-error-launching","$v":[{"t":"idOrVar","v":"name"}," ir nepieciešams interneta savienojums."]},{"$i":"network-error-launching-title","$v":"Nav interneta savienojuma"},{"$i":"network-error-launching-message","$v":"Izmantojiet Wi-Fi vai mobilos datus, lai piekļūtu internetam."},{"$i":"server-not-found","$v":"Serveris nav atrasts"},{"$i":"server-not-found-error","$v":["Nevar atrast serveri vietnē ",{"t":"idOrVar","v":"name"},"."]},{"$i":"file-not-found","$v":"Fails nav atrasts"},{"$i":"file-not-found-error","$v":"Ierīce nevar attēlot šo lapu, jo nevar atrast failu."},{"$i":"connection-failed","$v":"Nevar savienot"},{"$i":"connection-failed-error","$v":"Mēģinot piekļūt vietnei, radās tīkla kļūda."},{"$i":"invalid-connection","$v":"Nevar savienot"},{"$i":"invalid-connection-error","$v":"Mēģinot piekļūt vietnei, radās tīkla kļūda."},{"$i":"malformed-uri","$v":"URL nav derīgs"},{"$i":"malformed-uri-error","$v":"Ievadītais URL nav derīgs, un to nevar ielādēt."},{"$i":"redirect-loop","$v":"Nevaru attēlot lapu"},{"$i":"redirect-loop-error","$v":"Ierīce nevar attēlot šo lapu, jo tā netiek pareizi novirzīta. Vēlāk vēlreiz mēģiniet atvērt šo lapu."},{"$i":"not-cached","$v":"Lapas laiks ir beidzies"},{"$i":"not-cached-error","$v":"Drošības nolūkos ierīce nevar parādīt šo lapu, jo ir beidzies tās termiņš."},{"$i":"is-printing","$v":"piekļuve ir liegta"},{"$i":"is-printing-error","$v":"Dokumentu nevar modificēt, kamēr tas tiek drukāts vai ir atvērts drukas priekšskatījums."},{"$i":"denied-port-access","$v":"Adrese ierobežota"},{"$i":"denied-port-access-error","$v":"Šī adrese izmanto tīkla portu, ko parasti neizmanto Web pārlūkošanai. Aizsardzības nolūkā ierīce ir atcēlusi jūsu pieprasījumu."},{"$i":"proxy-resolve-failure","$v":"Starpniekservera kļūda"},{"$i":"proxy-resolve-failure-error","$v":"Ierīce ir konfigurēta izmantot starpniekserveri, bet to nevar atrast."},{"$i":"proxy-connect-failure","$v":"Starpniekservera kļūda"},{"$i":"proxy-connect-failure-error","$v":"Ierīce ir konfigurēta izmantot starpniekserveri, kas noraida savienojumus."},{"$i":"content-encoding","$v":"Nevar attēlot lapu"},{"$i":"content-encoding-error","$v":"Ierīce nevar attēlot šo lapu, jo radās satura kodēšanas kļūda."},{"$i":"remote-xul","$v":"Lapa nav atbalstīta"},{"$i":"remote-xul-error","$v":"Šo lapu nevar attēlot, jo tajā tiek izmantota tehnoloģija, kas šajā ierīcē netiek atbalstīta."},{"$i":"phishing-blocked","$v":"Brīdinājums"},{"$i":"phishing-blocked-error","$v":"Ir informēts, ka šī vietne ir Web viltojums, kas ir paredzēta, lai izkrāptu no lietotājiem personas vai finanšu informāciju."},{"$i":"malware-blocked","$v":"Ļaunprogrammatūras uzbrukums ir bloķēts"},{"$i":"malware-blocked-error","$v":"Ir informēts, ka šī vietne ir uzbrukuma vietne. Aizsardzības nolūkā ierīce ir bloķējusi jūsu pieprasījumu."},{"$i":"unsafe-content-type","$v":"Nedrošs saturs"},{"$i":"unsafe-content-type-error","$v":"Lapu nevar parādīt, jo to, iespējams, atvērt nav droši."},{"$i":"corrupted-content","$v":"Nevar savienot"},{"$i":"corrupted-content-error","$v":"Lapu nevar parādīt, jo datu pārraidē tika konstatēta kļūda."},{"$i":"unknown-protocol-found","$v":"Lapa nav atbalstīta"},{"$i":"unknown-protocol-found-error","$v":"Lapu nevar attēlot, jo tajā tiek izmantota šajā ierīcē neatbalstīta tehnoloģija."},{"$i":"try-again","$v":"Mēģināt vēlreiz"},{"$i":"check-settings","$v":"Pārbaudīt uzstādījumus"},{"$i":"firefox-accounts-title","$v":"KaiOS konti"},{"$i":"firefox-accounts-title-sign-in","$v":"Pierakstīties"},{"$i":"firefox-accounts-title-create-account","$v":"Izveidot kontu"},{"$i":"kaios-accounts-title-about-kaios-account","$v":"Par KaiOS kontu"},{"$i":"kaios-accounts-phone-verification","$v":"Tālruņa numura apstiprināšana"},{"$i":"kaios-accounts-title-account-info","$v":"Konta informācija"},{"$i":"fxa-next","$v":"Tālāk"},{"$i":"fxa-back","$v":"Atpakaļ"},{"$i":"fxa-done","$v":"Gatavs"},{"$i":"fxa-ok","$v":"LABI"},{"$i":"tcl-changessaved","$v":"Izmaiņas saglabātas"},{"$i":"tcl-verification-mail-has-been-sent","$v":"Ir nosūtīta apstiprinājuma saite uz šo adresi:"},{"$i":"fxa-decline","$v":"Atteikt"},{"$i":"fxa-accept","$v":"Pieņemt"},{"$i":"fxa-sining-in","$v":"Notiek pierakstīšanās..."},{"$i":"not-now","$v":"Ne tagad"},{"$i":"send-sms","$v":"Sūtīt īsziņu"},{"$i":"resend-sms","$v":"Pārsūtīt SMS"},{"$i":"fxa-connection-error-title","$v":"Nevar savienot"},{"$i":"fxa-connection-error-message","$v":"Varat izveidot kontu vai pierakstīties sadaļā Uzstādījumi."},{"$i":"fxa-reset-password-error-title","$v":"Atiestatīt paroli"},{"$i":"fxa-reset-password-error-message","$v":"Varat atiestatīt savu paroli sadaļā Uzstādījumi."},{"$i":"fxa-incorrect-email-address-or-password","$v":"fxa incorrect email address or password"},{"$i":"fxa-internet-connection-is-required","$v":"fxa ir nepieciešams interneta savienojums"},{"$i":"fxa-server-error","$v":"Servera kļūda. Mēģiniet vēlreiz"},{"$i":"fxa-server-error-2","$v":"Kļūda"},{"$i":"fxa-server-error-message","$v":"Nevar izveidot kontu. Lūdzu, vēlāk mēģiniet vēlreiz."},{"$i":"fxa-server-error-message-2","$v":"Serveris nav pieejams. Lūdzu, vēlāk mēģiniet vēlreiz."},{"$i":"fxa-offline-error-title","$v":"Nevar savienot"},{"$i":"fxa-offline-error-message","$v":"Sadaļā Uzstādījumi izveidojiet savienojumu ar tīklu."},{"$i":"fxa-offline-error-message-1","$v":"Nav interneta savienojuma."},{"$i":"fxa-invalid-email-title","$v":"Kļūda"},{"$i":"fxa-invalid-email-message","$v":"Ievadiet derīgu e-pastu."},{"$i":"fxa-invalid-password-title","$v":"Kļūda"},{"$i":"fxa-invalid-password-message","$v":"Nepareiza e-pasta adrese vai parole"},{"$i":"fxa-invalid-password-message-1","$v":"Nepareiza parole."},{"$i":"fxa-unknown-error-title","$v":"Nevar savienot"},{"$i":"fxa-unknown-error-message","$v":"Sistēma nav pieejama; drīzumā mēģiniet vēlreiz."},{"$i":"fxa-email-is-taken-title","$v":"Kļūda"},{"$i":"fxa-email-is-taken-message","$v":"Ar šo e-pastu jau ir izveidots konts. Pierakstieties savā kontā."},{"$i":"fxa-confirm-age-title","$v":"Kļūda"},{"$i":"fxa-confirm-age-message","$v":"Apstipriniet, ka esat vecāks par 13 gadiem"},{"$i":"fxa-account-does-not-exist","$v":"Kļūda"},{"$i":"fxa-account-does-not-exist-message","$v":"Nepareiza e-pasta adrese vai parole"},{"$i":"fxa-account-does-not-exist-message-1","$v":"Account does not exist."},{"$i":"fxa-password-dont-match","$v":"Kļūda"},{"$i":"fxa-password-dont-match-message","$v":"Paroles nesakrīt."},{"$i":"fxa-password-less","$v":"Kļūda"},{"$i":"fxa-password-less-message","$v":"Parole ir īsāka par 8 rakstzīmēm."},{"$i":"fxa-password-less-message-1","$v":"Parole ir īsāka par 8 rakstzīmēm."},{"$i":"fxa-password-more","$v":"Kļūda"},{"$i":"fxa-password-more-message","$v":"Parole ir garāka par 20 rakstzīmēm."},{"$i":"fxa-password-more-message-1","$v":"Parole ir garāka par 20 rakstzīmēm."},{"$i":"fxa-password-error","$v":"Kļūda"},{"$i":"fxa-password-error-message","$v":"Parolei ir jābūt vismaz 8–20 zīmes garai, jābūt gan cipariem, gan burtiem."},{"$i":"fxa-connecting","$v":"Savieno"},{"$i":"fxa-enter-phone-number-message","$v":"Lūdzu, ievadiet savu tālruņa numuru. Jums tiks nosūtīta SMS un sāksies automātiskā verifikācija."},{"$i":"fxa-sms-has-been-sent-message","$v":"SMS ir nosūtīta. Pēc saņemšanas sāksies automātiskā verifikācija. Vienkārši sēdiet un izbaudiet braucienu!"},{"$i":"fxa-time-remaining","$v":"Atlikušais laiks:"},{"$i":"fxa-sms-verification-failed-message","$v":"SMS pārbaude neizdevās. Lūdzu, apstipriniet savu tālruni un nospiediet \"Resend SMS\", lai mēģinātu vēlreiz."},{"$i":"fxa-phone-number-label","$v":"Tālruņa numurs"},{"$i":"fxa-enter-your-infomation","$v":"Lūdzu, ievadiet informāciju."},{"$i":"fxa-birthday-label","$v":"Dzimšanas diena"},{"$i":"fxa-birthday-select","$v":"Izvēlēties"},{"$i":"fxa-gender-label","$v":"Dzimums"},{"$i":"fxa-gender-select","$v":"Izvēlēties"},{"$i":"fxa-gender-male","$v":"Vīrietis"},{"$i":"fxa-gender-female","$v":"Sieviete"},{"$i":"fxa-gender-confidential","$v":"Konfidenciāli"},{"$i":"fxa-enter-email-input","placeholder":"Ievadiet savu e-pasta adresi"},{"$i":"fxa-use-email-to-sign-in","$v":"Ievadiet savu e-pastu. Jūsu e-pasts būs jūsu konta nosaukums."},{"$i":"fxa-notice","$v":["Turpinot, es piekrītu KaiOS mākoņpakalpojumu ",{"t":"idOrVar","v":"tos"}," un ",{"t":"idOrVar","v":"pn"},"."]},{"$i":"fxa-placeholder","$v":"Jūsu e-pasts šeit"},{"$i":"fxa-tos","$v":"Pakalpojuma noteikumi"},{"$i":"fxa-pn","$v":"Paziņojums par konfidenc."},{"$i":"fxa-create-account-title","$v":"Izveidot kontu"},{"$i":"fxa-show-age-title","$v":"Man ir vismaz 13 gadi"},{"$i":"fxa-enter-password-title","$v":"Lūdzu, ievadiet paroli. Jūsu parolei jāsastāv no 8–20 rakstzīmēm, un tajā jābūt gan burtiem, gan cipariem."},{"$i":"fxa-enter-password-title-1","$v":"Lūdzu, ievadiet paroli. Parolei jāsastāv no 8–20 rakstzīmēm un jāietver gan burti, gan cipari."},{"$i":"fxa-setup-password-title","$v":"Paroles uzstādīšana"},{"$i":"fxa-create-password-title","$v":"Izveidojiet paroli"},{"$i":"fxa-hello-user","$v":["Sveiki, ",{"t":"idOrVar","v":"email"},"!"]},{"$i":"fxa-password-refresh","$v":"Lai turpinātu, ievadiet sava KaiOS konta paroli."},{"$i":"fxa-password","$v":"Parole","placeholder":"Parole"},{"$i":"fxa-forgot-your-password","$v":"Vai aizmirsāt savu paroli?"},{"$i":"fxa-show-password","$v":"Rādīt paroli"},{"$i":"fxa-password-length-requirement","$v":"Paroles garumam ir jābūt vismaz 8 rakstzīmes."},{"$i":"fxa-confirm-account","$v":"Apstipriniet savu kontu"},{"$i":"fxa-will-send-email","$v":"Jūsu konts ir izveidots."},{"$i":"fxa-signup-click-verification-link-in-email","$v":["Mēs nosūtījām apstiprinājuma e-pastu uz adresi ",{"t":"idOrVar","v":"email"},". Pārbaudiet iesūtni un apstipriniet un aktivizējiet savu kontu."]},{"$i":"fxa-access-manage-account-settings","$v":"Aktivizācijas saites derīgums beigsies pēc 24 stundām."},{"$i":"fxa-signup-success-title","$v":"Konts ir izveidots"},{"$i":"about-kaios-account-text","$v":"Lorem ipsum dolor sit amet, con-sectetur adipiscing elit, sed do eiusmod tempor incididunt ut labore et dolore magna aliqua. Ut enim ad minim veniam, quis nos-trud exercitation ullamco laboris nisi ut aliquip ex ea commodo consequat. Duis aute irure dolor in reprehenderit in voluptate velit esse cillum dolore eu fugiat nulla pariatur. Excepteur sint occaecat cupidatat non proident, sunt in culpa qui officia deserunt mollit anim id est laborum."},{"$i":"about-kaios-account-text1","$v":"KaiOS konts nodrošina KaiOS pakalpojumu autentifikāciju. Konts identificē lietotāju un ierīci un ļauj piekļūt tādām funkcijām kā ierīču attālināta pārvaldība un papildu pakalpojumi."},{"$i":"about-kaios-account-text2","$v":"Lai izveidotu kontu, ir nepieciešama e-pasta adrese un parole. Lietotājam ir jāapstiprina e-pasta adrese, izmantojot e-pasta saiti, kas ir nosūtīta konta izveides laikā. Konts netiks aktivizēts, pirms šī e-pasta adrese nebūs apstiprināta."},{"$i":"about-kaios-account-text3","$v":"Turpinot konta izveidi, jūs piekrītat noteikumiem un paziņojumam par konfidencialitāti."},{"$i":"fxa-signin-email","$v":"Konta nosaukums"},{"$i":"fxa-signin-password","$v":"Parole"},{"$i":"fxa-signin-success-title","$v":"Jūsu konts"},{"$i":"fxa-signin-lsk","$v":"Aizmirsu paroli"},{"$i":"fxa-signin-rsk","$v":"Pierakstīties"},{"$i":"fxa-change-password-title","$v":"Mainīt paroli"},{"$i":"fxa-change-password-description","$v":"Ievadiet pašreizējo paroli un iestatiet jaunu paroli."},{"$i":"fxa-new-password","$v":"Jaunā parole"},{"$i":"fxa-changing-password","$v":"Maina paroli..."},{"$i":"fxa-forgot-password-title","$v":"Aizmirsu paroli"},{"$i":"fxa-forgot-password","$v":"aizmirsu paroli"},{"$i":"fxa-forgot-password-sk","$v":"Aizmirsts PWD"},{"$i":"fxa-forgot-password-success-title","$v":"Paroles atiest. e-pasts nosūtīts"},{"$i":"fxa-reset-password-succcess-content","$v":"E-pasts jūsu paroles atjaunošanai ir nosūtīts uz jūsu e-pasta kontu."},{"$i":"fxa-reset-password-succcess-content-part2","$v":"Pārbaudiet sava e-pasta iesūtni un atiestatīt savu paroli."},{"$i":"fxa-sign-out-title","$v":"Zādzību novēršana ir iespējota"},{"$i":"fxa-sign-out-intro","$v":"Apstipriniet, ka vēlaties izslēgt zādzību novēršanas funkciju un izrakstīties."},{"$i":"fxa-sign-out-intro-1","$v":"Lūdzu, apstipriniet, ka vēlaties izslēgt pretzagšanas režīmu un izrakstīties."},{"$i":"fxa-signout-email","$v":"Jūsu konts"},{"$i":"fxa-confirm-password","$v":"Apstipriniet paroli"},{"$i":"fxa-signing-out","$v":"Notiek izrakstīšanās..."},{"$i":"fxa-sign-out-error-title","$v":"Kļūda"},{"$i":"fxa-sign-out-error-message","$v":"Neizdevās izrakstīties no konta. Lūdzu, vēlāk mēģiniet vēlreiz."},{"$i":"fxa-sign-out-error-message-1","$v":"Neizdevās izrakstīties no konta. Lūdzu, vēlāk mēģiniet vēlreiz."},{"$i":"fxa-connection-is-required-title","$v":"Kļūda"},{"$i":"fxa-connection-is-required-message","$v":"Nepieciešams interneta savienojums"},{"$i":"fxa-check-password-title","$v":"Deaktivizēt zādzību novēršanas funkciju"},{"$i":"fxa-disable-antitheft-checkpassword-message","$v":"Apstipriniet, ka vēlaties izslēgt zādzību novēršanas funkciju."},{"$i":"fxa-reset-factory-checkpassword-message","$v":"Lai atiestatītu ierīci, ievadiet savu paroli un deaktivizējiet zādzību novēršanas funkciju."},{"$i":"fxa-reset-factory-checkpassword-message-1","$v":"Lai atiestatītu ierīci, ievadiet paroli un atspējojiet pretzagšanas režīmu."},{"$i":"fxa-enter-email-to-reset-password","$v":"Lūdzu, atveriet sava konta e-pastu; mēs nosūtīsim jums saiti paroles atiestatei."},{"$i":"fxa-enter-email-to-reset-password-1","$v":"Lūdzu, atveriet savu e-pasta kontu. Mēs nosūtīsim saiti paroles atiestatīšanai."},{"$i":"fxa-account-not-found","$v":"Konts nav atrasts. Lūdzu, mēģiniet vēlreiz."},{"$i":"fxa-multiple-sign-in-attempts-title","$v":"Vairāki pierakstīšanās mēģinājumi"},{"$i":"fxa-multiple-sign-in-attempts-content","$v":"Jūsu vairākkārt esat ievadījis nepareizu paroli"},{"$i":"fxa-multiple-sign-in-attempts-content-1","$v":"Jūsu vairākkārt esat ievadījis nepareizu paroli."},{"$i":"fxa-multiple-sign-in-attempts-content-retry","$v":"Vēlāk mēģiniet vēlreiz"},{"$i":"shortDateFormat","$v":"%d. %B, %Y"}]