[{"$i":"brandShortName","$v":"KaiOS"},{"$i":"browserBrandShortName","$v":"Web Browser"},{"$i":"browserBrandFullName","$v":"Mozilla Web Browser"},{"$i":"ringtoneBrandName","$v":"Default"},{"$i":"ringtoneSectionBrandName","$v":"System"},{"$i":"ok","$v":"OK"},{"$i":"back","$v":"Undur"},{"$i":"help","$v":"Bantuan"},{"$i":"cancel","$v":"Batal"},{"$i":"close","$v":"Tutup"},{"$i":"skip","$v":"Langkau"},{"$i":"enable","$v":"Dayakan"},{"$i":"turnOn","$v":"Hidupkan"},{"$i":"save","$v":"Simpan"},{"$i":"select","$v":"Pilih"},{"$i":"deselect","$v":"Nyahpilih"},{"$i":"go","$v":"Jalankan"},{"$i":"search","$v":"Cari"},{"$i":"options","$v":"Pilihan"},{"$i":"exit","$v":"Keluar"},{"$i":"signIn","$v":"Daftar Masuk"},{"$i":"dismiss","$v":"Abaikan"},{"$i":"dismiss-all","$v":"Abaikan semua"},{"$i":"undo","ariaLabel":"Buat asal"},{"$i":"lockscreenEnterLockCode","$v":"Sila masukkan kod 4 digit"},{"$i":"lockscreenCheckLockCode","$v":"Kod tidak sah. Sila cuba semula."},{"$i":"lockscreenDeviceLocked","$v":"Peranti dikunci, cuba semula selepas 30 saat."},{"$i":"pocketmodeLongPress","$v":"Tekan lama"},{"$i":"pocketmodeToUnlock","$v":"untuk membuka kunci"},{"$i":"enterPIN","$v":"Masukkan kod 6 digit untuk membuka kunci"},{"$i":"mediaPlaybackTrack","$v":"Tajuk dan artis trek"},{"$i":"mediaPlaybackControls","$v":"Kawalan main semula"},{"$i":"mediaPlaybackPrevious","$v":"Sebelumnya"},{"$i":"mediaPlaybackPlay","$v":"Main"},{"$i":"mediaPlaybackPause","$v":"Jeda"},{"$i":"mediaPlaybackNext","$v":"Seterusnya"},{"$i":"UnknownTrack","$v":"Trek tidak diketahui"},{"$i":"wifiButton-on","$v":"Wi-Fi dihidupkan"},{"$i":"wifiButton-on-initializing","$v":"Wi-Fi dihidupkan, memulakan"},{"$i":"wifiButton-off","$v":"Wi-Fi dimatikan"},{"$i":"dataButton-on","$v":["Data ",{"t":"idOrVar","v":"type"}," dihidupkan"]},{"$i":"dataButton-off","$v":["Data ",{"t":"idOrVar","v":"type"}," dimatikan"]},{"$i":"bluetoothButton-on","$v":"Bluetooth dihidupkan"},{"$i":"bluetoothButton-on-initializing","$v":"Bluetooth dihidupkan, memulakan"},{"$i":"bluetoothButton-off","$v":"Bluetooth dimatikan"},{"$i":"airplaneMode-on","$v":"Mod pesawat dihidupkan"},{"$i":"airplaneMode-off","$v":"Mod pesawat dimatikan"},{"$i":"airplaneOff","$v":"Matikan mod pesawat"},{"$i":"settingsButton","ariaLabel":"Tetapan"},{"$i":"simLabel","$v":["SIM ",{"t":"idOrVar","v":"id"}]},{"$i":"statusbarLabel","$v":[{"t":"idOrVar","v":"date"},", ",{"t":"idOrVar","v":"operator"}]},{"$i":"statusbarDateFormat","$v":"%b %e"},{"$i":"statusbar","ariaLabel":"Bar Status"},{"$i":"statusbarBattery","ariaLabel":["Bateri ",{"t":"idOrVar","v":"level"}," peratus"]},{"$i":"statusbarBatteryCharging","ariaLabel":["Bateri ",{"t":"idOrVar","v":"level"}," peratus, mengecas"]},{"$i":"statusbarFlightMode","ariaLabel":"Mod pesawat dihidupkan"},{"$i":"statusbarWiFiConnecting","$v":"Wi-Fi: menyambung"},{"$i":"statusbarWiFiConnected","$v":["Wi-Fi: ",{"t":"idOrVar","v":"level"}," daripada 4 bar"]},{"$i":"statusbarSignal","$v":["Rangkaian ",{"t":"idOrVar","v":"operator"},", ",{"t":"idOrVar","v":"level"}," daripada 5 bar"]},{"$i":"statusbarSignalRoaming","$v":["Rangkaian ",{"t":"idOrVar","v":"operator"}," (perayauan), ",{"t":"idOrVar","v":"level"}," daripada 5 bar"]},{"$i":"statusbarSignalNoneSearching","$v":"Mencari… Panggilan kecemasan sahaja"},{"$i":"statusbarHeadphones","ariaLabel":"Fon kepala dihidupkan"},{"$i":"statusbarBluetoothHeadphones","ariaLabel":"Fon kepala Bluetooth dihidupkan"},{"$i":"statusbarBluetoothTransferring","ariaLabel":"Pemindahan Bluetooth aktif"},{"$i":"statusbarIconOn-tethering","$v":"Penambatan dihidupkan"},{"$i":"statusbarIconOnActive-tethering","$v":"Penambatan dihidupkan, aktif"},{"$i":"statusbarAlarm","ariaLabel":"Penggera dihidupkan"},{"$i":"statusbarIME","ariaLabel":"IME dihidupkan"},{"$i":"statusbarIconOn-bluetooth","$v":"Bluetooth dihidupkan"},{"$i":"statusbarIconOnActive-bluetooth","$v":"Bluetooth dihidupkan, aktif"},{"$i":"statusbarIconOn-mute","$v":"Senyap dihidupkan"},{"$i":"statusbarIconOn-vibration","$v":"Getaran dihidupkan"},{"$i":"statusbarRecording","ariaLabel":"Merakam dihidupkan"},{"$i":"statusbarGeolocation","ariaLabel":"Geolokasi dihidupkan"},{"$i":"statusbarUsb","ariaLabel":"USB dihidupkan"},{"$i":"statusbarForwarding","$v":"Pemajuan panggilan dihidupkan"},{"$i":"statusbarPlaying","ariaLabel":"Media dimainkan"},{"$i":"statusbarNfc","ariaLabel":"NFC dihidupkan"},{"$i":"statusbarDownloads","ariaLabel":"Memuat turun…"},{"$i":"statusbarNetworkActivity","ariaLabel":"Perangkaian dihidupkan"},{"$i":"statusbarEmergencyCBNotification","ariaLabel":"Panggil balik kecemasan"},{"$i":"statusbarNotifications","$v":{"few":[{"t":"idOrVar","v":"n"}," Notis"],"many":[{"t":"idOrVar","v":"n"}," Notis"],"one":[{"t":"idOrVar","v":"n"}," Notis"],"other":[{"t":"idOrVar","v":"n"}," Notis"],"two":[{"t":"idOrVar","v":"n"}," Notis"]},"$x":[{"t":"idOrVar","v":"plural"},"n"]},{"$i":"statusbarNotifications-unread","ariaLabel":{"$x":[{"t":"idOrVar","v":"plural"},"n"],"$v":{"few":[{"t":"idOrVar","v":"n"}," pemberitahuan belum dibaca"],"many":[{"t":"idOrVar","v":"n"}," pemberitahuan belum dibaca"],"one":[{"t":"idOrVar","v":"n"}," pemberitahuan belum dibaca"],"other":[{"t":"idOrVar","v":"n"}," pemberitahuan belum dibaca"],"two":[{"t":"idOrVar","v":"n"}," pemberitahuan belum dibaca"]}}},{"$i":"clear","$v":"Padam"},{"$i":"clear-all","$v":"Padam bersih semua"},{"$i":"notification-title","$v":{"few":[{"t":"idOrVar","v":"n"}," Notis"],"many":[{"t":"idOrVar","v":"n"}," Notis"],"one":[{"t":"idOrVar","v":"n"}," Notis"],"other":[{"t":"idOrVar","v":"n"}," Notis"],"two":[{"t":"idOrVar","v":"n"}," Notis"],"zero":[{"t":"idOrVar","v":"n"}," Notis"]},"$x":[{"t":"idOrVar","v":"plural"},"n"]},{"$i":"notification-dialog-no-notices","$v":"Tiada Notis"},{"$i":"notification-title-new","$v":{"few":[{"t":"idOrVar","v":"n"}," Notis"],"many":[{"t":"idOrVar","v":"n"}," Notis"],"other":[{"t":"idOrVar","v":"n"}," Notis"],"two":[{"t":"idOrVar","v":"n"}," Notis"],"one":[{"t":"idOrVar","v":"n"}," Notis"],"zero":[{"t":"idOrVar","v":"n"}," Notis"]},"$x":[{"t":"idOrVar","v":"plural"},"n"]},{"$i":"notification-dialog-no-notices-new","$v":"Tiada Notis"},{"$i":"tcl-ntf-open","$v":"Buka"},{"$i":"tcl-ntf-next_song","$v":"Seterusnya"},{"$i":"tcl-ntf_play","$v":"Main"},{"$i":"tcl-ntf-pause","$v":"Jeda"},{"$i":"tcl-ntf-dismiss-all","$v":"Abaikan Semua"},{"$i":"tcl-ntf-dismiss","$v":"Abaikan"},{"$i":"tcl-ntf-toaster-clear","$v":"Pemberitahuan diabaikan"},{"$i":"tcl-ntf-toaster-clear-all","$v":"Pemberitahuan diabaikan"},{"$i":"attentionScreen-tapToShow","$v":"Ketik untuk menunjukkan"},{"$i":"tcl-cmas-ok","$v":"OK"},{"$i":"tcl-cmas-screen-help","$v":"Tekan OK untuk melihat lebih banyak maklumat"},{"$i":"tcl-cmas-title","$v":"Isyarat Kecemasan Wayarles"},{"$i":"camera","$v":"Kamera"},{"$i":"tcl-dflt-value-level","$v":"Tetapkan paras nilai"},{"$i":"tcl-dflt-range-value-name","$v":"Tahap"},{"$i":"newVoicemails","$v":{"few":[{"t":"idOrVar","v":"n"}," mel suara baharu"],"many":[{"t":"idOrVar","v":"n"}," mel suara baharu"],"one":"Satu mel suara baharu","other":[{"t":"idOrVar","v":"n"}," mel suara baharu"],"two":[{"t":"idOrVar","v":"n"}," mel suara baharu"],"zero":"Tiada mel suara baharu"},"$x":[{"t":"idOrVar","v":"plural"},"n"]},{"$i":"newVoicemailsUnknown","$v":"Mel suara baharu"},{"$i":"dialNumber","$v":["Dail ",{"t":"idOrVar","v":"number"}]},{"$i":"voicemailNotificationMultiSim","$v":["(SIM ",{"t":"idOrVar","v":"n"},") ",{"t":"idOrVar","v":"title"}]},{"$i":"euRoamingNotificationTitle","$v":"Internet EU dikesan"},{"$i":"euRoamingNotificationMsg","$v":"Ketik untuk menukar."},{"$i":"restart","$v":"Mulakan semula"},{"$i":"power","$v":"Kuasa Mati"},{"$i":"lock","$v":"Kunci"},{"$i":"cleanup","$v":"Bersihkan Memori"},{"$i":"no-recent-app-windows","$v":"Tetingkap aplikasi anda yang terbaharu muncul di sini"},{"$i":"no-recent-browser-windows","$v":"Tetingkap pelayar anda yang terbaharu muncul di sini"},{"$i":"closeCard","ariaLabel":"Tutup"},{"$i":"openCard","ariaLabel":"Buka"},{"$i":"yes","$v":"Ya"},{"$i":"no","$v":"Tidak"},{"$i":"dontallow","$v":"Jangan benarkan"},{"$i":"allow","$v":"Benarkan"},{"$i":"dontshare-geolocation","$v":"Jangan Kongsi"},{"$i":"share-geolocation","$v":"Kongsi"},{"$i":"dontshare-audio-capture","$v":"Jangan Kongsi"},{"$i":"share-audio-capture","$v":"Kongsi"},{"$i":"dontshare-video-capture","$v":"Jangan Kongsi"},{"$i":"share-video-capture","$v":"Kongsi"},{"$i":"dontshare-media-capture","$v":"Jangan Kongsi"},{"$i":"share-media-capture","$v":"Kongsi"},{"$i":"device-front","$v":"Kamera Depan"},{"$i":"device-back","$v":"Kamera Belakang"},{"$i":"front-camera","$v":"Kamera depan"},{"$i":"back-camera","$v":"Kamera belakang"},{"$i":"more-info","$v":"Maklumat Lanjut..."},{"$i":"hide-info","$v":"Sembunyikan maklumat..."},{"$i":"tcl-permission","$v":"Kebenaran"},{"$i":"install-app","$v":["Pasang ",{"t":"idOrVar","v":"name"},"?"]},{"$i":"size","$v":"Saiz"},{"$i":"author","$v":"Penulis"},{"$i":"size-unknown","$v":"Tidak diketahui"},{"$i":"author-unknown","$v":"Tidak diketahui"},{"$i":"install","$v":"Pasang"},{"$i":"bytes","$v":"bait"},{"$i":"kB","$v":"KB"},{"$i":"MB","$v":"MB"},{"$i":"GB","$v":"GB"},{"$i":"TB","$v":"TB"},{"$i":"PB","$v":"PB"},{"$i":"app-install-generic-error","$v":[{"t":"idOrVar","v":"appName"}," muat turun dihentikan"]},{"$i":"app-install-download-failed","$v":[{"t":"idOrVar","v":"appName"}," muat turun gagal"]},{"$i":"app-install-install-failed","$v":[{"t":"idOrVar","v":"appName"}," pemasangan gagal"]},{"$i":"cancelling-will-not-refund","$v":"Pembatalan tidak akan membayar balik pembelian. Pembayaran balik untuk kandungan dibuat oleh penjual asal."},{"$i":"apps-can-be-installed-later","$v":"Aplikasi boleh dipasang kemudian daripada sumber pemasangan yang asal."},{"$i":"are-you-sure-you-want-to-cancel","$v":"Adakah anda pasti ingin membatalkan pemasangan ini?"},{"$i":"cancel-install","$v":"Batalkan Pemasangan"},{"$i":"cancel-install-button","$v":"Batalkan Pemasangan"},{"$i":"resume","$v":"Sambung semula"},{"$i":"continue","$v":"Teruskan"},{"$i":"stopDownloading","$v":["Hentikan memuat turun ",{"t":"idOrVar","v":"app"},"?"]},{"$i":"app-download-can-be-restarted","$v":"Muat turun boleh dimulakan semula kemudian."},{"$i":"app-download-stop-button","$v":"Hentikan Muat Turun"},{"$i":"not-enough-space","$v":"Ruang tidak mencukupi"},{"$i":"not-enough-space-message","$v":"Ruang tidak mencukupi untuk memasang aplikasi ini. Kosongkan ruang dengan memadam aplikasi atau media yang lama, dan cuba buat pemasangan sekali lagi daripada sumber yang asal."},{"$i":"app-install-success","$v":[{"t":"idOrVar","v":"appName"}," dipasang"]},{"$i":"app-install-update","$v":[{"t":"idOrVar","v":"appName"}," Dikemas kini"]},{"$i":"langpack-install-success2","$v":[{"t":"idOrVar","v":"appName"}," dipasang. Pergi ke Tetapan > Bahasa untuk mendayakannya."]},{"$i":"setup","$v":"Persediaan"},{"$i":"ime-addkeyboards","$v":"Tambah papan kekunci"},{"$i":"ime-lowercase","$v":"Huruf kecil"},{"$i":"ime-uppercase","$v":"Huruf besar"},{"$i":"ime-number","$v":"Nombor"},{"$i":"ime-capitalize","$v":"Gunakan huruf besar"},{"$i":"ime-t9","$v":"T9"},{"$i":"ime-r9","$v":"R9"},{"$i":"ime-predictive","$v":"Ramalan"},{"$i":"ime-insert-word","$v":"Sisipkan perkataan"},{"$i":"ime-voice-input-messsage","$v":"Tekan lama OK untuk bercakap dalam medan teks."},{"$i":"later","$v":"Kemudian"},{"$i":"download","$v":"Muat turun"},{"$i":"wantToDownload","$v":"Muat turun kemas kinian sekarang?"},{"$i":"wantToInstallNow","$v":"Adakah anda ingin memasang kemas kinian sekarang? Anda tidak akan dapat menggunakan telefon selama beberapa minit."},{"$i":"installNow","$v":"Pasang Sekarang"},{"$i":"notNow","$v":"Bukan Sekarang"},{"$i":"downloadingUpdateMessage","innerHTML":{"$o":["Memuat turun kemas kinian… <span>",{"t":"idOrVar","v":"progress"}," dimuat turun.</span>"]}},{"$i":"downloadingAppMessage","$v":["Memuat turun ",{"t":"idOrVar","v":"appName"}]},{"$i":"downloadingAppProgressNoMax","$v":[{"t":"idOrVar","v":"progress"}," dimuat turun"]},{"$i":"downloadingAppProgressIndeterminate","$v":"Memuat turun"},{"$i":"downloadingAppProgress","$v":[{"t":"idOrVar","v":"progress"}," / ",{"t":"idOrVar","v":"max"}," dimuat turun"]},{"$i":"cancelAllDownloads","$v":"Batalkan semua muat turun"},{"$i":"wantToCancelAll","$v":"Adakah anda pasti ingin membatalkan semua muat turun?"},{"$i":"downloadError","$v":"Terdapat ralat sewaktu memuat turun kemas kinian."},{"$i":"updateAvailableInfo","innerHTML":{"$x":[{"t":"idOrVar","v":"plural"},"n"],"$v":{"few":{"$o":[{"t":"idOrVar","v":"n"}," kemas kinian tersedia. <span>Ketik untuk mendapatkan lebih banyak maklumat.</span>"]},"many":{"$o":[{"t":"idOrVar","v":"n"}," kemas kinian tersedia. <span>Ketik untuk mendapatkan lebih banyak maklumat.</span>"]},"one":{"$o":[{"t":"idOrVar","v":"n"}," kemas kinian tersedia. <span>Ketik untuk mendapatkan lebih banyak maklumat.</span>"]},"other":{"$o":[{"t":"idOrVar","v":"n"}," kemas kinian tersedia. <span>Ketik untuk mendapatkan lebih banyak maklumat.</span>"]},"two":{"$o":[{"t":"idOrVar","v":"n"}," kemas kinian tersedia. <span>Ketik untuk mendapatkan lebih banyak maklumat.</span>"]}}}},{"$i":"numberOfUpdates","$v":{"few":[{"t":"idOrVar","v":"n"}," Pemberitahuan"],"many":[{"t":"idOrVar","v":"n"}," Pemberitahuan"],"one":[{"t":"idOrVar","v":"n"}," Pemberitahuan"],"other":[{"t":"idOrVar","v":"n"}," Pemberitahuan"],"two":[{"t":"idOrVar","v":"n"}," Pemberitahuan"]},"$x":[{"t":"idOrVar","v":"plural"},"n"]},{"$i":"systemUpdate","$v":"Pengemaskinian sistem"},{"$i":"systemUpdateReady","$v":"Kemas kini Sistem Sudah Sedia"},{"$i":"updates","$v":"Kemas kinian"},{"$i":"systemUpdateLowBatteryThreshold","$v":["Anda memerlukan sekurang-kurangnya tahap bateri ",{"t":"idOrVar","v":"threshold"},"% untuk memasang kemas kinian."]},{"$i":"required","$v":"Diperlukan"},{"$i":"uncompressingMessage","innerHTML":{"$o":"Menyahmampat… <span>Ini boleh mengambil masa beberapa minit.</span>"}},{"$i":"downloadWifiPrioritizedUsing2G","$v":"Kemas kinian dimuat turun melalui sambungan data apabila Wi-Fi tidak tersedia. Apabila menggunakan sambungan data, panggilan telefon mungkin disekat dan caj tambahan juga mungkin dikenakan."},{"$i":"downloadWifiPrioritized3","$v":"Kemas kinian dimuat turun melalui sambungan data apabila Wi-Fi tidak tersedia. Apabila menggunakan sambungan data, caj tambahan mungkin dikenakan."},{"$i":"downloadNoWifiWarning","$v":"Wi-Fi tidak tersedia. Mengemas kini menerusi sambungan semasa boleh menyebabkan caj tambahan."},{"$i":"downloadOfflineWarning2","$v":"Sambung kepada rangkaian untuk memuat turun kemas kinian."},{"$i":"downloadUpdatesViaDataConnection","$v":"Muat turun kemas kinian melalui sambungan data?"},{"$i":"downloadUpdatesVia2GForbidden3","$v":"Memuat turun kemas kinian tidak dapat dilakukan menggunakan sambungan yang perlahan (2G). Sila sambung melalui Wi-Fi atau 3G (jika tersedia) dan cuba lagi."},{"$i":"downloadUpdatesViaDataConnectionMessage3","$v":"Apabila menggunakan sambungan data, kos tambahan mungkin dikenakan. Adakah anda ingin meneruskan?"},{"$i":"downloadUpdatesViaDataRoamingConnection","$v":"Muat turun kemas kinian melalui perayauan data?"},{"$i":"downloadUpdatesViaDataRoamingConnectionMessage","$v":"Anda kini dalam perayauan dan caj tambahan mungkin dikenakan. Adakah anda ingin meneruskan?"},{"$i":"screenshotSaved","$v":"Tangkapan skrin disimpan ke Galeri"},{"$i":"screenshotFailed","$v":"Tangkapan skrin tidak dapat disimpan"},{"$i":"screenshotNoSDCard","$v":"Tiada kad memori dijumpai"},{"$i":"screenshotSDCardInUse","$v":"Kad memori digunakan"},{"$i":"screenshotSDCardLow","$v":"Ruang tidak mencukupi pada kad memori"},{"$i":"emergency-call-button","$v":"Panggilan Kecemasan"},{"$i":"emergency-call","$v":"Kecemasan"},{"$i":"unlock-a11y-button","ariaLabel":"Buka kunci"},{"$i":"camera-a11y-button","ariaLabel":"Kamera"},{"$i":"longDateFormat","$v":"%A, %B %d, %Y"},{"$i":"clockDateFormat","$v":"%a, %e %b"},{"$i":"panel-passcode","ariaLabel":"Panel kod laluan"},{"$i":"open-notification","$v":"buka"},{"$i":"unlock","$v":"Buka kunci"},{"$i":"login","$v":"Daftar masuk"},{"$i":"sign-in-to-website","$v":"Daftar masuk ke laman web"},{"$i":"username","$v":"Nama Pengguna"},{"$i":"password","$v":"Kata laluan"},{"$i":"show-password","$v":"Tunjukkan kata laluan"},{"$i":"http-authentication-message2","$v":["Laman web ",{"t":"idOrVar","v":"host"}," menghendaki anda mendaftar masuk."]},{"$i":"error-message","$v":[{"t":"idOrVar","v":"name"}," tidak dimuatkan dengan betul"]},{"$i":"error-title","$v":[{"t":"idOrVar","v":"name"}," mengalami masalah"]},{"$i":"unable-to-connect","$v":"Tidak dapat menyambung"},{"$i":"tap-to-check-settings","$v":"Ketik untuk menyemak tetapan"},{"$i":"set","$v":"Tetapkan"},{"$i":"delete-title","$v":["Padam ",{"t":"idOrVar","v":"name"}]},{"$i":"delete-body","$v":[{"t":"idOrVar","v":"name"}," dan semua datanya akan dipadam."]},{"$i":"delete","$v":"Nyahpasang"},{"$i":"delete-desc","$v":"Adakah anda pasti anda ingin menyahpasangnya?"},{"$i":"unrecoverable-error-title","$v":"Alih Keluar Aplikasi"},{"$i":"unrecoverable-error-body","$v":"Tidak boleh memasang aplikasi disebabkan ralat tidak boleh pulih. Sila cuba muat turun semula. Aplikasi akan dialih keluar."},{"$i":"unrecoverable-error-action","$v":"OK"},{"$i":"instant-settings","$v":"tetapan segera"},{"$i":"settings","$v":"Tetapan"},{"$i":"flashlight","$v":"Lampu suluh"},{"$i":"brightness","$v":"Kecerahan"},{"$i":"volume","$v":"Kelantangan"},{"$i":"calculator","$v":"Kalkulator"},{"$i":"airplane-mode","$v":"Mod Pesawat"},{"$i":"wifi","$v":"Wi-Fi"},{"$i":"bluetooth","$v":"Bluetooth"},{"$i":"cellular-data","$v":"Data Selular"},{"$i":"on","$v":"Hidupkan"},{"$i":"off","$v":"Matikan"},{"$i":"percentage-number","$v":[{"t":"idOrVar","v":"number"},"%"]},{"$i":"select-time","$v":"Pilih Masa"},{"$i":"select-date","$v":"Pilih Tarikh"},{"$i":"tcl-select-day","$v":"Pilih Hari"},{"$i":"tcl-add","$v":"Tambah"},{"$i":"battery-almost-empty-plug-in-your-charger","$v":"Bateri anda lemah. Sila pasang palam pengecas anda."},{"$i":"battery-temperature-warning-header","$v":"Amaran"},{"$i":"battery-temperature-high","$v":"Suhu terlalu tinggi. Telefon akan dimatikan jika suhu semakin meningkat."},{"$i":"battery-temperature-high-stop-charging","$v":"Suhu terlalu tinggi. Bateri telah berhenti mengecas. Telefon akan dimatikan jika suhu semakin meningkat."},{"$i":"battery-temperature-low","$v":"Suhu terlalu rendah. Telefon akan dimatikan jika suhu semakin menurun."},{"$i":"battery-temperature-low-stop-charging","$v":"Suhu terlalu rendah. Bateri telah berhenti mengecas. Telefon akan dimatikan jika suhu semakin menurun."},{"$i":"crash-dialog2-os","$v":[{"t":"idOrVar","v":"brandShortName"}," baru pulih daripada kerosakan"]},{"$i":"crash-dialog-app","$v":[{"t":"idOrVar","v":"name"}," baru mengalami kerosakan"]},{"$i":"crash-dialog-app-noname","$v":"Sesuatu"},{"$i":"crash-dialog-message","$v":"Mahukah anda menghantar laporan KaiOS tentang kerosakan itu untuk membantu kami membaiki masalah? (Laporan dihantar menerusi Wi-Fi sahaja.)"},{"$i":"crash-info-link","$v":"Apakah yang terdapat dalam laporan kerosakan?"},{"$i":"crash-always-report","$v":"Sentiasa hantar laporan KaiOS apabila berlaku kerosakan."},{"$i":"crash-dont-send","$v":"Jangan Hantar"},{"$i":"crash-end","$v":"Hantar Laporan"},{"$i":"crashReports","$v":"Laporan Kerosakan"},{"$i":"done","$v":"Selesai"},{"$i":"crash-reports-description-1","$v":"Laporan kerosakan mengandungi beberapa perincian tentang kerosakan dan peranti anda, berserta syot kilat tentang keadaan peranti anda sewaktu ia mengalami kerosakan."},{"$i":"crash-reports-description-2","$v":"Ini mungkin merangkumi perkara seperti halaman dan aplikasi yang dibuka, teks yang ditaipkan ke dalam borang dan kandungan mesej yang terbuka, sejarah semak imbas terbaharu, atau geolokasi yang digunakan oleh aplikasi yang terbuka."},{"$i":"crash-reports-description-3-start","$v":"Kami menggunakan laporan kerosakan untuk membaiki masalah dan meningkatkan produk kami. Kami mengendalikan maklumat anda sepertimana yang diterangkan dalam "},{"$i":"crash-reports-description-3-privacy","$v":"dasar privasi"},{"$i":"crash-reports-description-3-end","$v":"."},{"$i":"crash-banner-os2","$v":[{"t":"idOrVar","v":"brandShortName"}," baru mengalami kerosakan."]},{"$i":"crash-banner-app","$v":[{"t":"idOrVar","v":"name"}," baru mengalami kerosakan."]},{"$i":"crash-banner-report","$v":"Lapor"},{"$i":"bluetooth-sending-progress","$v":"Menghantar fail melalui Bluetooth."},{"$i":"bluetooth-receiving-progress","$v":"Menerima fail melalui Bluetooth."},{"$i":"acceptFileTransfer","$v":"Permintaan Pemindahan"},{"$i":"requestToReceive","$v":[{"t":"idOrVar","v":"deviceName"}," ingin memindahkan fail. Adakah anda terima?"]},{"$i":"wantToReceiveFile","$v":[{"t":"idOrVar","v":"deviceName"}," ingin memindahkan ",{"t":"idOrVar","v":"fileName"}," (",{"t":"idOrVar","v":"fileSize"},")."]},{"$i":"transfer-confirmation-title","$v":[{"t":"idOrVar","v":"deviceName"}]},{"$i":"transfer-confirmation-description","$v":"Semak permintaan pemindahan"},{"$i":"byteUnit-B","$v":"Bait"},{"$i":"byteUnit-KB","$v":"KB"},{"$i":"byteUnit-MB","$v":"MB"},{"$i":"byteUnit-GB","$v":"GB"},{"$i":"byteUnit-TB","$v":"TB"},{"$i":"byteUnit-PB","$v":"PB"},{"$i":"byteUnit-EB","$v":"EB"},{"$i":"byteUnit-ZB","$v":"ZB"},{"$i":"byteUnit-YB","$v":"YB"},{"$i":"fileSize","$v":[{"t":"idOrVar","v":"size"}," ",{"t":"idOrVar","v":"unit"}]},{"$i":"deny","$v":"Nafi"},{"$i":"transfer","$v":"Pindah"},{"$i":"accept","$v":"Terima"},{"$i":"stop","$v":"Henti"},{"$i":"cancelFileTransfer","$v":"Batalkan pemindahan fail Bluetooth?"},{"$i":"continueFileTransfer","$v":"Teruskan"},{"$i":"transfer-has-started-title","$v":"Pemindahan fail sedia untuk bermula."},{"$i":"transfer-has-started-description","$v":"Menunggu pengesahan"},{"$i":"transfer-has-started-toast","$v":"Pemindahan fail telah bermula. Semak kemajuan dalam Notis."},{"$i":"transferFinished-sentSuccessful-title","$v":"Fail dihantar."},{"$i":"transferFinished-receivedSuccessful-title","$v":"Fail diterima."},{"$i":"transferFinished-failed-title","$v":"Pemindahan fail gagal."},{"$i":"transferFinished-try-again-description","$v":"Tidak boleh menghantar fail sekarang. Sila cuba lagi kemudian."},{"$i":"transferReport-title","$v":"Laporan pemindahan:"},{"$i":"transferReport-description","$v":[{"t":"idOrVar","v":"numSuccessful"}," fail berjaya, ",{"t":"idOrVar","v":"numUnsuccessful"}," fail tidak berjaya"]},{"$i":"unknown-file","$v":"Fail tidak diketahui"},{"$i":"unknown-device","$v":"Peranti tidak diketahui"},{"$i":"cannotOpenFile","$v":"Tidak boleh membuka fail yang diterima"},{"$i":"unknownMediaTypeToOpenFile","$v":["Tidak boleh membuka jenis media yang tidak diketahui: ",{"t":"idOrVar","v":"fileName"}]},{"$i":"cannotReceiveFile","$v":"Tidak boleh menerima fail"},{"$i":"cannotGetStorageState","$v":"Tidak berjaya mendapatkan keadaan storan peranti."},{"$i":"sdcard-not-exist2","$v":"Tiada kad memori dijumpai. Sila masukkan kad memori."},{"$i":"sdcard-in-use","$v":"Bluetooth tidak boleh digunakan ketika palam telefon dipasang. Sila cabut palam telefon untuk menerima fail."},{"$i":"sdcard-no-space2","$v":"Tidak boleh melengkapkan pemindahan: kad memori penuh."},{"$i":"unknown-error","$v":"Ralat tak diketahui"},{"$i":"confirm","$v":"Sahkan"},{"$i":"stopTransferTitle","$v":"Hentikan Pemindahan Fail."},{"$i":"stopTransferContent","$v":"Adakah anda mahu berhenti memindahkan fail melalui Bluetooth?"},{"$i":"storage","$v":"Storan"},{"$i":"sdcard-detected-title","$v":"Kad SD dikesan"},{"$i":"no-sdcard-title","$v":"Tiada kad SD"},{"$i":"sdcard-total-size-body","$v":["Jumlah saiz: ",{"t":"idOrVar","v":"size"}," ",{"t":"idOrVar","v":"unit"}]},{"$i":"sdcard-unknown-size-then-tap-to-format-body","$v":"Saiz tidak diketahui, ketik untuk memformat"},{"$i":"sdcard-removed-title","$v":"Kad SD dialih keluar"},{"$i":"sdcard-removed-ejected-successfully","$v":"Berjaya dilentingkan"},{"$i":"sdcard-removed-not-ejected-properly","$v":"Tidak dilentingkan dengan betul"},{"$i":"set-sdcard-as-default-media-location","$v":"Kad SD dikesan. Tetapkan kad SD sebagai lokasi media lalai?"},{"$i":"no-sdcard-content","$v":"Masukkan kad SD untuk mendapat lebih banyak ruang."},{"$i":"sim-confirmation-content","$v":["Data mudah alih diperuntukkan kepada SIM",{"t":"idOrVar","v":"n"},"."]},{"$i":"sim-confirmation-title","$v":"Kad SIM Berubah"},{"$i":"sim-confirmation-notice-title","$v":"Kad SIM ditukar"},{"$i":"sim-confirmation-notice","$v":"Pilih untuk melihat butiran."},{"$i":"sim-hot-plug","$v":"Telefon akan dimulakan semula."},{"$i":"sim-hot-plug-empty","$v":"Telefon akan dimulakan semula kerana kad SIM ditarik keluar."},{"$i":"sim-hot-plug-empty-confirm","$v":"Sila pastikan kad SIM ditarik keluar sepenuhnya, kemudian tekan OK untuk mula semula."},{"$i":"noSimCard","$v":"Tiada kad SIM"},{"$i":"lockedSim","$v":"SIM Dikunci"},{"$i":"noService","$v":"Tiada Perkhidmatan"},{"$i":"eccOnly","$v":"Emergency calls only"},{"$i":"nocard-eccOnly","$v":"No SIM card-Emergency calls only"},{"$i":"unusablecard-eccOnly","$v":"Unusable SIM card-Emergency calls only"},{"$i":"searching","$v":"Searching"},{"$i":"simPin","$v":"PIN SIM"},{"$i":"pukCode","$v":"PUK"},{"$i":"nckCode","$v":"Kod NCK"},{"$i":"cckCode","$v":"Kod CCK"},{"$i":"spckCode","$v":"Kod SPCK"},{"$i":"nck1code","$v":"Kod NCK1"},{"$i":"nck2code","$v":"Kod NCK2"},{"$i":"hnckcode","$v":"Kod HNCK"},{"$i":"rcckcode","$v":"Kod RCCK"},{"$i":"rspckcode","$v":"Kod RSPCK"},{"$i":"ncklockContent","$v":["Slot",{"t":"idOrVar","v":"n"}," dikunci nck."]},{"$i":"whatIsSimPin","$v":"Apakah PIN SIM?"},{"$i":"simPinIntro1","$v":"PIN SIM mencegah akses kepada rangkaian data selular kad SIM. Apabila ia didayakan, sebarang peranti yang mengandungi kad SIM itu akan meminta PIN apabila dimulakan semula."},{"$i":"simPinIntro2","$v":"PIN SIM tidak sama dengan kod laluan yang digunakan untuk membuka kunci peranti."},{"$i":"changeSimPin","$v":"Tukar PIN"},{"$i":"pinTitle","$v":"Masukkan PIN SIM"},{"$i":"multiSIMpinTitle","$v":["Masukkan PIN SIM",{"t":"idOrVar","v":"n"}]},{"$i":"multiSIMpukTitle","$v":["Masukkan PUK SIM",{"t":"idOrVar","v":"n"}]},{"$i":"multiSIMnckTitle","$v":["Masukkan kod NCK",{"t":"idOrVar","v":"n"}]},{"$i":"multiSIMxckTitle","$v":["Masukkan SIM",{"t":"idOrVar","v":"n"}," ",{"t":"idOrVar","v":"type"}]},{"$i":"xckTitle","$v":["Masukkan kod ",{"t":"idOrVar","v":"type"}]},{"$i":"xckCode","$v":[{"t":"idOrVar","v":"type"}," kod"]},{"$i":"xckBlocked","$v":[{"t":"idOrVar","v":"type"}," disekat"]},{"$i":"pukTitle","$v":"Masukkan kod PUK"},{"$i":"nckTitle","$v":"Masukkan kod NCK"},{"$i":"cckTitle","$v":"Masukkan kod CCK"},{"$i":"spckTitle","$v":"Masukkan kod SPCK"},{"$i":"nck1Title","$v":"Masukkan kod NCK1"},{"$i":"nck2Title","$v":"Masukkan kod NCK2"},{"$i":"hnckTitle","$v":"Masukkan kod HNCK"},{"$i":"rcckTitle","$v":"Masukkan kod RCCK"},{"$i":"rspckTitle","$v":"Masukkan kod RSPCK"},{"$i":"newpinTitle","$v":"PIN Baharu"},{"$i":"inputCodeRetriesLeft","$v":{"few":["Tinggal ",{"t":"idOrVar","v":"n"}," cubaan."],"many":["Tinggal ",{"t":"idOrVar","v":"n"}," cubaan."],"one":"Tinggal 1 cubaan.","other":["Tinggal ",{"t":"idOrVar","v":"n"}," cubaan."],"two":["Tinggal ",{"t":"idOrVar","v":"n"}," cubaan."]},"$x":[{"t":"idOrVar","v":"plural"},"n"]},{"$i":"pinErrorMsg","$v":"PIN salah."},{"$i":"pinAttemptMsg2","$v":{"few":["Anda ada ",{"t":"idOrVar","v":"n"}," cubaan lagi untuk memasukkan kod yang betul sebelum kad SIM dikunci."],"many":["Anda ada ",{"t":"idOrVar","v":"n"}," cubaan lagi untuk memasukkan kod yang betul sebelum kad SIM dikunci."],"one":"Anda ada satu cubaan lagi untuk memasukkan kod yang betul sebelum kad SIM dikunci.","other":["Anda ada ",{"t":"idOrVar","v":"n"}," cubaan lagi untuk memasukkan kod yang betul sebelum kad SIM dikunci."],"two":["Anda ada ",{"t":"idOrVar","v":"n"}," cubaan lagi untuk memasukkan kod yang betul sebelum kad SIM dikunci."]},"$x":[{"t":"idOrVar","v":"plural"},"n"]},{"$i":"pinLastChanceMsg","$v":"Ini peluang terakhir anda untuk memasukkan PIN yang betul. Jika tidak, anda mesti memasukkan kod PUK untuk menggunakan kad SIM ini."},{"$i":"simCardLockedMsg","$v":"Kad SIM dikunci."},{"$i":"enterPukMsg","$v":"Anda mesti memasukkan kod Pembuka Kunci Peribadi (PUK) untuk kad SIM. Rujuk dokumentasi kad SIM anda atau hubungi pembawa anda untuk mendapatkan maklumat lanjut."},{"$i":"pukErrorMsg","$v":"PUK salah."},{"$i":"pukAttemptMsg2","$v":{"few":["Anda ada ",{"t":"idOrVar","v":"n"}," cubaan lagi untuk memasukkan kod yang betul sebelum kad SIM ini tidak boleh digunakan secara kekal. Rujuk dokumentasi kad SIM anda atau hubungi pembawa anda untuk mendapatkan maklumat lanjut."],"many":["Anda ada ",{"t":"idOrVar","v":"n"}," cubaan lagi untuk memasukkan kod yang betul sebelum kad SIM ini tidak boleh digunakan secara kekal. Rujuk dokumentasi kad SIM anda atau hubungi pembawa anda untuk mendapatkan maklumat lanjut."],"one":"Anda ada satu cubaan lagi untuk memasukkan kod yang betul sebelum kad SIM ini tidak boleh digunakan secara kekal. Rujuk dokumentasi kad SIM anda atau hubungi pembawa anda untuk mendapatkan maklumat lanjut.","other":["Anda ada ",{"t":"idOrVar","v":"n"}," cubaan lagi untuk memasukkan kod yang betul sebelum kad SIM ini tidak boleh digunakan secara kekal. Rujuk dokumentasi kad SIM anda atau hubungi pembawa anda untuk mendapatkan maklumat lanjut."],"two":["Anda ada ",{"t":"idOrVar","v":"n"}," cubaan lagi untuk memasukkan kod yang betul sebelum kad SIM ini tidak boleh digunakan secara kekal. Rujuk dokumentasi kad SIM anda atau hubungi pembawa anda untuk mendapatkan maklumat lanjut."]},"$x":[{"t":"idOrVar","v":"plural"},"n"]},{"$i":"pukLastChanceMsg","$v":"Peluang akhir untuk memasukkan kod PUK yang betul. Kad SIM akan tidak dapat digunakan secara kekal jika anda memasukkan kod PUK yang salah. Rujuk dokumentasi kad SIM anda atau hubungi pembawa anda untuk mendapatkan maklumat lanjut."},{"$i":"cardPermanentlyLockMsg-head","$v":"PUK salah."},{"$i":"cardPermanentlyLockMsg-body","$v":"Kad SIM anda dikunci secara kekal. Hubungi pembawa anda untuk mendapatkan maklumat lanjut."},{"$i":"newSimPinMsg","$v":"PIN SIM baharu (mesti 4-8 digit)"},{"$i":"confirmNewSimPinMsg","$v":"Sahkan PIN SIM yang Baharu"},{"$i":"newPinErrorMsg","$v":"PIN tidak sepadan."},{"$i":"nckErrorMsg","$v":"Kod NCK salah."},{"$i":"nckAttemptMsg2","$v":{"few":["Kegagalan permintaan depersonalisasi rangkaian. Anda ada ",{"t":"idOrVar","v":"n"}," percubaan lagi untuk memasukkan kod yang betul. Rujuk dokumentasi peranti anda atau hubungi pembawa anda untuk mendapatkan maklumat lanjut."],"many":["Kegagalan permintaan depersonalisasi rangkaian. Anda ada ",{"t":"idOrVar","v":"n"}," percubaan lagi untuk memasukkan kod yang betul. Rujuk dokumentasi peranti anda atau hubungi pembawa anda untuk mendapatkan maklumat lanjut."],"one":"Kegagalan permintaan depersonalisasi rangkaian. Anda ada satu percubaan lagi untuk memasukkan kod yang betul. Rujuk dokumentasi peranti anda atau hubungi pembawa anda untuk mendapatkan maklumat lanjut.","other":["Kegagalan permintaan depersonalisasi rangkaian. Anda ada ",{"t":"idOrVar","v":"n"}," percubaan lagi untuk memasukkan kod yang betul. Rujuk dokumentasi peranti anda atau hubungi pembawa anda untuk mendapatkan maklumat lanjut."],"two":["Kegagalan permintaan depersonalisasi rangkaian. Anda ada ",{"t":"idOrVar","v":"n"}," percubaan lagi untuk memasukkan kod yang betul. Rujuk dokumentasi peranti anda atau hubungi pembawa anda untuk mendapatkan maklumat lanjut."]},"$x":[{"t":"idOrVar","v":"plural"},"n"]},{"$i":"nckLastChanceMsg","$v":"Kegagalan permintaan depersonalisasi rangkaian. Peluang terakhir untuk memasukkan kod NCK yang betul. Rujuk dokumentasi peranti anda atau hubungi pembawa anda untuk mendapatkan maklumat lanjut."},{"$i":"sim-attention-header","$v":"SIM Dikunci"},{"$i":"multiSIM-attention-header","$v":["SIM",{"t":"idOrVar","v":"n"}," Dikunci"]},{"$i":"sim-attention-head","$v":"Kad SIM dikunci."},{"$i":"sim-attention-body","$v":"Adakah anda ingin memasukkan kod PUK untuk membuka kunci kad SIM anda?"},{"$i":"enter-puk-rsk","$v":"Masukkan PUK"},{"$i":"verify-rsk","$v":"Selesai"},{"$i":"activity-pick","$v":"Pilih daripada"},{"$i":"activity-view","$v":"Lihat dengan"},{"$i":"activity-test","$v":"Uji dengan"},{"$i":"activity-share","$v":"Kongsi"},{"$i":"activity-new","$v":"Buat dengan"},{"$i":"activity-open","$v":"Buka dengan"},{"$i":"activity-save-bookmark","$v":"Penanda halaman ke"},{"$i":"activity-record","$v":"Rakam daripada"},{"$i":"activity-browse","$v":"Semak imbas dengan"},{"$i":"activity-configure","$v":"Konfigurasi dengan"},{"$i":"activity-dial","$v":"Dail daripada"},{"$i":"remoteDebuggerMessage","$v":"Permintaan masuk untuk membenarkan sambungan penyahpepijatan jauh telah dikesan. Benarkan sambungan?"},{"$i":"captive-wifi-available","$v":["Rangkaian ",{"t":"idOrVar","v":"networkName"}," dijumpai. Sertai rangkaian?"]},{"$i":"ceWarningtitle","$v":"Amaran kelantangan"},{"$i":"ceWarningcontent","$v":"Bagi mencegah kemungkinan berlakunya kerosakan pendengaran, jangan dengar pada kelantangan tinggi bagi tempoh yang lama."},{"$i":"is-volume-type-notification","$v":{"$o":"Nada Dering & Isyarat"}},{"$i":"is-volume-type-telephony","$v":"Kelantangan"},{"$i":"is-volume-type-alarm","$v":"Penggera"},{"$i":"is-volume-type-content","$v":"Media"},{"$i":"tcl-volume-type-notification","$v":{"$o":"NADA DERING & PERINGATAN"}},{"$i":"tcl-volume-type-telephony","$v":"KELANTANGAN"},{"$i":"volume-type-alarm","$v":"PENGGERA"},{"$i":"volume-type-content","$v":"MEDIA"},{"$i":"vibrate-only","$v":"Getaran Sahaja"},{"$i":"silent","$v":"Senyap"},{"$i":"vibrate-on","$v":"Getaran:Dihidupkan"},{"$i":"vibrate-off","$v":"Getaran:Dimatikan"},{"$i":"vibrate","$v":"Bergetar"},{"$i":"tcl-volume","$v":["Kelantangan:",{"t":"idOrVar","v":"n"},"/",{"t":"idOrVar","v":"c"}]},{"$i":"notification-powersaving-mode-on-title","$v":"Mod Penjimatan Kuasa"},{"$i":"notification-powersaving-mode-on-description","$v":"Mod penjimatan kuasa dihidupkan."},{"$i":"low-device-storage","$v":"Ruang peranti sedikit.\\n"},{"$i":"storage-alert","$v":"Ingatan Storan"},{"$i":"phone-almost-full","$v":"Telefon hampir penuh."},{"$i":"free-space","$v":{"few":["Baki kurang daripada ",{"t":"idOrVar","v":"value"}," ",{"t":"idOrVar","v":"unit"},"."],"many":["Baki kurang daripada ",{"t":"idOrVar","v":"value"}," ",{"t":"idOrVar","v":"unit"},"."],"one":["Baki kurang daripada ",{"t":"idOrVar","v":"value"}," ",{"t":"idOrVar","v":"unit"},"."],"other":["Baki kurang daripada ",{"t":"idOrVar","v":"value"}," ",{"t":"idOrVar","v":"unit"},"."],"two":["Baki kurang daripada ",{"t":"idOrVar","v":"value"}," ",{"t":"idOrVar","v":"unit"},"."],"zero":"Tiada ruang bebas yang tinggal."},"$x":[{"t":"idOrVar","v":"plural"},"value"]},{"$i":"unknown-free-space","$v":"Ruang yang tinggal tidak diketahui."},{"$i":"can-delete-data-to-get-space","$v":"Anda boleh memadam sesetengah fail media atau menguruskan data aplikasi untuk mendapatkan lebih banyak ruang kosong."},{"$i":"should-delete-data-to-get-space","$v":"Anda perlu memadam beberapa fail media atau mengurus data aplikasi untuk mendapatkan lebih banyak ruang kosong sebelum meneruskan menggunakan peranti ini."},{"$i":"storage-full-level-1-title","$v":"Telefon Hampir Penuh"},{"$i":"storage-full-level-2-title","$v":"Storan Telefon Penuh"},{"$i":"delete-to-get-space","$v":"Padam fail media, data aplikasi atau apl yang dimuat turun untuk membebaskan ruang."},{"$i":"delete-to-get-space-level-2","$v":"Padam fail media, data aplikasi atau apl yang dimuat turun untuk membebaskan ruang. Jika tidak, telefon tidak akan berfungsi dengan betul."},{"$i":"system-alert","$v":"Isyarat Sistem"},{"$i":"cb-channel","$v":["Saluran CB - ",{"t":"idOrVar","v":"channel"}]},{"$i":"cell-broadcast-subtitle","$v":"Siaran Sel"},{"$i":"cb-etws-warningType-earthquake","$v":"Amaran gempa bumi!"},{"$i":"cb-etws-warningType-tsunami","$v":"Amaran tsunami!"},{"$i":"cb-etws-warningType-earthquake-tsunami","$v":"Amaran gempa bumi-tsunami!"},{"$i":"cb-etws-warningType-test","$v":"Sistem isyarat sedang diuji."},{"$i":"cb-etws-warningType-other","$v":"Amaran kecemasan!"},{"$i":"icc-message-maintitle","$v":"Mesej Operator"},{"$i":"icc-message-subtitle","$v":"SIM"},{"$i":"icc-confirmCall-defaultmessage","$v":["Hubungi ",{"t":"idOrVar","v":"number"},"?"]},{"$i":"icc-alertMessage-defaultmessage","$v":"Menghantar mesej"},{"$i":"icc-confirmMessage-defaultmessage","$v":"Hantar mesej?"},{"$i":"icc-notification-title","$v":["SIM ",{"t":"idOrVar","v":"id"}," STK"]},{"$i":"icc-inputbox-maintitle","$v":"Pertanyaan STK"},{"$i":"icc-inputbox-subtitle","$v":["SIM ",{"t":"idOrVar","v":"id"}]},{"$i":"emergency-callback-mode","$v":"Mod panggil balik kecemasan"},{"$i":"emergency-callback-message","$v":"Anda tidak boleh membuat panggilan, menghantar mesej atau pergi ke dalam talian kerana mod panggil balik kecemasan didayakan. Adakah anda ingin mematikannya?"},{"$i":"cdma-record-info","$v":"Maklumat rekod CDMA"},{"$i":"download_started","$v":"Muat turun dimulakan"},{"$i":"download_stopped","$v":"Muat turun terhenti"},{"$i":"download_downloading","$v":[{"t":"idOrVar","v":"percentage"},"%"]},{"$i":"download_succeeded","$v":"Muat turun lengkap"},{"$i":"download_failed","$v":"Gagal memuat turun"},{"$i":"update_succeeded","$v":"Kemas kini lengkap"},{"$i":"download_text_by_default","$v":[{"t":"idOrVar","v":"name"}]},{"$i":"phone-storage-full-title","$v":"Storan Telefon Penuh"},{"$i":"phone-storage-full-warning","$v":"Tidak dapat memuat turun fail. Padam fail media atau data aplikasi untuk membebaskan ruang. Anda juga boleh memasukkan kad SD untuk membesarkan storan media."},{"$i":"sdcard-storage-full-title","$v":"Kad SD Penuh"},{"$i":"sdcard-storage-full-warning","$v":"Tidak dapat memuat turun fail. Padam fail dalam kad SD untuk membebaskan ruang."},{"$i":"opt-settings","$v":"Tetapan"},{"$i":"search-the-web","$v":"Buat carian di web"},{"$i":"search-or-enter-address","$v":"Buat carian atau masukkan alamat","placeholder":"Buat carian atau masukkan alamat"},{"$i":"search-or-enter-url","$v":"Buat carian atau masukkan URL","placeholder":"Buat carian atau masukkan URL"},{"$i":"back-button","ariaLabel":"Undur"},{"$i":"forward-button","ariaLabel":"Majukan"},{"$i":"reload-button","ariaLabel":"Muat semula"},{"$i":"stop-button","ariaLabel":"Henti"},{"$i":"windows-button","ariaLabel":"Tunjukkan tetingkap"},{"$i":"noHotspotWhenAPMisOnWifiHotspot","$v":"Matikan mod pesawat untuk menggunakan hotspot Wi-Fi."},{"$i":"apmActivated","$v":"Mod pesawat diaktifkan"},{"$i":"save-image","$v":"Simpan Imej"},{"$i":"save-video","$v":"Simpan Video"},{"$i":"save-audio","$v":"Simpan Audio"},{"$i":"share-image","$v":"Kongsi Imej"},{"$i":"share-video","$v":"Kongsi Video"},{"$i":"share-audio","$v":"Kongsi Audio"},{"$i":"tcl-cancelButtonId","$v":"Batal"},{"$i":"tcl-not-send","$v":"Jangan Hantar"},{"$i":"tcl-send-report","$v":"Hantar Laporan"},{"$i":"refresh","$v":"Segarkan semula"},{"$i":"goBack","$v":"Kembali"},{"$i":"goForward","$v":"Maju ke depan"},{"$i":"goToTopSites","$v":"Pergi ke Tapak Teratas"},{"$i":"pinToTopSites","$v":"Semat pada Tapak Teratas"},{"$i":"pinToAllApps","$v":"Pin ke Semua Apl"},{"$i":"pinToAppsMenu","$v":"Pin ke Menu Apl"},{"$i":"viewMessages","$v":"Lihat Mesej"},{"$i":"downloadImage","$v":"Muat turun imej"},{"$i":"quit","$v":"Keluar"},{"$i":"minimizeBrowser","$v":"Minimumkan Pelayar"},{"$i":"pinSiteCompletely","$v":"Laman web ini telah disematkan pada Tapak Teratas."},{"$i":"siteWasPinnedBefore","$v":"Laman web ini telah disematkan pada Tapak Teratas sebelum ini."},{"$i":"pinnedSitesOverLimit","$v":"Anda telah mencapai bilangan maksimum laman web yang disemat."},{"$i":"pressBackAgainToQuitBrowser","$v":"Tekan UNDUR sekali lagi untuk keluar pelayar."},{"$i":"pressBackAgainToMinimizeBrowser","$v":"Tekan KE BELAKANG sekali lagi untuk meminimumkan Pelayar."},{"$i":"pinSiteToAllAppsCompletely","$v":"Laman web ini telah dipin kepada Semua Apl."},{"$i":"pinSiteToAppsMenuCompletely","$v":"Laman web ini telah dipin kepada Menu Apl."},{"$i":"siteWasPinnedToAllAppsBefore","$v":"Laman web ini telah dipin kepada Semua Apl sebelum ini."},{"$i":"siteWasPinnedToAppsMenuBefore","$v":"Laman web ini telah dipin kepada Menu Apl sebelum ini."},{"$i":"ext-bluetooth-req","$v":"Permintaan Berpasangan"},{"$i":"ext-unknown","$v":"TIDAK DIKETAHUI"},{"$i":"ext-new-message","$v":"Mesej Baharu"},{"$i":"ext-new-mail","$v":"Mel Baharu"},{"$i":"ext-calendar-event","$v":"Peristiwa Kalendar"},{"$i":"ext-new-notification","$v":"Notis Baharu"},{"$i":"incoming","$v":"Masuk"},{"$i":"ext-volume-notification","$v":{"$o":"Nada dering & pemberitahuan"}},{"$i":"ext-volume-content","$v":"Media"},{"$i":"ext-volume-alarm","$v":"Penggera"},{"$i":"ext-new-cmas","$v":"Kecemasan"},{"$i":"phone-storage-full-body","$v":"Rakaman panggilan berhenti. Padam fail media atau data aplikasi untuk membebaskan ruang."},{"$i":"sd-card-full-title","$v":"Kad SD Penuh"},{"$i":"sd-card-full-body","$v":"Rakaman panggilan berhenti. Padam fail dalam kad SD untuk membebaskan ruang."},{"$i":"supl-notification-title","$v":"Permintaan Lokasi"},{"$i":"supl-notification-message","$v":"Lokasi anda dihantar kepada operator."},{"$i":"supl-verification-title","$v":"Permintaan Lokasi"},{"$i":"supl-verification-message","$v":"Operator meminta lokasi anda. Adakah anda ingin memberikan maklumat lokasi anda kepada operator?"},{"$i":"supl-verification-message-for-notification","$v":"Klik di sini untuk mengesahkan"},{"$i":"supl-verification-confirm","$v":"Ya"},{"$i":"supl-verification-cancel","$v":"Tidak"},{"$i":"supl-more-message","$v":["Mesej: ",{"t":"idOrVar","v":"id"}," (",{"t":"idOrVar","v":"message"},")"]},{"$i":"confirmPbapMsg","$v":[{"t":"idOrVar","v":"deviceId"}," ingin mengakses kenalan dan sejarah panggilan anda. Adakah anda mahu menerima?"]},{"$i":"confirmTitle","$v":"Permintaan Bluetooth"},{"$i":"initialValue","$v":"Masukkan kunci sesi"},{"$i":"confirmMapMsg","$v":[{"t":"idOrVar","v":"deviceId"}," ingin mengakses mesej anda. Adakah anda mahu menerima?"]},{"$i":"wifiCallErrorMsg","$v":["Ralat panggilan Wifi: ",{"t":"idOrVar","v":"error"}]},{"$i":"wifiCallMissEccTitle","$v":[{"t":"idOrVar","v":"operator"}," WiFi Calling"]},{"$i":"wifiCallMissEccMsg","$v":"Emergency calls in areas with cellular coverage only"},{"$i":"battery-full-title","$v":"Bateri Penuh"},{"$i":"battery-full-body","$v":"Bateri dicas sepenuhnya."},{"$i":"sim-config-title","$v":"Konfigurasi"},{"$i":"sim-config-content-init","$v":["Tekan MULA untuk mengkonfigurasi telefon anda untuk ",{"t":"idOrVar","v":"carrier"},"."]},{"$i":"sim-config-content-change","$v":["Adakah anda mahu mengkonfigurasi telefon anda untuk ",{"t":"idOrVar","v":"carrier"},"?"]},{"$i":"sim-config-content-line1","$v":"Bagus!"},{"$i":"sim-config-content-restart","$v":"Mulakan semula telefon anda untuk menggunakan perubahan."},{"$i":"sim-config-content-finish","$v":"Tekan OK untuk selesai."},{"$i":"sim-config-content-failed","$v":["Tidak dapat mencari profil bagi ",{"t":"idOrVar","v":"carrier"},"."]},{"$i":"sim-config-button-restart","$v":"Mulakan semula"},{"$i":"sim-config-button-begin","$v":"Mula"},{"$i":"open-wifi-available","$v":"Buka rangkaian WiFi tersedia"},{"$i":"wifi-available","$v":"Rangkaian Wifi tersedia"},{"$i":"wifi-no-internet-title","$v":"Wi-Fi tiada akses internet"},{"$i":"wifi-no-internet-body","$v":"Buka untuk pilihan"},{"$i":"wifi-no-internet-header","$v":"Rangkaian Wi-Fi"},{"$i":"wifi-no-internet-content","$v":[{"t":"idOrVar","v":"name"}," tiada akses internet, terus disambungkan?"]},{"$i":"ellipses_char","$v":"…"},{"$i":"fota-title-attention","$v":"Perhatian"},{"$i":"fota-upgrade-success","$v":["Naik Taraf Perisian Tegar berjaya, Kini peranti anda menggunakan versi ",{"t":"idOrVar","v":"target"},"."]},{"$i":"fota-upgrade-failed","$v":"Naik taraf gagal, Versi terdahulu dipulihkan."},{"$i":"fota-title-software-update","$v":"Kemas Kinian Perisian"},{"$i":"fota-message-software-update-available","$v":"Kemas kini tersedia."},{"$i":"fota-message-software-download-failed","$v":"Muat turun gagal."},{"$i":"fota-message-software-download-complete","$v":"Muat turun selesai."},{"$i":"network-issue-title","$v":"Ralat Rangkaian"},{"$i":"network-issue-detail","$v":"Sila semak sambungan anda."},{"$i":"device-issue-title","$v":"Ralat Pasang"},{"$i":"device-issue-detail","$v":"Satu isu telah berlaku."},{"$i":"device-issue-update-title","$v":"Ralat Kemas Kini"},{"$i":"install-generic-error","$v":"Muat turun terhenti."},{"$i":"account-authenticator-invaild-grant-notice-title","$v":"Ralat Akaun"},{"$i":"account-authenticator-invaild-grant-notice-text","$v":"Log masuk semula"},{"$i":"account-authenticator-no-network-error","$v":"Tiada sambungan Internet."},{"$i":"account-authenticator-access-denied-error","$v":"Satu ralat yang tidak diketahui telah berlaku, sila cuba lagi kemudian."},{"$i":"qtn_els_alert_high_vol","$v":"Amaran kelantangan tinggi"},{"$i":"qtn_els_alert_in_call","$v":"Dalam panggilan"},{"$i":"GetEmptyUssdPrompt","$v":"Balasan nol diterima."},{"$i":"message-sent","$v":"Mesej dihantar."},{"$i":"send","$v":"Hantar"},{"$i":"confirmation","$v":"Pengesahan"},{"$i":"feedback-dialogview-header","$v":"Maklum balas"},{"$i":"feedback-dialogview-message","$v":"Pendapat anda sangat bernilai kepada HMD Global, sila beritahu kami apa pendapat anda mengenai telefon baru anda. Jika anda ingin mengambil bahagian dalam tinjauan ini kemudian, anda boleh mencarinya daripada Tetapan."},{"$i":"accessibility-enableScreenReaderSteps","$v":"Untuk mendayakan pembaca skrin, tekan butang tingkatkan kelantangan kemudian butang kurangkan kelantangan tiga kali lagi"},{"$i":"accessibility-disableScreenReaderSteps","$v":"Untuk menyahdayakan pembaca skrin, tekan butang tingkatkan kelantangan kemudian butang kurangkan kelantangan tiga kali lagi"},{"$i":"accessibility-screenReaderStarted","$v":"Pembaca skrin dimulakan"},{"$i":"accessibility-screenReaderStopped","$v":"Pembaca skrin dihentikan"},{"$i":"accessibility-menubar","$v":"bar menu"},{"$i":"accessibility-scrollbar","$v":"bar skrol"},{"$i":"accessibility-grip","$v":"cengkaman"},{"$i":"accessibility-alert","$v":"isyarat"},{"$i":"accessibility-menupopup","$v":"menu timbul"},{"$i":"accessibility-document","$v":"dokumen"},{"$i":"accessibility-pane","$v":"anak tetingkap"},{"$i":"accessibility-dialog","$v":"dialog"},{"$i":"accessibility-separator","$v":"pemisah"},{"$i":"accessibility-toolbar","$v":"bar alat"},{"$i":"accessibility-statusbar","$v":"bar status"},{"$i":"accessibility-table","$v":"jadual"},{"$i":"accessibility-columnheader","$v":"pengepala lajur"},{"$i":"accessibility-rowheader","$v":"pengepala baris"},{"$i":"accessibility-column","$v":"lajur"},{"$i":"accessibility-row","$v":"baris"},{"$i":"accessibility-cell","$v":"sel"},{"$i":"accessibility-link","$v":"pautan"},{"$i":"accessibility-list","$v":"senarai"},{"$i":"accessibility-listitem","$v":"senarai item"},{"$i":"accessibility-outline","$v":"rangka"},{"$i":"accessibility-outlineitem","$v":"item rangka"},{"$i":"accessibility-pagetab","$v":"tab"},{"$i":"accessibility-propertypage","$v":"halaman sifat"},{"$i":"accessibility-graphic","$v":"grafik"},{"$i":"accessibility-pushbutton","$v":"butang"},{"$i":"accessibility-checkbutton","$v":"butang tanda"},{"$i":"accessibility-radiobutton","$v":"butang radio"},{"$i":"accessibility-combobox","$v":"kotak kombo"},{"$i":"accessibility-progressbar","$v":"bar kemajuan"},{"$i":"accessibility-slider","$v":"penggelangsar"},{"$i":"accessibility-spinbutton","$v":"butang putar"},{"$i":"accessibility-diagram","$v":"gambar rajah"},{"$i":"accessibility-animation","$v":"animasi"},{"$i":"accessibility-equation","$v":"persamaan"},{"$i":"accessibility-buttonmenu","$v":"menu butang"},{"$i":"accessibility-whitespace","$v":"ruang putih"},{"$i":"accessibility-pagetablist","$v":"senarai tab"},{"$i":"accessibility-canvas","$v":"kanvas"},{"$i":"accessibility-checkmenuitem","$v":"check menu item"},{"$i":"accessibility-label","$v":"label"},{"$i":"accessibility-passwordtext","$v":"teks kata laluan"},{"$i":"accessibility-radiomenuitem","$v":"item menu radio"},{"$i":"accessibility-textcontainer","$v":"petak teks"},{"$i":"accessibility-togglebutton","$v":"butang togol"},{"$i":"accessibility-treetable","$v":"jadual pepohon"},{"$i":"accessibility-header","$v":"pengepala"},{"$i":"accessibility-footer","$v":"pembawah"},{"$i":"accessibility-paragraph","$v":"perenggan"},{"$i":"accessibility-entry","$v":"masukan"},{"$i":"accessibility-caption","$v":"kapsyen"},{"$i":"accessibility-heading","$v":"tajuk"},{"$i":"accessibility-section","$v":"bahagian"},{"$i":"accessibility-form","$v":"borang"},{"$i":"accessibility-comboboxlist","$v":"senarai kotak kombo"},{"$i":"accessibility-comboboxoption","$v":"pilihan kotak kombo"},{"$i":"accessibility-imagemap","$v":"peta imej"},{"$i":"accessibility-listboxoption","$v":"pilihan"},{"$i":"accessibility-listbox","$v":"kotak senarai"},{"$i":"accessibility-flatequation","$v":"persamaan mendatar"},{"$i":"accessibility-gridcell","$v":"sel grid"},{"$i":"accessibility-note","$v":"nota"},{"$i":"accessibility-figure","$v":"angka"},{"$i":"accessibility-definitionlist","$v":"senarai takrifan"},{"$i":"accessibility-term","$v":"terma"},{"$i":"accessibility-definition","$v":"takrifan"},{"$i":"accessibility-textarea","$v":"kawasan teks"},{"$i":"accessibility-textInputType_date","$v":"tarikh"},{"$i":"accessibility-textInputType_email","$v":"e-mel"},{"$i":"accessibility-textInputType_search","$v":"cari"},{"$i":"accessibility-textInputType_tel","$v":"telefon"},{"$i":"accessibility-textInputType_url","$v":"URL"},{"$i":"accessibility-headingLevel","$v":["tahap tajuk ",{"t":"idOrVar","v":"0"}]},{"$i":"accessibility-listStart","$v":"Item pertama"},{"$i":"accessibility-listEnd","$v":"Item terakhir"},{"$i":"accessibility-listItemsCount","$v":{"few":[{"t":"idOrVar","v":"count"}," item"],"many":[{"t":"idOrVar","v":"count"}," item"],"one":[{"t":"idOrVar","v":"count"}," item"],"other":[{"t":"idOrVar","v":"count"}," item"],"two":[{"t":"idOrVar","v":"count"}," item"],"zero":[{"t":"idOrVar","v":"count"}," item"]},"$x":[{"t":"idOrVar","v":"plural"},"count"]},{"$i":"accessibility-objItemOfN","$v":[{"t":"idOrVar","v":"0"}," daripada ",{"t":"idOrVar","v":"1"}]},{"$i":"accessibility-banner","$v":"sepanduk"},{"$i":"accessibility-complementary","$v":"pelengkap"},{"$i":"accessibility-contentinfo","$v":"maklumat kandungan"},{"$i":"accessibility-main","$v":"utama"},{"$i":"accessibility-navigation","$v":"navigasi"},{"$i":"accessibility-search","$v":"cari"},{"$i":"accessibility-tblColumnInfo","$v":{"few":["dengan ",{"t":"idOrVar","v":"count"}," lajur"],"many":["dengan ",{"t":"idOrVar","v":"count"}," lajur"],"one":["dengan ",{"t":"idOrVar","v":"count"}," lajur"],"other":["dengan ",{"t":"idOrVar","v":"count"}," lajur"],"two":["dengan ",{"t":"idOrVar","v":"count"}," lajur"],"zero":["dengan ",{"t":"idOrVar","v":"count"}," lajur"]},"$x":[{"t":"idOrVar","v":"plural"},"count"]},{"$i":"accessibility-tblRowInfo","$v":{"few":["dan ",{"t":"idOrVar","v":"count"}," baris"],"many":["dan ",{"t":"idOrVar","v":"count"}," baris"],"one":["dan ",{"t":"idOrVar","v":"count"}," baris"],"other":["dan ",{"t":"idOrVar","v":"count"}," baris"],"two":["dan ",{"t":"idOrVar","v":"count"}," baris"],"zero":["dan ",{"t":"idOrVar","v":"count"}," baris"]},"$x":[{"t":"idOrVar","v":"plural"},"count"]},{"$i":"accessibility-columnInfo","$v":["Lajur ",{"t":"idOrVar","v":"0"}]},{"$i":"accessibility-rowInfo","$v":["Baris ",{"t":"idOrVar","v":"0"}]},{"$i":"accessibility-spansColumns","$v":{"few":["merentangi ",{"t":"idOrVar","v":"0"}," lajur"],"many":["merentangi ",{"t":"idOrVar","v":"0"}," lajur"],"one":["merentangi ",{"t":"idOrVar","v":"0"}," lajur"],"other":["merentangi ",{"t":"idOrVar","v":"0"}," lajur"],"two":["merentangi ",{"t":"idOrVar","v":"0"}," lajur"],"zero":["merentangi ",{"t":"idOrVar","v":"0"}," lajur"]},"$x":[{"t":"idOrVar","v":"plural"},"0"]},{"$i":"accessibility-spansRows","$v":{"few":["merentangi ",{"t":"idOrVar","v":"0"}," baris"],"many":["merentangi ",{"t":"idOrVar","v":"0"}," baris"],"one":["merentangi ",{"t":"idOrVar","v":"0"}," baris"],"other":["merentangi ",{"t":"idOrVar","v":"0"}," baris"],"two":["merentangi ",{"t":"idOrVar","v":"0"}," baris"],"zero":["merentangi ",{"t":"idOrVar","v":"0"}," baris"]},"$x":[{"t":"idOrVar","v":"plural"},"0"]},{"$i":"accessibility-jumpAction","$v":"lompat"},{"$i":"accessibility-pressAction","$v":"ditekan"},{"$i":"accessibility-checkAction","$v":"ditanda"},{"$i":"accessibility-uncheckAction","$v":"dibuang tanda"},{"$i":"accessibility-selectAction","$v":"dipilih"},{"$i":"accessibility-unselectAction","$v":"dinyahpilih"},{"$i":"accessibility-openAction","$v":"dibuka"},{"$i":"accessibility-closeAction","$v":"ditutup"},{"$i":"accessibility-switchAction","$v":"menukar"},{"$i":"accessibility-clickAction","$v":"clicked"},{"$i":"accessibility-collapseAction","$v":"diruntuhkan"},{"$i":"accessibility-expandAction","$v":"dikembangkan"},{"$i":"accessibility-activateAction","$v":"diaktifkan"},{"$i":"accessibility-cycleAction","$v":"dikitar semula"},{"$i":"accessibility-hidden","$v":"tersembunyi"},{"$i":"accessibility-tabLoading","$v":"memuatkan"},{"$i":"accessibility-tabLoaded","$v":"dimuatkan"},{"$i":"accessibility-tabNew","$v":"tab baharu"},{"$i":"accessibility-tabLoadStopped","$v":"pemuatan dihentikan"},{"$i":"accessibility-tabReload","$v":"memuatkan semula"},{"$i":"accessibility-stateChecked","$v":"ditanda"},{"$i":"accessibility-stateNotChecked","$v":"tidak ditanda"},{"$i":"accessibility-statePressed","$v":"ditekan"},{"$i":"accessibility-stateExpanded","$v":"dikembangkan"},{"$i":"accessibility-stateCollapsed","$v":"diruntuhkan"},{"$i":"accessibility-stateUnavailable","$v":"tidak tersedia"},{"$i":"accessibility-stateRequired","$v":"diperlukan"},{"$i":"accessibility-stateTraversed","$v":"dilawati"},{"$i":"accessibility-stateHasPopup","$v":"telah timbul"},{"$i":"accessibility-stateSelected","$v":"dipilih"},{"$i":"accessibility-editingMode","$v":"mengedit"},{"$i":"accessibility-navigationMode","$v":"menavigasi"},{"$i":"accessibility-quicknav_Simple","$v":"Lalai"},{"$i":"accessibility-quicknav_Anchor","$v":"Sauh"},{"$i":"accessibility-quicknav_Button","$v":"Butang"},{"$i":"accessibility-quicknav_Combobox","$v":"Kotak kombo"},{"$i":"accessibility-quicknav_Landmark","$v":"Mercu tanda"},{"$i":"accessibility-quicknav_Entry","$v":"Masukan"},{"$i":"accessibility-quicknav_FormElement","$v":"Elemen borang"},{"$i":"accessibility-quicknav_Graphic","$v":"Imej"},{"$i":"accessibility-quicknav_Heading","$v":"Tajuk"},{"$i":"accessibility-quicknav_ListItem","$v":"Senarai item"},{"$i":"accessibility-quicknav_Link","$v":"Pautan"},{"$i":"accessibility-quicknav_List","$v":"Senarai"},{"$i":"accessibility-quicknav_PageTab","$v":"Tab halaman"},{"$i":"accessibility-quicknav_RadioButton","$v":"Butang radio"},{"$i":"accessibility-quicknav_Separator","$v":"Pemisah"},{"$i":"accessibility-quicknav_Table","$v":"Jadual"},{"$i":"accessibility-quicknav_Checkbox","$v":"Kotak semak"},{"$i":"accessibility-menubarAbbr","$v":"bar menu"},{"$i":"accessibility-scrollbarAbbr","$v":"bar skrol"},{"$i":"accessibility-gripAbbr","$v":"cengkaman"},{"$i":"accessibility-alertAbbr","$v":"isyarat"},{"$i":"accessibility-menupopupAbbr","$v":"menu timbul"},{"$i":"accessibility-documentAbbr","$v":"dokumen"},{"$i":"accessibility-paneAbbr","$v":"anak tetingkap"},{"$i":"accessibility-dialogAbbr","$v":"dialog"},{"$i":"accessibility-separatorAbbr","$v":"pemisah"},{"$i":"accessibility-toolbarAbbr","$v":"bar alat"},{"$i":"accessibility-statusbarAbbr","$v":"bar status"},{"$i":"accessibility-tableAbbr","$v":"jdl"},{"$i":"accessibility-columnheaderAbbr","$v":"pengepala lajur"},{"$i":"accessibility-rowheaderAbbr","$v":"pengepala baris"},{"$i":"accessibility-columnAbbr","$v":"lajur"},{"$i":"accessibility-rowAbbr","$v":"baris"},{"$i":"accessibility-cellAbbr","$v":"sel"},{"$i":"accessibility-linkAbbr","$v":"ptn"},{"$i":"accessibility-listAbbr","$v":"senarai"},{"$i":"accessibility-listitemAbbr","$v":"senarai item"},{"$i":"accessibility-outlineAbbr","$v":"rangka"},{"$i":"accessibility-outlineitemAbbr","$v":"item rangka"},{"$i":"accessibility-pagetabAbbr","$v":"tab"},{"$i":"accessibility-propertypageAbbr","$v":"halaman sifat"},{"$i":"accessibility-graphicAbbr","$v":"grafik"},{"$i":"accessibility-pushbuttonAbbr","$v":"btn"},{"$i":"accessibility-checkbuttonAbbr","$v":"butang tanda"},{"$i":"accessibility-radiobuttonAbbr","$v":"butang radio"},{"$i":"accessibility-comboboxAbbr","$v":"kotak kombo"},{"$i":"accessibility-progressbarAbbr","$v":"bar kemajuan"},{"$i":"accessibility-sliderAbbr","$v":"penggelangsar"},{"$i":"accessibility-spinbuttonAbbr","$v":"butang putar"},{"$i":"accessibility-diagramAbbr","$v":"gambar rajah"},{"$i":"accessibility-animationAbbr","$v":"animasi"},{"$i":"accessibility-equationAbbr","$v":"persamaan"},{"$i":"accessibility-buttonmenuAbbr","$v":"menu butang"},{"$i":"accessibility-whitespaceAbbr","$v":"ruang putih"},{"$i":"accessibility-pagetablistAbbr","$v":"senarai tab"},{"$i":"accessibility-canvasAbbr","$v":"kanvas"},{"$i":"accessibility-checkmenuitemAbbr","$v":"check menu item"},{"$i":"accessibility-labelAbbr","$v":"label"},{"$i":"accessibility-passwordtextAbbr","$v":"teks k/laluan"},{"$i":"accessibility-radiomenuitemAbbr","$v":"item menu radio"},{"$i":"accessibility-textcontainerAbbr","$v":"petak teks"},{"$i":"accessibility-togglebuttonAbbr","$v":"butang togol"},{"$i":"accessibility-treetableAbbr","$v":"jadual pepohon"},{"$i":"accessibility-headerAbbr","$v":"pengepala"},{"$i":"accessibility-footerAbbr","$v":"pembawah"},{"$i":"accessibility-paragraphAbbr","$v":"perenggan"},{"$i":"accessibility-entryAbbr","$v":"masukan"},{"$i":"accessibility-captionAbbr","$v":"kapsyen"},{"$i":"accessibility-headingAbbr","$v":"tajuk"},{"$i":"accessibility-sectionAbbr","$v":"bahagian"},{"$i":"accessibility-formAbbr","$v":"borang"},{"$i":"accessibility-comboboxlistAbbr","$v":"senarai kotak kombo"},{"$i":"accessibility-comboboxoptionAbbr","$v":"pilihan kotak kombo"},{"$i":"accessibility-imagemapAbbr","$v":"pt imej"},{"$i":"accessibility-listboxoptionAbbr","$v":"pilihan"},{"$i":"accessibility-listboxAbbr","$v":"kotak senarai"},{"$i":"accessibility-flatequationAbbr","$v":"persamaan mendatar"},{"$i":"accessibility-gridcellAbbr","$v":"sel grid"},{"$i":"accessibility-noteAbbr","$v":"nota"},{"$i":"accessibility-figureAbbr","$v":"ang"},{"$i":"accessibility-definitionlistAbbr","$v":"senarai takrifan"},{"$i":"accessibility-termAbbr","$v":"terma"},{"$i":"accessibility-definitionAbbr","$v":"takrifan"},{"$i":"accessibility-textareaAbbr","$v":"txtarea"},{"$i":"accessibility-tblColumnInfoAbbr","$v":{"few":[{"t":"idOrVar","v":"count"},"l"],"many":[{"t":"idOrVar","v":"count"},"l"],"one":[{"t":"idOrVar","v":"count"},"l"],"other":[{"t":"idOrVar","v":"count"},"l"],"two":[{"t":"idOrVar","v":"count"},"l"]},"$x":[{"t":"idOrVar","v":"plural"},"count"]},{"$i":"accessibility-tblRowInfoAbbr","$v":{"few":[{"t":"idOrVar","v":"count"},"b"],"many":[{"t":"idOrVar","v":"count"},"b"],"one":[{"t":"idOrVar","v":"count"},"b"],"other":[{"t":"idOrVar","v":"count"},"b"],"two":[{"t":"idOrVar","v":"count"},"b"]},"$x":[{"t":"idOrVar","v":"plural"},"count"]},{"$i":"accessibility-cellInfoAbbr","$v":["l",{"t":"idOrVar","v":"0"},"b",{"t":"idOrVar","v":"1"}]},{"$i":"accessibility-stateCheckedAbbr","$v":"(x)"},{"$i":"accessibility-stateUncheckedAbbr","$v":"( )"},{"$i":"accessibility-statePressedAbbr","$v":"(x)"},{"$i":"accessibility-stateUnpressedAbbr","$v":"( )"},{"$i":"accessibility-pushbutton-hint","$v":"Ketik dua kali untuk mengaktifkan"},{"$i":"accessibility-checkbutton-hint","$v":"Ketik dua kali untuk mengaktifkan"},{"$i":"accessibility-combobox-hint","$v":"Ketik dua kali untuk mengaktifkan"},{"$i":"accessibility-key-hint","$v":"Ketik dan tahan untuk mengaktifkan"},{"$i":"accessibility-link-hint","$v":"Ketik dua kali untuk mengaktifkan"},{"$i":"accessibility-menuitem-hint","$v":"Ketik dua kali untuk mengaktifkan"},{"$i":"accessibility-option-hint","$v":"Ketik dua kali untuk mengaktifkan"},{"$i":"accessibility-radiobutton-hint","$v":"Ketik dua kali untuk mengaktifkan"},{"$i":"accessibility-slider-hint","$v":"Leret ke atas untuk meningkatkan atau ke bawah untuk mengurangkan"},{"$i":"accessibility-spinbutton-hint","$v":"Leret ke atas untuk meningkatkan atau ke bawah untuk mengurangkan"},{"$i":"accessibility-pagetab-hint","$v":"Ketik dua kali untuk mengaktifkan"},{"$i":"accessibility-entry-hint","$v":"Ketik dua kali untuk mengaktifkan"},{"$i":"accessibility-outlineitem-hint","$v":"Ketik dua kali untuk mengaktifkan"},{"$i":"SoftLeft","$v":"Kekunci lembut kiri"},{"$i":"Enter","$v":"Kekunci OK"},{"$i":"SoftRight","$v":"Kekunci lembut kanan"},{"$i":"weekday-0-long","$v":"Ahad"},{"$i":"weekday-1-long","$v":"Isnin"},{"$i":"weekday-2-long","$v":"Selasa"},{"$i":"weekday-3-long","$v":"Rabu"},{"$i":"weekday-4-long","$v":"Khamis"},{"$i":"weekday-5-long","$v":"Jumaat"},{"$i":"weekday-6-long","$v":"Sabtu"},{"$i":"weekday-0-short","$v":"Aha"},{"$i":"weekday-1-short","$v":"Isn"},{"$i":"weekday-2-short","$v":"Sel"},{"$i":"weekday-3-short","$v":"Rab"},{"$i":"weekday-4-short","$v":"Kha"},{"$i":"weekday-5-short","$v":"Jum"},{"$i":"weekday-6-short","$v":"Sab"},{"$i":"month-0-long","$v":"Januari"},{"$i":"month-1-long","$v":"Februari"},{"$i":"month-2-long","$v":"Mac"},{"$i":"month-3-long","$v":"April"},{"$i":"month-4-long","$v":"Mei"},{"$i":"month-5-long","$v":"Jun"},{"$i":"month-6-long","$v":"Julai"},{"$i":"month-7-long","$v":"Ogos"},{"$i":"month-8-long","$v":"September"},{"$i":"month-9-long","$v":"Oktober"},{"$i":"month-10-long","$v":"November"},{"$i":"month-11-long","$v":"Disember"},{"$i":"month-0-genitive","$v":"Januari"},{"$i":"month-1-genitive","$v":"Februari"},{"$i":"month-2-genitive","$v":"Mac"},{"$i":"month-3-genitive","$v":"April"},{"$i":"month-4-genitive","$v":"Mei"},{"$i":"month-5-genitive","$v":"Jun"},{"$i":"month-6-genitive","$v":"Julai"},{"$i":"month-7-genitive","$v":"Ogos"},{"$i":"month-8-genitive","$v":"September"},{"$i":"month-9-genitive","$v":"Oktober"},{"$i":"month-10-genitive","$v":"November"},{"$i":"month-11-genitive","$v":"Disember"},{"$i":"month-0-short","$v":"Jan"},{"$i":"month-1-short","$v":"Feb"},{"$i":"month-2-short","$v":"Mac"},{"$i":"month-3-short","$v":"Apr"},{"$i":"month-4-short","$v":"Mei"},{"$i":"month-5-short","$v":"Jun"},{"$i":"month-6-short","$v":"Jul"},{"$i":"month-7-short","$v":"Ogo"},{"$i":"month-8-short","$v":"Sep"},{"$i":"month-9-short","$v":"Okt"},{"$i":"month-10-short","$v":"Nov"},{"$i":"month-11-short","$v":"Dis"},{"$i":"minutes-ago-long","$v":{"few":[{"t":"idOrVar","v":"value"}," minit yang lalu"],"many":[{"t":"idOrVar","v":"value"}," minit yang lalu"],"one":"seminit yang lalu","other":[{"t":"idOrVar","v":"value"}," minit yang lalu"],"two":[{"t":"idOrVar","v":"value"}," minit yang lalu"],"zero":"sebentar tadi"},"$x":[{"t":"idOrVar","v":"plural"},"value"]},{"$i":"hours-ago-long","$v":{"few":[{"t":"idOrVar","v":"value"}," jam yang lalu"],"many":[{"t":"idOrVar","v":"value"}," jam yang lalu"],"one":"sejam yang lalu","other":[{"t":"idOrVar","v":"value"}," jam yang lalu"],"two":[{"t":"idOrVar","v":"value"}," jam yang lalu"],"zero":"sebentar tadi"},"$x":[{"t":"idOrVar","v":"plural"},"value"]},{"$i":"days-ago-long","$v":{"few":[{"t":"idOrVar","v":"value"}," hari yang lalu"],"many":[{"t":"idOrVar","v":"value"}," hari yang lalu"],"one":"semalam","other":[{"t":"idOrVar","v":"value"}," hari yang lalu"],"two":[{"t":"idOrVar","v":"value"}," hari yang lalu"],"zero":"hari ini"},"$x":[{"t":"idOrVar","v":"plural"},"value"]},{"$i":"weeks-ago-long","$v":{"few":[{"t":"idOrVar","v":"value"}," minggu yang lalu"],"many":[{"t":"idOrVar","v":"value"}," minggu yang lalu"],"one":"minggu lepas","other":[{"t":"idOrVar","v":"value"}," minggu yang lalu"],"two":[{"t":"idOrVar","v":"value"}," minggu yang lalu"],"zero":"minggu ini"},"$x":[{"t":"idOrVar","v":"plural"},"value"]},{"$i":"months-ago-long","$v":{"few":[{"t":"idOrVar","v":"value"}," bulan yang lalu"],"many":[{"t":"idOrVar","v":"value"}," bulan yang lalu"],"one":"bulan lepas","other":[{"t":"idOrVar","v":"value"}," bulan yang lalu"],"two":[{"t":"idOrVar","v":"value"}," bulan yang lalu"],"zero":"bulan ini"},"$x":[{"t":"idOrVar","v":"plural"},"value"]},{"$i":"years-ago-long","$v":{"few":[{"t":"idOrVar","v":"value"}," tahun yang lalu"],"many":[{"t":"idOrVar","v":"value"}," tahun yang lalu"],"one":"tahun lepas","other":[{"t":"idOrVar","v":"value"}," tahun yang lalu"],"two":[{"t":"idOrVar","v":"value"}," tahun yang lalu"],"zero":"tahun ini"},"$x":[{"t":"idOrVar","v":"plural"},"value"]},{"$i":"minutes-until-long","$v":{"few":["dalam ",{"t":"idOrVar","v":"value"}," minit"],"many":["dalam ",{"t":"idOrVar","v":"value"}," minit"],"one":"dalam masa seminit","other":["dalam ",{"t":"idOrVar","v":"value"}," minit"],"two":["dalam ",{"t":"idOrVar","v":"value"}," minit"],"zero":"sekarang"},"$x":[{"t":"idOrVar","v":"plural"},"value"]},{"$i":"hours-until-long","$v":{"few":["dalam ",{"t":"idOrVar","v":"value"}," jam"],"many":["dalam ",{"t":"idOrVar","v":"value"}," jam"],"one":"dalam masa sejam","other":["dalam ",{"t":"idOrVar","v":"value"}," jam"],"two":["dalam ",{"t":"idOrVar","v":"value"}," jam"],"zero":"sekarang"},"$x":[{"t":"idOrVar","v":"plural"},"value"]},{"$i":"days-until-long","$v":{"few":["dalam ",{"t":"idOrVar","v":"value"}," hari"],"many":["dalam ",{"t":"idOrVar","v":"value"}," hari"],"one":"esok","other":["dalam ",{"t":"idOrVar","v":"value"}," hari"],"two":["dalam ",{"t":"idOrVar","v":"value"}," hari"],"zero":"hari ini"},"$x":[{"t":"idOrVar","v":"plural"},"value"]},{"$i":"weeks-until-long","$v":{"few":["dalam ",{"t":"idOrVar","v":"value"}," minggu"],"many":["dalam ",{"t":"idOrVar","v":"value"}," minggu"],"one":"minggu depan","other":["dalam ",{"t":"idOrVar","v":"value"}," minggu"],"two":["dalam ",{"t":"idOrVar","v":"value"}," minggu"],"zero":"minggu ini"},"$x":[{"t":"idOrVar","v":"plural"},"value"]},{"$i":"months-until-long","$v":{"few":["dalam ",{"t":"idOrVar","v":"value"}," bulan"],"many":["dalam ",{"t":"idOrVar","v":"value"}," bulan"],"one":"bulan depan","other":["dalam ",{"t":"idOrVar","v":"value"}," bulan"],"two":["dalam ",{"t":"idOrVar","v":"value"}," bulan"],"zero":"bulan ini"},"$x":[{"t":"idOrVar","v":"plural"},"value"]},{"$i":"years-until-long","$v":{"few":["dalam ",{"t":"idOrVar","v":"value"}," tahun"],"many":["dalam ",{"t":"idOrVar","v":"value"}," tahun"],"one":"tahun depan","other":["dalam ",{"t":"idOrVar","v":"value"}," tahun"],"two":["dalam ",{"t":"idOrVar","v":"value"}," tahun"],"zero":"tahun ini"},"$x":[{"t":"idOrVar","v":"plural"},"value"]},{"$i":"minutes-ago-short","$v":{"other":[{"t":"idOrVar","v":"value"},"m yang lalu"],"zero":"sebentar tadi"},"$x":[{"t":"idOrVar","v":"plural"},"value"]},{"$i":"hours-ago-short","$v":{"other":[{"t":"idOrVar","v":"value"},"j yang lalu"],"zero":"sebentar tadi"},"$x":[{"t":"idOrVar","v":"plural"},"value"]},{"$i":"days-ago-short","$v":{"other":[{"t":"idOrVar","v":"value"},"h yang lalu"],"zero":"hari ini"},"$x":[{"t":"idOrVar","v":"plural"},"value"]},{"$i":"minutes-until-short","$v":{"other":["dalam ",{"t":"idOrVar","v":"value"},"m"],"zero":"sekarang"},"$x":[{"t":"idOrVar","v":"plural"},"value"]},{"$i":"hours-until-short","$v":{"other":["dalam ",{"t":"idOrVar","v":"value"},"j"],"zero":"sekarang"},"$x":[{"t":"idOrVar","v":"plural"},"value"]},{"$i":"days-until-short","$v":{"other":["dalam ",{"t":"idOrVar","v":"value"},"h"],"zero":"hari ini"},"$x":[{"t":"idOrVar","v":"plural"},"value"]},{"$i":"incorrectDate","$v":"(tarikh salah)"},{"$i":"dateTimeFormat_%c","$v":"%a %b %e %Y %I:%M:%S %p"},{"$i":"dateTimeFormat_%x","$v":"%I:%M:%S %p"},{"$i":"dateTimeFormat_%X","$v":"%I:%M:%S %p"},{"$i":"shortTimeFormat","$v":"%I:%M %p"},{"$i":"shortTimeFormat12","$v":"%I:%M %p"},{"$i":"shortTimeFormat24","$v":"%H:%M"},{"$i":"shortDateTimeFormat","$v":"%x %I:%M %p"},{"$i":"weekStartsOnMonday","$v":"0.0"},{"$i":"firstDayOfTheWeek","$v":"0.0"},{"$i":"time_am","$v":"Pagi"},{"$i":"time_pm","$v":"Petang"},{"$i":"title-app","$v":"Kebenaran Aplikasi"},{"$i":"title-web","$v":"Kebenaran Laman Web"},{"$i":"title-cam","$v":"Pilih Kamera"},{"$i":"perm-alarms","$v":"Jadualkan Penggera"},{"$i":"perm-audio-capture","$v":"Mikrofon"},{"$i":"perm-audio-capture-appRequest","$v":["Adakah anda ingin berkongsi mikrofon anda dengan ",{"t":"idOrVar","v":"app"},"?"]},{"$i":"perm-audio-capture-webRequest","$v":["Adakah anda ingin berkongsi mikrofon anda dengan ",{"t":"idOrVar","v":"site"},"?"]},{"$i":"perm-audio-channel-content","$v":"Mainkan Bunyi"},{"$i":"perm-audio-channel-notification","$v":"Mainkan Bunyi Pemberitahuan"},{"$i":"perm-audio-channel-ringer","$v":"Mainkan Bunyi Nada Dering"},{"$i":"perm-background-sensors","$v":"Akses Data Sensor"},{"$i":"perm-bluetooth","$v":"Bluetooth"},{"$i":"perm-browser","$v":"Periksa Laman Web"},{"$i":"perm-camera","$v":"Kamera"},{"$i":"perm-camera-selector-appRequest","$v":["Pilih kamera untuk ",{"t":"idOrVar","v":"app"},"."]},{"$i":"perm-camera-selector-webRequest","$v":["Pilih kamera untuk ",{"t":"idOrVar","v":"site"},"."]},{"$i":"perm-camera-appRequest","$v":[{"t":"idOrVar","v":"app"}," ingin menggunakan kamera anda."]},{"$i":"perm-camera-webRequest","$v":[{"t":"idOrVar","v":"site"}," ingin menggunakan kamera anda."]},{"$i":"perm-cellbroadcast","$v":"Siaran Sel"},{"$i":"perm-contacts","$v":"Kenalan"},{"$i":"perm-contacts-appRequest","$v":[{"t":"idOrVar","v":"app"}," ingin mengakses senarai kenalan anda."]},{"$i":"perm-contacts-webRequest","$v":[{"t":"idOrVar","v":"site"}," ingin mengakses senarai kenalan anda."]},{"$i":"perm-desktop-notification","$v":"Pemberitahuan"},{"$i":"perm-desktop-notification-appRequest","$v":[{"t":"idOrVar","v":"app"}," ingin memaparkan pemberitahuan."]},{"$i":"perm-desktop-notification-webRequest","$v":[{"t":"idOrVar","v":"site"}," ingin memaparkan pemberitahuan."]},{"$i":"perm-device-storage-apps","$v":"Storan Aplikasi"},{"$i":"perm-device-storage-music","$v":"Storan Muzik"},{"$i":"perm-device-storage-music-appRequest","$v":[{"t":"idOrVar","v":"app"}," ingin mengakses muzik anda."]},{"$i":"perm-device-storage-music-webRequest","$v":[{"t":"idOrVar","v":"site"}," ingin mengakses muzik anda."]},{"$i":"perm-device-storage-pictures","$v":"Storan Imej"},{"$i":"perm-device-storage-pictures-appRequest","$v":[{"t":"idOrVar","v":"app"}," ingin mengakses imej anda."]},{"$i":"perm-device-storage-pictures-webRequest","$v":[{"t":"idOrVar","v":"site"}," ingin mengakses imej anda."]},{"$i":"perm-device-storage-sdcard","$v":"Storan Kad Memori"},{"$i":"perm-device-storage-sdcard-appRequest","$v":[{"t":"idOrVar","v":"app"}," ingin mengakses kad memori anda."]},{"$i":"perm-device-storage-sdcard-webRequest","$v":[{"t":"idOrVar","v":"site"}," ingin mengakses kad memori anda."]},{"$i":"perm-device-storage-videos","$v":"Storan Video"},{"$i":"perm-device-storage-videos-appRequest","$v":[{"t":"idOrVar","v":"app"}," ingin mengakses video anda."]},{"$i":"perm-device-storage-videos-webRequest","$v":[{"t":"idOrVar","v":"site"}," ingin mengakses video anda."]},{"$i":"perm-fullscreen-appRequest","$v":[{"t":"idOrVar","v":"app"}," kini dalam skrin penuh."]},{"$i":"perm-fullscreen-webRequest","$v":[{"t":"idOrVar","v":"site"}," kini dalam skrin penuh."]},{"$i":"perm-embed-apps","$v":"Aplikasi Terbenam"},{"$i":"perm-fmradio","$v":"Radio FM"},{"$i":"perm-fmradio-appRequest","$v":[{"t":"idOrVar","v":"app"}," ingin menggunakan Radio FM anda."]},{"$i":"perm-fmradio-webRequest","$v":[{"t":"idOrVar","v":"site"}," ingin menggunakan Radio FM anda."]},{"$i":"perm-geolocation","$v":"Geolokasi"},{"$i":"perm-geolocation-appRequest","$v":[{"t":"idOrVar","v":"app"}," ingin mengetahui lokasi anda."]},{"$i":"perm-geolocation-more-info","$v":[{"t":"idOrVar","v":"brandShortName"}," menggunakan GPS, dan maklumat suplemen tambahan misalnya rangkaian WiFi dan mudah alih untuk membuat anggaran lokasi anda. Data lokasi mungkin digunakan oleh ",{"t":"idOrVar","v":"brandShortName"}," dan penyedia perkhidmatan untuk meningkatkan ketepatan dan liputan pangkalan data lokasi. ",{"t":"idOrVar","v":"brandShortName"}," akan sentiasa meminta kebenaran apabila aplikasi memerlukan akses kepada lokasi peranti anda."]},{"$i":"perm-geolocation-webRequest","$v":[{"t":"idOrVar","v":"site"}," ingin mengetahui lokasi anda."]},{"$i":"perm-idle","$v":"Lihat Status Melahu"},{"$i":"perm-indexedDB-chrome-settings","$v":"DBIndeks Hak Istimewa"},{"$i":"perm-indexedDB-unlimited","$v":"Storan DBIndeks Tanpa Had"},{"$i":"perm-input-manage","$v":"Uruskan Papan Kekunci"},{"$i":"perm-input","$v":"Berfungsi sebagai Papan Kekunci"},{"$i":"perm-media-capture","$v":"Kamera dan Mikrofon"},{"$i":"perm-media-capture-appRequest","$v":["Adakah anda ingin berkongsi kamera dan mikrofon anda dengan ",{"t":"idOrVar","v":"app"},"?"]},{"$i":"perm-media-capture-webRequest","$v":["Adakah anda ingin berkongsi kamera dan mikrofon anda dengan ",{"t":"idOrVar","v":"site"},"?"]},{"$i":"perm-mobileconnection","$v":"Sambungan Mudah Alih"},{"$i":"perm-mobileid","$v":"Identiti Mudah Alih"},{"$i":"perm-network-events","$v":"Peristiwa Rangkaian"},{"$i":"perm-open-remote-window","$v":"Mulakan Aplikasi"},{"$i":"perm-permissions","$v":"Ubah Suai Kebenaran Aplikasi"},{"$i":"perm-power","$v":"Tetapan Kuasa"},{"$i":"perm-settings","$v":"Ubah Suai Tetapan"},{"$i":"perm-systemXHR","$v":"Permintaan Silang Asalan"},{"$i":"perm-telephony","$v":"Telefoni"},{"$i":"perm-video-capture","$v":"Kamera"},{"$i":"perm-video-capture-appRequest","$v":["Adakah anda ingin berkongsi kamera anda dengan ",{"t":"idOrVar","v":"app"},"?"]},{"$i":"perm-video-capture-webRequest","$v":["Adakah anda ingin berkongsi kamera anda dengan ",{"t":"idOrVar","v":"site"},"?"]},{"$i":"perm-voicemail","$v":"Kawal Mel Suara"},{"$i":"perm-webapps-manage","$v":"Pasang Aplikasi Web"},{"$i":"perm-wifi-manage","$v":"Uruskan Wi-Fi"},{"$i":"perm-attention","$v":"Buka Tetingkap Timbul Tindihan Atas"},{"$i":"perm-audio-channel-alarm","$v":"Mainkan Bunyi Penggera"},{"$i":"perm-audio-channel-normal","$v":"Mainkan Bunyi"},{"$i":"perm-audio-channel-publicnotification","$v":"Mainkan bunyi pemberitahuan awam"},{"$i":"perm-audio-channel-telephony","$v":"Mainkan Bunyi Telefoni"},{"$i":"perm-backgroundservice","$v":"Berfungsi sebagai Perkhidmatan Latar Belakang"},{"$i":"perm-device-storage-crashes","$v":"Storan Data Kerosakan"},{"$i":"perm-downloads","$v":"Akses Muat Turun"},{"$i":"perm-embed-widgets","$v":"Widget Terbenam"},{"$i":"perm-feature-detection","$v":"Pengesanan Ciri"},{"$i":"perm-firefox-accounts","$v":"Akaun Firefox"},{"$i":"perm-mobilenetwork","$v":"Rangkaian Mudah Alih"},{"$i":"perm-moz-attention","$v":"Buka Tetingkap Timbul Tindihan Atas (moz)"},{"$i":"perm-moz-audio-channel-ringer","$v":"Mainkan Bunyi Nada Dering (moz)"},{"$i":"perm-moz-audio-channel-telephony","$v":"Mainkan Bunyi Telefoni (moz)"},{"$i":"perm-moz-firefox-accounts","$v":"Akaun Firefox (moz)"},{"$i":"perm-networkstats-manage","$v":"Kawal Stats Penggunaan"},{"$i":"perm-nfc","$v":"NFC"},{"$i":"perm-nfc-hci-events","$v":"Peristiwa NFC HCI"},{"$i":"perm-nfc-manager","$v":"Uruskan NFC"},{"$i":"perm-phonenumberservice","$v":"Perkhidmatan Nombor Telefon"},{"$i":"perm-push","$v":"Tolakan API"},{"$i":"perm-resourcestats-manage","$v":"Stats Sumber"},{"$i":"perm-sms","$v":"Hantar dan Baca SMS"},{"$i":"perm-speaker-control","$v":"Kawal Kelantangan"},{"$i":"perm-storage","$v":"Akses Storan"},{"$i":"perm-tcp-socket","$v":"Soket TCP"},{"$i":"perm-test-permission","$v":"Kebenaran Ujian"},{"$i":"perm-time","$v":"Tetapkan Tarikh dan Masa"},{"$i":"perm-udp-socket","$v":"Soket UDP"},{"$i":"perm-wappush","$v":"Tolakan WAP"},{"$i":"stopped_download_title","$v":"Muat turun terhenti"},{"$i":"tcl-stopped_download_message","$v":"Muat turun ini telah dihentikan. Adakah anda ingin menyambung semula muat turun?"},{"$i":"stopped_download_left_button","$v":"Batal"},{"$i":"stopped_download_right_button","$v":"Cuba lagi"},{"$i":"failed_download_title","$v":"Gagal memuat turun"},{"$i":"failed_download_message","$v":[{"t":"idOrVar","v":"name"}," gagal dimuat turun. Cuba muat turun semula?"]},{"$i":"failed_download_left_button","$v":"Batal"},{"$i":"failed_download_right_button","$v":"Cuba lagi"},{"$i":"stop_download_title","$v":"Hentikan muat Turun"},{"$i":"stop_download_message","$v":"Adakah anda pasti anda ingin menghentikan muat turun?"},{"$i":"stop_download_left_button","$v":"Batal"},{"$i":"stop_download_right_button","$v":"Henti"},{"$i":"delete_download_title","$v":"Padam"},{"$i":"delete_download_message","$v":["Padam \"",{"t":"idOrVar","v":"name"},"\"?"]},{"$i":"delete_download_left_button","$v":"Batal"},{"$i":"delete_download_right_button","$v":"Padam"},{"$i":"delete_all_download_title","$v":"Padam"},{"$i":"delete_all_download_left_button","$v":"Batal"},{"$i":"delete_all_download_right_button","$v":"Padam"},{"$i":"delete_all_download_message_ext","$v":"Padam fail yang dipilih?"},{"$i":"delete_all_download_message","$v":{"few":["Padam ",{"t":"idOrVar","v":"number"}," fail?"],"many":["Padam ",{"t":"idOrVar","v":"number"}," fail?"],"one":"Padam satu fail?","other":["Padam ",{"t":"idOrVar","v":"number"}," fail?"],"two":["Padam ",{"t":"idOrVar","v":"number"}," fail?"],"zero":"Tidak memadam fail?"},"$x":[{"t":"idOrVar","v":"plural"},"number"]},{"$i":"unsupported_file_type_download_title","$v":"Tidak dapat membuka"},{"$i":"unsupported_file_type_download_message","$v":["Tiada aplikasi yang anda boleh buka ",{"t":"idOrVar","v":"name"},". Adakah anda ingin menyimpan fail atau memadamnya?"]},{"$i":"unsupported_file_type_download_left_button","$v":"Kekalkan Fail"},{"$i":"unsupported_file_type_download_right_button","$v":"Padam"},{"$i":"file_not_found_download_title","$v":"Fail tidak dijumpai"},{"$i":"file_not_found_download_message","$v":"Fail tidak dijumpai pada peranti"},{"$i":"file_not_found_download_right_button","$v":"OK"},{"$i":"unmounted_sdcard_2_download_title","$v":"Kad memori digunakan"},{"$i":"unmounted_sdcard_2_download_message","$v":"Cabut palam telefon"},{"$i":"unmounted_sdcard_2_download_right_button","$v":"OK"},{"$i":"no_provider_download_title","$v":"Tidak dapat membuka"},{"$i":"no_provider_download_message","$v":"Format fail ini tidak sah atau tidak disokong."},{"$i":"no_provider_download_right_button","$v":"OK"},{"$i":"no_memory_download_title","$v":"Kad SD penuh"},{"$i":"no_memory_download_message","$v":"Tiada ruang lagi pada kad SD anda untuk menyimpan muat turun. Sila alih keluar beberapa fail sebelum memulakan semula muat turun."},{"$i":"no_memory_download_right_button","$v":"OK"},{"$i":"no_sdcard_found_2_download_title","$v":"Tiada kad memori dijumpai"},{"$i":"no_sdcard_found_2_download_message","$v":"Masukkan kad memori atau pilih lokasi media lalai alternatif dalam tetapan"},{"$i":"no_sdcard_found_2_download_right_button","$v":"OK"},{"$i":"file_open_error_download_title","$v":"Pengesahan"},{"$i":"file_open_error_download_message","$v":"Format fail tidak sah atau tidak disokong. Adakah anda ingin memadam fail ?"},{"$i":"file_open_error_download_left_button","$v":"Kekalkan Fail"},{"$i":"file_open_error_download_right_button","$v":"Padam"},{"$i":"restart_download_error","$v":"Terdapat ralat sewaktu memulakan semula muat turun. Sila cuba muat turun semula."},{"$i":"no-downloads","$v":"Tiada muat turun"},{"$i":"percentage","$v":[{"t":"idOrVar","v":"percentage"}," %"]},{"$i":"partialResult","$v":[{"t":"idOrVar","v":"partial"}," / ",{"t":"idOrVar","v":"total"}]},{"$i":"summary","$v":[{"t":"idOrVar","v":"date"}," - ",{"t":"idOrVar","v":"status"}]},{"$i":"download-stopped","$v":"Dihentikan"},{"$i":"download-failed","$v":"Gagal memuat turun"},{"$i":"open_downloaded_file","$v":"Buka"},{"$i":"share_downloaded_file","$v":"Kongsi"},{"$i":"wallpaper_downloaded_file","$v":"Tetapkan sebagai kertas dinding"},{"$i":"ringtone_downloaded_file","$v":"Tetapkan sebagai nada dering"},{"$i":"cancel_downloaded_file","$v":"Batal"},{"$i":"voicemailNoNumberTitle","$v":"Nombor mel suara tidak tersedia"},{"$i":"voicemailNoNumberText","$v":"Tidak dapat memanggil mel suara. Sediakan nombor mel suara untuk membuat panggilan."},{"$i":"voicemailNoNumberSettings","$v":"Tetapan"},{"$i":"voicemailNoNumberCancel","$v":"Batal"},{"$i":"airplaneMode","$v":"Mod pesawat"},{"$i":"noNetwork","$v":"Tiada rangkaian"},{"$i":"roaming","$v":[{"t":"idOrVar","v":"operator"}," (Perayauan)"]},{"$i":"operator-info","$v":[{"t":"idOrVar","v":"carrier"}," ",{"t":"idOrVar","v":"region"}]},{"$i":"emergencyCallsOnly","$v":"Panggilan kecemasan sahaja"},{"$i":"emergencyCallsOnly-unknownSIMState","$v":"(keadaan kad SIM tidak diketahui)"},{"$i":"emergencyCallsOnly-noSIM","$v":"(tiada SIM)"},{"$i":"emergencyCallsOnly-pinRequired","$v":"(PIN SIM diperlukan)"},{"$i":"emergencyCallsOnly-pukRequired","$v":"(PUK SIM diperlukan)"},{"$i":"emergencyCallsOnly-networkLocked","$v":"(rangkaian dikunci)"},{"$i":"emergencyCallsOnly-serviceProviderLocked","$v":"(penyedia perkhidmatan dikunci)"},{"$i":"emergencyCallsOnly-corporateLocked","$v":"(korporat dikunci)"},{"$i":"emergencyCallsOnly-network1Locked","$v":"(rangkaian1 dikunci)"},{"$i":"emergencyCallsOnly-network2Locked","$v":"(rangkaian2 dikunci)"},{"$i":"emergencyCallsOnly-hrpdNetworkLocked","$v":"(rangkaian hrpd dikunci)"},{"$i":"emergencyCallsOnly-ruimCorporateLocked","$v":"(korporat ruim dikunci)"},{"$i":"emergencyCallsOnly-ruimServiceProviderLocked","$v":"(penyedia perkhidmatan ruim dikunci)"},{"$i":"lockscreen-sim-id","$v":["SIM ",{"t":"idOrVar","v":"n"}]},{"$i":"charging-no-time","$v":[{"t":"idOrVar","v":"level"},"% Dicas"]},{"$i":"charging-minutes","$v":{"few":[{"t":"idOrVar","v":"level"},"% Dicas (",{"t":"idOrVar","v":"minutes"}," min hingga dicas sepenuhnya)"],"many":[{"t":"idOrVar","v":"level"},"% Dicas (",{"t":"idOrVar","v":"minutes"}," min hingga dicas sepenuhnya)"],"one":[{"t":"idOrVar","v":"level"},"% Dicas (",{"t":"idOrVar","v":"minutes"}," min hingga dicas sepenuhnya)"],"other":[{"t":"idOrVar","v":"level"},"% Dicas (",{"t":"idOrVar","v":"minutes"}," min hingga dicas sepenuhnya)"],"two":[{"t":"idOrVar","v":"level"},"% Dicas (",{"t":"idOrVar","v":"minutes"}," min hingga dicas sepenuhnya)"],"zero":[{"t":"idOrVar","v":"level"},"% Dicas (",{"t":"idOrVar","v":"minutes"}," min hingga dicas sepenuhnya)"]},"$x":[{"t":"idOrVar","v":"plural"},"minutes"]},{"$i":"charging-hours","$v":{"few":[{"t":"idOrVar","v":"level"},"% Dicas (",{"t":"idOrVar","v":"hours"},"j ",{"t":"idOrVar","v":"minutes"}," min hingga dicas sepenuhnya)"],"many":[{"t":"idOrVar","v":"level"},"% Dicas (",{"t":"idOrVar","v":"hours"},"j ",{"t":"idOrVar","v":"minutes"}," min hingga dicas sepenuhnya)"],"one":[{"t":"idOrVar","v":"level"},"% Dicas (",{"t":"idOrVar","v":"hours"},"j ",{"t":"idOrVar","v":"minutes"}," min hingga dicas sepenuhnya)"],"other":[{"t":"idOrVar","v":"level"},"% Dicas (",{"t":"idOrVar","v":"hours"},"j ",{"t":"idOrVar","v":"minutes"}," min hingga dicas sepenuhnya)"],"two":[{"t":"idOrVar","v":"level"},"% Dicas (",{"t":"idOrVar","v":"hours"},"j ",{"t":"idOrVar","v":"minutes"}," min hingga dicas sepenuhnya)"],"zero":[{"t":"idOrVar","v":"level"},"% Dicas (",{"t":"idOrVar","v":"hours"},"j ",{"t":"idOrVar","v":"minutes"}," min hingga dicas sepenuhnya)"]},"$x":[{"t":"idOrVar","v":"plural"},"minutes"]},{"$i":"network-error-in-app","$v":"Tiada akses kepada Internet sekarang."},{"$i":"network-error-launching","$v":[{"t":"idOrVar","v":"name"}," memerlukan sambungan Internet."]},{"$i":"network-error-launching-title","$v":"Tiada sambungan Internet"},{"$i":"network-error-launching-message","$v":"Gunakan Wi-Fi atau data mudah alih untuk mengakses Internet."},{"$i":"server-not-found","$v":"Pelayan tidak dijumpai"},{"$i":"server-not-found-error","$v":["Tidak menjumpai pelayan di ",{"t":"idOrVar","v":"name"},"."]},{"$i":"file-not-found","$v":"Fail tidak dijumpai"},{"$i":"file-not-found-error","$v":"Peranti tidak dapat memaparkan halaman ini kerana fail tidak dijumpai."},{"$i":"connection-failed","$v":"Tidak dapat menyambung"},{"$i":"connection-failed-error","$v":"Ralat rangkaian berlaku sewaktu cuba mencapai tapak."},{"$i":"invalid-connection","$v":"Tidak dapat menyambung"},{"$i":"invalid-connection-error","$v":"Ralat rangkaian berlaku sewaktu cuba mencapai tapak."},{"$i":"malformed-uri","$v":"URL tidak sah"},{"$i":"malformed-uri-error","$v":"URL yang dimasukkan tidak sah dan tidak dapat dimuatkan."},{"$i":"redirect-loop","$v":"Tidak dapat memaparkan halaman"},{"$i":"redirect-loop-error","$v":"Peranti tidak dapat memaparkan halaman ini kerana halaman tidak dihalakan semula dengan betul. Cuba halaman ini sekali lagi kemudian nanti."},{"$i":"not-cached","$v":"Halaman tamat tempoh"},{"$i":"not-cached-error","$v":"Sebagai langkah berjaga-jaga keselamatan, halaman ini tidak boleh dipaparkan oleh peranti kerana ia telah tamat tempoh."},{"$i":"is-printing","$v":"Akses dinafikan"},{"$i":"is-printing-error","$v":"Dokumen tidak dapat diubah ketika Mencetak atau dalam Pratonton Cetakan."},{"$i":"denied-port-access","$v":"Alamat disekat"},{"$i":"denied-port-access-error","$v":"Alamat ini menggunakan port rangkaian yang biasanya digunakan untuk tujuan selain menyemak imbas Web. Peranti ini telah membatalkan permintaan untuk perlindungan anda."},{"$i":"proxy-resolve-failure","$v":"Ralat Pelayan Proksi"},{"$i":"proxy-resolve-failure-error","$v":"Peranti dikonfigurasi untuk menggunakan pelayan proksi yang tidak dijumpai."},{"$i":"proxy-connect-failure","$v":"Ralat Pelayan Proksi"},{"$i":"proxy-connect-failure-error","$v":"Peranti dikonfigurasi untuk menggunakan pelayan proksi yang menolak sambungan."},{"$i":"content-encoding","$v":"Tidak dapat memaparkan halaman"},{"$i":"content-encoding-error","$v":"Peranti tidak dapat memaparkan halaman ini kerana ralat pengekodan kandungan berlaku."},{"$i":"remote-xul","$v":"Halaman tidak disokong"},{"$i":"remote-xul-error","$v":"Halaman ini tidak dapat dipaparkan kerana ia menggunakan teknologi yang tidak disokong pada peranti."},{"$i":"phishing-blocked","$v":"Amaran"},{"$i":"phishing-blocked-error","$v":"Laman web itu telah dilaporkan sebagai pemalsuan web yang dirangka untuk menipu pengguna supaya berkongsi maklumat peribadi atau kewangan."},{"$i":"malware-blocked","$v":"Serangan perisian hasad disekat"},{"$i":"malware-blocked-error","$v":"Tapak ini telah dilaporkan sebagai tapak serangan. Peranti telah menyekat permintaan untuk perlindungan anda."},{"$i":"unsafe-content-type","$v":"Kandungan tidak selamat"},{"$i":"unsafe-content-type-error","$v":"Halaman tidak dapat ditunjukkan kerana ia mungkin tidak selamat untuk dibuka."},{"$i":"corrupted-content","$v":"Tidak dapat menyambung"},{"$i":"corrupted-content-error","$v":"Halaman tidak dapat ditunjukkan kerana ralat penghantaran data telah dikesan."},{"$i":"unknown-protocol-found","$v":"Halaman tidak disokong"},{"$i":"unknown-protocol-found-error","$v":"Halaman tidak dapat dipaparkan kerana ia menggunakan teknologi yang tidak disokong pada peranti."},{"$i":"try-again","$v":"Cuba lagi"},{"$i":"check-settings","$v":"Periksa tetapan"},{"$i":"firefox-accounts-title","$v":"Akaun KaiOS"},{"$i":"firefox-accounts-title-sign-in","$v":"Daftar Masuk"},{"$i":"firefox-accounts-title-create-account","$v":"Buat Akaun"},{"$i":"kaios-accounts-title-about-kaios-account","$v":"Mengenai Akaun KaiOS"},{"$i":"kaios-accounts-phone-verification","$v":"Pengesahan Telefon"},{"$i":"kaios-accounts-title-account-info","$v":"Maklumat Akaun"},{"$i":"fxa-next","$v":"Seterusnya"},{"$i":"fxa-back","$v":"Undur"},{"$i":"fxa-done","$v":"Selesai"},{"$i":"fxa-ok","$v":"OK"},{"$i":"tcl-changessaved","$v":"Perubahan disimpan"},{"$i":"tcl-verification-mail-has-been-sent","$v":"Pautan pengesahan telah dihantar ke"},{"$i":"fxa-decline","$v":"Tolak"},{"$i":"fxa-accept","$v":"Terima"},{"$i":"fxa-sining-in","$v":"Mendaftar masuk..."},{"$i":"not-now","$v":"Bukan Sekarang"},{"$i":"send-sms","$v":"Hantar SMS"},{"$i":"resend-sms","$v":"Hantar Semula SMS"},{"$i":"fxa-connection-error-title","$v":"Tidak Dapat Menyambung"},{"$i":"fxa-connection-error-message","$v":"Anda boleh membuat akaun atau mendaftar masuk dari Tetapan."},{"$i":"fxa-reset-password-error-title","$v":"Tetapkan Semula Kata Laluan"},{"$i":"fxa-reset-password-error-message","$v":"Anda boleh menetapkan semula kata laluan anda dari Tetapan."},{"$i":"fxa-incorrect-email-address-or-password","$v":"alamat e-mel atau kata laluan salah"},{"$i":"fxa-internet-connection-is-required","$v":"sambungan Internet fxa diperlukan"},{"$i":"fxa-server-error","$v":"Ralat pelayan, sila cuba lagi kemudian"},{"$i":"fxa-server-error-2","$v":"Ralat"},{"$i":"fxa-server-error-message","$v":"Tidak dapat membuat akaun. Sila cuba lagi kemudian."},{"$i":"fxa-server-error-message-2","$v":"Pelayan tidak tersedia. Sila cuba lagi kemudian."},{"$i":"fxa-offline-error-title","$v":"Tidak Dapat Menyambung"},{"$i":"fxa-offline-error-message","$v":"Sila sambung kepada rangkaian dari Tetapan."},{"$i":"fxa-offline-error-message-1","$v":"Tiada sambungan Internet."},{"$i":"fxa-invalid-email-title","$v":"Ralat"},{"$i":"fxa-invalid-email-message","$v":"Sila masukkan e-mel yang sah."},{"$i":"fxa-invalid-password-title","$v":"Ralat"},{"$i":"fxa-invalid-password-message","$v":"Alamat e-mel atau kata laluan salah"},{"$i":"fxa-invalid-password-message-1","$v":"Kata laluan salah."},{"$i":"fxa-unknown-error-title","$v":"Tidak Dapat Menyambung"},{"$i":"fxa-unknown-error-message","$v":"Sistem tidak tersedia. cuba lagi nanti."},{"$i":"fxa-email-is-taken-title","$v":"Ralat"},{"$i":"fxa-email-is-taken-message","$v":"Sudah terdapat akaun untuk e-mel ini. Sila daftar masuk ke akaun anda."},{"$i":"fxa-confirm-age-title","$v":"Ralat"},{"$i":"fxa-confirm-age-message","$v":"Sila sahkan bahawa umur anda melebihi 13 tahun"},{"$i":"fxa-account-does-not-exist","$v":"Ralat"},{"$i":"fxa-account-does-not-exist-message","$v":"Alamat e-mel atau kata laluan salah"},{"$i":"fxa-account-does-not-exist-message-1","$v":"Akaun tidak wujud."},{"$i":"fxa-password-dont-match","$v":"Ralat"},{"$i":"fxa-password-dont-match-message","$v":"Kata laluan tidak sepadan."},{"$i":"fxa-password-less","$v":"Ralat"},{"$i":"fxa-password-less-message","$v":"kata laluan kurang daripada 8 aksara."},{"$i":"fxa-password-less-message-1","$v":"Kata laluan kurang daripada 8 aksara."},{"$i":"fxa-password-more","$v":"Ralat"},{"$i":"fxa-password-more-message","$v":"kata laluan lebih daripada 20 aksara."},{"$i":"fxa-password-more-message-1","$v":"Kata laluan lebih daripada 20 aksara."},{"$i":"fxa-password-error","$v":"Ralat"},{"$i":"fxa-password-error-message","$v":"Kata laluan mestilah antara 8-20 aksara dengan gabungan huruf dan nombor."},{"$i":"fxa-connecting","$v":"Menyambung"},{"$i":"fxa-enter-phone-number-message","$v":"Sila masukkan nombor telefon anda. SMS akan dihantar dan pengesahan automatik akan dimulakan."},{"$i":"fxa-sms-has-been-sent-message","$v":"SMS telah dihantar, sebaik sahaja ia diterima, pengesahan auto akan bermula. Relaks dan nikmati perjalanan ini!"},{"$i":"fxa-time-remaining","$v":"Baki masa:"},{"$i":"fxa-sms-verification-failed-message","$v":"Pengesahan SMS gagal. Sila sahkan telefon anda dan tekan \"Hantar Semula SMS\" untuk mencuba semula."},{"$i":"fxa-phone-number-label","$v":"Nombor telefon"},{"$i":"fxa-enter-your-infomation","$v":"Sila masukkan maklumat anda."},{"$i":"fxa-birthday-label","$v":"Hari lahir"},{"$i":"fxa-birthday-select","$v":"Pilih"},{"$i":"fxa-gender-label","$v":"Jantina"},{"$i":"fxa-gender-select","$v":"Pilih"},{"$i":"fxa-gender-male","$v":"Lelaki"},{"$i":"fxa-gender-female","$v":"Perempuan"},{"$i":"fxa-gender-confidential","$v":"Sulit"},{"$i":"fxa-enter-email-input","placeholder":"Masukkan e-mel anda"},{"$i":"fxa-use-email-to-sign-in","$v":"Sila masukkan e-mel anda. E-mel anda akan menjadi nama akaun anda."},{"$i":"fxa-notice","$v":["Dengan meneruskan, saya bersetuju dengan ",{"t":"idOrVar","v":"tos"}," dan ",{"t":"idOrVar","v":"pn"}," perkhidmatan awan KaiOS."]},{"$i":"fxa-placeholder","$v":"E-mel anda di sini"},{"$i":"fxa-tos","$v":"Terma Perkhidmatan"},{"$i":"fxa-pn","$v":"Notis Privasi"},{"$i":"fxa-create-account-title","$v":"Buat Akaun"},{"$i":"fxa-show-age-title","$v":"Umur saya melebihi 13 tahun"},{"$i":"fxa-enter-password-title","$v":"Sila masukkan kata laluan. Kata laluan anda perlu mempunyai 8 - 20 aksara dan mesti mengandungi kedua-dua huruf dan nombor."},{"$i":"fxa-enter-password-title-1","$v":"Sila masukkan kata laluan. Kata laluan anda perlu mempunyai 8 - 20 aksara dan mesti mengandungi kedua-dua huruf dan nombor."},{"$i":"fxa-setup-password-title","$v":"Sediakan Kata Laluan"},{"$i":"fxa-create-password-title","$v":"Buat Kata Laluan"},{"$i":"fxa-hello-user","$v":["Helo, ",{"t":"idOrVar","v":"email"}]},{"$i":"fxa-password-refresh","$v":"Sila masukkan kata laluan Akaun KaiOS anda untuk meneruskan."},{"$i":"fxa-password","$v":"Kata laluan","placeholder":"Kata laluan"},{"$i":"fxa-forgot-your-password","$v":"Terlupa kata laluan anda?"},{"$i":"fxa-show-password","$v":"Tunjukkan kata laluan"},{"$i":"fxa-password-length-requirement","$v":"Panjang kata laluan anda hendaklah sekurang-kurangnya 8 aksara."},{"$i":"fxa-confirm-account","$v":"Sahkan Akaun Anda"},{"$i":"fxa-will-send-email","$v":"Akaun anda telah dibuat."},{"$i":"fxa-signup-click-verification-link-in-email","$v":["Kami telah menghantar e-mel pengesahan ke ",{"t":"idOrVar","v":"email"},". Sila semak peti masuk anda dan sahkan serta aktifkan akaun anda."]},{"$i":"fxa-access-manage-account-settings","$v":"Pautan pengaktifan akan luput dalam masa 24 jam"},{"$i":"fxa-signup-success-title","$v":"Akaun Dibuat"},{"$i":"about-kaios-account-text","$v":"Lorem ipsum dolor sit amet, con-sectetur adipiscing elit, sed do eiusmod tempor incididunt ut labore et dolore magna aliqua. Ut enim ad minim veniam, quis nos-trud exercitation ullamco laboris nisi ut aliquip ex ea commodo consequat. Duis aute irure dolor in reprehenderit in voluptate velit esse cillum dolore eu fugiat nulla pariatur. Excepteur sint occaecat cupidatat non proident, sunt in culpa qui officia deserunt mollit anim id est laborum."},{"$i":"about-kaios-account-text1","$v":"Akaun KaiOS menyediakan pengesahan untuk perkhidmatan KaiOS. Akaun itu mengenal pasti pengguna dan peranti serta membenarkan akses kepada ciri-ciri seperti pengurusan jauh peranti dan perkhidmatan tambahan."},{"$i":"about-kaios-account-text2","$v":"Membuat akaun memerlukan alamat e-mel dan kata laluan. Pengguna mestilah mengesahkan alamat e-mel melalui pautan e-mel yang dihantar ketika akaun dibuat. Akaun tidak akan diaktifkan sehingga alamat e-mel ini disahkan."},{"$i":"about-kaios-account-text3","$v":"Dengan meneruskan pembuatan akaun, anda bersetuju dengan notis terma dan privasi."},{"$i":"fxa-signin-email","$v":"Nama Akaun"},{"$i":"fxa-signin-password","$v":"Kata laluan"},{"$i":"fxa-signin-success-title","$v":"Akaun Anda"},{"$i":"fxa-signin-lsk","$v":"Terlupa Kata Laluan"},{"$i":"fxa-signin-rsk","$v":"Daftar Masuk"},{"$i":"fxa-change-password-title","$v":"Tukar Kata Laluan"},{"$i":"fxa-change-password-description","$v":"Masukkan kata laluan semasa anda dan tetapkan kata laluan baharu."},{"$i":"fxa-new-password","$v":"Kata Laluan Baharu"},{"$i":"fxa-changing-password","$v":"Menukar kata laluan.."},{"$i":"fxa-forgot-password-title","$v":"Terlupa Kata Laluan"},{"$i":"fxa-forgot-password","$v":"terlupa kata laluan"},{"$i":"fxa-forgot-password-sk","$v":"Terlupa K/LALUAN"},{"$i":"fxa-forgot-password-success-title","$v":"Mel Tetapkan Semula Kata Laluan Telah Dihantar"},{"$i":"fxa-reset-password-succcess-content","$v":"E-mel untuk menetapkan kata laluan anda telah dihantar ke akaun e-mel anda."},{"$i":"fxa-reset-password-succcess-content-part2","$v":"Sila semak peti masuk e-mel anda dan tetapkan semula kata laluan."},{"$i":"fxa-sign-out-title","$v":"Antikecurian didayakan"},{"$i":"fxa-sign-out-intro","$v":"sila sahkan bahawa anda ingin mematikan antikecurian dan mendaftar keluar."},{"$i":"fxa-sign-out-intro-1","$v":"sila sahkan bahawa anda ingin mematikan antikecurian dan mendaftar keluar."},{"$i":"fxa-signout-email","$v":"Akaun Anda"},{"$i":"fxa-confirm-password","$v":"Sahkan Kata Laluan"},{"$i":"fxa-signing-out","$v":"Mendaftar keluar..."},{"$i":"fxa-sign-out-error-title","$v":"Ralat"},{"$i":"fxa-sign-out-error-message","$v":"Daftar keluar akaun tidak berjaya, sila cuba lagi kemudian"},{"$i":"fxa-sign-out-error-message-1","$v":"Daftar keluar akaun tidak berjaya, sila cuba lagi kemudian"},{"$i":"fxa-connection-is-required-title","$v":"Ralat"},{"$i":"fxa-connection-is-required-message","$v":"Sambungan Internet diperlukan"},{"$i":"fxa-check-password-title","$v":"Nyahdayakan Antikecurian"},{"$i":"fxa-disable-antitheft-checkpassword-message","$v":"Sila sahkan bahawa anda ingin mematikan antikecurian."},{"$i":"fxa-reset-factory-checkpassword-message","$v":"Untuk menetapkan semula peranti anda, anda perlu memasukkan kata laluan dan menyahdayakan antikecurian."},{"$i":"fxa-reset-factory-checkpassword-message-1","$v":"Untuk menetapkan semula peranti anda, anda perlu memasukkan kata laluan dan menyahdayakan antikecurian."},{"$i":"fxa-enter-email-to-reset-password","$v":"Sila masukkan e-mel akaun anda, kami akan menghantar pautan kepada anda untuk menetapkan semula kata laluan."},{"$i":"fxa-enter-email-to-reset-password-1","$v":"Sila masukkan e-mel akaun anda, kami akan menghantar pautan kepada anda untuk menetapkan semula kata laluan."},{"$i":"fxa-account-not-found","$v":"Akaun tidak dijumpai. Sila cuba semula."},{"$i":"fxa-multiple-sign-in-attempts-title","$v":"Berbilang Cubaan Daftar Masuk"},{"$i":"fxa-multiple-sign-in-attempts-content","$v":"Anda telah berbilang kali memasukkan kata laluan yang salah"},{"$i":"fxa-multiple-sign-in-attempts-content-1","$v":"Anda telah memasukkan kata laluan yang salah berbilang kali."},{"$i":"fxa-multiple-sign-in-attempts-content-retry","$v":"Sila cuba lagi kemudian"},{"$i":"shortDateFormat","$v":"%B %e, %Y"}]