[{"$i":"brandShortName","$v":"KaiOS"},{"$i":"browserBrandShortName","$v":"Web Browser"},{"$i":"browserBrandFullName","$v":"Mozilla Web Browser"},{"$i":"ringtoneBrandName","$v":"Default"},{"$i":"ringtoneSectionBrandName","$v":"System"},{"$i":"ok","$v":"OK"},{"$i":"back","$v":"Terug"},{"$i":"help","$v":"Help"},{"$i":"cancel","$v":"Annuleren"},{"$i":"close","$v":"Sluiten"},{"$i":"skip","$v":"Overslaan"},{"$i":"enable","$v":"Inschakelen"},{"$i":"turnOn","$v":"Inschakelen"},{"$i":"save","$v":"Opslaan"},{"$i":"select","$v":"Selecteer"},{"$i":"deselect","$v":"Deselecteren"},{"$i":"go","$v":"Gaan"},{"$i":"search","$v":"Zoeken"},{"$i":"options","$v":"Opties"},{"$i":"exit","$v":"Afsluiten"},{"$i":"signIn","$v":"Aanmelden"},{"$i":"dismiss","$v":"Negeren"},{"$i":"dismiss-all","$v":"Alles negeren"},{"$i":"undo","ariaLabel":"Ongedaan maken"},{"$i":"lockscreenEnterLockCode","$v":"Voer een 4-cijferige code in"},{"$i":"lockscreenCheckLockCode","$v":"Onjuiste code. Probeer het opnieuw."},{"$i":"lockscreenDeviceLocked","$v":"Apparaat is vergrendeld en probeert het na 30 seconden opnieuw."},{"$i":"pocketmodeLongPress","$v":"Schuif of druk"},{"$i":"pocketmodeToUnlock","$v":"om te ontgrendelen"},{"$i":"enterPIN","$v":"Voer de 6-cijferige code in om te ontgrendelen"},{"$i":"mediaPlaybackTrack","$v":"Titel en artiest van nummer"},{"$i":"mediaPlaybackControls","$v":"Afspeelbediening"},{"$i":"mediaPlaybackPrevious","$v":"Vorige"},{"$i":"mediaPlaybackPlay","$v":"Afspelen"},{"$i":"mediaPlaybackPause","$v":"Pauzeren"},{"$i":"mediaPlaybackNext","$v":"Volgende"},{"$i":"UnknownTrack","$v":"Onbekend nummer"},{"$i":"wifiButton-on","$v":"Wi-Fi aan"},{"$i":"wifiButton-on-initializing","$v":"Wi-Fi aan, starten"},{"$i":"wifiButton-off","$v":"Wi-Fi uit"},{"$i":"dataButton-on","$v":["Data ",{"t":"idOrVar","v":"type"}," aan"]},{"$i":"dataButton-off","$v":["Data ",{"t":"idOrVar","v":"type"}," uit"]},{"$i":"bluetoothButton-on","$v":"Bluetooth aan"},{"$i":"bluetoothButton-on-initializing","$v":"Bluetooth aan, starten"},{"$i":"bluetoothButton-off","$v":"Bluetooth uit"},{"$i":"airplaneMode-on","$v":"Vliegtuigmodus aan"},{"$i":"airplaneMode-off","$v":"Vliegtuigmodus uit"},{"$i":"airplaneOff","$v":"Vliegtuigmodus uitschakelen"},{"$i":"settingsButton","ariaLabel":"Instellingen"},{"$i":"simLabel","$v":["SIM ",{"t":"idOrVar","v":"id"}]},{"$i":"statusbarLabel","$v":[{"t":"idOrVar","v":"date"},", ",{"t":"idOrVar","v":"operator"}]},{"$i":"statusbarDateFormat","$v":"%b %e"},{"$i":"statusbar","ariaLabel":"Statusbalk"},{"$i":"statusbarBattery","ariaLabel":["Accu ",{"t":"idOrVar","v":"level"}," procent"]},{"$i":"statusbarBatteryCharging","ariaLabel":["Accu ",{"t":"idOrVar","v":"level"}," procent, laden"]},{"$i":"statusbarFlightMode","ariaLabel":"Vliegtuigmodus aan"},{"$i":"statusbarWiFiConnecting","$v":"Wi-Fi: verbinden"},{"$i":"statusbarWiFiConnected","$v":["Wi-Fi: ",{"t":"idOrVar","v":"level"}," van 4 balken"]},{"$i":"statusbarSignal","$v":[{"t":"idOrVar","v":"operator"}," netwerk, ",{"t":"idOrVar","v":"level"}," van 5 balken"]},{"$i":"statusbarSignalRoaming","$v":[{"t":"idOrVar","v":"operator"}," netwerk (roaming), ",{"t":"idOrVar","v":"level"}," van 5 balken"]},{"$i":"statusbarSignalNoneSearching","$v":"Zoeken... Alleen noodoproepen"},{"$i":"statusbarHeadphones","ariaLabel":"Hoofdtelefoon aan"},{"$i":"statusbarBluetoothHeadphones","ariaLabel":"Bluetooth-hoofdtelefoon aan"},{"$i":"statusbarBluetoothTransferring","ariaLabel":"Bluetooth-overdracht actief"},{"$i":"statusbarIconOn-tethering","$v":"Tethering aan"},{"$i":"statusbarIconOnActive-tethering","$v":"Tethering aan, actief"},{"$i":"statusbarAlarm","ariaLabel":"Alarm aan"},{"$i":"statusbarIME","ariaLabel":"IME aan"},{"$i":"statusbarIconOn-bluetooth","$v":"Bluetooth aan"},{"$i":"statusbarIconOnActive-bluetooth","$v":"Bluetooth aan, actief"},{"$i":"statusbarIconOn-mute","$v":"Dempen aan"},{"$i":"statusbarIconOn-vibration","$v":"Trillen aan"},{"$i":"statusbarRecording","ariaLabel":"Opnemen aan"},{"$i":"statusbarGeolocation","ariaLabel":"Geolocatie aan"},{"$i":"statusbarUsb","ariaLabel":"USB aan"},{"$i":"statusbarForwarding","$v":"Voorwaardelijk doorschakelen actief"},{"$i":"statusbarPlaying","ariaLabel":"Media afspelen"},{"$i":"statusbarNfc","ariaLabel":"NFC aan"},{"$i":"statusbarDownloads","ariaLabel":"Downloaden…"},{"$i":"statusbarNetworkActivity","ariaLabel":"Netwerken aan"},{"$i":"statusbarEmergencyCBNotification","ariaLabel":"Noodoproep terugbellen"},{"$i":"statusbarNotifications","$v":{"few":[{"t":"idOrVar","v":"n"}," kennisgevingen"],"many":[{"t":"idOrVar","v":"n"}," kennisgevingen"],"one":[{"t":"idOrVar","v":"n"}," kennisgevingen"],"other":[{"t":"idOrVar","v":"n"}," kennisgevingen"],"two":[{"t":"idOrVar","v":"n"}," kennisgevingen"]},"$x":[{"t":"idOrVar","v":"plural"},"n"]},{"$i":"statusbarNotifications-unread","ariaLabel":{"$x":[{"t":"idOrVar","v":"plural"},"n"],"$v":{"few":[{"t":"idOrVar","v":"n"}," ongelezen meldingen"],"many":[{"t":"idOrVar","v":"n"}," ongelezen meldingen"],"one":[{"t":"idOrVar","v":"n"}," ongelezen melding"],"other":[{"t":"idOrVar","v":"n"}," ongelezen meldingen"],"two":[{"t":"idOrVar","v":"n"}," ongelezen meldingen"]}}},{"$i":"clear","$v":"Wissen"},{"$i":"clear-all","$v":"Alles wissen"},{"$i":"notification-title","$v":{"few":[{"t":"idOrVar","v":"n"}," kennisgevingen"],"many":[{"t":"idOrVar","v":"n"}," kennisgevingen"],"one":[{"t":"idOrVar","v":"n"}," kennisgevingen"],"other":[{"t":"idOrVar","v":"n"}," kennisgevingen"],"two":[{"t":"idOrVar","v":"n"}," kennisgevingen"],"zero":[{"t":"idOrVar","v":"n"}," kennisgevingen"]},"$x":[{"t":"idOrVar","v":"plural"},"n"]},{"$i":"notification-dialog-no-notices","$v":"Geen meldingen"},{"$i":"notification-title-new","$v":{"few":[{"t":"idOrVar","v":"n"}," kennisgevingen"],"many":[{"t":"idOrVar","v":"n"}," kennisgevingen"],"other":[{"t":"idOrVar","v":"n"}," kennisgevingen"],"two":[{"t":"idOrVar","v":"n"}," kennisgevingen"],"one":[{"t":"idOrVar","v":"n"}," melding"],"zero":[{"t":"idOrVar","v":"n"}," melding"]},"$x":[{"t":"idOrVar","v":"plural"},"n"]},{"$i":"notification-dialog-no-notices-new","$v":"Geen melding"},{"$i":"tcl-ntf-open","$v":"Openen"},{"$i":"tcl-ntf-next_song","$v":"Volgende"},{"$i":"tcl-ntf_play","$v":"Afspelen"},{"$i":"tcl-ntf-pause","$v":"Pauzeren"},{"$i":"tcl-ntf-dismiss-all","$v":"Alles negeren"},{"$i":"tcl-ntf-dismiss","$v":"Negeren"},{"$i":"tcl-ntf-toaster-clear","$v":"Melding genegeerd"},{"$i":"tcl-ntf-toaster-clear-all","$v":"Meldingen zijn genegeerd"},{"$i":"attentionScreen-tapToShow","$v":"Tikken om weer te geven"},{"$i":"tcl-cmas-ok","$v":"OK"},{"$i":"tcl-cmas-screen-help","$v":"Druk op OK voor meer informatie"},{"$i":"tcl-cmas-title","$v":"Draadloze noodwaarschuwingen"},{"$i":"camera","$v":"Camera"},{"$i":"tcl-dflt-value-level","$v":"Waardeniveau instellen"},{"$i":"tcl-dflt-range-value-name","$v":"Niveau"},{"$i":"newVoicemails","$v":{"few":[{"t":"idOrVar","v":"n"}," nieuwe voicemails"],"many":[{"t":"idOrVar","v":"n"}," nieuwe voicemails"],"one":"Eén nieuwe voicemail","other":[{"t":"idOrVar","v":"n"}," nieuwe voicemails"],"two":[{"t":"idOrVar","v":"n"}," nieuwe voicemails"],"zero":"Geen nieuwe voicemail"},"$x":[{"t":"idOrVar","v":"plural"},"n"]},{"$i":"newVoicemailsUnknown","$v":"Nieuwe voicemail"},{"$i":"dialNumber","$v":[{"t":"idOrVar","v":"number"}," bellen"]},{"$i":"voicemailNotificationMultiSim","$v":["(SIM ",{"t":"idOrVar","v":"n"},") ",{"t":"idOrVar","v":"title"}]},{"$i":"euRoamingNotificationTitle","$v":"EU internet gedetecteerd"},{"$i":"euRoamingNotificationMsg","$v":"Tikken om te wijzigen."},{"$i":"restart","$v":"Opnieuw starten"},{"$i":"power","$v":"Uitschakelen"},{"$i":"lock","$v":"Vergrendelen"},{"$i":"cleanup","$v":"Geheugen opschonen"},{"$i":"no-recent-app-windows","$v":"Uw recente app-venster wordt hier weergegeven"},{"$i":"no-recent-browser-windows","$v":"Uw recente browservensters worden hier weergegeven"},{"$i":"closeCard","ariaLabel":"Sluiten"},{"$i":"openCard","ariaLabel":"Openen"},{"$i":"yes","$v":"Ja"},{"$i":"no","$v":"Nee"},{"$i":"dontallow","$v":"Niet toestaan"},{"$i":"allow","$v":"Toestaan"},{"$i":"dontshare-geolocation","$v":"Niet delen"},{"$i":"share-geolocation","$v":"Delen"},{"$i":"dontshare-audio-capture","$v":"Niet delen"},{"$i":"share-audio-capture","$v":"Delen"},{"$i":"dontshare-video-capture","$v":"Niet delen"},{"$i":"share-video-capture","$v":"Delen"},{"$i":"dontshare-media-capture","$v":"Niet delen"},{"$i":"share-media-capture","$v":"Delen"},{"$i":"device-front","$v":"Camera aan de voorzijde"},{"$i":"device-back","$v":"Camera aan de achterzijde"},{"$i":"front-camera","$v":"Camera voorzijde"},{"$i":"back-camera","$v":"Camera aan achterzijde"},{"$i":"more-info","$v":"Meer informatie..."},{"$i":"hide-info","$v":"Informatie verbergen"},{"$i":"tcl-permission","$v":"Toestemming"},{"$i":"install-app","$v":[{"t":"idOrVar","v":"name"}," installeren?"]},{"$i":"size","$v":"Grootte"},{"$i":"author","$v":"Auteur"},{"$i":"size-unknown","$v":"Onbekend"},{"$i":"author-unknown","$v":"Onbekend"},{"$i":"install","$v":"Installeren"},{"$i":"bytes","$v":"bytes"},{"$i":"kB","$v":"KB"},{"$i":"MB","$v":"MB"},{"$i":"GB","$v":"GB"},{"$i":"TB","$v":"TB"},{"$i":"PB","$v":"PB"},{"$i":"app-install-generic-error","$v":["Downloaden van ",{"t":"idOrVar","v":"appName"}," gestopt"]},{"$i":"app-install-download-failed","$v":["Downloaden van ",{"t":"idOrVar","v":"appName"}," mislukt"]},{"$i":"app-install-install-failed","$v":["Installatie ",{"t":"idOrVar","v":"appName"}," mislukt"]},{"$i":"cancelling-will-not-refund","$v":"Door annuleren wordt een aankoop niet gerestitueerd. Restituties voor betaalde inhoud worden door de originele verkoper aangeboden."},{"$i":"apps-can-be-installed-later","$v":"Apps kunnen later vanaf de originele installatiebron worden geïnstalleerd."},{"$i":"are-you-sure-you-want-to-cancel","$v":"Weet u zeker dat u deze installatie wilt annuleren?"},{"$i":"cancel-install","$v":"Installatie annuleren"},{"$i":"cancel-install-button","$v":"Installatie annuleren"},{"$i":"resume","$v":"Hervatten"},{"$i":"continue","$v":"Doorgaan"},{"$i":"stopDownloading","$v":"Stoppen met downloaden van {app}}?"},{"$i":"app-download-can-be-restarted","$v":"De download kan later opnieuw worden gestart."},{"$i":"app-download-stop-button","$v":"Download stoppen"},{"$i":"not-enough-space","$v":"Onvoldoende ruimte"},{"$i":"not-enough-space-message","$v":"Er is onvoldoende ruimte om deze app te installeren. Maak ruimte vrij door oude apps of media te verwijderen en probeer de app opnieuw te installeren vanaf de originele bron."},{"$i":"app-install-success","$v":[{"t":"idOrVar","v":"appName"}," geïnstalleerd"]},{"$i":"app-install-update","$v":[{"t":"idOrVar","v":"appName"}," bijgewerkt"]},{"$i":"langpack-install-success2","$v":[{"t":"idOrVar","v":"appName"}," geïnstalleerd. Ga naar Instellingen > Taal om hem in te schakelen."]},{"$i":"setup","$v":"Configuratie"},{"$i":"ime-addkeyboards","$v":"Toetsenborden toevoegen"},{"$i":"ime-lowercase","$v":"Kleine letters"},{"$i":"ime-uppercase","$v":"Hoofdteller"},{"$i":"ime-number","$v":"Nummer"},{"$i":"ime-capitalize","$v":"Met hoofdletters schrijven"},{"$i":"ime-t9","$v":"T9"},{"$i":"ime-r9","$v":"R9"},{"$i":"ime-predictive","$v":"Voorspellend"},{"$i":"ime-insert-word","$v":"Woord invoegen"},{"$i":"ime-voice-input-messsage","$v":"Houd OK ingedrukt om te spreken in het tekstveld."},{"$i":"later","$v":"Later"},{"$i":"download","$v":"Downloaden"},{"$i":"wantToDownload","$v":"Update nu downloaden?"},{"$i":"wantToInstallNow","$v":"Wilt u de update nu installeren? U kunt u telefoon een paar minuten niet gebruiken."},{"$i":"installNow","$v":"Nu installeren"},{"$i":"notNow","$v":"Niet nu"},{"$i":"downloadingUpdateMessage","innerHTML":{"$o":["Updates downloaden... <span>{{ progress }] gedownload.</span>"]}},{"$i":"downloadingAppMessage","$v":["Downloaden ",{"t":"idOrVar","v":"appName"}]},{"$i":"downloadingAppProgressNoMax","$v":[{"t":"idOrVar","v":"progress"}," gedownload"]},{"$i":"downloadingAppProgressIndeterminate","$v":"Downloaden"},{"$i":"downloadingAppProgress","$v":[{"t":"idOrVar","v":"progress"}," / ",{"t":"idOrVar","v":"max"}," gedownload"]},{"$i":"cancelAllDownloads","$v":"Alle downloads annuleren"},{"$i":"wantToCancelAll","$v":"Weet u zeker dat u alle downloads wilt annuleren?"},{"$i":"downloadError","$v":"Er is een fout opgetreden bij het downloaden van de updates."},{"$i":"updateAvailableInfo","innerHTML":{"$x":[{"t":"idOrVar","v":"plural"},"n"],"$v":{"few":{"$o":[{"t":"idOrVar","v":"n"}," updates beschikbaar. <span>Tik voor meer informatie.</span>"]},"many":{"$o":[{"t":"idOrVar","v":"n"}," updates beschikbaar. <span>Tik voor meer informatie.</span>"]},"one":{"$o":[{"t":"idOrVar","v":"n"}," update beschikbaar. <span>Tik voor meer informatie.</span>"]},"other":{"$o":[{"t":"idOrVar","v":"n"}," updates beschikbaar. <span>Tik voor meer informatie.</span>"]},"two":{"$o":[{"t":"idOrVar","v":"n"}," updates beschikbaar. <span>Tik voor meer informatie.</span>"]}}}},{"$i":"numberOfUpdates","$v":{"few":[{"t":"idOrVar","v":"n"}," meldingen"],"many":[{"t":"idOrVar","v":"n"}," meldingen"],"one":[{"t":"idOrVar","v":"n"}," meldingen"],"other":[{"t":"idOrVar","v":"n"}," meldingen"],"two":[{"t":"idOrVar","v":"n"}," meldingen"]},"$x":[{"t":"idOrVar","v":"plural"},"n"]},{"$i":"systemUpdate","$v":"Systeemupdate"},{"$i":"systemUpdateReady","$v":"Systeemupdate is gereed"},{"$i":"updates","$v":"Updates"},{"$i":"systemUpdateLowBatteryThreshold","$v":["U hebt ten minste ",{"t":"idOrVar","v":"threshold"},"% accu nodig om de update te installeren."]},{"$i":"required","$v":"Vereist"},{"$i":"uncompressingMessage","innerHTML":{"$o":"Decomprimeren… <span>Dit kan een paar minuten duren.</span>"}},{"$i":"downloadWifiPrioritizedUsing2G","$v":"De updates worden gedownload via een dataverbinding als Wi-Fi niet beschikbaar is. Bij het gebruik van een dataverbinding kunnen telefoongesprekken worden geblokkeerd en extra kosten in rekening worden gebracht."},{"$i":"downloadWifiPrioritized3","$v":"De updates worden gedownload via een dataverbinding als Wi-Fi niet beschikbaar is. Bij het gebruik van een dataverbinding kunnen extra kosten in rekening worden gebracht."},{"$i":"downloadNoWifiWarning","$v":"Wi-Fi niet beschikbaar. Bijwerken via de huidige verbinding kan extra kosten met zich meebrengen."},{"$i":"downloadOfflineWarning2","$v":"Maak verbinding met een netwerk om de updates te downloaden."},{"$i":"downloadUpdatesViaDataConnection","$v":"Updates downloaden via dataverbinding?"},{"$i":"downloadUpdatesVia2GForbidden3","$v":"Downloaden van updates is niet mogelijk via langzame verbindingen (2G). Maak verbinding via Wi-Fi of 3G (indien beschikbaar) en probeer het opnieuw."},{"$i":"downloadUpdatesViaDataConnectionMessage3","$v":"Bij het gebruik van een dataverbinding kunnen extra kosten in rekening worden gebracht. Wilt u doorgaan?"},{"$i":"downloadUpdatesViaDataRoamingConnection","$v":"Updates downloaden via data-roaming?"},{"$i":"downloadUpdatesViaDataRoamingConnectionMessage","$v":"U bent op dit moment aan het roamen en er kunnen extra kosten in rekening worden gebracht. Wilt u doorgaan?"},{"$i":"screenshotSaved","$v":"Screenshot opgeslagen in Galerij"},{"$i":"screenshotFailed","$v":"Het screenshot kon niet worden opgeslagen"},{"$i":"screenshotNoSDCard","$v":"Geen geheugenkaart gevonden."},{"$i":"screenshotSDCardInUse","$v":"Geheugenkaart is in gebruik"},{"$i":"screenshotSDCardLow","$v":"Onvoldoende ruimte op geheugenkaart"},{"$i":"emergency-call-button","$v":"Noodoproep"},{"$i":"emergency-call","$v":"Noodoproep"},{"$i":"unlock-a11y-button","ariaLabel":"Ontgrendelen"},{"$i":"camera-a11y-button","ariaLabel":"Camera"},{"$i":"longDateFormat","$v":"%A, %B %d, %Y"},{"$i":"clockDateFormat","$v":"%a, %e %b"},{"$i":"panel-passcode","ariaLabel":"Wachtwoordpaneel"},{"$i":"open-notification","$v":"openen"},{"$i":"unlock","$v":"Ontgrendelen"},{"$i":"login","$v":"Aanmelden"},{"$i":"sign-in-to-website","$v":"Aanmelden bij website"},{"$i":"username","$v":"Gebruikersnaam"},{"$i":"password","$v":"Wachtwoord"},{"$i":"show-password","$v":"Wachtwoord weergeven"},{"$i":"http-authentication-message2","$v":["Op de website ",{"t":"idOrVar","v":"host"}," moet u aanmelden."]},{"$i":"error-message","$v":[{"t":"idOrVar","v":"name"}," wordt niet correct geladen"]},{"$i":"error-title","$v":[{"t":"idOrVar","v":"name"}," heeft problemen"]},{"$i":"unable-to-connect","$v":"Kan geen verbinding maken"},{"$i":"tap-to-check-settings","$v":"Tikken om instellingen te controleren"},{"$i":"set","$v":"Instellen"},{"$i":"delete-title","$v":["Verwijderen ",{"t":"idOrVar","v":"name"}]},{"$i":"delete-body","$v":[{"t":"idOrVar","v":"name"}," en alle bijbehorende gegevens worden verwijderd."]},{"$i":"delete","$v":"Installatie ongedaan maken"},{"$i":"delete-desc","$v":"Weet u zeker dat u de installatie ongedaan wilt maken?"},{"$i":"unrecoverable-error-title","$v":"Applicatie verwijderen"},{"$i":"unrecoverable-error-body","$v":"Kan applicatie niet installeren door een onherstelbare fout. Probeer opnieuw te downloaden. De applicatie wordt verwijderd."},{"$i":"unrecoverable-error-action","$v":"OK"},{"$i":"instant-settings","$v":"Instant instellingen"},{"$i":"settings","$v":"Instellingen"},{"$i":"flashlight","$v":"Zaklamp"},{"$i":"brightness","$v":"Helderheid"},{"$i":"volume","$v":"Volume"},{"$i":"calculator","$v":"Calculator"},{"$i":"airplane-mode","$v":"Vliegtuigmodus"},{"$i":"wifi","$v":"Wi-Fi"},{"$i":"bluetooth","$v":"Bluetooth"},{"$i":"cellular-data","$v":"Mobiele data"},{"$i":"on","$v":"Aan"},{"$i":"off","$v":"Uit"},{"$i":"percentage-number","$v":[{"t":"idOrVar","v":"number"},"%"]},{"$i":"select-time","$v":"Tijd selecteren"},{"$i":"select-date","$v":"Datum selecteren"},{"$i":"tcl-select-day","$v":"Dag selecteren"},{"$i":"tcl-add","$v":"Toevoegen"},{"$i":"battery-almost-empty-plug-in-your-charger","$v":"Uw accu is bijna leeg. Sluit uw telefoon op de oplader aan."},{"$i":"battery-temperature-warning-header","$v":"Waarschuwing"},{"$i":"battery-temperature-high","$v":"Temperatuur te hoog. De telefoon wordt uitgeschakeld als de temperatuur blijft stijgen."},{"$i":"battery-temperature-high-stop-charging","$v":"Temperatuur te hoog. De accu wordt niet meer geladen. De telefoon wordt uitgeschakeld als de temperatuur blijft stijgen."},{"$i":"battery-temperature-low","$v":"Temperatuur te laag. De telefoon wordt uitgeschakeld als de temperatuur blijft dalen."},{"$i":"battery-temperature-low-stop-charging","$v":"Temperatuur te laag. De accu wordt niet meer geladen. De telefoon wordt uitgeschakeld als de temperatuur blijft dalen."},{"$i":"crash-dialog2-os","$v":[{"t":"idOrVar","v":"brandShortName"}," is net hersteld van een crash"]},{"$i":"crash-dialog-app","$v":[{"t":"idOrVar","v":"name"}," is zojuist gecrasht"]},{"$i":"crash-dialog-app-noname","$v":"Iets"},{"$i":"crash-dialog-message","$v":"Wilt u KaiOS een rapport verzenden over de crash om ons te helpen het probleem op te lossen? (Rapporten worden alleen via Wi-Fi verzonden.)"},{"$i":"crash-info-link","$v":"Wat staat er in een crashrapport?"},{"$i":"crash-always-report","$v":"KaiOS altijd een rapport sturen als er een crash optreedt."},{"$i":"crash-dont-send","$v":"Niet verzenden"},{"$i":"crash-end","$v":"Rapport verzenden"},{"$i":"crashReports","$v":"Crashrapporten"},{"$i":"done","$v":"Gereed"},{"$i":"crash-reports-description-1","$v":"Een crashrapport bevat informatie over de crash en uw apparaat, en een afbeelding van de status van uw apparaat toen het crashte."},{"$i":"crash-reports-description-2","$v":"Hieronder kunnen dingen vallen als openstaande pagina's en apps, tekst die is ingevoerd in formulieren en de inhoud van openstaande berichten, recente browsergeschiedenis of geolocatie gebruikt door een openstaande app."},{"$i":"crash-reports-description-3-start","$v":"We gebruiken crashrapporten om te proberen problemen op te lossen en onze producten te verbeteren. We verwerken uw informatie zoals beschreven in onze "},{"$i":"crash-reports-description-3-privacy","$v":"privacybeleid"},{"$i":"crash-reports-description-3-end","$v":"."},{"$i":"crash-banner-os2","$v":[{"t":"idOrVar","v":"brandShortName"}," is zojuist gecrasht."]},{"$i":"crash-banner-app","$v":[{"t":"idOrVar","v":"name"}," is zojuist gecrasht."]},{"$i":"crash-banner-report","$v":"Rapporteren"},{"$i":"bluetooth-sending-progress","$v":"Bestand verzenden via Bluetooth"},{"$i":"bluetooth-receiving-progress","$v":"Bestand ontvangen via Bluetooth"},{"$i":"acceptFileTransfer","$v":"Overdrachtsverzoek"},{"$i":"requestToReceive","$v":[{"t":"idOrVar","v":"deviceName"}," wil bestand(en) overzetten. Wilt u accepteren?"]},{"$i":"wantToReceiveFile","$v":[{"t":"idOrVar","v":"deviceName"}," wil ",{"t":"idOrVar","v":"fileName"}," (",{"t":"idOrVar","v":"fileSize"},") overzetten."]},{"$i":"transfer-confirmation-title","$v":[{"t":"idOrVar","v":"deviceName"}]},{"$i":"transfer-confirmation-description","$v":"Overdrachtsverzoek bekijken."},{"$i":"byteUnit-B","$v":"Bytes"},{"$i":"byteUnit-KB","$v":"KB"},{"$i":"byteUnit-MB","$v":"MB"},{"$i":"byteUnit-GB","$v":"GB"},{"$i":"byteUnit-TB","$v":"TB"},{"$i":"byteUnit-PB","$v":"PB"},{"$i":"byteUnit-EB","$v":"EB"},{"$i":"byteUnit-ZB","$v":"ZB"},{"$i":"byteUnit-YB","$v":"YB"},{"$i":"fileSize","$v":[{"t":"idOrVar","v":"size"}," ",{"t":"idOrVar","v":"unit"}]},{"$i":"deny","$v":"Weigeren"},{"$i":"transfer","$v":"Overdracht"},{"$i":"accept","$v":"Accepteren"},{"$i":"stop","$v":"Stoppen"},{"$i":"cancelFileTransfer","$v":"Bluetooth-bestandsoverdracht annuleren?"},{"$i":"continueFileTransfer","$v":"Doorgaan"},{"$i":"transfer-has-started-title","$v":"Bestandsoverdracht is gereed om te starten"},{"$i":"transfer-has-started-description","$v":"Wachten op bevestiging"},{"$i":"transfer-has-started-toast","$v":"Bestandsoverdracht gestart. Controleer de voortgang in kennisgevingen"},{"$i":"transferFinished-sentSuccessful-title","$v":"Bestand verzonden"},{"$i":"transferFinished-receivedSuccessful-title","$v":"Bestand ontvangen"},{"$i":"transferFinished-failed-title","$v":"Bestandsoverdracht mislukt"},{"$i":"transferFinished-try-again-description","$v":"Kan bestand nu niet verzenden. Probeer het later opnieuw."},{"$i":"transferReport-title","$v":"Overdrachtsrapport:"},{"$i":"transferReport-description","$v":[{"t":"idOrVar","v":"numSuccessful"}," bestanden succesvol, ",{"t":"idOrVar","v":"numUnsuccessful"}," bestanden niet succesvol"]},{"$i":"unknown-file","$v":"Onbekend bestand"},{"$i":"unknown-device","$v":"Onbekend apparaat"},{"$i":"cannotOpenFile","$v":"Kan ontvangen bestand niet openen"},{"$i":"unknownMediaTypeToOpenFile","$v":["Kan onbekend mediatype niet openen: ",{"t":"idOrVar","v":"fileName"}]},{"$i":"cannotReceiveFile","$v":"Kan bestand niet ontvangen"},{"$i":"cannotGetStorageState","$v":"Kan opslagstatus van apparaat niet ophalen."},{"$i":"sdcard-not-exist2","$v":"Geen geheugenkaart gevonden. Plaats een geheugenkaart."},{"$i":"sdcard-in-use","$v":"Bluetooth kan niet worden gebruikt als de telefoon is aangesloten. Ontkoppel de telefoon om bestand(en) te ontvangen."},{"$i":"sdcard-no-space2","$v":"Kan overdracht niet voltooien: geheugenkaart is vol."},{"$i":"unknown-error","$v":"Onbekende fout"},{"$i":"confirm","$v":"Bevestigen"},{"$i":"stopTransferTitle","$v":"Bestandsoverdracht stoppen"},{"$i":"stopTransferContent","$v":"Wilt u de bestandsoverdracht via Bluetooth stoppen?"},{"$i":"storage","$v":"Opslag"},{"$i":"sdcard-detected-title","$v":"SD-kaart gevonden"},{"$i":"no-sdcard-title","$v":"Geen SD-kaart"},{"$i":"sdcard-total-size-body","$v":["Totale omvang: ",{"t":"idOrVar","v":"size"}," ",{"t":"idOrVar","v":"unit"}]},{"$i":"sdcard-unknown-size-then-tap-to-format-body","$v":"Onbekende grootte, tikken om te formatteren"},{"$i":"sdcard-removed-title","$v":"SD-kaart verwijderd"},{"$i":"sdcard-removed-ejected-successfully","$v":"Uitgeworpen"},{"$i":"sdcard-removed-not-ejected-properly","$v":"Niet correct uitgeworpen"},{"$i":"set-sdcard-as-default-media-location","$v":"SD-kaart gedetecteerd. SD-kaart instellen als standaard medialocatie?"},{"$i":"no-sdcard-content","$v":"Plaats een SD-kaart voor meer geheugenruimte."},{"$i":"sim-confirmation-content","$v":["Mobiele gegevens zijn toegewezen aan SIM",{"t":"idOrVar","v":"n"},"."]},{"$i":"sim-confirmation-title","$v":"SIM-kaarten vervangen"},{"$i":"sim-confirmation-notice-title","$v":"SIM-kaarten vervangen"},{"$i":"sim-confirmation-notice","$v":"Selecteer om gegevens weer te geven."},{"$i":"sim-hot-plug","$v":"De telefoon wordt opnieuw opgestart."},{"$i":"sim-hot-plug-empty","$v":"De telefoon wordt opnieuw opgestart omdat SIM-kaarten zijn verwijderd."},{"$i":"sim-hot-plug-empty-confirm","$v":"Zorg ervoor dat u de SIM-kaart volledig uitgehaald hebt en druk vervolgens op OK om opnieuw te starten."},{"$i":"noSimCard","$v":"Geen SIM-kaart"},{"$i":"lockedSim","$v":"SIM vergrendeld"},{"$i":"noService","$v":"Geen service"},{"$i":"eccOnly","$v":"Emergency calls only"},{"$i":"nocard-eccOnly","$v":"No SIM card-Emergency calls only"},{"$i":"unusablecard-eccOnly","$v":"Unusable SIM card-Emergency calls only"},{"$i":"searching","$v":"Searching"},{"$i":"simPin","$v":"SIM PIN-code"},{"$i":"pukCode","$v":"PUK-code"},{"$i":"nckCode","$v":"NCK-code"},{"$i":"cckCode","$v":"CCK-code"},{"$i":"spckCode","$v":"SPCK-code"},{"$i":"nck1code","$v":"NCK1-code"},{"$i":"nck2code","$v":"NCK2-code"},{"$i":"hnckcode","$v":"HNCK-code"},{"$i":"rcckcode","$v":"RCCK-code"},{"$i":"rspckcode","$v":"RSPCK-code"},{"$i":"ncklockContent","$v":["Sleuf ",{"t":"idOrVar","v":"n"}," is vergrendeld met nck."]},{"$i":"whatIsSimPin","$v":"Wat is een SIM PIN-code?"},{"$i":"simPinIntro1","$v":"Met een SIM PIN-code voorkomt u toegang tot de mobiele gegevensnetwerken op de SIM-kaart. Als hij ingeschakeld is, vraagt ieder apparaat waarin de SIM-kaart is geplaatst, om de PIN-code na herstarten."},{"$i":"simPinIntro2","$v":"Een SIM PIN-code is niet hetzelfde als het wachtwoord dat wordt gebruikt om het apparaat te ontgrendelen."},{"$i":"changeSimPin","$v":"PIN-code wijzigen"},{"$i":"pinTitle","$v":"SIM PIN-code invoeren"},{"$i":"multiSIMpinTitle","$v":["SIM",{"t":"idOrVar","v":"n"}," PIN-code invoeren"]},{"$i":"multiSIMpukTitle","$v":["SIM",{"t":"idOrVar","v":"n"}," PUK opgeven"]},{"$i":"multiSIMnckTitle","$v":["NCK",{"t":"idOrVar","v":"n"},"-code opgeven"]},{"$i":"multiSIMxckTitle","$v":["SIM",{"t":"idOrVar","v":"n"}," ",{"t":"idOrVar","v":"type"}," invoeren"]},{"$i":"xckTitle","$v":[{"t":"idOrVar","v":"type"},"-code invoeren"]},{"$i":"xckCode","$v":[{"t":"idOrVar","v":"type"}," code"]},{"$i":"xckBlocked","$v":[{"t":"idOrVar","v":"type"}," geblokkeerd"]},{"$i":"pukTitle","$v":"PUK-code opgeven"},{"$i":"nckTitle","$v":"NCK-code invoeren"},{"$i":"cckTitle","$v":"CCK-code invoeren"},{"$i":"spckTitle","$v":"SPCK-code invoeren"},{"$i":"nck1Title","$v":"NCK1-code invoeren"},{"$i":"nck2Title","$v":"NCK2-code invoeren"},{"$i":"hnckTitle","$v":"HNCK-code invoeren"},{"$i":"rcckTitle","$v":"RCCK-code invoeren"},{"$i":"rspckTitle","$v":"RSPCK-code invoeren"},{"$i":"newpinTitle","$v":"Nieuwe PIN-code"},{"$i":"inputCodeRetriesLeft","$v":{"few":[{"t":"idOrVar","v":"n"}," resterende pogingen."],"many":[{"t":"idOrVar","v":"n"}," resterende pogingen."],"one":"1 resterende poging.","other":[{"t":"idOrVar","v":"n"}," resterende pogingen."],"two":[{"t":"idOrVar","v":"n"}," resterende pogingen."]},"$x":[{"t":"idOrVar","v":"plural"},"n"]},{"$i":"pinErrorMsg","$v":"Onjuiste PIN-code."},{"$i":"pinAttemptMsg2","$v":{"few":["U hebt ",{"t":"idOrVar","v":"n"}," pogingen over om de juiste code in te voeren voordat de SIM-kaart wordt vergrendeld."],"many":["U hebt ",{"t":"idOrVar","v":"n"}," pogingen over om de juiste code in te voeren voordat de SIM-kaart wordt vergrendeld."],"one":"U hebt één poging over om de juiste code in te voeren voordat de SIM-kaart wordt vergrendeld.","other":["U hebt ",{"t":"idOrVar","v":"n"}," pogingen over om de juiste code in te voeren voordat de SIM-kaart wordt vergrendeld."],"two":["U hebt ",{"t":"idOrVar","v":"n"}," pogingen over om de juiste code in te voeren voordat de SIM-kaart wordt vergrendeld."]},"$x":[{"t":"idOrVar","v":"plural"},"n"]},{"$i":"pinLastChanceMsg","$v":"Dit is uw laatste kans de juiste PIN-code in te voeren. Anders moet u de PUK-code invoeren om deze SIM-kaart te kunnen gebruiken."},{"$i":"simCardLockedMsg","$v":"De SIM-kaart is vergrendeld."},{"$i":"enterPukMsg","$v":"U moet de Personal Unlocking Key (PUK-code) invoeren voor de SIM-kaart. Zie de documentatie bij uw SIM-kaart of neem contact op met uw provider voor meer informatie."},{"$i":"pukErrorMsg","$v":"Onjuiste PUK-code."},{"$i":"pukAttemptMsg2","$v":{"few":["U hebt nog ",{"t":"idOrVar","v":"n"}," pogingen om de juiste code in te vullen voordat deze SIM-kaart permanent onbruikbaar wordt. Zie de documentatie bij uw apparaat of neem contact op met uw provider voor meer informatie."],"many":["U hebt nog ",{"t":"idOrVar","v":"n"}," pogingen om de juiste code in te vullen voordat deze SIM-kaart permanent onbruikbaar wordt. Zie de documentatie bij uw apparaat of neem contact op met uw provider voor meer informatie."],"one":"U hebt nog één poging om de juiste code in te vullen voordat deze SIM-kaart permanent onbruikbaar wordt. Zie de documentatie bij uw apparaat of neem contact op met uw provider voor meer informatie.","other":["U hebt nog ",{"t":"idOrVar","v":"n"}," pogingen om de juiste code in te vullen voordat deze SIM-kaart permanent onbruikbaar wordt. Zie de documentatie bij uw apparaat of neem contact op met uw provider voor meer informatie."],"two":["U hebt nog ",{"t":"idOrVar","v":"n"}," pogingen om de juiste code in te vullen voordat deze SIM-kaart permanent onbruikbaar wordt. Zie de documentatie bij uw apparaat of neem contact op met uw provider voor meer informatie."]},"$x":[{"t":"idOrVar","v":"plural"},"n"]},{"$i":"pukLastChanceMsg","$v":"Laatste kans om de juiste PUK-code in te voeren. Uw SIM-kaart wordt permanent onbruikbaar als u de foutieve PUK-code invoert. Zie de documentatie bij uw SIM-kaart of neem contact op met uw provider voor meer informatie."},{"$i":"cardPermanentlyLockMsg-head","$v":"Onjuiste PUK-code."},{"$i":"cardPermanentlyLockMsg-body","$v":"Uw SIM-kaart is permanent vergrendeld. Neem contact op met uw provider voor meer informatie."},{"$i":"newSimPinMsg","$v":"Maak PIN-code (moet 4 tot 8 cijfers bevatten)"},{"$i":"confirmNewSimPinMsg","$v":"Nieuwe PIN bevestigen"},{"$i":"newPinErrorMsg","$v":"PIN-codes komen niet overeen."},{"$i":"nckErrorMsg","$v":"De NCK-code is onjuist."},{"$i":"nckAttemptMsg2","$v":{"few":["Verzoekfout netwerkdepersonalisatie. U hebt nog ",{"t":"idOrVar","v":"n"}," pogingen om de juiste code in te vullen. Zie de documentatie bij uw apparaat of neem contact op met uw provider voor meer informatie."],"many":["Verzoekfout netwerkdepersonalisatie. U hebt nog ",{"t":"idOrVar","v":"n"}," pogingen om de juiste code in te vullen. Zie de documentatie bij uw apparaat of neem contact op met uw provider voor meer informatie."],"one":"Verzoekfout netwerkdepersonalisatie. U hebt nog één poging om de juiste code in te vullen. Zie de documentatie bij uw apparaat of neem contact op met uw provider voor meer informatie.","other":["Verzoekfout netwerkdepersonalisatie. U hebt nog ",{"t":"idOrVar","v":"n"}," pogingen om de juiste code in te vullen. Zie de documentatie bij uw apparaat of neem contact op met uw provider voor meer informatie."],"two":["Verzoekfout netwerkdepersonalisatie. U hebt nog ",{"t":"idOrVar","v":"n"}," pogingen om de juiste code in te vullen. Zie de documentatie bij uw apparaat of neem contact op met uw provider voor meer informatie."]},"$x":[{"t":"idOrVar","v":"plural"},"n"]},{"$i":"nckLastChanceMsg","$v":"Verzoekfout netwerkdepersonalisatie. Laatste kans om de juiste NCK-code in te vullen. Zie de documentatie bij uw apparaat of neem contact op met uw provider voor meer informatie."},{"$i":"sim-attention-header","$v":"SIM vergrendeld"},{"$i":"multiSIM-attention-header","$v":["SIM",{"t":"idOrVar","v":"n"}," vergrendeld"]},{"$i":"sim-attention-head","$v":"SIM-kaart is vergrendeld."},{"$i":"sim-attention-body","$v":"Wilt u de PUK-code invoeren om de SIM-kaart te ontgrendelen?"},{"$i":"enter-puk-rsk","$v":"PUK-code invoeren"},{"$i":"verify-rsk","$v":"Gereed"},{"$i":"activity-pick","$v":"Selecteren uit"},{"$i":"activity-view","$v":"Weergeven met"},{"$i":"activity-test","$v":"Testen met"},{"$i":"activity-share","$v":"Delen"},{"$i":"activity-new","$v":"Maken met"},{"$i":"activity-open","$v":"Openen met"},{"$i":"activity-save-bookmark","$v":"Bladwijzer plaatsen naar"},{"$i":"activity-record","$v":"Opnemen van"},{"$i":"activity-browse","$v":"Bladeren met"},{"$i":"activity-configure","$v":"Configureren met"},{"$i":"activity-dial","$v":"Bellen vanaf"},{"$i":"remoteDebuggerMessage","$v":"Er is een inkomend verzoek tot toestemming voor een verbinding voor extern debuggen gedetecteerd. Verbinding toestaan?"},{"$i":"captive-wifi-available","$v":["Het netwerk ",{"t":"idOrVar","v":"networkName"}," is gevonden. Verbinding maken met netwerk?"]},{"$i":"ceWarningtitle","$v":"Volumewaarschuwing"},{"$i":"ceWarningcontent","$v":"Om mogelijke schade aan uw gehoor te voorkomen, moet u niet lange tijd luisteren bij een hoog geluidsniveau."},{"$i":"is-volume-type-notification","$v":"Beltonen en waarschuwingen"},{"$i":"is-volume-type-telephony","$v":"Volume"},{"$i":"is-volume-type-alarm","$v":"Alarm"},{"$i":"is-volume-type-content","$v":"Media"},{"$i":"tcl-volume-type-notification","$v":"Beltonen en waarschuwingen"},{"$i":"tcl-volume-type-telephony","$v":"Volume"},{"$i":"volume-type-alarm","$v":"Alarm"},{"$i":"volume-type-content","$v":"Media"},{"$i":"vibrate-only","$v":"Alleen trillen"},{"$i":"silent","$v":"Stil"},{"$i":"vibrate-on","$v":"Trillen: aan"},{"$i":"vibrate-off","$v":"Trillen: uit"},{"$i":"vibrate","$v":"Trillen"},{"$i":"tcl-volume","$v":["Volume:",{"t":"idOrVar","v":"n"},"/",{"t":"idOrVar","v":"c"}]},{"$i":"notification-powersaving-mode-on-title","$v":"Energiespaarstand"},{"$i":"notification-powersaving-mode-on-description","$v":"Energiespaarstand is aan."},{"$i":"low-device-storage","$v":"Weinig ruimte op apparaat.\\n"},{"$i":"storage-alert","$v":"Opslagwaarschuwing"},{"$i":"phone-almost-full","$v":"Telefoon bijna vol."},{"$i":"free-space","$v":{"few":["Minder dan ",{"t":"idOrVar","v":"value"}," ",{"t":"idOrVar","v":"unit"}," resterend."],"many":["Minder dan ",{"t":"idOrVar","v":"value"}," ",{"t":"idOrVar","v":"unit"}," resterend."],"one":["Minder dan ",{"t":"idOrVar","v":"value"}," ",{"t":"idOrVar","v":"unit"}," resterend."],"other":["Minder dan ",{"t":"idOrVar","v":"value"}," ",{"t":"idOrVar","v":"unit"}," resterend."],"two":["Minder dan ",{"t":"idOrVar","v":"value"}," ",{"t":"idOrVar","v":"unit"}," resterend."],"zero":"Geen resterende vrije ruimte."},"$x":[{"t":"idOrVar","v":"plural"},"value"]},{"$i":"unknown-free-space","$v":"Onbekende resterende ruimte."},{"$i":"can-delete-data-to-get-space","$v":"U kunt een aantal mediabestanden verwijderen of applicatiegegevens beheren om extra vrije ruimte te creëren."},{"$i":"should-delete-data-to-get-space","$v":"U dient mediabestanden te verwijderen of app-gegevens te beheren om meer geheugen vrij te maken voordat u dit apparaat verder kunt gebruiken."},{"$i":"storage-full-level-1-title","$v":"Telefoon bijna vol"},{"$i":"storage-full-level-2-title","$v":"Telefoonopslag is vol."},{"$i":"delete-to-get-space","$v":"Verwijder mediabestanden, app-gegevens of gedownloade apps om geheugen vrij te maken."},{"$i":"delete-to-get-space-level-2","$v":"Verwijder mediabestanden, app-gegevens of gedownloade apps om geheugen vrij te maken. Als u dit niet doet werkt de telefoon niet naar behoren."},{"$i":"system-alert","$v":"Systeemwaarschuwing"},{"$i":"cb-channel","$v":["Kanaal ",{"t":"idOrVar","v":"channel"}]},{"$i":"cell-broadcast-subtitle","$v":"Regiobericht"},{"$i":"cb-etws-warningType-earthquake","$v":"Waarschuwing voor aardbeving!"},{"$i":"cb-etws-warningType-tsunami","$v":"Waarschuwing voor tsunami!"},{"$i":"cb-etws-warningType-earthquake-tsunami","$v":"Waarschuwing voor aardbeving-tsunami!"},{"$i":"cb-etws-warningType-test","$v":"Waarschuwingssysteem wordt getest."},{"$i":"cb-etws-warningType-other","$v":"Noodwaarschuwing!"},{"$i":"icc-message-maintitle","$v":"Bericht van operator"},{"$i":"icc-message-subtitle","$v":"SIM"},{"$i":"icc-confirmCall-defaultmessage","$v":[{"t":"idOrVar","v":"number"}," bellen?"]},{"$i":"icc-alertMessage-defaultmessage","$v":"Bericht verzenden"},{"$i":"icc-confirmMessage-defaultmessage","$v":"Bericht verzenden?"},{"$i":"icc-notification-title","$v":["SIM ",{"t":"idOrVar","v":"id"}," STK"]},{"$i":"icc-inputbox-maintitle","$v":"STK-opdracht"},{"$i":"icc-inputbox-subtitle","$v":["SIM ",{"t":"idOrVar","v":"id"}]},{"$i":"emergency-callback-mode","$v":"Noodoproepterugbelmodus"},{"$i":"emergency-callback-message","$v":"U kunt geen oproepen plaatsen, berichten verzenden of online gaan omdat de noodoproepterugbelmodus ingeschakeld is. Wilt u deze uitschakelen?"},{"$i":"cdma-record-info","$v":"CDMA recordinformatie"},{"$i":"download_started","$v":"Downloaden gestart"},{"$i":"download_stopped","$v":"Downloaden gestopt"},{"$i":"download_downloading","$v":[{"t":"idOrVar","v":"percentage"},"%"]},{"$i":"download_succeeded","$v":"Downloaden is voltooid"},{"$i":"download_failed","$v":"Downloaden mislukt"},{"$i":"update_succeeded","$v":"Update voltooid"},{"$i":"download_text_by_default","$v":[{"t":"idOrVar","v":"name"}]},{"$i":"phone-storage-full-title","$v":"Telefoonopslag vol"},{"$i":"phone-storage-full-warning","$v":"Kan bestand niet downladen. Verwijder mediabestanden of app-gegevens om geheugen vrij te maken. U kunt ook een SD-kaart plaatsen om de media-opslag uit te breiden."},{"$i":"sdcard-storage-full-title","$v":"SD-kaart vol"},{"$i":"sdcard-storage-full-warning","$v":"Kan bestand niet downloaden. Verwijder bestanden van de SD-kaart om geheugen vrij te maken."},{"$i":"opt-settings","$v":"Instellingen"},{"$i":"search-the-web","$v":"Zoeken op internet"},{"$i":"search-or-enter-address","$v":"Adres zoeken of invoeren","placeholder":"Adres zoeken of invoeren"},{"$i":"search-or-enter-url","$v":"Zoek of typ de URL","placeholder":"Zoek of typ de URL"},{"$i":"back-button","ariaLabel":"Terug"},{"$i":"forward-button","ariaLabel":"Doorsturen"},{"$i":"reload-button","ariaLabel":"Opnieuw laden"},{"$i":"stop-button","ariaLabel":"Stoppen"},{"$i":"windows-button","ariaLabel":"Vensters weergeven"},{"$i":"noHotspotWhenAPMisOnWifiHotspot","$v":"Schakel vliegtuigmodus uit om Wi-Fi-hotspot te gebruiken."},{"$i":"apmActivated","$v":"Vliegtuigmodus geactiveerd"},{"$i":"save-image","$v":"Afbeelding opslaan"},{"$i":"save-video","$v":"Video opslaan"},{"$i":"save-audio","$v":"Audio opslaan"},{"$i":"share-image","$v":"Afbeelding delen"},{"$i":"share-video","$v":"Video delen"},{"$i":"share-audio","$v":"Audio delen"},{"$i":"tcl-cancelButtonId","$v":"Annuleren"},{"$i":"tcl-not-send","$v":"Niet verzenden"},{"$i":"tcl-send-report","$v":"Rapport verzenden"},{"$i":"refresh","$v":"Vernieuwen"},{"$i":"goBack","$v":"Ga terug"},{"$i":"goForward","$v":"Ga vooruit"},{"$i":"goToTopSites","$v":"Ga naar beste sites"},{"$i":"pinToTopSites","$v":"Plaatsen bij Top sites"},{"$i":"pinToAllApps","$v":"Aan alle apps vastmaken"},{"$i":"pinToAppsMenu","$v":"Aan apps-menu vastmaken"},{"$i":"viewMessages","$v":"Berichten weergeven"},{"$i":"downloadImage","$v":"Afbeelding downloaden"},{"$i":"quit","$v":"Stoppen"},{"$i":"minimizeBrowser","$v":"Browser minimaliseren"},{"$i":"pinSiteCompletely","$v":"Deze website is bij Top sites geplaatst."},{"$i":"siteWasPinnedBefore","$v":"Deze website is al eerder bij Top sites geplaatst."},{"$i":"pinnedSitesOverLimit","$v":"U hebt het maximale aantal te plaatsen websites bereikt."},{"$i":"pressBackAgainToQuitBrowser","$v":"Druk nogmaals op TERUG om de browser te sluiten."},{"$i":"pressBackAgainToMinimizeBrowser","$v":"Druk op de toets TERUG om de browser te minimaliseren."},{"$i":"pinSiteToAllAppsCompletely","$v":"Deze website is aan Alle apps vastgemaakt."},{"$i":"pinSiteToAppsMenuCompletely","$v":"Deze website is aan het menu Apps vastgemaakt."},{"$i":"siteWasPinnedToAllAppsBefore","$v":"Deze website is al eerder aan Alle apps vastgemaakt."},{"$i":"siteWasPinnedToAppsMenuBefore","$v":"Deze website is al eerder aan het menu Apps vastgemaakt."},{"$i":"ext-bluetooth-req","$v":"Koppelingsverzoek"},{"$i":"ext-unknown","$v":"Onbekend"},{"$i":"ext-new-message","$v":"Nieuw bericht"},{"$i":"ext-new-mail","$v":"Nieuwe e-mail"},{"$i":"ext-calendar-event","$v":"Agenda-afspraak"},{"$i":"ext-new-notification","$v":"Nieuwe meldingen"},{"$i":"incoming","$v":"Inkomend"},{"$i":"ext-volume-notification","$v":"Beltonen en meldingen"},{"$i":"ext-volume-content","$v":"Media"},{"$i":"ext-volume-alarm","$v":"Alarm"},{"$i":"ext-new-cmas","$v":"Noodoproep"},{"$i":"phone-storage-full-body","$v":"Gespreksopname gestopt. Verwijder mediabestanden of app-gegevens om geheugen vrij te maken."},{"$i":"sd-card-full-title","$v":"SD-kaart vol"},{"$i":"sd-card-full-body","$v":"Gespreksopname gestopt. Verwijder bestanden van de SD-kaart om geheugen vrij te maken."},{"$i":"supl-notification-title","$v":"Locatieverzoek"},{"$i":"supl-notification-message","$v":"Uw locatie wordt verzonden aan de operator."},{"$i":"supl-verification-title","$v":"Locatieverzoek"},{"$i":"supl-verification-message","$v":"De operator doet een verzoek om uw locatie. Wilt u uw locatie-informatie verstrekken aan de operator?"},{"$i":"supl-verification-message-for-notification","$v":"Klik hier om te bevestigen"},{"$i":"supl-verification-confirm","$v":"Ja"},{"$i":"supl-verification-cancel","$v":"Nee"},{"$i":"supl-more-message","$v":["Bericht: ",{"t":"idOrVar","v":"id"}," (",{"t":"idOrVar","v":"message"},")"]},{"$i":"confirmPbapMsg","$v":[{"t":"idOrVar","v":"deviceId"}," wil toegang tot uw contacten en oproepgeschiedenis. Wilt u accepteren?"]},{"$i":"confirmTitle","$v":"Bluetooth-verzoek"},{"$i":"initialValue","$v":"Sessietoets invoeren"},{"$i":"confirmMapMsg","$v":[{"t":"idOrVar","v":"deviceId"}," wil toegang tot uw berichten. Wilt u accepteren?"]},{"$i":"wifiCallErrorMsg","$v":["Wi-Fi oproepfout: ",{"t":"idOrVar","v":"fout"}]},{"$i":"wifiCallMissEccTitle","$v":[{"t":"idOrVar","v":"operator"}," WiFi Calling"]},{"$i":"wifiCallMissEccMsg","$v":"Emergency calls in areas with cellular coverage only"},{"$i":"battery-full-title","$v":"Accu is vol"},{"$i":"battery-full-body","$v":"Accu is volledig geladen."},{"$i":"sim-config-title","$v":"Configuratie"},{"$i":"sim-config-content-init","$v":["Druk op de toets START om uw telefoon te configureren voor ",{"t":"idOrVar","v":"carrier"},"."]},{"$i":"sim-config-content-change","$v":["Wilt u uw telefoon configureren voor ",{"t":"idOrVar","v":"carrier"},"?"]},{"$i":"sim-config-content-line1","$v":"Goed gedaan."},{"$i":"sim-config-content-restart","$v":"Start de telefoon opnieuw op om wijzigingen door te voeren."},{"$i":"sim-config-content-finish","$v":"Druk op de toets OK om te voltooien."},{"$i":"sim-config-content-failed","$v":["Kan profiel van ",{"t":"idOrVar","v":"carrier"}," niet vinden."]},{"$i":"sim-config-button-restart","$v":"Opnieuw starten"},{"$i":"sim-config-button-begin","$v":"Start"},{"$i":"open-wifi-available","$v":"Beschikbare Wi-Fi-netwerken openen"},{"$i":"wifi-available","$v":"Wi-Fi-netwerken beschikbaar"},{"$i":"wifi-no-internet-title","$v":"Wi-Fi heeft geen toegang tot internet"},{"$i":"wifi-no-internet-body","$v":"Optie voor opties"},{"$i":"wifi-no-internet-header","$v":"Wi-FI-netwerken"},{"$i":"wifi-no-internet-content","$v":[{"t":"idOrVar","v":"name"}," heeft geen internettoegang. Verbonden blijven?"]},{"$i":"ellipses_char","$v":"…"},{"$i":"fota-title-attention","$v":"Let op"},{"$i":"fota-upgrade-success","$v":["Firmware-upgrade voltooid. Uw apparaat beschikt nu over versie ",{"t":"idOrVar","v":"target"},"."]},{"$i":"fota-upgrade-failed","$v":"Upgrade mislukt. Vorige versie hersteld."},{"$i":"fota-title-software-update","$v":"Software-update"},{"$i":"fota-message-software-update-available","$v":"Update beschikbaar."},{"$i":"fota-message-software-download-failed","$v":"Download mislukt."},{"$i":"fota-message-software-download-complete","$v":"Downloaden is voltooid."},{"$i":"network-issue-title","$v":"Netwerkfout"},{"$i":"network-issue-detail","$v":"Controleer uw verbinding."},{"$i":"device-issue-title","$v":"Installatiefout"},{"$i":"device-issue-detail","$v":"Er is een onbekende fout opgetreden."},{"$i":"device-issue-update-title","$v":"Fout tijdens bijwerken"},{"$i":"install-generic-error","$v":"Downloaden gestopt"},{"$i":"account-authenticator-invaild-grant-notice-title","$v":"Accountfout"},{"$i":"account-authenticator-invaild-grant-notice-text","$v":"Opnieuw aanmelden"},{"$i":"account-authenticator-no-network-error","$v":"Geen internetverbinding."},{"$i":"account-authenticator-access-denied-error","$v":"Er is een onbekende fout opgetreden."},{"$i":"qtn_els_alert_high_vol","$v":"Waarschuwing hoog volume"},{"$i":"qtn_els_alert_in_call","$v":"In gesprek"},{"$i":"GetEmptyUssdPrompt","$v":"Leeg antwoord ontvangen."},{"$i":"message-sent","$v":"Bericht verzonden."},{"$i":"send","$v":"Verzenden"},{"$i":"confirmation","$v":"Bevestiging"},{"$i":"feedback-dialogview-header","$v":"Feedback"},{"$i":"feedback-dialogview-message","$v":"Uw mening is erg belangrijk voor HMD Global. Vertel ons daarom wat u vindt van uw nieuwe telefoon. Als u deze enquête later wilt invullen, kunt u deze vinden in Instellingen."},{"$i":"accessibility-enableScreenReaderSteps","$v":"Als u de schermlezer wilt inschakelen, drukt u op de knop volume-omhoog en vervolgens nog drie keer op volume-omlaag"},{"$i":"accessibility-disableScreenReaderSteps","$v":"Als u de schermlezer wilt uitschakelen, drukt u op de knop volume-omhoog en vervolgens nog drie keer op volume-omlaag"},{"$i":"accessibility-screenReaderStarted","$v":"Schermlezer gestart"},{"$i":"accessibility-screenReaderStopped","$v":"Schermlezer gestopt"},{"$i":"accessibility-menubar","$v":"menubalk"},{"$i":"accessibility-scrollbar","$v":"scrolbalk"},{"$i":"accessibility-grip","$v":"greep"},{"$i":"accessibility-alert","$v":"waarschuwing"},{"$i":"accessibility-menupopup","$v":"menupop-up"},{"$i":"accessibility-document","$v":"document"},{"$i":"accessibility-pane","$v":"deelvenster"},{"$i":"accessibility-dialog","$v":"dialoog"},{"$i":"accessibility-separator","$v":"scheidingsteken"},{"$i":"accessibility-toolbar","$v":"werkbalk"},{"$i":"accessibility-statusbar","$v":"statusbalk"},{"$i":"accessibility-table","$v":"tabel"},{"$i":"accessibility-columnheader","$v":"kolomkoptekst"},{"$i":"accessibility-rowheader","$v":"rijkoptekst"},{"$i":"accessibility-column","$v":"kolom"},{"$i":"accessibility-row","$v":"rij"},{"$i":"accessibility-cell","$v":"cel"},{"$i":"accessibility-link","$v":"link"},{"$i":"accessibility-list","$v":"lijst"},{"$i":"accessibility-listitem","$v":"lijstitem"},{"$i":"accessibility-outline","$v":"omtrek"},{"$i":"accessibility-outlineitem","$v":"omtrekitem"},{"$i":"accessibility-pagetab","$v":"tabblad"},{"$i":"accessibility-propertypage","$v":"eigenschapspagina"},{"$i":"accessibility-graphic","$v":"afbeelding"},{"$i":"accessibility-pushbutton","$v":"knop"},{"$i":"accessibility-checkbutton","$v":"aanvinkknop"},{"$i":"accessibility-radiobutton","$v":"keuzerondje"},{"$i":"accessibility-combobox","$v":"combinatievakje"},{"$i":"accessibility-progressbar","$v":"voortgangsbalk"},{"$i":"accessibility-slider","$v":"schuifregelaar"},{"$i":"accessibility-spinbutton","$v":"kringveldknop"},{"$i":"accessibility-diagram","$v":"diagram"},{"$i":"accessibility-animation","$v":"animatie"},{"$i":"accessibility-equation","$v":"vergelijking"},{"$i":"accessibility-buttonmenu","$v":"menuknop"},{"$i":"accessibility-whitespace","$v":"witruimte"},{"$i":"accessibility-pagetablist","$v":"tabbladlijst"},{"$i":"accessibility-canvas","$v":"canvas"},{"$i":"accessibility-checkmenuitem","$v":"menu-item aanvinken"},{"$i":"accessibility-label","$v":"label"},{"$i":"accessibility-passwordtext","$v":"wachtwoordtekst"},{"$i":"accessibility-radiomenuitem","$v":"item keuzemenu"},{"$i":"accessibility-textcontainer","$v":"tekstcontainer"},{"$i":"accessibility-togglebutton","$v":"schakelknop"},{"$i":"accessibility-treetable","$v":"boomstructuurtabel"},{"$i":"accessibility-header","$v":"koptekst"},{"$i":"accessibility-footer","$v":"voettekst"},{"$i":"accessibility-paragraph","$v":"paragraaf"},{"$i":"accessibility-entry","$v":"item"},{"$i":"accessibility-caption","$v":"bijschrift"},{"$i":"accessibility-heading","$v":"kop"},{"$i":"accessibility-section","$v":"sectie"},{"$i":"accessibility-form","$v":"formulier"},{"$i":"accessibility-comboboxlist","$v":"lijst voor combinatievakje"},{"$i":"accessibility-comboboxoption","$v":"optie voor combinatievakje"},{"$i":"accessibility-imagemap","$v":"afbeeldingskaart"},{"$i":"accessibility-listboxoption","$v":"optie"},{"$i":"accessibility-listbox","$v":"lijstvak"},{"$i":"accessibility-flatequation","$v":"platte vergelijking"},{"$i":"accessibility-gridcell","$v":"rastercel"},{"$i":"accessibility-note","$v":"Opmerking"},{"$i":"accessibility-figure","$v":"figuur"},{"$i":"accessibility-definitionlist","$v":"definitielijst"},{"$i":"accessibility-term","$v":"term"},{"$i":"accessibility-definition","$v":"definitie"},{"$i":"accessibility-textarea","$v":"tekstgebied"},{"$i":"accessibility-textInputType_date","$v":"datum"},{"$i":"accessibility-textInputType_email","$v":"e-mail"},{"$i":"accessibility-textInputType_search","$v":"zoeken"},{"$i":"accessibility-textInputType_tel","$v":"telefoon"},{"$i":"accessibility-textInputType_url","$v":"URL"},{"$i":"accessibility-headingLevel","$v":["kopniveau ",{"t":"idOrVar","v":"0"}]},{"$i":"accessibility-listStart","$v":"Eerste item"},{"$i":"accessibility-listEnd","$v":"Laatste item"},{"$i":"accessibility-listItemsCount","$v":{"few":[{"t":"idOrVar","v":"count"}," items"],"many":[{"t":"idOrVar","v":"count"}," items"],"one":[{"t":"idOrVar","v":"count"}," item"],"other":[{"t":"idOrVar","v":"count"}," items"],"two":[{"t":"idOrVar","v":"count"}," items"],"zero":[{"t":"idOrVar","v":"count"}," items"]},"$x":[{"t":"idOrVar","v":"plural"},"count"]},{"$i":"accessibility-objItemOfN","$v":[{"t":"idOrVar","v":"0"}," van ",{"t":"idOrVar","v":"1"}]},{"$i":"accessibility-banner","$v":"banner"},{"$i":"accessibility-complementary","$v":"aanvullend"},{"$i":"accessibility-contentinfo","$v":"inhoudsinformatie"},{"$i":"accessibility-main","$v":"primair"},{"$i":"accessibility-navigation","$v":"navigatie"},{"$i":"accessibility-search","$v":"zoeken"},{"$i":"accessibility-tblColumnInfo","$v":{"few":["met ",{"t":"idOrVar","v":"count"}," kolommen"],"many":["met ",{"t":"idOrVar","v":"count"}," kolommen"],"one":["met ",{"t":"idOrVar","v":"count"}," kolom"],"other":["met ",{"t":"idOrVar","v":"count"}," kolommen"],"two":["met ",{"t":"idOrVar","v":"count"}," kolommen"],"zero":["met ",{"t":"idOrVar","v":"count"}," kolommen"]},"$x":[{"t":"idOrVar","v":"plural"},"count"]},{"$i":"accessibility-tblRowInfo","$v":{"few":["en ",{"t":"idOrVar","v":"count"}," rijen"],"many":["en ",{"t":"idOrVar","v":"count"}," rijen"],"one":["en ",{"t":"idOrVar","v":"count"}," rij"],"other":["en ",{"t":"idOrVar","v":"count"}," rijen"],"two":["en ",{"t":"idOrVar","v":"count"}," rijen"],"zero":["en ",{"t":"idOrVar","v":"count"}," rijen"]},"$x":[{"t":"idOrVar","v":"plural"},"count"]},{"$i":"accessibility-columnInfo","$v":["Kolom ",{"t":"idOrVar","v":"0"}]},{"$i":"accessibility-rowInfo","$v":["Rij ",{"t":"idOrVar","v":"0"}]},{"$i":"accessibility-spansColumns","$v":{"few":["bevat ",{"t":"idOrVar","v":"0"}," kolommen"],"many":["bevat ",{"t":"idOrVar","v":"0"}," kolommen"],"one":["bevat ",{"t":"idOrVar","v":"0"}," kolom"],"other":["bevat ",{"t":"idOrVar","v":"0"}," kolommen"],"two":["bevat ",{"t":"idOrVar","v":"0"}," kolommen"],"zero":["bevat ",{"t":"idOrVar","v":"0"}," kolommen"]},"$x":[{"t":"idOrVar","v":"plural"},"0"]},{"$i":"accessibility-spansRows","$v":{"few":["bevat ",{"t":"idOrVar","v":"0"}," rijen"],"many":["bevat ",{"t":"idOrVar","v":"0"}," rijen"],"one":["bevat ",{"t":"idOrVar","v":"0"}," rij"],"other":["bevat ",{"t":"idOrVar","v":"0"}," rijen"],"two":["bevat ",{"t":"idOrVar","v":"0"}," rijen"],"zero":["bevat ",{"t":"idOrVar","v":"0"}," rijen"]},"$x":[{"t":"idOrVar","v":"plural"},"0"]},{"$i":"accessibility-jumpAction","$v":"gesprongen"},{"$i":"accessibility-pressAction","$v":"ingedrukt"},{"$i":"accessibility-checkAction","$v":"aangevinkt"},{"$i":"accessibility-uncheckAction","$v":"niet aangevinkt"},{"$i":"accessibility-selectAction","$v":"geselecteerd"},{"$i":"accessibility-unselectAction","$v":"niet geselecteerd"},{"$i":"accessibility-openAction","$v":"geopend"},{"$i":"accessibility-closeAction","$v":"gesloten"},{"$i":"accessibility-switchAction","$v":"overgeschakeld"},{"$i":"accessibility-clickAction","$v":"geklikt"},{"$i":"accessibility-collapseAction","$v":"samengevouwen"},{"$i":"accessibility-expandAction","$v":"uitgevouwen"},{"$i":"accessibility-activateAction","$v":"ingeschakeld"},{"$i":"accessibility-cycleAction","$v":"gedraaid"},{"$i":"accessibility-hidden","$v":"verborgen"},{"$i":"accessibility-tabLoading","$v":"bezig met laden"},{"$i":"accessibility-tabLoaded","$v":"geladen"},{"$i":"accessibility-tabNew","$v":"nieuw tabblad"},{"$i":"accessibility-tabLoadStopped","$v":"laden gestopt"},{"$i":"accessibility-tabReload","$v":"bezig met opnieuw laden"},{"$i":"accessibility-stateChecked","$v":"aangevinkt"},{"$i":"accessibility-stateNotChecked","$v":"niet aangevinkt"},{"$i":"accessibility-statePressed","$v":"ingedrukt"},{"$i":"accessibility-stateExpanded","$v":"uitgevouwen"},{"$i":"accessibility-stateCollapsed","$v":"samengevouwen"},{"$i":"accessibility-stateUnavailable","$v":"niet beschikbaar"},{"$i":"accessibility-stateRequired","$v":"vereist"},{"$i":"accessibility-stateTraversed","$v":"bezocht"},{"$i":"accessibility-stateHasPopup","$v":"is tevoorschijn gekomen"},{"$i":"accessibility-stateSelected","$v":"geselecteerd"},{"$i":"accessibility-editingMode","$v":"bewerken"},{"$i":"accessibility-navigationMode","$v":"navigeren"},{"$i":"accessibility-quicknav_Simple","$v":"Standaard"},{"$i":"accessibility-quicknav_Anchor","$v":"Steunen"},{"$i":"accessibility-quicknav_Button","$v":"Knoppen"},{"$i":"accessibility-quicknav_Combobox","$v":"Combinatievakjes"},{"$i":"accessibility-quicknav_Landmark","$v":"Oriëntatiepunten"},{"$i":"accessibility-quicknav_Entry","$v":"Records"},{"$i":"accessibility-quicknav_FormElement","$v":"Formulierelementen"},{"$i":"accessibility-quicknav_Graphic","$v":"Afbeeldingen"},{"$i":"accessibility-quicknav_Heading","$v":"Koppen"},{"$i":"accessibility-quicknav_ListItem","$v":"Lijstitems"},{"$i":"accessibility-quicknav_Link","$v":"Koppelingen"},{"$i":"accessibility-quicknav_List","$v":"Lijsten"},{"$i":"accessibility-quicknav_PageTab","$v":"Paginatabbladen"},{"$i":"accessibility-quicknav_RadioButton","$v":"Keuzerondjes"},{"$i":"accessibility-quicknav_Separator","$v":"Scheidingstekens"},{"$i":"accessibility-quicknav_Table","$v":"Tabellen"},{"$i":"accessibility-quicknav_Checkbox","$v":"Selectievakjes"},{"$i":"accessibility-menubarAbbr","$v":"menubalk"},{"$i":"accessibility-scrollbarAbbr","$v":"scrolbalk"},{"$i":"accessibility-gripAbbr","$v":"greep"},{"$i":"accessibility-alertAbbr","$v":"waarschuwing"},{"$i":"accessibility-menupopupAbbr","$v":"menupop-up"},{"$i":"accessibility-documentAbbr","$v":"document"},{"$i":"accessibility-paneAbbr","$v":"deelvenster"},{"$i":"accessibility-dialogAbbr","$v":"dialoog"},{"$i":"accessibility-separatorAbbr","$v":"scheidingsteken"},{"$i":"accessibility-toolbarAbbr","$v":"werkbalk"},{"$i":"accessibility-statusbarAbbr","$v":"statusbalk"},{"$i":"accessibility-tableAbbr","$v":"tbl"},{"$i":"accessibility-columnheaderAbbr","$v":"kolomkoptekst"},{"$i":"accessibility-rowheaderAbbr","$v":"rijkoptekst"},{"$i":"accessibility-columnAbbr","$v":"kolom"},{"$i":"accessibility-rowAbbr","$v":"rij"},{"$i":"accessibility-cellAbbr","$v":"cel"},{"$i":"accessibility-linkAbbr","$v":"lnk"},{"$i":"accessibility-listAbbr","$v":"lijst"},{"$i":"accessibility-listitemAbbr","$v":"lijstitem"},{"$i":"accessibility-outlineAbbr","$v":"omtrek"},{"$i":"accessibility-outlineitemAbbr","$v":"omtrekitem"},{"$i":"accessibility-pagetabAbbr","$v":"tabblad"},{"$i":"accessibility-propertypageAbbr","$v":"eigenschapspagina"},{"$i":"accessibility-graphicAbbr","$v":"afbeelding"},{"$i":"accessibility-pushbuttonAbbr","$v":"knp"},{"$i":"accessibility-checkbuttonAbbr","$v":"aanvinkknop"},{"$i":"accessibility-radiobuttonAbbr","$v":"keuzerondje"},{"$i":"accessibility-comboboxAbbr","$v":"combinatievakje"},{"$i":"accessibility-progressbarAbbr","$v":"voortgangsbalk"},{"$i":"accessibility-sliderAbbr","$v":"schuifregelaar"},{"$i":"accessibility-spinbuttonAbbr","$v":"kringveldknop"},{"$i":"accessibility-diagramAbbr","$v":"diagram"},{"$i":"accessibility-animationAbbr","$v":"animatie"},{"$i":"accessibility-equationAbbr","$v":"vergelijking"},{"$i":"accessibility-buttonmenuAbbr","$v":"menuknop"},{"$i":"accessibility-whitespaceAbbr","$v":"witruimte"},{"$i":"accessibility-pagetablistAbbr","$v":"tabbladlijst"},{"$i":"accessibility-canvasAbbr","$v":"canvas"},{"$i":"accessibility-checkmenuitemAbbr","$v":"menu-item aanvinken"},{"$i":"accessibility-labelAbbr","$v":"label"},{"$i":"accessibility-passwordtextAbbr","$v":"wachtwrdtkst"},{"$i":"accessibility-radiomenuitemAbbr","$v":"item keuzemenu"},{"$i":"accessibility-textcontainerAbbr","$v":"tekstcontainer"},{"$i":"accessibility-togglebuttonAbbr","$v":"schakelknop"},{"$i":"accessibility-treetableAbbr","$v":"boomstructuurtabel"},{"$i":"accessibility-headerAbbr","$v":"koptekst"},{"$i":"accessibility-footerAbbr","$v":"voettekst"},{"$i":"accessibility-paragraphAbbr","$v":"paragraaf"},{"$i":"accessibility-entryAbbr","$v":"item"},{"$i":"accessibility-captionAbbr","$v":"bijschrift"},{"$i":"accessibility-headingAbbr","$v":"kop"},{"$i":"accessibility-sectionAbbr","$v":"sectie"},{"$i":"accessibility-formAbbr","$v":"formulier"},{"$i":"accessibility-comboboxlistAbbr","$v":"lijst voor combinatievakje"},{"$i":"accessibility-comboboxoptionAbbr","$v":"optie voor combinatievakje"},{"$i":"accessibility-imagemapAbbr","$v":"afb.kaart"},{"$i":"accessibility-listboxoptionAbbr","$v":"optie"},{"$i":"accessibility-listboxAbbr","$v":"lijstvak"},{"$i":"accessibility-flatequationAbbr","$v":"platte vergelijking"},{"$i":"accessibility-gridcellAbbr","$v":"rastercel"},{"$i":"accessibility-noteAbbr","$v":"Opmerking"},{"$i":"accessibility-figureAbbr","$v":"fig"},{"$i":"accessibility-definitionlistAbbr","$v":"definitielijst"},{"$i":"accessibility-termAbbr","$v":"term"},{"$i":"accessibility-definitionAbbr","$v":"definitie"},{"$i":"accessibility-textareaAbbr","$v":"tkstgebied"},{"$i":"accessibility-tblColumnInfoAbbr","$v":{"few":[{"t":"idOrVar","v":"count"},"c"],"many":[{"t":"idOrVar","v":"count"},"c"],"one":[{"t":"idOrVar","v":"count"},"c"],"other":[{"t":"idOrVar","v":"count"},"c"],"two":[{"t":"idOrVar","v":"count"},"c"]},"$x":[{"t":"idOrVar","v":"plural"},"count"]},{"$i":"accessibility-tblRowInfoAbbr","$v":{"few":[{"t":"idOrVar","v":"count"},"r"],"many":[{"t":"idOrVar","v":"count"},"r"],"one":[{"t":"idOrVar","v":"count"},"r"],"other":[{"t":"idOrVar","v":"count"},"r"],"two":[{"t":"idOrVar","v":"count"},"r"]},"$x":[{"t":"idOrVar","v":"plural"},"count"]},{"$i":"accessibility-cellInfoAbbr","$v":["c",{"t":"idOrVar","v":"0"},"r",{"t":"idOrVar","v":"1"}]},{"$i":"accessibility-stateCheckedAbbr","$v":"(x)"},{"$i":"accessibility-stateUncheckedAbbr","$v":"( )"},{"$i":"accessibility-statePressedAbbr","$v":"(x)"},{"$i":"accessibility-stateUnpressedAbbr","$v":"( )"},{"$i":"accessibility-pushbutton-hint","$v":"Dubbeltik om te activeren"},{"$i":"accessibility-checkbutton-hint","$v":"Dubbeltik om te activeren"},{"$i":"accessibility-combobox-hint","$v":"Dubbeltik om te activeren"},{"$i":"accessibility-key-hint","$v":"Ingedrukt houden om te activeren"},{"$i":"accessibility-link-hint","$v":"Dubbeltik om te activeren"},{"$i":"accessibility-menuitem-hint","$v":"Dubbeltik om te activeren"},{"$i":"accessibility-option-hint","$v":"Dubbeltik om te activeren"},{"$i":"accessibility-radiobutton-hint","$v":"Dubbeltik om te activeren"},{"$i":"accessibility-slider-hint","$v":"Veeg omhoog om te vergroten of omlaag om te verkleinen"},{"$i":"accessibility-spinbutton-hint","$v":"Veeg omhoog om te vergroten of omlaag om te verkleinen"},{"$i":"accessibility-pagetab-hint","$v":"Dubbeltik om te activeren"},{"$i":"accessibility-entry-hint","$v":"Dubbeltik om te activeren"},{"$i":"accessibility-outlineitem-hint","$v":"Dubbeltik om te activeren"},{"$i":"SoftLeft","$v":"Linkertoets"},{"$i":"Enter","$v":"OK-toets"},{"$i":"SoftRight","$v":"Rechtertoets"},{"$i":"weekday-0-long","$v":"zondag"},{"$i":"weekday-1-long","$v":"maandag"},{"$i":"weekday-2-long","$v":"dinsdag"},{"$i":"weekday-3-long","$v":"woensdag"},{"$i":"weekday-4-long","$v":"donderdag"},{"$i":"weekday-5-long","$v":"vrijdag"},{"$i":"weekday-6-long","$v":"zaterdag"},{"$i":"weekday-0-short","$v":"Zon"},{"$i":"weekday-1-short","$v":"Maa"},{"$i":"weekday-2-short","$v":"Din"},{"$i":"weekday-3-short","$v":"Woe"},{"$i":"weekday-4-short","$v":"Don"},{"$i":"weekday-5-short","$v":"Vrij"},{"$i":"weekday-6-short","$v":"Zat"},{"$i":"month-0-long","$v":"januari"},{"$i":"month-1-long","$v":"februari"},{"$i":"month-2-long","$v":"maart"},{"$i":"month-3-long","$v":"april"},{"$i":"month-4-long","$v":"mei"},{"$i":"month-5-long","$v":"juni"},{"$i":"month-6-long","$v":"juli"},{"$i":"month-7-long","$v":"augustus"},{"$i":"month-8-long","$v":"september"},{"$i":"month-9-long","$v":"oktober"},{"$i":"month-10-long","$v":"november"},{"$i":"month-11-long","$v":"december"},{"$i":"month-0-genitive","$v":"januari"},{"$i":"month-1-genitive","$v":"februari"},{"$i":"month-2-genitive","$v":"maart"},{"$i":"month-3-genitive","$v":"april"},{"$i":"month-4-genitive","$v":"mei"},{"$i":"month-5-genitive","$v":"juni"},{"$i":"month-6-genitive","$v":"juli"},{"$i":"month-7-genitive","$v":"augustus"},{"$i":"month-8-genitive","$v":"september"},{"$i":"month-9-genitive","$v":"oktober"},{"$i":"month-10-genitive","$v":"november"},{"$i":"month-11-genitive","$v":"december"},{"$i":"month-0-short","$v":"Jan"},{"$i":"month-1-short","$v":"Feb"},{"$i":"month-2-short","$v":"Maa"},{"$i":"month-3-short","$v":"Apr"},{"$i":"month-4-short","$v":"mei"},{"$i":"month-5-short","$v":"Jun"},{"$i":"month-6-short","$v":"Jul"},{"$i":"month-7-short","$v":"Aug"},{"$i":"month-8-short","$v":"Sep"},{"$i":"month-9-short","$v":"Okt"},{"$i":"month-10-short","$v":"Nov"},{"$i":"month-11-short","$v":"Dec"},{"$i":"minutes-ago-long","$v":{"few":[{"t":"idOrVar","v":"value"}," minuten geleden"],"many":[{"t":"idOrVar","v":"value"}," minuten geleden"],"one":"een minuut geleden","other":[{"t":"idOrVar","v":"value"}," minuten geleden"],"two":[{"t":"idOrVar","v":"value"}," minuten geleden"],"zero":"zojuist"},"$x":[{"t":"idOrVar","v":"plural"},"value"]},{"$i":"hours-ago-long","$v":{"few":[{"t":"idOrVar","v":"value"}," uur geleden"],"many":[{"t":"idOrVar","v":"value"}," uur geleden"],"one":"een uur geleden","other":[{"t":"idOrVar","v":"value"}," uur geleden"],"two":[{"t":"idOrVar","v":"value"}," uur geleden"],"zero":"zojuist"},"$x":[{"t":"idOrVar","v":"plural"},"value"]},{"$i":"days-ago-long","$v":{"few":[{"t":"idOrVar","v":"value"}," dagen geleden"],"many":[{"t":"idOrVar","v":"value"}," dagen geleden"],"one":"gisteren","other":[{"t":"idOrVar","v":"value"}," dagen geleden"],"two":[{"t":"idOrVar","v":"value"}," dagen geleden"],"zero":"vandaag"},"$x":[{"t":"idOrVar","v":"plural"},"value"]},{"$i":"weeks-ago-long","$v":{"few":[{"t":"idOrVar","v":"value"}," weken geleden"],"many":[{"t":"idOrVar","v":"value"}," weken geleden"],"one":"vorige week","other":[{"t":"idOrVar","v":"value"}," weken geleden"],"two":[{"t":"idOrVar","v":"value"}," weken geleden"],"zero":"deze week"},"$x":[{"t":"idOrVar","v":"plural"},"value"]},{"$i":"months-ago-long","$v":{"few":[{"t":"idOrVar","v":"value"}," maanden geleden"],"many":[{"t":"idOrVar","v":"value"}," maanden geleden"],"one":"vorige maand","other":[{"t":"idOrVar","v":"value"}," maanden geleden"],"two":[{"t":"idOrVar","v":"value"}," maanden geleden"],"zero":"deze maand"},"$x":[{"t":"idOrVar","v":"plural"},"value"]},{"$i":"years-ago-long","$v":{"few":[{"t":"idOrVar","v":"value"}," jaar geleden"],"many":[{"t":"idOrVar","v":"value"}," jaar geleden"],"one":"vorig jaar","other":[{"t":"idOrVar","v":"value"}," jaar geleden"],"two":[{"t":"idOrVar","v":"value"}," jaar geleden"],"zero":"dit jaar"},"$x":[{"t":"idOrVar","v":"plural"},"value"]},{"$i":"minutes-until-long","$v":{"few":["over ",{"t":"idOrVar","v":"value"}," minuten"],"many":["over ",{"t":"idOrVar","v":"value"}," minuten"],"one":"over een minuut","other":["over ",{"t":"idOrVar","v":"value"}," minuten"],"two":["over ",{"t":"idOrVar","v":"value"}," minuten"],"zero":"nu"},"$x":[{"t":"idOrVar","v":"plural"},"value"]},{"$i":"hours-until-long","$v":{"few":["over ",{"t":"idOrVar","v":"value"}," uur"],"many":["over ",{"t":"idOrVar","v":"value"}," uur"],"one":"over een uur","other":["over ",{"t":"idOrVar","v":"value"}," uur"],"two":["over ",{"t":"idOrVar","v":"value"}," uur"],"zero":"nu"},"$x":[{"t":"idOrVar","v":"plural"},"value"]},{"$i":"days-until-long","$v":{"few":["over ",{"t":"idOrVar","v":"value"}," dagen"],"many":["over ",{"t":"idOrVar","v":"value"}," dagen"],"one":"morgen","other":["over ",{"t":"idOrVar","v":"value"}," dagen"],"two":["over ",{"t":"idOrVar","v":"value"}," dagen"],"zero":"vandaag"},"$x":[{"t":"idOrVar","v":"plural"},"value"]},{"$i":"weeks-until-long","$v":{"few":["over ",{"t":"idOrVar","v":"value"}," weken"],"many":["over ",{"t":"idOrVar","v":"value"}," weken"],"one":"volgende week","other":["over ",{"t":"idOrVar","v":"value"}," weken"],"two":["over ",{"t":"idOrVar","v":"value"}," weken"],"zero":"deze week"},"$x":[{"t":"idOrVar","v":"plural"},"value"]},{"$i":"months-until-long","$v":{"few":["over ",{"t":"idOrVar","v":"value"}," maanden"],"many":["over ",{"t":"idOrVar","v":"value"}," maanden"],"one":"volgende maand","other":["over ",{"t":"idOrVar","v":"value"}," maanden"],"two":["over ",{"t":"idOrVar","v":"value"}," maanden"],"zero":"deze maand"},"$x":[{"t":"idOrVar","v":"plural"},"value"]},{"$i":"years-until-long","$v":{"few":["over ",{"t":"idOrVar","v":"value"}," jaar"],"many":["over ",{"t":"idOrVar","v":"value"}," jaar"],"one":"volgend jaar","other":["over ",{"t":"idOrVar","v":"value"}," jaar"],"two":["over ",{"t":"idOrVar","v":"value"}," jaar"],"zero":"dit jaar"},"$x":[{"t":"idOrVar","v":"plural"},"value"]},{"$i":"minutes-ago-short","$v":{"other":[{"t":"idOrVar","v":"value"},"m geleden"],"zero":"zojuist"},"$x":[{"t":"idOrVar","v":"plural"},"value"]},{"$i":"hours-ago-short","$v":{"other":[{"t":"idOrVar","v":"value"},"u geleden"],"zero":"zojuist"},"$x":[{"t":"idOrVar","v":"plural"},"value"]},{"$i":"days-ago-short","$v":{"other":[{"t":"idOrVar","v":"value"},"d geleden"],"zero":"vandaag"},"$x":[{"t":"idOrVar","v":"plural"},"value"]},{"$i":"minutes-until-short","$v":{"other":["over ",{"t":"idOrVar","v":"value"},"m"],"zero":"nu"},"$x":[{"t":"idOrVar","v":"plural"},"value"]},{"$i":"hours-until-short","$v":{"other":["over ",{"t":"idOrVar","v":"value"},"u"],"zero":"nu"},"$x":[{"t":"idOrVar","v":"plural"},"value"]},{"$i":"days-until-short","$v":{"other":["over ",{"t":"idOrVar","v":"value"},"d"],"zero":"vandaag"},"$x":[{"t":"idOrVar","v":"plural"},"value"]},{"$i":"incorrectDate","$v":"(onjuiste datum)"},{"$i":"dateTimeFormat_%c","$v":"%a %b %e %Y %I:%M:%S %p"},{"$i":"dateTimeFormat_%x","$v":"%m/%d/%Y"},{"$i":"dateTimeFormat_%X","$v":"%I:%M:%S %p"},{"$i":"shortTimeFormat","$v":"%I:%M %p"},{"$i":"shortTimeFormat12","$v":"%I:%M %p"},{"$i":"shortTimeFormat24","$v":"%H:%M"},{"$i":"shortDateTimeFormat","$v":"%x %I:%M %p"},{"$i":"weekStartsOnMonday","$v":"0.0"},{"$i":"firstDayOfTheWeek","$v":"1.0"},{"$i":"time_am","$v":"AM"},{"$i":"time_pm","$v":"PM"},{"$i":"title-app","$v":"App-machtiging"},{"$i":"title-web","$v":"Websitemachtiging"},{"$i":"title-cam","$v":"Camera selecteren"},{"$i":"perm-alarms","$v":"Alarmen plannen"},{"$i":"perm-audio-capture","$v":"Microfoon"},{"$i":"perm-audio-capture-appRequest","$v":["Wilt u de microfoon delen met ",{"t":"idOrVar","v":"app"},"?"]},{"$i":"perm-audio-capture-webRequest","$v":["Wilt u de microfoon delen met ",{"t":"idOrVar","v":"site"},"?"]},{"$i":"perm-audio-channel-content","$v":"Geluiden afspelen"},{"$i":"perm-audio-channel-notification","$v":"Meldingsgeluiden afspelen"},{"$i":"perm-audio-channel-ringer","$v":"Beltoongeluiden afspelen"},{"$i":"perm-background-sensors","$v":"Toegang tot sensorgegevens"},{"$i":"perm-bluetooth","$v":"Bluetooth"},{"$i":"perm-browser","$v":"Internetpagina's inspecteren"},{"$i":"perm-camera","$v":"Camera's"},{"$i":"perm-camera-selector-appRequest","$v":["Selecteer een camera voor ",{"t":"idOrVar","v":"app"},"."]},{"$i":"perm-camera-selector-webRequest","$v":["Selecteer een camera voor ",{"t":"idOrVar","v":"site"},"."]},{"$i":"perm-camera-appRequest","$v":[{"t":"idOrVar","v":"app"}," wil gebruik maken van uw camera."]},{"$i":"perm-camera-webRequest","$v":[{"t":"idOrVar","v":"site"}," wil gebruik maken van uw camera."]},{"$i":"perm-cellbroadcast","$v":"Regioberichten"},{"$i":"perm-contacts","$v":"Contacten"},{"$i":"perm-contacts-appRequest","$v":[{"t":"idOrVar","v":"app"}," wil toegang tot uw contactenlijst."]},{"$i":"perm-contacts-webRequest","$v":[{"t":"idOrVar","v":"site"}," wil toegang tot uw contactenlijst."]},{"$i":"perm-desktop-notification","$v":"Meldingen"},{"$i":"perm-desktop-notification-appRequest","$v":[{"t":"idOrVar","v":"app"}," wil meldingen weergeven."]},{"$i":"perm-desktop-notification-webRequest","$v":[{"t":"idOrVar","v":"site"}," wil meldingen weergeven."]},{"$i":"perm-device-storage-apps","$v":"App-opslag"},{"$i":"perm-device-storage-music","$v":"Muziekopslag"},{"$i":"perm-device-storage-music-appRequest","$v":[{"t":"idOrVar","v":"app"}," wil toegang tot uw muziek."]},{"$i":"perm-device-storage-music-webRequest","$v":[{"t":"idOrVar","v":"site"}," wil toegang tot uw muziek."]},{"$i":"perm-device-storage-pictures","$v":"Afbeeldingenopslag"},{"$i":"perm-device-storage-pictures-appRequest","$v":[{"t":"idOrVar","v":"app"}," wil toegang tot uw afbeeldingen."]},{"$i":"perm-device-storage-pictures-webRequest","$v":[{"t":"idOrVar","v":"site"}," wil toegang tot uw afbeeldingen."]},{"$i":"perm-device-storage-sdcard","$v":"Geheugenkaartopslag"},{"$i":"perm-device-storage-sdcard-appRequest","$v":[{"t":"idOrVar","v":"app"}," wil toegang tot uw geheugenkaart."]},{"$i":"perm-device-storage-sdcard-webRequest","$v":[{"t":"idOrVar","v":"site"}," wil toegang tot uw geheugenkaart."]},{"$i":"perm-device-storage-videos","$v":"Video-opslag"},{"$i":"perm-device-storage-videos-appRequest","$v":[{"t":"idOrVar","v":"app"}," wil toegang tot uw video's."]},{"$i":"perm-device-storage-videos-webRequest","$v":[{"t":"idOrVar","v":"site"}," wil toegang tot uw video's."]},{"$i":"perm-fullscreen-appRequest","$v":[{"t":"idOrVar","v":"app"}," gebruikt nu volledig scherm."]},{"$i":"perm-fullscreen-webRequest","$v":[{"t":"idOrVar","v":"site"}," gebruikt nu volledig scherm."]},{"$i":"perm-embed-apps","$v":"Apps inbouwen"},{"$i":"perm-fmradio","$v":"FM-radio"},{"$i":"perm-fmradio-appRequest","$v":[{"t":"idOrVar","v":"app"}," wil gebruik maken van de FM-radio."]},{"$i":"perm-fmradio-webRequest","$v":[{"t":"idOrVar","v":"site"}," wil gebruik maken van de FM-radio."]},{"$i":"perm-geolocation","$v":"Geolocatie"},{"$i":"perm-geolocation-appRequest","$v":[{"t":"idOrVar","v":"app"}," wil uw locatie weten."]},{"$i":"perm-geolocation-more-info","$v":[{"t":"idOrVar","v":"brandShortName"}," gebruikt GPS en aanvullende informatie als Wi-Fi en mobiele netwerken om uw locatie te bepalen. Locatiegegevens kunnen worden gebruikt door ",{"t":"idOrVar","v":"brandShortName"}," en serviceproviders om de nauwkeurigheid en dekking van de locatiedatabases te verbeteren. ",{"t":"idOrVar","v":"brandShortName"}," vraagt altijd om toestemming als een applicatie toegang nodig heeft tot uw apparaatlocatie."]},{"$i":"perm-geolocation-webRequest","$v":[{"t":"idOrVar","v":"site"}," wil uw locatie weten."]},{"$i":"perm-idle","$v":"Zie inactieve status"},{"$i":"perm-indexedDB-chrome-settings","$v":"Vertrouwelijke IndexedDB"},{"$i":"perm-indexedDB-unlimited","$v":"Onbeperkte IndexedDB-opslag"},{"$i":"perm-input-manage","$v":"Toetsenborden beheren"},{"$i":"perm-input","$v":"Gebruiken als een toetsenbord"},{"$i":"perm-media-capture","$v":"Camera en microfoon"},{"$i":"perm-media-capture-appRequest","$v":["Wilt u uw camera en microfoon delen met ",{"t":"idOrVar","v":"app"},"?"]},{"$i":"perm-media-capture-webRequest","$v":["Wilt u uw camera en microfoon delen met ",{"t":"idOrVar","v":"site"},"?"]},{"$i":"perm-mobileconnection","$v":"Mobiele verbinding"},{"$i":"perm-mobileid","$v":"Mobiele identiteit"},{"$i":"perm-network-events","$v":"Netwerkgebeurtenissen"},{"$i":"perm-open-remote-window","$v":"Een app starten"},{"$i":"perm-permissions","$v":"App-machtigingen aanpassen"},{"$i":"perm-power","$v":"Voedingsinstellingen"},{"$i":"perm-settings","$v":"Instellingen aanpassen"},{"$i":"perm-systemXHR","$v":"Verzoeken van verschillende oorsprong"},{"$i":"perm-telephony","$v":"Telefoon"},{"$i":"perm-video-capture","$v":"Camera"},{"$i":"perm-video-capture-appRequest","$v":["Wilt u uw camera delen met ",{"t":"idOrVar","v":"app"},"?"]},{"$i":"perm-video-capture-webRequest","$v":["Wilt u uw camera delen met ",{"t":"idOrVar","v":"site"},"?"]},{"$i":"perm-voicemail","$v":"Voicemail controleren"},{"$i":"perm-webapps-manage","$v":"Webapps installeren"},{"$i":"perm-wifi-manage","$v":"Wi-Fi beheren"},{"$i":"perm-attention","$v":"Overlappende pop-ups openen"},{"$i":"perm-audio-channel-alarm","$v":"Alarmgeluiden afspelen"},{"$i":"perm-audio-channel-normal","$v":"Geluiden afspelen"},{"$i":"perm-audio-channel-publicnotification","$v":"Nationale meldingsgeluiden afspelen"},{"$i":"perm-audio-channel-telephony","$v":"Telefoongeluiden afspelen"},{"$i":"perm-backgroundservice","$v":"Handelen als achtergrondservice"},{"$i":"perm-device-storage-crashes","$v":"Opslag crash-gegevens"},{"$i":"perm-downloads","$v":"Downloads openen"},{"$i":"perm-embed-widgets","$v":"Widgets inbouwen"},{"$i":"perm-feature-detection","$v":"Functiedetectie"},{"$i":"perm-firefox-accounts","$v":"Firefox-accounts"},{"$i":"perm-mobilenetwork","$v":"Mobiel netwerk"},{"$i":"perm-moz-attention","$v":"Overlappende pop-ups openen (moz)"},{"$i":"perm-moz-audio-channel-ringer","$v":"Beltoongeluiden afspelen (moz)"},{"$i":"perm-moz-audio-channel-telephony","$v":"Telefoongeluiden afspelen (moz)"},{"$i":"perm-moz-firefox-accounts","$v":"Firefox-accounts (moz)"},{"$i":"perm-networkstats-manage","$v":"Gebruiksstatistieken controleren"},{"$i":"perm-nfc","$v":"NFC"},{"$i":"perm-nfc-hci-events","$v":"NFC HCI-gebeurtenissen"},{"$i":"perm-nfc-manager","$v":"NFC beheren"},{"$i":"perm-phonenumberservice","$v":"Telefoonnummerdienst"},{"$i":"perm-push","$v":"Push API"},{"$i":"perm-resourcestats-manage","$v":"Bronstatistieken"},{"$i":"perm-sms","$v":"Sms verzenden en lezen"},{"$i":"perm-speaker-control","$v":"Volume bedienen"},{"$i":"perm-storage","$v":"Opslag openen"},{"$i":"perm-tcp-socket","$v":"TCP Sockets"},{"$i":"perm-test-permission","$v":"Machtiging testen"},{"$i":"perm-time","$v":"Datum en tijd instellen"},{"$i":"perm-udp-socket","$v":"UDP Sockets"},{"$i":"perm-wappush","$v":"WAP Push"},{"$i":"stopped_download_title","$v":"Downloaden gestopt"},{"$i":"tcl-stopped_download_message","$v":"Deze download is gestopt. Wilt u het downloaden hervatten?"},{"$i":"stopped_download_left_button","$v":"Annuleren"},{"$i":"stopped_download_right_button","$v":"Opnieuw proberen"},{"$i":"failed_download_title","$v":"Downloaden mislukt"},{"$i":"failed_download_message","$v":["Kon ",{"t":"idOrVar","v":"name"}," niet downloaden. Opnieuw proberen?"]},{"$i":"failed_download_left_button","$v":"Annuleren"},{"$i":"failed_download_right_button","$v":"Opnieuw proberen"},{"$i":"stop_download_title","$v":"Download stoppen"},{"$i":"stop_download_message","$v":"Weet u zeker dat u het downloaden wilt stoppen?"},{"$i":"stop_download_left_button","$v":"Annuleren"},{"$i":"stop_download_right_button","$v":"Stoppen"},{"$i":"delete_download_title","$v":"Verwijderen"},{"$i":"delete_download_message","$v":[{"t":"idOrVar","v":"name"},"” verwijderen?"]},{"$i":"delete_download_left_button","$v":"Annuleren"},{"$i":"delete_download_right_button","$v":"Verwijderen"},{"$i":"delete_all_download_title","$v":"Verwijderen"},{"$i":"delete_all_download_left_button","$v":"Annuleren"},{"$i":"delete_all_download_right_button","$v":"Verwijderen"},{"$i":"delete_all_download_message_ext","$v":"Geselecteerde bestanden verwijderen?"},{"$i":"delete_all_download_message","$v":{"few":[{"t":"idOrVar","v":"number"}," bestanden verwijderen?"],"many":[{"t":"idOrVar","v":"number"}," bestanden verwijderen?"],"one":"Eén bestand verwijderen?","other":[{"t":"idOrVar","v":"number"}," bestanden verwijderen?"],"two":[{"t":"idOrVar","v":"number"}," bestanden verwijderen?"],"zero":"Geen bestanden verwijderen?"},"$x":[{"t":"idOrVar","v":"plural"},"number"]},{"$i":"unsupported_file_type_download_title","$v":"Kan niet openen"},{"$i":"unsupported_file_type_download_message","$v":["Er is geen app die ",{"t":"idOrVar","v":"name"}," kan openen. Wilt u het bestand opslaan of verwijderen?"]},{"$i":"unsupported_file_type_download_left_button","$v":"Bestand behouden"},{"$i":"unsupported_file_type_download_right_button","$v":"Verwijderen"},{"$i":"file_not_found_download_title","$v":"Bestand niet gevonden"},{"$i":"file_not_found_download_message","$v":"Het bestand is niet gevonden op het apparaat"},{"$i":"file_not_found_download_right_button","$v":"OK"},{"$i":"unmounted_sdcard_2_download_title","$v":"Geheugenkaart in gebruik"},{"$i":"unmounted_sdcard_2_download_message","$v":"De stekker uit de telefoon halen"},{"$i":"unmounted_sdcard_2_download_right_button","$v":"OK"},{"$i":"no_provider_download_title","$v":"Kan niet openen"},{"$i":"no_provider_download_message","$v":"Deze bestandsindeling is ongeldig of wordt niet ondersteund."},{"$i":"no_provider_download_right_button","$v":"OK"},{"$i":"no_memory_download_title","$v":"SD-kaart is vol"},{"$i":"no_memory_download_message","$v":"Er is geen ruimte meer op uw SD-kaart om uw download op te slaan. Verwijder een aantal bestanden voordat u de download opnieuw start."},{"$i":"no_memory_download_right_button","$v":"OK"},{"$i":"no_sdcard_found_2_download_title","$v":"Geen geheugenkaart gevonden"},{"$i":"no_sdcard_found_2_download_message","$v":"Plaats een geheugenkaart of selecteer een andere standaard medialocatie in instellingen"},{"$i":"no_sdcard_found_2_download_right_button","$v":"OK"},{"$i":"file_open_error_download_title","$v":"Bevestiging"},{"$i":"file_open_error_download_message","$v":"Deze bestandsindeling is ongeldig of wordt niet ondersteund. Wilt u het bestand verwijderen?"},{"$i":"file_open_error_download_left_button","$v":"Bestand behouden"},{"$i":"file_open_error_download_right_button","$v":"Verwijderen"},{"$i":"restart_download_error","$v":"Er is een fout opgetreden tijdens het herstarten van de download. Probeer het opnieuw."},{"$i":"no-downloads","$v":"Geen downloads"},{"$i":"percentage","$v":[{"t":"idOrVar","v":"percentage"},"%"]},{"$i":"partialResult","$v":[{"t":"idOrVar","v":"partial"}," / ",{"t":"idOrVar","v":"total"}]},{"$i":"summary","$v":[{"t":"idOrVar","v":"date"}," - ",{"t":"idOrVar","v":"status"}]},{"$i":"download-stopped","$v":"Gestopt"},{"$i":"download-failed","$v":"Downloaden mislukt"},{"$i":"open_downloaded_file","$v":"Openen"},{"$i":"share_downloaded_file","$v":"Delen"},{"$i":"wallpaper_downloaded_file","$v":"Instellen als achtergrond"},{"$i":"ringtone_downloaded_file","$v":"Als beltoon instellen"},{"$i":"cancel_downloaded_file","$v":"Annuleren"},{"$i":"voicemailNoNumberTitle","$v":"Voicemailnummer is niet bereikbaar"},{"$i":"voicemailNoNumberText","$v":"Kan de voicemail niet bellen. Stel het voicemailnummer in om de oproep te plaatsen."},{"$i":"voicemailNoNumberSettings","$v":"Instellingen"},{"$i":"voicemailNoNumberCancel","$v":"Annuleren"},{"$i":"airplaneMode","$v":"Vliegtuigmodus"},{"$i":"noNetwork","$v":"Geen netwerk"},{"$i":"roaming","$v":[{"t":"idOrVar","v":"operator"}," (Roaming)"]},{"$i":"operator-info","$v":[{"t":"idOrVar","v":"carrier"}," ",{"t":"idOrVar","v":"region"}]},{"$i":"emergencyCallsOnly","$v":"Alleen noodoproepen"},{"$i":"emergencyCallsOnly-unknownSIMState","$v":"(onbekende SIM-status)"},{"$i":"emergencyCallsOnly-noSIM","$v":"(geen SIM-kaart)"},{"$i":"emergencyCallsOnly-pinRequired","$v":"(SIM PIN-code vereist)"},{"$i":"emergencyCallsOnly-pukRequired","$v":"(SIM PUK-code vereist)"},{"$i":"emergencyCallsOnly-networkLocked","$v":"(netwerk vergrendeld)"},{"$i":"emergencyCallsOnly-serviceProviderLocked","$v":"(vergrendeld door serviceprovider)"},{"$i":"emergencyCallsOnly-corporateLocked","$v":"(vergrendeld door bedrijf)"},{"$i":"emergencyCallsOnly-network1Locked","$v":"(netwerk1 vergrendeld)"},{"$i":"emergencyCallsOnly-network2Locked","$v":"(netwerk2 vergrendeld)"},{"$i":"emergencyCallsOnly-hrpdNetworkLocked","$v":"(hrpd-netwerk vergrendeld)"},{"$i":"emergencyCallsOnly-ruimCorporateLocked","$v":"(ruim vergrendeld door bedrijf)"},{"$i":"emergencyCallsOnly-ruimServiceProviderLocked","$v":"(ruim vergrendeld door serviceprovider)"},{"$i":"lockscreen-sim-id","$v":["SIM ",{"t":"idOrVar","v":"n"}]},{"$i":"charging-no-time","$v":[{"t":"idOrVar","v":"level"},"% geladen"]},{"$i":"charging-minutes","$v":{"few":[{"t":"idOrVar","v":"level"},"% geladen (",{"t":"idOrVar","v":"minutes"}," minuten tot volledig geladen)"],"many":[{"t":"idOrVar","v":"level"},"% geladen (",{"t":"idOrVar","v":"minutes"}," minuten tot volledig geladen)"],"one":[{"t":"idOrVar","v":"level"},"% geladen (",{"t":"idOrVar","v":"minutes"}," min tot volledig geladen)"],"other":[{"t":"idOrVar","v":"level"},"% geladen (",{"t":"idOrVar","v":"minutes"}," minuten tot volledig geladen)"],"two":[{"t":"idOrVar","v":"level"},"% geladen (",{"t":"idOrVar","v":"minutes"}," minuten tot volledig geladen)"],"zero":[{"t":"idOrVar","v":"level"},"% geladen (",{"t":"idOrVar","v":"minutes"}," minuten tot volledig geladen)"]},"$x":[{"t":"idOrVar","v":"plural"},"minutes"]},{"$i":"charging-hours","$v":{"few":[{"t":"idOrVar","v":"level"},"% geladen (",{"t":"idOrVar","v":"hours"},"u ",{"t":"idOrVar","v":"minutes"}," minuten tot volledig geladen)"],"many":[{"t":"idOrVar","v":"level"},"% geladen (",{"t":"idOrVar","v":"hours"},"u ",{"t":"idOrVar","v":"minutes"}," minuten tot volledig geladen)"],"one":[{"t":"idOrVar","v":"level"},"% geladen (",{"t":"idOrVar","v":"hours"},"u ",{"t":"idOrVar","v":"minutes"}," min tot volledig geladen)"],"other":[{"t":"idOrVar","v":"level"},"% geladen (",{"t":"idOrVar","v":"hours"},"u ",{"t":"idOrVar","v":"minutes"}," minuten tot volledig geladen)"],"two":[{"t":"idOrVar","v":"level"},"% geladen (",{"t":"idOrVar","v":"hours"},"u ",{"t":"idOrVar","v":"minutes"}," minuten tot volledig geladen)"],"zero":[{"t":"idOrVar","v":"level"},"% geladen (",{"t":"idOrVar","v":"hours"},"u ",{"t":"idOrVar","v":"minutes"}," minuten tot volledig geladen)"]},"$x":[{"t":"idOrVar","v":"plural"},"minutes"]},{"$i":"network-error-in-app","$v":"Momenteel geen toegang tot internet."},{"$i":"network-error-launching","$v":[{"t":"idOrVar","v":"name"}," vereist een internetverbinding."]},{"$i":"network-error-launching-title","$v":"Geen internetverbinding"},{"$i":"network-error-launching-message","$v":"Gebruik Wi-Fi of mobiele data voor toegang tot internet."},{"$i":"server-not-found","$v":"Server niet gevonden"},{"$i":"server-not-found-error","$v":["Kan de server niet vinden op ",{"t":"idOrVar","v":"name"},"."]},{"$i":"file-not-found","$v":"Bestand niet gevonden"},{"$i":"file-not-found-error","$v":"Het apparaat kan deze pagina niet weergeven omdat het bestand niet kan worden gevonden."},{"$i":"connection-failed","$v":"Kan geen verbinding maken"},{"$i":"connection-failed-error","$v":"Er is een netwerkfout opgetreden toen werd geprobeerd de site te bereiken."},{"$i":"invalid-connection","$v":"Kan geen verbinding maken"},{"$i":"invalid-connection-error","$v":"Er is een netwerkfout opgetreden toen werd geprobeerd de site te bereiken."},{"$i":"malformed-uri","$v":"URL niet geldig"},{"$i":"malformed-uri-error","$v":"De ingevoerde URL is niet geldig en kan niet worden geladen."},{"$i":"redirect-loop","$v":"De pagina kan niet worden weergegeven"},{"$i":"redirect-loop-error","$v":"Het apparaat kan deze pagina niet weergeven omdat de pagina niet juist wordt omgeleid. Probeer deze pagina later opnieuw."},{"$i":"not-cached","$v":"Pagina verlopen"},{"$i":"not-cached-error","$v":"Als beveiligingsmaatregel kan deze pagina niet worden weergegeven door het apparaat omdat de pagina is verlopen."},{"$i":"is-printing","$v":"Toegang geweigerd"},{"$i":"is-printing-error","$v":"Het document kan niet worden gewijzigd tijdens afdrukken of in het afdrukvoorbeeld."},{"$i":"denied-port-access","$v":"Adres beperkt"},{"$i":"denied-port-access-error","$v":"Dit adres gebruikt een netwerkpoort die normaal gesproken wordt gebruikt voor andere doeleinden dan browsen op het web. Het apparaat heeft omwille van uw bescherming het verzoek geannuleerd."},{"$i":"proxy-resolve-failure","$v":"Proxyserverfout"},{"$i":"proxy-resolve-failure-error","$v":"Het apparaat is geconfigureerd om een proxyserver te gebruiken die niet kan worden gevonden."},{"$i":"proxy-connect-failure","$v":"Proxyserverfout"},{"$i":"proxy-connect-failure-error","$v":"Het apparaat is geconfigureerd om een proxyserver te gebruiken die verbindingen weigert."},{"$i":"content-encoding","$v":"De pagina kan niet worden weergegeven"},{"$i":"content-encoding-error","$v":"Het apparaat kan deze pagina niet weergeven omdat een coderingsfout voor het materiaal is opgetreden."},{"$i":"remote-xul","$v":"Pagina niet ondersteund"},{"$i":"remote-xul-error","$v":"Deze pagina kan niet worden weergegeven omdat deze een technologie gebruikt die niet wordt ondersteund op het apparaat."},{"$i":"phishing-blocked","$v":"Waarschuwing"},{"$i":"phishing-blocked-error","$v":"De website is gerapporteerd als een valse website om gebruikers te misleiden persoonlijke of financiële gegevens te delen."},{"$i":"malware-blocked","$v":"Malware-aanval geblokkeerd"},{"$i":"malware-blocked-error","$v":"De site is gerapporteerd als een aanvalssite. Het apparaat heeft omwille van uw bescherming het verzoek geblokkeerd."},{"$i":"unsafe-content-type","$v":"Onveilige inhoud"},{"$i":"unsafe-content-type-error","$v":"De pagina kan niet worden weergegeven omdat het mogelijk niet veilig is om deze te openen."},{"$i":"corrupted-content","$v":"Kan geen verbinding maken"},{"$i":"corrupted-content-error","$v":"De pagina kan niet worden weergegeven omdat een fout in de gegevensoverdracht is gedetecteerd."},{"$i":"unknown-protocol-found","$v":"Pagina niet ondersteund"},{"$i":"unknown-protocol-found-error","$v":"Pagina kan niet worden weergegeven omdat deze een technologie gebruikt die niet wordt ondersteund op het apparaat."},{"$i":"try-again","$v":"Opnieuw proberen"},{"$i":"check-settings","$v":"Instellingen controleren"},{"$i":"firefox-accounts-title","$v":"KaiOS-accounts"},{"$i":"firefox-accounts-title-sign-in","$v":"Aanmelden"},{"$i":"firefox-accounts-title-create-account","$v":"Account maken"},{"$i":"kaios-accounts-title-about-kaios-account","$v":"Informatie over KaiOS-account"},{"$i":"kaios-accounts-phone-verification","$v":"Telefoonverificatie"},{"$i":"kaios-accounts-title-account-info","$v":"Accountgegevens"},{"$i":"fxa-next","$v":"Volgende"},{"$i":"fxa-back","$v":"Terug"},{"$i":"fxa-done","$v":"Gereed"},{"$i":"fxa-ok","$v":"OK"},{"$i":"tcl-changessaved","$v":"Wijzigingen opgeslagen"},{"$i":"tcl-verification-mail-has-been-sent","$v":"Er is een verificatiekoppeling verzonden naar"},{"$i":"fxa-decline","$v":"Weigeren"},{"$i":"fxa-accept","$v":"Accepteren"},{"$i":"fxa-sining-in","$v":"Aanmelden..."},{"$i":"not-now","$v":"Niet nu"},{"$i":"send-sms","$v":"SMS verzenden"},{"$i":"resend-sms","$v":"SMS opnieuw verzenden"},{"$i":"fxa-connection-error-title","$v":"Kan geen verbinding maken"},{"$i":"fxa-connection-error-message","$v":"U kunt een account maken of zich aanmelden vanuit Instellingen."},{"$i":"fxa-reset-password-error-title","$v":"Wachtwoord opnieuw instellen"},{"$i":"fxa-reset-password-error-message","$v":"In Instellingen kunt u uw wachtwoord opnieuw instellen."},{"$i":"fxa-incorrect-email-address-or-password","$v":"fxa onjuist e-mailadres of wachtwoord"},{"$i":"fxa-internet-connection-is-required","$v":"fxa een internetverbinding is vereist"},{"$i":"fxa-server-error","$v":"Serverfout. Probeer het later opnieuw."},{"$i":"fxa-server-error-2","$v":"Fout"},{"$i":"fxa-server-error-message","$v":"Kan account niet maken. Probeer het later opnieuw."},{"$i":"fxa-server-error-message-2","$v":"Server niet beschikbaar. Probeer het later opnieuw."},{"$i":"fxa-offline-error-title","$v":"Kan geen verbinding maken"},{"$i":"fxa-offline-error-message","$v":"Maak verbinding met een netwerk vanuit Instellingen."},{"$i":"fxa-offline-error-message-1","$v":"Geen internetverbinding."},{"$i":"fxa-invalid-email-title","$v":"Fout"},{"$i":"fxa-invalid-email-message","$v":"Voer een geldig e-mailadres in."},{"$i":"fxa-invalid-password-title","$v":"Fout"},{"$i":"fxa-invalid-password-message","$v":"Onjuist e-mailadres of wachtwoord"},{"$i":"fxa-invalid-password-message-1","$v":"Wachtwoord onjuist."},{"$i":"fxa-unknown-error-title","$v":"Kan geen verbinding maken"},{"$i":"fxa-unknown-error-message","$v":"Systeem is niet beschikbaar. Probeer het binnenkort opnieuw."},{"$i":"fxa-email-is-taken-title","$v":"Fout"},{"$i":"fxa-email-is-taken-message","$v":"Er bestaat al een account voor deze e-mail. Meld u aan bij uw account."},{"$i":"fxa-confirm-age-title","$v":"Fout"},{"$i":"fxa-confirm-age-message","$v":"Bevestig dat u ouder bent dan 13 jaar"},{"$i":"fxa-account-does-not-exist","$v":"Fout"},{"$i":"fxa-account-does-not-exist-message","$v":"Onjuist e-mailadres of wachtwoord"},{"$i":"fxa-account-does-not-exist-message-1","$v":"Account bestaat niet."},{"$i":"fxa-password-dont-match","$v":"Fout"},{"$i":"fxa-password-dont-match-message","$v":"Wachtwoorden komen niet overeen."},{"$i":"fxa-password-less","$v":"Fout"},{"$i":"fxa-password-less-message","$v":"het wachtwoord bevat minder dan 8 tekens."},{"$i":"fxa-password-less-message-1","$v":"Het wachtwoord is korter dan 8 tekens."},{"$i":"fxa-password-more","$v":"Fout"},{"$i":"fxa-password-more-message","$v":"het wachtwoord bevat meer dan 20 tekens."},{"$i":"fxa-password-more-message-1","$v":"Het wachtwoord is langer dan 20 tekens."},{"$i":"fxa-password-error","$v":"Fout"},{"$i":"fxa-password-error-message","$v":"Wachtwoord moet 8-20 tekens lang zijn en bestaan uit een combinatie van letters en cijfers."},{"$i":"fxa-connecting","$v":"Verbinding maken"},{"$i":"fxa-enter-phone-number-message","$v":"Voer uw telefoonnummer in. Er wordt een SMS verzonden en automatische verificatie wordt gestart."},{"$i":"fxa-sms-has-been-sent-message","$v":"SMS is verzonden. Als deze is ontvangen, wordt de automatische verificatie gestart. U kunt gewoon achterover leunen!"},{"$i":"fxa-time-remaining","$v":"Resterende tijd:"},{"$i":"fxa-sms-verification-failed-message","$v":"SMS-verificatie is mislukt. Bevestig uw telefoon en druk op 'SMS opnieuw verzenden' om het opnieuw te proberen."},{"$i":"fxa-phone-number-label","$v":"Telefoonnummer"},{"$i":"fxa-enter-your-infomation","$v":"Voer uw gegevens in."},{"$i":"fxa-birthday-label","$v":"Verjaardag"},{"$i":"fxa-birthday-select","$v":"Selecteer"},{"$i":"fxa-gender-label","$v":"Geslacht"},{"$i":"fxa-gender-select","$v":"Selecteer"},{"$i":"fxa-gender-male","$v":"Mannelijk"},{"$i":"fxa-gender-female","$v":"Vrouwelijk"},{"$i":"fxa-gender-confidential","$v":"Vertrouwelijk"},{"$i":"fxa-enter-email-input","placeholder":"Voer uw e-mailadres in"},{"$i":"fxa-use-email-to-sign-in","$v":"Voer uw e-mailadres in. Uw e-mailadres is uw accountnaam."},{"$i":"fxa-notice","$v":["Door verder te gaan ga ik akkoord met de ",{"t":"idOrVar","v":"tos"}," en ",{"t":"idOrVar","v":"pn"}," van KaiOS-cloudservices."]},{"$i":"fxa-placeholder","$v":"Uw e-mail hier"},{"$i":"fxa-tos","$v":"Gebruiksvoorwaarden"},{"$i":"fxa-pn","$v":"Privacymelding"},{"$i":"fxa-create-account-title","$v":"Account maken"},{"$i":"fxa-show-age-title","$v":"Ik ben ouder dan 13 jaar"},{"$i":"fxa-enter-password-title","$v":"Voer uw wachtwoord in. Uw wachtwoord moet 8-20 tekens lang zijn en zowel cijfers als letters bevatten."},{"$i":"fxa-enter-password-title-1","$v":"Voer een wachtwoord in. Uw wachtwoord moet uit 8 - 20 tekens bestaan en moet zowel letters als cijfers bevatten."},{"$i":"fxa-setup-password-title","$v":"Wachtwoord instellen"},{"$i":"fxa-create-password-title","$v":"Een wachtwoord maken"},{"$i":"fxa-hello-user","$v":["Hallo, ",{"t":"idOrVar","v":"email"}]},{"$i":"fxa-password-refresh","$v":"Voer uw KaiOS-accountwachtwoord in om door te gaan."},{"$i":"fxa-password","$v":"Wachtwoord","placeholder":"Wachtwoord"},{"$i":"fxa-forgot-your-password","$v":"Wachtwoord vergeten?"},{"$i":"fxa-show-password","$v":"Wachtwoord weergeven"},{"$i":"fxa-password-length-requirement","$v":"Uw wachtwoord moet minimaal 8 tekens lang zijn."},{"$i":"fxa-confirm-account","$v":"Uw account bevestigen"},{"$i":"fxa-will-send-email","$v":"Uw account is gemaakt."},{"$i":"fxa-signup-click-verification-link-in-email","$v":["We hebben een bevestiging verzonden naar ",{"t":"idOrVar","v":"email"},". Controleer uw Postvak IN en verifieer en activeer uw account."]},{"$i":"fxa-access-manage-account-settings","$v":"De activeringskoppeling verloopt binnen 24 uur."},{"$i":"fxa-signup-success-title","$v":"Account gemaakt"},{"$i":"about-kaios-account-text","$v":"Lorem ipsum dolor sit amet, con-sectetur adipiscing elit, sed do eiusmod tempor incididunt ut labore et dolore magna aliqua. Ut enim ad minim veniam, quis nos-trud exercitation ullamco laboris nisi ut aliquip ex ea commodo consequat. Duis aute irure dolor in reprehenderit in voluptate velit esse cillum dolore eu fugiat nulla pariatur. Excepteur sint occaecat cupidatat non proident, sunt in culpa qui officia deserunt mollit anim id est laborum."},{"$i":"about-kaios-account-text1","$v":"KaiOS-account biedt verificatie voor KaiOS-services. Het account identificeert de gebruiker en het apparaat en biedt toegang tot functies zoals beheer op afstand van apparaten en aanvullende services."},{"$i":"about-kaios-account-text2","$v":"Als u een account wilt maken, hebt u een e-mailadres en een wachtwoord nodig. De gebruiker moet het e-mailadres verifiëren via een e-mailkoppeling die wordt verzonden tijdens het maken van het account. Het account wordt pas geactiveerd als dit e-mailadres is geverifieerd."},{"$i":"about-kaios-account-text3","$v":"Als u doorgaat met het maken van het account, gaat u akkoord met de voorwaarden en disclaimer."},{"$i":"fxa-signin-email","$v":"Accountnaam"},{"$i":"fxa-signin-password","$v":"Wachtwoord"},{"$i":"fxa-signin-success-title","$v":"Uw account"},{"$i":"fxa-signin-lsk","$v":"Wachtwoord vergeten"},{"$i":"fxa-signin-rsk","$v":"Aanmelden"},{"$i":"fxa-change-password-title","$v":"Wachtwoord wijzigen"},{"$i":"fxa-change-password-description","$v":"Voer het huidige wachtwoord in en stel een nieuw wachtwoord in."},{"$i":"fxa-new-password","$v":"Nieuw wachtwoord"},{"$i":"fxa-changing-password","$v":"Wachtwoord wijzigen..."},{"$i":"fxa-forgot-password-title","$v":"Wachtwoord vergeten"},{"$i":"fxa-forgot-password","$v":"wachtwoord vergeten"},{"$i":"fxa-forgot-password-sk","$v":"Wachtwoord vergeten"},{"$i":"fxa-forgot-password-success-title","$v":"E-mail voor wachtwoord opnieuw instellen is verzonden"},{"$i":"fxa-reset-password-succcess-content","$v":"De e-mail om uw wachtwoord opnieuw in te stellen is verzonden naar uw e-mailaccount."},{"$i":"fxa-reset-password-succcess-content-part2","$v":"Controleer uw Postvak IN en herstel uw wachtwoord."},{"$i":"fxa-sign-out-title","$v":"Antidiefstal is ingeschakeld"},{"$i":"fxa-sign-out-intro","$v":"bevestig dat u antidiefstal wilt uitschakelen en dat u zich wilt afmelden."},{"$i":"fxa-sign-out-intro-1","$v":"Bevestig of u anti-diefstal wilt uitschakelen en wilt afmelden."},{"$i":"fxa-signout-email","$v":"Uw account"},{"$i":"fxa-confirm-password","$v":"Wachtwoord bevestigen"},{"$i":"fxa-signing-out","$v":"Afmelden..."},{"$i":"fxa-sign-out-error-title","$v":"Fout"},{"$i":"fxa-sign-out-error-message","$v":"Afmelden bij account is mislukt, probeer het later opnieuw"},{"$i":"fxa-sign-out-error-message-1","$v":"Afmelden bij account is niet gelukt. Probeer het later opnieuw"},{"$i":"fxa-connection-is-required-title","$v":"Fout"},{"$i":"fxa-connection-is-required-message","$v":"Een internetverbinding is vereist"},{"$i":"fxa-check-password-title","$v":"Anti-diefstal uitschakelen"},{"$i":"fxa-disable-antitheft-checkpassword-message","$v":"Bevestig dat u antidiefstal wilt uitschakelen."},{"$i":"fxa-reset-factory-checkpassword-message","$v":"Als u uw apparaat wilt herstellen, moet u uw wachtwoord invoeren en antidiefstal uitschakelen."},{"$i":"fxa-reset-factory-checkpassword-message-1","$v":"Als u uw apparaat wilt resetten, moet u uw wachtwoord invoeren en anti-diefstal uitschakelen."},{"$i":"fxa-enter-email-to-reset-password","$v":"Voer het e-mailadres van uw account in. U ontvangt een koppeling om het wachtwoord te resetten."},{"$i":"fxa-enter-email-to-reset-password-1","$v":"Voer het e-mailadres van uw account in. U ontvangt een koppeling om het wachtwoord te resetten."},{"$i":"fxa-account-not-found","$v":"Account niet gevonden. Probeer het opnieuw."},{"$i":"fxa-multiple-sign-in-attempts-title","$v":"Meerdere aanmeldpogingen"},{"$i":"fxa-multiple-sign-in-attempts-content","$v":"U hebt meerdere keren het verkeerde wachtwoord ingevoerd"},{"$i":"fxa-multiple-sign-in-attempts-content-1","$v":"U hebt het verkeerde wachtwoord meerdere keren ingevoerd."},{"$i":"fxa-multiple-sign-in-attempts-content-retry","$v":"Probeer het later opnieuw."},{"$i":"shortDateFormat","$v":"%B %d, %Y"}]