[{"$i":"brandShortName","$v":"KaiOS"},{"$i":"browserBrandShortName","$v":"Web Browser"},{"$i":"browserBrandFullName","$v":"Mozilla Web Browser"},{"$i":"ringtoneBrandName","$v":"Default"},{"$i":"ringtoneSectionBrandName","$v":"System"},{"$i":"ok","$v":"OK"},{"$i":"back","$v":"Späť"},{"$i":"help","$v":"Pomoc"},{"$i":"cancel","$v":"Zrušiť"},{"$i":"close","$v":"Zavrieť"},{"$i":"skip","$v":"Preskočiť"},{"$i":"enable","$v":"Povoliť"},{"$i":"turnOn","$v":"Zapnúť"},{"$i":"save","$v":"Uložiť"},{"$i":"select","$v":"Vybrať"},{"$i":"deselect","$v":"Zrušiť výber"},{"$i":"go","$v":"Ísť"},{"$i":"search","$v":"Vyhľadať"},{"$i":"options","$v":"Možnosti"},{"$i":"exit","$v":"Ukončiť"},{"$i":"signIn","$v":"Prihlásenie"},{"$i":"dismiss","$v":"Zrušiť"},{"$i":"dismiss-all","$v":"Zrušiť všetko"},{"$i":"undo","ariaLabel":"Späť"},{"$i":"lockscreenEnterLockCode","$v":"Zadajte 4-miestny kód"},{"$i":"lockscreenCheckLockCode","$v":"Neplatný kód. Skúste znova."},{"$i":"lockscreenDeviceLocked","$v":"Zariadenie je zablokované, po 30 sekundách skúste znova."},{"$i":"pocketmodeLongPress","$v":"Posunúť alebo stlačiť"},{"$i":"pocketmodeToUnlock","$v":"na odomknutie"},{"$i":"enterPIN","$v":"Odomknete zadaním 6-miestneho kódu"},{"$i":"mediaPlaybackTrack","$v":"Názov a interpret skladby"},{"$i":"mediaPlaybackControls","$v":"Ovlád. prehrávania"},{"$i":"mediaPlaybackPrevious","$v":"Predch."},{"$i":"mediaPlaybackPlay","$v":"Prehrať"},{"$i":"mediaPlaybackPause","$v":"Preruš."},{"$i":"mediaPlaybackNext","$v":"Ďalej"},{"$i":"UnknownTrack","$v":"Neznáma stopa"},{"$i":"wifiButton-on","$v":"Wi-Fi zap."},{"$i":"wifiButton-on-initializing","$v":"Wi-Fi zap., spúšťa sa"},{"$i":"wifiButton-off","$v":"Wi-Fi vyp."},{"$i":"dataButton-on","$v":["Dáta ",{"t":"idOrVar","v":"type"}," zap."]},{"$i":"dataButton-off","$v":["Dáta ",{"t":"idOrVar","v":"type"}," vyp."]},{"$i":"bluetoothButton-on","$v":"Bluetooth zap."},{"$i":"bluetoothButton-on-initializing","$v":"Bluetooth zap., spúšťa sa"},{"$i":"bluetoothButton-off","$v":"Bluetooth vyp."},{"$i":"airplaneMode-on","$v":"Režim Lietadlo zap."},{"$i":"airplaneMode-off","$v":"Režim Lietadlo vyp."},{"$i":"airplaneOff","$v":"Vypn. let. režim"},{"$i":"settingsButton","ariaLabel":"Nastavenia"},{"$i":"simLabel","$v":["SIM ",{"t":"idOrVar","v":"id"}]},{"$i":"statusbarLabel","$v":[{"t":"idOrVar","v":"date"},", ",{"t":"idOrVar","v":"operator"}]},{"$i":"statusbarDateFormat","$v":"%b %e"},{"$i":"statusbar","ariaLabel":"Stav. riadok"},{"$i":"statusbarBattery","ariaLabel":["Percentá batérie: ",{"t":"idOrVar","v":"level"}]},{"$i":"statusbarBatteryCharging","ariaLabel":["Percentá batérie: ",{"t":"idOrVar","v":"level"},", nabíja sa"]},{"$i":"statusbarFlightMode","ariaLabel":"Režim Lietadlo zap."},{"$i":"statusbarWiFiConnecting","$v":"Wi-Fi: pripája sa"},{"$i":"statusbarWiFiConnected","$v":["Wi-Fi: ",{"t":"idOrVar","v":"level"}," zo 4 dielov"]},{"$i":"statusbarSignal","$v":["Sieť ",{"t":"idOrVar","v":"operator"},", ",{"t":"idOrVar","v":"level"}," z 5 dielov"]},{"$i":"statusbarSignalRoaming","$v":["Sieť ",{"t":"idOrVar","v":"operator"}," (roaming), ",{"t":"idOrVar","v":"level"}," z 5 dielov"]},{"$i":"statusbarSignalNoneSearching","$v":"Hľadá sa... Len tiesň. hovory"},{"$i":"statusbarHeadphones","ariaLabel":"Slúchadlá zap."},{"$i":"statusbarBluetoothHeadphones","ariaLabel":"Slúchadlá Bluetooth zap."},{"$i":"statusbarBluetoothTransferring","ariaLabel":"Prenos cez Bluetooth aktívny"},{"$i":"statusbarIconOn-tethering","$v":"Tethering zap."},{"$i":"statusbarIconOnActive-tethering","$v":"Tethering zap., aktívny"},{"$i":"statusbarAlarm","ariaLabel":"Alarm zapnutý"},{"$i":"statusbarIME","ariaLabel":"IME zap."},{"$i":"statusbarIconOn-bluetooth","$v":"Bluetooth zap."},{"$i":"statusbarIconOnActive-bluetooth","$v":"Bluetooth zap., aktívne"},{"$i":"statusbarIconOn-mute","$v":"Stlm. zap."},{"$i":"statusbarIconOn-vibration","$v":"Vibrovanie zap."},{"$i":"statusbarRecording","ariaLabel":"Nahráva na"},{"$i":"statusbarGeolocation","ariaLabel":"Geolokácia zap."},{"$i":"statusbarUsb","ariaLabel":"USB zap."},{"$i":"statusbarForwarding","$v":"Presmer. hov. zap."},{"$i":"statusbarPlaying","ariaLabel":"Prehráv. médií"},{"$i":"statusbarNfc","ariaLabel":"NFC zap."},{"$i":"statusbarDownloads","ariaLabel":"Sťahovanie…"},{"$i":"statusbarNetworkActivity","ariaLabel":"Sieť. prip. zap."},{"$i":"statusbarEmergencyCBNotification","ariaLabel":"Spätné núdz. volanie"},{"$i":"statusbarNotifications","$v":{"few":["Oznámenia: ",{"t":"idOrVar","v":"n"}],"many":["Oznámenia: ",{"t":"idOrVar","v":"n"}],"one":["Oznámenia: ",{"t":"idOrVar","v":"n"}],"other":["Oznámenia: ",{"t":"idOrVar","v":"n"}],"two":["Oznámenia: ",{"t":"idOrVar","v":"n"}]},"$x":[{"t":"idOrVar","v":"plural"},"n"]},{"$i":"statusbarNotifications-unread","ariaLabel":{"$x":[{"t":"idOrVar","v":"plural"},"n"],"$v":{"few":["Neprečít. oznámenia: ",{"t":"idOrVar","v":"n"}],"many":["Neprečít. oznámenia: ",{"t":"idOrVar","v":"n"}],"one":["Neprečít. oznámenie: ",{"t":"idOrVar","v":"n"}],"other":["Neprečít. oznámenia: ",{"t":"idOrVar","v":"n"}],"two":["Neprečít. oznámenia: ",{"t":"idOrVar","v":"n"}]}}},{"$i":"clear","$v":"Zmazať"},{"$i":"clear-all","$v":"Zmazať vš."},{"$i":"notification-title","$v":{"few":["Oznámenia: ",{"t":"idOrVar","v":"n"}],"many":["Oznámenia: ",{"t":"idOrVar","v":"n"}],"one":["Oznámenia: ",{"t":"idOrVar","v":"n"}],"other":["Oznámenia: ",{"t":"idOrVar","v":"n"}],"two":["Oznámenia: ",{"t":"idOrVar","v":"n"}],"zero":["Oznámenia: ",{"t":"idOrVar","v":"n"}]},"$x":[{"t":"idOrVar","v":"plural"},"n"]},{"$i":"notification-dialog-no-notices","$v":"Žiad. oznám."},{"$i":"notification-title-new","$v":{"few":["Oznámenia: ",{"t":"idOrVar","v":"n"}],"many":["Oznámenia: ",{"t":"idOrVar","v":"n"}],"other":["Oznámenia: ",{"t":"idOrVar","v":"n"}],"two":["Oznámenia: ",{"t":"idOrVar","v":"n"}],"one":["Oznámenia: ",{"t":"idOrVar","v":"n"}],"zero":["Oznámenia: ",{"t":"idOrVar","v":"n"}]},"$x":[{"t":"idOrVar","v":"plural"},"n"]},{"$i":"notification-dialog-no-notices-new","$v":"Žiadne oznámenie"},{"$i":"tcl-ntf-open","$v":"Otvoriť"},{"$i":"tcl-ntf-next_song","$v":"Ďalej"},{"$i":"tcl-ntf_play","$v":"Prehrať"},{"$i":"tcl-ntf-pause","$v":"Preruš."},{"$i":"tcl-ntf-dismiss-all","$v":"Zrušiť všetko"},{"$i":"tcl-ntf-dismiss","$v":"Zrušiť"},{"$i":"tcl-ntf-toaster-clear","$v":"Upoz. zruš."},{"$i":"tcl-ntf-toaster-clear-all","$v":"Upoz. boli zruš."},{"$i":"attentionScreen-tapToShow","$v":"Ťukn. zobraziť"},{"$i":"tcl-cmas-ok","$v":"OK"},{"$i":"tcl-cmas-screen-help","$v":"Stlačte OK pre viac info"},{"$i":"tcl-cmas-title","$v":"Hlásenie CMAS"},{"$i":"camera","$v":"Fotoaparát"},{"$i":"tcl-dflt-value-level","$v":"Nast. úroveň hodnoty"},{"$i":"tcl-dflt-range-value-name","$v":"Úroveň"},{"$i":"newVoicemails","$v":{"few":["Nové hlas. správy: ",{"t":"idOrVar","v":"n"}],"many":["Nové hlas. správy: ",{"t":"idOrVar","v":"n"}],"one":"1 nová hlas. pošta","other":["Nové hlas. správy: ",{"t":"idOrVar","v":"n"}],"two":["Nové hlas. správy: ",{"t":"idOrVar","v":"n"}],"zero":"Žiad. nová hlas. p."},"$x":[{"t":"idOrVar","v":"plural"},"n"]},{"$i":"newVoicemailsUnknown","$v":"Nová hlasová pošta"},{"$i":"dialNumber","$v":["Vytočiť ",{"t":"idOrVar","v":"number"}]},{"$i":"voicemailNotificationMultiSim","$v":["(SIM ",{"t":"idOrVar","v":"n"},") ",{"t":"idOrVar","v":"title"}]},{"$i":"euRoamingNotificationTitle","$v":"Internet EÚ rozpoznaný"},{"$i":"euRoamingNotificationMsg","$v":"Ťukn. zmeňte."},{"$i":"restart","$v":"Reštart"},{"$i":"power","$v":"Vypnutie"},{"$i":"lock","$v":"Uzamk."},{"$i":"cleanup","$v":"Vyčistiť pamäť"},{"$i":"no-recent-app-windows","$v":"Tu sa zobrazujú okná nedávnych aplikácií."},{"$i":"no-recent-browser-windows","$v":"Tu sa zobrazujú nedávne okná prehliadača"},{"$i":"closeCard","ariaLabel":"Zavrieť"},{"$i":"openCard","ariaLabel":"Otvoriť"},{"$i":"yes","$v":"Áno"},{"$i":"no","$v":"Nie"},{"$i":"dontallow","$v":"Nepovoliť"},{"$i":"allow","$v":"Povoliť"},{"$i":"dontshare-geolocation","$v":"Nezdieľať"},{"$i":"share-geolocation","$v":"Zdieľať"},{"$i":"dontshare-audio-capture","$v":"Nezdieľať"},{"$i":"share-audio-capture","$v":"Zdieľať"},{"$i":"dontshare-video-capture","$v":"Nezdieľať"},{"$i":"share-video-capture","$v":"Zdieľať"},{"$i":"dontshare-media-capture","$v":"Nezdieľať"},{"$i":"share-media-capture","$v":"Zdieľať"},{"$i":"device-front","$v":"Pred. fotoaparát"},{"$i":"device-back","$v":"Zadný fotoaparát"},{"$i":"front-camera","$v":"Pred. fotoaparát"},{"$i":"back-camera","$v":"Zadná kamera"},{"$i":"more-info","$v":"Viac info..."},{"$i":"hide-info","$v":"Skryť info"},{"$i":"tcl-permission","$v":"Povolenie"},{"$i":"install-app","$v":["Inštal. ",{"t":"idOrVar","v":"name"},"?"]},{"$i":"size","$v":"Veľkosť"},{"$i":"author","$v":"Autor"},{"$i":"size-unknown","$v":"Neznáme"},{"$i":"author-unknown","$v":"Neznáme"},{"$i":"install","$v":"Inštal."},{"$i":"bytes","$v":"bajty"},{"$i":"kB","$v":"KB"},{"$i":"MB","$v":"MB"},{"$i":"GB","$v":"GB"},{"$i":"TB","$v":"TB"},{"$i":"PB","$v":"PB"},{"$i":"app-install-generic-error","$v":["Sťahovanie zastavené: ",{"t":"idOrVar","v":"appName"}]},{"$i":"app-install-download-failed","$v":["Sťahovanie nebolo úspešné: ",{"t":"idOrVar","v":"appName"}]},{"$i":"app-install-install-failed","$v":["Inštalácia zlyhala: ",{"t":"idOrVar","v":"appName"}]},{"$i":"cancelling-will-not-refund","$v":"Zrušením nedôjde k refund. nákupu. Refund. za plat. obsah poskytuje pôv. predajca."},{"$i":"apps-can-be-installed-later","$v":"Aplikácie možno inštalovať neskôr z pôvod. zdroja inštalácie."},{"$i":"are-you-sure-you-want-to-cancel","$v":"Naozaj chcete zrušiť túto inštaláciu?"},{"$i":"cancel-install","$v":"Zrušiť inštal."},{"$i":"cancel-install-button","$v":"Zrušiť inštal."},{"$i":"resume","$v":"Obnoviť"},{"$i":"continue","$v":"Pokračovať"},{"$i":"stopDownloading","$v":["Zastaviť sťahovanie ",{"t":"idOrVar","v":"app"},"?"]},{"$i":"app-download-can-be-restarted","$v":"Sťahovanie je možné reštartovať neskôr."},{"$i":"app-download-stop-button","$v":"Zastaviť sťahovanie"},{"$i":"not-enough-space","$v":"Nedostatok miesta"},{"$i":"not-enough-space-message","$v":"Nedostatok miesta na inštaláciu aplikácie. Vymažte staršie aplikácie alebo médiá a skúste ju nainštalovať znova z pôv. zdroja."},{"$i":"app-install-success","$v":[{"t":"idOrVar","v":"appName"}," nainštalovaná"]},{"$i":"app-install-update","$v":["Aplikácia ",{"t":"idOrVar","v":"appName"}," sa aktualizovala"]},{"$i":"langpack-install-success2","$v":[{"t":"idOrVar","v":"appName"}," nainštalovaná. Povoľte ju v časti Nastavenia > Jazyk."]},{"$i":"setup","$v":"Nastavenie"},{"$i":"ime-addkeyboards","$v":"Vybrať klávesnice"},{"$i":"ime-lowercase","$v":"Malé písm."},{"$i":"ime-uppercase","$v":"Veľké písmo"},{"$i":"ime-number","$v":"Číslo"},{"$i":"ime-capitalize","$v":"Kapitalizovať"},{"$i":"ime-t9","$v":"T9"},{"$i":"ime-r9","$v":"R9"},{"$i":"ime-predictive","$v":"Predvídavé"},{"$i":"ime-insert-word","$v":"Vložte slovo"},{"$i":"ime-voice-input-messsage","$v":"Ak chcete hovoriť v textovom poli, podržte dlho stlačenú ikonu OK."},{"$i":"later","$v":"Neskôr"},{"$i":"download","$v":"Stiahnuť"},{"$i":"wantToDownload","$v":"Stiahnuť aktualizáciu?"},{"$i":"wantToInstallNow","$v":"Chcete aktual. nainštalovať teraz? Niekoľko minút nebude možné telefón používať."},{"$i":"installNow","$v":"Inštalovať"},{"$i":"notNow","$v":"Teraz nie"},{"$i":"downloadingUpdateMessage","innerHTML":{"$o":["Sťahovanie aktualizácií… <span>",{"t":"idOrVar","v":"progress"}," Stiahnuté:</span>"]}},{"$i":"downloadingAppMessage","$v":["Sťahovanie: ",{"t":"idOrVar","v":"appName"}]},{"$i":"downloadingAppProgressNoMax","$v":["Stiahnuté: ",{"t":"idOrVar","v":"progress"}]},{"$i":"downloadingAppProgressIndeterminate","$v":"Sťahovanie"},{"$i":"downloadingAppProgress","$v":["Stiahnuté: ",{"t":"idOrVar","v":"progress"}," / ",{"t":"idOrVar","v":"max"}]},{"$i":"cancelAllDownloads","$v":"Zruš. vš. stiahnutia"},{"$i":"wantToCancelAll","$v":"Naozaj chcete zrušiť všetky sťahovania?"},{"$i":"downloadError","$v":"Vyskytla sa chyba pri sťahovaní aktualizácií."},{"$i":"updateAvailableInfo","innerHTML":{"$x":[{"t":"idOrVar","v":"plural"},"n"],"$v":{"few":{"$o":["Dostupné aktualizácie: ",{"t":"idOrVar","v":"n"},". <span>Ťukni pre viac informácií.</span>"]},"many":{"$o":["Dostupné aktualizácie: ",{"t":"idOrVar","v":"n"},". <span>Ťukni pre viac informácií.</span>"]},"one":{"$o":["Dostupné aktualizácie: ",{"t":"idOrVar","v":"n"},". <span>Ťukni pre viac informácií.</span>"]},"other":{"$o":["Dostupné aktualizácie: ",{"t":"idOrVar","v":"n"},". <span>Ťukni pre viac informácií.</span>"]},"two":{"$o":["Dostupné aktualizácie: ",{"t":"idOrVar","v":"n"},". <span>Ťukni pre viac informácií.</span>"]}}}},{"$i":"numberOfUpdates","$v":{"few":["Oznámenia: ",{"t":"idOrVar","v":"n"}],"many":["Oznámenia: ",{"t":"idOrVar","v":"n"}],"one":["Oznámenia: ",{"t":"idOrVar","v":"n"}],"other":["Oznámenia: ",{"t":"idOrVar","v":"n"}],"two":["Oznámenia: ",{"t":"idOrVar","v":"n"}]},"$x":[{"t":"idOrVar","v":"plural"},"n"]},{"$i":"systemUpdate","$v":"Aktualizácia syst."},{"$i":"systemUpdateReady","$v":"Syst. aktual. priprav."},{"$i":"updates","$v":"Aktualizácie"},{"$i":"systemUpdateLowBatteryThreshold","$v":["Na inštaláciu aktualizácií potrebujete aspoň ",{"t":"idOrVar","v":"threshold"}," % batérie."]},{"$i":"required","$v":"Povinné"},{"$i":"uncompressingMessage","innerHTML":{"$o":"Dekomprimuje sa… <span>Môže to trvať pár minút.</span>"}},{"$i":"downloadWifiPrioritizedUsing2G","$v":"Keď Wi-Fi nie je dostupná, aktualizácie sa sťahujú cez dát. pripojenie. Pri použití dát. pripojenia môžu byť blokované tel. hovory a môžu sa účtovať ďalšie poplatky."},{"$i":"downloadWifiPrioritized3","$v":"Keď Wi-Fi nie je dostupná, aktualizácie sa sťahujú cez dátové pripojenie. Pri použití dát. pripojenia sa môžu účtovať ďalšie poplatky."},{"$i":"downloadNoWifiWarning","$v":"Wi-Fi nedostupná. Aktualizácia cez akt. pripojenie môže viesť k dodatočným poplatkom."},{"$i":"downloadOfflineWarning2","$v":"Pripojte sa k sieti a stiahnite aktualizácie."},{"$i":"downloadUpdatesViaDataConnection","$v":"Stiahnuť aktualizácie cez dát. pripojenie?"},{"$i":"downloadUpdatesVia2GForbidden3","$v":"Sťahovanie aktualizácií nie je možné cez slabé prip. (2G). Pripojte sa cez Wi-FI alebo 3G (ak je dostupné) a skúste znova."},{"$i":"downloadUpdatesViaDataConnectionMessage3","$v":"Pri používaní dát. pripojenia sa môžu účtovať dodatočné poplatky. Chcete pokračovať?"},{"$i":"downloadUpdatesViaDataRoamingConnection","$v":"Stiahnuť aktualizácie cez dát. roaming?"},{"$i":"downloadUpdatesViaDataRoamingConnectionMessage","$v":"Aktuálne používate roaming. Môžu sa účtovať dodatočné poplatky. Chcete pokračovať?"},{"$i":"screenshotSaved","$v":"Sním. obr. sa ulož. do Galérie"},{"$i":"screenshotFailed","$v":"Snímku obrazovky nie je možné uložiť"},{"$i":"screenshotNoSDCard","$v":"Žiad. nájd. pam. karta"},{"$i":"screenshotSDCardInUse","$v":"Pamäť. karta sa používa"},{"$i":"screenshotSDCardLow","$v":"Nedostatok pamäte na karte"},{"$i":"emergency-call-button","$v":"Núdzový hovor"},{"$i":"emergency-call","$v":"Núdzový hovor"},{"$i":"unlock-a11y-button","ariaLabel":"Odomknúť"},{"$i":"camera-a11y-button","ariaLabel":"Fotoaparát"},{"$i":"longDateFormat","$v":"%a, %d. %B %Y"},{"$i":"clockDateFormat","$v":"%a, %e %b"},{"$i":"panel-passcode","ariaLabel":"Panel príst. kódu"},{"$i":"open-notification","$v":"otvoriť"},{"$i":"unlock","$v":"Odomknúť"},{"$i":"login","$v":"Prihlásenie"},{"$i":"sign-in-to-website","$v":"Prihlásenie do web. lokality"},{"$i":"username","$v":"Používateľské meno"},{"$i":"password","$v":"Heslo"},{"$i":"show-password","$v":"Zobraziť heslo"},{"$i":"http-authentication-message2","$v":["Webová lokalita ",{"t":"idOrVar","v":"host"}," vyžaduje vaše prihlásenie."]},{"$i":"error-message","$v":[{"t":"idOrVar","v":"name"}," sa nenačítava správne"]},{"$i":"error-title","$v":[{"t":"idOrVar","v":"name"}," má problémy"]},{"$i":"unable-to-connect","$v":"Pripojenie neúspešné"},{"$i":"tap-to-check-settings","$v":"Ťukn. skontr. nastavenia"},{"$i":"set","$v":"Nastaviť"},{"$i":"delete-title","$v":["Vymazať ",{"t":"idOrVar","v":"name"}]},{"$i":"delete-body","$v":[{"t":"idOrVar","v":"name"}," a všetky jeho údaje sa vymažú."]},{"$i":"delete","$v":"Odinštalovať"},{"$i":"delete-desc","$v":"Naozaj chcete túto pol. odinštalovať?"},{"$i":"unrecoverable-error-title","$v":"Odstrániť aplikáciu"},{"$i":"unrecoverable-error-body","$v":"Nemožno inštal. aplikáciu pre neobnoviteľnú chybu. Skúste stiahnuť znova. Aplikácia sa odstráni."},{"$i":"unrecoverable-error-action","$v":"OK"},{"$i":"instant-settings","$v":"okamž. nastavenia"},{"$i":"settings","$v":"Nastavenia"},{"$i":"flashlight","$v":"Baterka"},{"$i":"brightness","$v":"Jas"},{"$i":"volume","$v":"Hlasitosť"},{"$i":"calculator","$v":"Kalkulačka"},{"$i":"airplane-mode","$v":"Rež. Lietadlo"},{"$i":"wifi","$v":"Wi-Fi"},{"$i":"bluetooth","$v":"Bluetooth"},{"$i":"cellular-data","$v":"Mobilné dáta"},{"$i":"on","$v":"Zap."},{"$i":"off","$v":"Vyp."},{"$i":"percentage-number","$v":[{"t":"idOrVar","v":"number"}," %"]},{"$i":"select-time","$v":"Vybrať čas"},{"$i":"select-date","$v":"Vybrať dátum"},{"$i":"tcl-select-day","$v":"Vybrať deň"},{"$i":"tcl-add","$v":"Pridať"},{"$i":"battery-almost-empty-plug-in-your-charger","$v":"Batéria takmer vybitá. Zapojte nabíjačku."},{"$i":"battery-temperature-warning-header","$v":"Výstraha"},{"$i":"battery-temperature-high","$v":"Privysoká teplota. Ak bude ďalej narastať, telefón sa vypne."},{"$i":"battery-temperature-high-stop-charging","$v":"Privysoká teplota. Batéria sa prestala nabíjať. Ak bude teplota ďalej narastať, telefón sa vypne."},{"$i":"battery-temperature-low","$v":"Prinízka teplota. Ak bude ďalej klesať, telefón sa vypne."},{"$i":"battery-temperature-low-stop-charging","$v":"Prinízka teplota. Batéria sa prestala nabíjať. Ak bude teplota ďalej klesať, telefón sa vypne."},{"$i":"crash-dialog2-os","$v":[{"t":"idOrVar","v":"brandShortName"}," sa práve obnovil po zlyhaní"]},{"$i":"crash-dialog-app","$v":[{"t":"idOrVar","v":"name"}," práve zlyhala"]},{"$i":"crash-dialog-app-noname","$v":"Niečo"},{"$i":"crash-dialog-message","$v":"Chcete odoslať spol. KaiOS hlásenie o zlyhaní a pomôcť tak opraviť problém? (Hlásenia sa posielajú iba cez Wi-Fi.)"},{"$i":"crash-info-link","$v":"Čo je v hlásení o zlyhaní?"},{"$i":"crash-always-report","$v":"Odoslať výpis systému KaiOS po každom zlyhaní."},{"$i":"crash-dont-send","$v":"Neodoslať"},{"$i":"crash-end","$v":"Poslať výpis"},{"$i":"crashReports","$v":"Výpisy o zlyhaní"},{"$i":"done","$v":"Hotovo"},{"$i":"crash-reports-description-1","$v":"Správa o zlyhaní obsahuje podrobnosti o zlyhaní a zariadení, ako aj snímku stavu vášho zariadenia pri zlyhaní."},{"$i":"crash-reports-description-2","$v":"Patria sem napr. otvorené stránky a aplikácie, text zadaný do formulárov a obsah otvorených správ, nedávna história prehliadania alebo geolokácia použitá otvorenou aplikáciou."},{"$i":"crash-reports-description-3-start","$v":"Používame hlás. o zlyhaní na opr. problémov a zlepš. produktov. S info narábame tak, ako je to uvedené v našich "},{"$i":"crash-reports-description-3-privacy","$v":"zás. ochr. os. úd."},{"$i":"crash-reports-description-3-end","$v":"."},{"$i":"crash-banner-os2","$v":[{"t":"idOrVar","v":"brandShortName"}," práve zlyhal."]},{"$i":"crash-banner-app","$v":[{"t":"idOrVar","v":"name"}," práve zlyhal."]},{"$i":"crash-banner-report","$v":"Správa"},{"$i":"bluetooth-sending-progress","$v":"Posielanie súb. cez Bluetooth"},{"$i":"bluetooth-receiving-progress","$v":"Prijím. súb. cez Bluetooth"},{"$i":"acceptFileTransfer","$v":"Žiadosť o prenos"},{"$i":"requestToReceive","$v":["Zariadenie ",{"t":"idOrVar","v":"deviceName"}," chce preniesť súbor(y). Chcete ich prijať?"]},{"$i":"wantToReceiveFile","$v":[{"t":"idOrVar","v":"deviceName"}," chce preniesť ",{"t":"idOrVar","v":"fileName"}," (",{"t":"idOrVar","v":"fileSize"},")."]},{"$i":"transfer-confirmation-title","$v":[{"t":"idOrVar","v":"deviceName"}]},{"$i":"transfer-confirmation-description","$v":"Skontr. žiad. o prenos."},{"$i":"byteUnit-B","$v":"Bajty"},{"$i":"byteUnit-KB","$v":"KB"},{"$i":"byteUnit-MB","$v":"MB"},{"$i":"byteUnit-GB","$v":"GB"},{"$i":"byteUnit-TB","$v":"TB"},{"$i":"byteUnit-PB","$v":"PB"},{"$i":"byteUnit-EB","$v":"EB"},{"$i":"byteUnit-ZB","$v":"ZB"},{"$i":"byteUnit-YB","$v":"YB"},{"$i":"fileSize","$v":[{"t":"idOrVar","v":"size"}," ",{"t":"idOrVar","v":"unit"}]},{"$i":"deny","$v":"Zamietnuť"},{"$i":"transfer","$v":"Preniesť"},{"$i":"accept","$v":"Prijať"},{"$i":"stop","$v":"Stop"},{"$i":"cancelFileTransfer","$v":"Zruš. prenos súb. cez Bluetooth?"},{"$i":"continueFileTransfer","$v":"Pokračovať"},{"$i":"transfer-has-started-title","$v":"Prenos súboru je pripravený"},{"$i":"transfer-has-started-description","$v":"Čaká sa na potvrdenie"},{"$i":"transfer-has-started-toast","$v":"Prenos súboru začal. Skontr. postup v oznámeniach"},{"$i":"transferFinished-sentSuccessful-title","$v":"Súbor odoslaný"},{"$i":"transferFinished-receivedSuccessful-title","$v":"Súbor prijatý"},{"$i":"transferFinished-failed-title","$v":"Prenos súboru zlyhal"},{"$i":"transferFinished-try-again-description","$v":"Práve nemožno poslať súbor. Skúste znova neskôr."},{"$i":"transferReport-title","$v":"Správa o prenose:"},{"$i":"transferReport-description","$v":["Úspešné súbory: ",{"t":"idOrVar","v":"numSuccessful"},", neúspešné súbory: ",{"t":"idOrVar","v":"numUnsuccessful"}]},{"$i":"unknown-file","$v":"Neznámy súbor"},{"$i":"unknown-device","$v":"Neznáme zariadenie"},{"$i":"cannotOpenFile","$v":"Nemožno otvoriť prij. súbor"},{"$i":"unknownMediaTypeToOpenFile","$v":["Nemožno otvoriť nezn. typ média: ",{"t":"idOrVar","v":"fileName"}]},{"$i":"cannotReceiveFile","$v":"Nemožno prijať súbor"},{"$i":"cannotGetStorageState","$v":"Nemožno získať stav úložiska zar."},{"$i":"sdcard-not-exist2","$v":"Žiadna pamäťová karta. Vložte pamäťovú kartu."},{"$i":"sdcard-in-use","$v":"Bluetooth nemožno použiť, keď je telefón zapojený. Odpojte ho, ak chcete prijať súbory."},{"$i":"sdcard-no-space2","$v":"Nemožno dokončiť prenos: pam. karta plná."},{"$i":"unknown-error","$v":"Neznáma chyba"},{"$i":"confirm","$v":"Potvrdiť"},{"$i":"stopTransferTitle","$v":"Zastavte prenos súborov"},{"$i":"stopTransferContent","$v":"Chcete zastaviť prenos súborov cez Bluetooth?"},{"$i":"storage","$v":"Úložisko"},{"$i":"sdcard-detected-title","$v":"Karta SD rozpozn."},{"$i":"no-sdcard-title","$v":"Žiadna karta SD"},{"$i":"sdcard-total-size-body","$v":["Celk. veľk.: ",{"t":"idOrVar","v":"size"}," ",{"t":"idOrVar","v":"unit"}]},{"$i":"sdcard-unknown-size-then-tap-to-format-body","$v":"Neznáma veľkosť, ťuknutím naformátujte"},{"$i":"sdcard-removed-title","$v":"Karta SD vybratá"},{"$i":"sdcard-removed-ejected-successfully","$v":"Úspešne vysunuté"},{"$i":"sdcard-removed-not-ejected-properly","$v":"Nesprávne vysun."},{"$i":"set-sdcard-as-default-media-location","$v":"Karta SD rozp. Nast. kartu SD ako predvol. umiest. médií?"},{"$i":"no-sdcard-content","$v":"Vložením karty SD získate viac miesta."},{"$i":"sim-confirmation-content","$v":["Mobilné dáta sú priradené ku karte SIM",{"t":"idOrVar","v":"n"},"."]},{"$i":"sim-confirmation-title","$v":"Karty SIM sa zmenili"},{"$i":"sim-confirmation-notice-title","$v":"Karty SIM sa zmenili"},{"$i":"sim-confirmation-notice","$v":"Vybraním si zobrazíte podrobnosti."},{"$i":"sim-hot-plug","$v":"Telefón sa reštartuje"},{"$i":"sim-hot-plug-empty","$v":"Telefón sa reštartuje, pretože karty SIM boli vytiahnuté."},{"$i":"sim-hot-plug-empty-confirm","$v":"Uistite sa, že karta SIM je úplne vytiahnutá. Potom reštartujte stlačením OK."},{"$i":"noSimCard","$v":"Žiad. SIM karta"},{"$i":"lockedSim","$v":"Zamknutá SIM"},{"$i":"noService","$v":"Žiadna služba"},{"$i":"eccOnly","$v":"Emergency calls only"},{"$i":"nocard-eccOnly","$v":"No SIM card-Emergency calls only"},{"$i":"unusablecard-eccOnly","$v":"Unusable SIM card-Emergency calls only"},{"$i":"searching","$v":"Searching"},{"$i":"simPin","$v":"PIN (SIM)"},{"$i":"pukCode","$v":"PUK kód"},{"$i":"nckCode","$v":"Kód NCK"},{"$i":"cckCode","$v":"Kód CCK"},{"$i":"spckCode","$v":"Kód SPCK"},{"$i":"nck1code","$v":"Kód NCK1"},{"$i":"nck2code","$v":"Kód NCK2"},{"$i":"hnckcode","$v":"Kód HNCK"},{"$i":"rcckcode","$v":"Kód RCCK"},{"$i":"rspckcode","$v":"Kód RSPCK"},{"$i":"ncklockContent","$v":["Zásuvka ",{"t":"idOrVar","v":"n"}," je zamknutá pomocou nck."]},{"$i":"whatIsSimPin","$v":"Čo je PIN karty SIM?"},{"$i":"simPinIntro1","$v":"PIN karty SIM zabraňuje prístupu k mobilným dát. sieťam karty SIM. Po zapnutí si pri reštarte zariadenie obsahujúce kartu SIM vyžiada kód PIN."},{"$i":"simPinIntro2","$v":"PIN karty SIM sa líši od príst. kódu uzamkn. použitého na uzamkn. zariadenia."},{"$i":"changeSimPin","$v":"Zmeniť kód PIN"},{"$i":"pinTitle","$v":"Zadajte PIN karty SIM"},{"$i":"multiSIMpinTitle","$v":["Zadajte PIN karty SIM ",{"t":"idOrVar","v":"n"}]},{"$i":"multiSIMpukTitle","$v":["Zadajte PUK",{"t":"idOrVar","v":"n"}," PIN"]},{"$i":"multiSIMnckTitle","$v":["Zadajte NCK",{"t":"idOrVar","v":"n"}," PIN"]},{"$i":"multiSIMxckTitle","$v":["Zadajte SIM",{"t":"idOrVar","v":"n"}," ",{"t":"idOrVar","v":"type"}]},{"$i":"xckTitle","$v":["Zadajte kód ",{"t":"idOrVar","v":"type"}]},{"$i":"xckCode","$v":["Kód ",{"t":"idOrVar","v":"type"}]},{"$i":"xckBlocked","$v":[{"t":"idOrVar","v":"type"}," blok."]},{"$i":"pukTitle","$v":"Zadajte PUK kód"},{"$i":"nckTitle","$v":"Zadajte kód NCK"},{"$i":"cckTitle","$v":"Zadajte kód CCK"},{"$i":"spckTitle","$v":"Zadajte kód SPCK"},{"$i":"nck1Title","$v":"Zadajte kód NCK1"},{"$i":"nck2Title","$v":"Zadajte kód NCK2"},{"$i":"hnckTitle","$v":"Zadajte kód HNCK"},{"$i":"rcckTitle","$v":"Zadajte kód RCCK"},{"$i":"rspckTitle","$v":"Zadajte kód RSPCK"},{"$i":"newpinTitle","$v":"Nový PIN"},{"$i":"inputCodeRetriesLeft","$v":{"few":["Zost. pokusy: ",{"t":"idOrVar","v":"n"},"."],"many":["Zost. pokusy: ",{"t":"idOrVar","v":"n"},"."],"one":"Zost. 1 pokus.","other":["Zost. pokusy: ",{"t":"idOrVar","v":"n"},"."],"two":["Zost. pokusy: ",{"t":"idOrVar","v":"n"},"."]},"$x":[{"t":"idOrVar","v":"plural"},"n"]},{"$i":"pinErrorMsg","$v":"Nesprávny PIN."},{"$i":"pinAttemptMsg2","$v":{"few":["Zostávajúci počet pokusov na zadanie správneho kódu pred zamknutím karty SIM: ",{"t":"idOrVar","v":"n"},"."],"many":["Zostávajúci počet pokusov na zadanie správneho kódu pred zamknutím karty SIM: ",{"t":"idOrVar","v":"n"},"."],"one":"Zostáva 1 pokus na zadanie správneho kódu pred zamknutím karty SIM.","other":["Zostávajúci počet pokusov na zadanie správneho kódu pred zamknutím karty SIM: ",{"t":"idOrVar","v":"n"},"."],"two":["Zostávajúci počet pokusov na zadanie správneho kódu pred zamknutím karty SIM: ",{"t":"idOrVar","v":"n"},"."]},"$x":[{"t":"idOrVar","v":"plural"},"n"]},{"$i":"pinLastChanceMsg","$v":"Toto je posledná šanca na zadanie správneho PIN. Inak bude potrebné zadať kód PUK, ak chcete kartu SIM používať."},{"$i":"simCardLockedMsg","$v":"Karta SIM je zamknutá."},{"$i":"enterPukMsg","$v":"Musíte zadať kód kľúča osobného odomknutia (PUK) pre kartu SIM. Pozrite si dokumentáciu karty alebo požiadajte o ďalšie informácie operátora."},{"$i":"pukErrorMsg","$v":"Nesprávny PUK."},{"$i":"pukAttemptMsg2","$v":{"few":["Máte už len niekoľko pokusov (",{"t":"idOrVar","v":"n"},") na zadanie správneho kódu, než bude karta SIM natrvalo nepoužiteľná. Pozrite si dokumentáciu karty alebo požiadajte o ďalšie informácie svojho operátora."],"many":["Máte už len niekoľko pokusov (",{"t":"idOrVar","v":"n"},") na zadanie správneho kódu, než bude karta SIM natrvalo nepoužiteľná. Pozrite si dokumentáciu karty alebo požiadajte o ďalšie informácie svojho operátora."],"one":"Máte už len 1 pokus na zadanie správneho kódu, než bude karta SIM natrvalo nepoužiteľná. Pozrite si dokumentáciu karty alebo požiadajte o ďalšie informácie svojho operátora.","other":["Máte už len niekoľko pokusov (",{"t":"idOrVar","v":"n"},") na zadanie správneho kódu, než bude karta SIM natrvalo nepoužiteľná. Pozrite si dokumentáciu karty alebo požiadajte o ďalšie informácie svojho operátora."],"two":["Máte už len niekoľko pokusov (",{"t":"idOrVar","v":"n"},") na zadanie správneho kódu, než bude karta SIM natrvalo nepoužiteľná. Pozrite si dokumentáciu karty alebo požiadajte o ďalšie informácie svojho operátora."]},"$x":[{"t":"idOrVar","v":"plural"},"n"]},{"$i":"pukLastChanceMsg","$v":"Posl. možnosť na zadanie správneho kódu PUK. Vaša karta SIM bude natrvalo nepoužiteľná, ak zadáte nespr. kód PUK. Pozrite si dokum. SIM karty alebo požiadajte o ďalšie inf. svojho operátora."},{"$i":"cardPermanentlyLockMsg-head","$v":"Nesprávny PUK."},{"$i":"cardPermanentlyLockMsg-body","$v":"Karta SIM je natrvalo zamknutá. Viac informácií vám poskytne váš operátor."},{"$i":"newSimPinMsg","$v":"Vytvoriť kód PIN (4 až 8 číslic)"},{"$i":"confirmNewSimPinMsg","$v":"Potvrdiť nový k. PIN"},{"$i":"newPinErrorMsg","$v":"Nezhodné kódy PIN."},{"$i":"nckErrorMsg","$v":"Kód NCK je nesprávny."},{"$i":"nckAttemptMsg2","$v":{"few":["Zlyhanie žiadosti o depersonalizáciu siete. Zostáva tento počet pokusov na zadanie správ. kódu: ",{"t":"idOrVar","v":"n"},". Viac inf. nájdete v dokumentácii zar. alebo kontaktujte operátora."],"many":["Zlyh. žiadosti o depersonal. siete. Zost. tento počet pokusov na zad. správ. kódu: ",{"t":"idOrVar","v":"n"},". Viac info nájdete v dok. zar. alebo kontaktujte operátora."],"one":"Zlyh. žiadosti o depersonal. siete. Zost. 1 pokus na zad. správ. kódu. Viac info nájdete v dok. zar. alebo kontaktujte operátora.","other":["Zlyh. žiadosti o depersonal. siete. Zost. tento počet pokusov na zad. správ. kódu: ",{"t":"idOrVar","v":"n"},". Viac info nájdete v dok. zar. alebo kontaktujte operátora."],"two":["Zlyh. žiadosti o depersonal. siete. Zost. tento počet pokusov na zad. správ. kódu: ",{"t":"idOrVar","v":"n"},". Viac info nájdete v dok. zar. alebo kontaktujte operátora."]},"$x":[{"t":"idOrVar","v":"plural"},"n"]},{"$i":"nckLastChanceMsg","$v":"Zlyh. žiadosti o depersonal. siete. Posl. možn. na zad. správ. kódu NCK. Viac info nájdete v dok. zar. alebo kontaktujte operátora."},{"$i":"sim-attention-header","$v":"SIM zamknutá"},{"$i":"multiSIM-attention-header","$v":["SIM ",{"t":"idOrVar","v":"n"}," blokovaná"]},{"$i":"sim-attention-head","$v":"Karta SIM je zamknutá."},{"$i":"sim-attention-body","$v":"Chcete zadať kód PUK na odomknutie karty SIM?"},{"$i":"enter-puk-rsk","$v":"Zadajte PUK"},{"$i":"verify-rsk","$v":"Hotovo"},{"$i":"activity-pick","$v":"Vybrať z"},{"$i":"activity-view","$v":"Zobraziť cez"},{"$i":"activity-test","$v":"Testovať s"},{"$i":"activity-share","$v":"Zdieľať"},{"$i":"activity-new","$v":"Vytvoriť pomocou"},{"$i":"activity-open","$v":"Otvoriť s"},{"$i":"activity-save-bookmark","$v":"Vytv. záložku do"},{"$i":"activity-record","$v":"Záznam z"},{"$i":"activity-browse","$v":"Prehliadať cez"},{"$i":"activity-configure","$v":"Konfigurovať s"},{"$i":"activity-dial","$v":"Vytočiť z"},{"$i":"remoteDebuggerMessage","$v":"Zistila sa prichádz. žiadosť o povolenie ladenia na diaľku. Povoliť pripojenie?"},{"$i":"captive-wifi-available","$v":["Sieť ",{"t":"idOrVar","v":"networkName"}," sa našla. Pripojiť?"]},{"$i":"ceWarningtitle","$v":"Upoz. na množstvo"},{"$i":"ceWarningcontent","$v":"Zabráňte poškodeniu sluchu: nepočúvajte dlhodobo zvuky s vysokou úrovňou hlasitosti."},{"$i":"is-volume-type-notification","$v":"Zvonenia a hlás."},{"$i":"is-volume-type-telephony","$v":"Hlasitosť"},{"$i":"is-volume-type-alarm","$v":"Alarm"},{"$i":"is-volume-type-content","$v":"Médiá"},{"$i":"tcl-volume-type-notification","$v":"Zvonenia a hlás."},{"$i":"tcl-volume-type-telephony","$v":"Hlasitosť"},{"$i":"volume-type-alarm","$v":"Alarm"},{"$i":"volume-type-content","$v":"Médiá"},{"$i":"vibrate-only","$v":"Iba vibrovanie"},{"$i":"silent","$v":"Tichý"},{"$i":"vibrate-on","$v":"Vibrovanie zap."},{"$i":"vibrate-off","$v":"Vibrovanie vyp."},{"$i":"vibrate","$v":"Vibrovať"},{"$i":"tcl-volume","$v":["Množstvo: ",{"t":"idOrVar","v":"n"},"/",{"t":"idOrVar","v":"c"}]},{"$i":"notification-powersaving-mode-on-title","$v":"Rež. šetrenia energie"},{"$i":"notification-powersaving-mode-on-description","$v":"Režim šetrenia energie zap."},{"$i":"low-device-storage","$v":"Málo miesta v zariadení."},{"$i":"storage-alert","$v":"Upozornenie na úložisko"},{"$i":"phone-almost-full","$v":"Telefón je takmer plný."},{"$i":"free-space","$v":{"few":["Zost. menej než ",{"t":"idOrVar","v":"value"}," ",{"t":"idOrVar","v":"unit"},"."],"many":["Zost. menej než ",{"t":"idOrVar","v":"value"}," ",{"t":"idOrVar","v":"unit"},"."],"one":["Zost. menej než ",{"t":"idOrVar","v":"value"}," ",{"t":"idOrVar","v":"unit"},"."],"other":["Zost. menej než ",{"t":"idOrVar","v":"value"}," ",{"t":"idOrVar","v":"unit"},"."],"two":["Zost. menej než ",{"t":"idOrVar","v":"value"}," ",{"t":"idOrVar","v":"unit"},"."],"zero":"Žiadne zost. voľné miesto."},"$x":[{"t":"idOrVar","v":"plural"},"value"]},{"$i":"unknown-free-space","$v":"Neznámy zostávajúci priestor."},{"$i":"can-delete-data-to-get-space","$v":"Môžete vymazať niektoré súbory médií alebo spravovať dáta apl. a uvoľniť tak viac miesta."},{"$i":"should-delete-data-to-get-space","$v":"Predtým ako budete v používaní tohto zariadenia pokračovať, je potrebné zmazaním niektorých médií alebo dát aplikácií uvoľniť viac miesta."},{"$i":"storage-full-level-1-title","$v":"Telefón je takmer plný"},{"$i":"storage-full-level-2-title","$v":"Úložisko tel. je plné."},{"$i":"delete-to-get-space","$v":"Vymažte mediálne súbory, údaje aplikácií alebo stiahnuté aplikácie, aby sa uvoľnilo miesto."},{"$i":"delete-to-get-space-level-2","$v":"Vymažte mediálne súbory, údaje aplikácií alebo stiahnuté aplikácie, aby sa uvoľnilo miesto. Inak telefón nebude správne fungovať."},{"$i":"system-alert","$v":"Syst. hlásenie"},{"$i":"cb-channel","$v":["Kanál ",{"t":"idOrVar","v":"channel"}]},{"$i":"cell-broadcast-subtitle","$v":"Mob. vysielanie"},{"$i":"cb-etws-warningType-earthquake","$v":"Varovanie na zemetrasenie!"},{"$i":"cb-etws-warningType-tsunami","$v":"Varovanie pred cunami!"},{"$i":"cb-etws-warningType-earthquake-tsunami","$v":"Varovanie na zemetrasenie/cunami!"},{"$i":"cb-etws-warningType-test","$v":"Systém hlásení sa testuje."},{"$i":"cb-etws-warningType-other","$v":"Núdzové varovanie!"},{"$i":"icc-message-maintitle","$v":"Správa operátora"},{"$i":"icc-message-subtitle","$v":"SIM"},{"$i":"icc-confirmCall-defaultmessage","$v":["Volať ",{"t":"idOrVar","v":"number"},"?"]},{"$i":"icc-alertMessage-defaultmessage","$v":"Posiela sa správa"},{"$i":"icc-confirmMessage-defaultmessage","$v":"Poslať správu?"},{"$i":"icc-notification-title","$v":["SIM ",{"t":"idOrVar","v":"id"}," STK"]},{"$i":"icc-inputbox-maintitle","$v":"Dopyt STK"},{"$i":"icc-inputbox-subtitle","$v":["SIM ",{"t":"idOrVar","v":"id"}]},{"$i":"emergency-callback-mode","$v":"Režim spätného núdz. volania"},{"$i":"emergency-callback-message","$v":"Nemôžete uskutočňovať hovory, odosielať správy ani používať internet, pretože je zap. režim spät. tiesň. volania. Chcete ho vypnúť?"},{"$i":"cdma-record-info","$v":"Inf. o zázname CDMA"},{"$i":"download_started","$v":"Sťahovanie začalo"},{"$i":"download_stopped","$v":"Sťahovanie zastavené"},{"$i":"download_downloading","$v":[{"t":"idOrVar","v":"percentage"},"%"]},{"$i":"download_succeeded","$v":"Sťahovanie dokončené"},{"$i":"download_failed","$v":"Sťahovanie nebolo úspešné"},{"$i":"update_succeeded","$v":"Aktualizácia dokončená"},{"$i":"download_text_by_default","$v":[{"t":"idOrVar","v":"name"}]},{"$i":"phone-storage-full-title","$v":"Úložisko tel. je plné."},{"$i":"phone-storage-full-warning","$v":"Súbor sa nepodarilo stiahnuť. Zmazaním médií alebo dát aplikácií uvoľnite miesto. Úložisko tiež môžete zväčšiť vložením karty SD."},{"$i":"sdcard-storage-full-title","$v":"Karta SD je plná."},{"$i":"sdcard-storage-full-warning","$v":"Súbor sa nepodarilo stiahnuť. Zmazaním súborov uvoľnite miesto na karte SD."},{"$i":"opt-settings","$v":"Nastavenia"},{"$i":"search-the-web","$v":"Vyhľadať na webe"},{"$i":"search-or-enter-address","$v":"Vyhľ. al. zadať adresu","placeholder":"Vyhľ. al. zadať adresu"},{"$i":"search-or-enter-url","$v":"Vyhľ. al. zadať adr. URL","placeholder":"Vyhľ. al. zadať adr. URL"},{"$i":"back-button","ariaLabel":"Späť"},{"$i":"forward-button","ariaLabel":"Presmerovať"},{"$i":"reload-button","ariaLabel":"Zn. načítať"},{"$i":"stop-button","ariaLabel":"Stop"},{"$i":"windows-button","ariaLabel":"Zobraziť okná"},{"$i":"noHotspotWhenAPMisOnWifiHotspot","$v":"Vypn. let. režim na použ. príst. bodu Wi-Fi."},{"$i":"apmActivated","$v":"Režim Lietadlo zapnutý"},{"$i":"save-image","$v":"Uložiť snímku"},{"$i":"save-video","$v":"Uložiť video"},{"$i":"save-audio","$v":"Uložiť zvuk"},{"$i":"share-image","$v":"Zdieľať obrázok"},{"$i":"share-video","$v":"Zdieľať video"},{"$i":"share-audio","$v":"Zdieľať zvuk"},{"$i":"tcl-cancelButtonId","$v":"Zrušiť"},{"$i":"tcl-not-send","$v":"Neodoslať"},{"$i":"tcl-send-report","$v":"Poslať výpis"},{"$i":"refresh","$v":"Obnoviť"},{"$i":"goBack","$v":"Ísť späť"},{"$i":"goForward","$v":"Ísť vpred"},{"$i":"goToTopSites","$v":"Ísť na top lokality"},{"$i":"pinToTopSites","$v":"Pripnúť do top lok."},{"$i":"pinToAllApps","$v":"Pripnúť ku všetkým aplikáciám"},{"$i":"pinToAppsMenu","$v":"Pripnúť k ponuke Aplikácie"},{"$i":"viewMessages","$v":"Zobraziť správy"},{"$i":"downloadImage","$v":"Stiahnuť obrázok"},{"$i":"quit","$v":"Ukonč."},{"$i":"minimizeBrowser","$v":"Minimalizovať prehliadač"},{"$i":"pinSiteCompletely","$v":"Táto web. lok. je pripnutá v Top str."},{"$i":"siteWasPinnedBefore","$v":"Táto web. lok. už bola pripnutá v Top str."},{"$i":"pinnedSitesOverLimit","$v":"Dosiahli ste max. počet pripnutých web. lokalít."},{"$i":"pressBackAgainToQuitBrowser","$v":"Na ukončenie prehliadača znova stlačte tlačidlo SPÄŤ."},{"$i":"pressBackAgainToMinimizeBrowser","$v":"Prehliadač minimalizujete opätovným stlačením tlačidla SPÄŤ."},{"$i":"pinSiteToAllAppsCompletely","$v":"Tento web bol pripnutý v časti Všetky aplikácie."},{"$i":"pinSiteToAppsMenuCompletely","$v":"Tento web bol pripnutý k ponuke Aplikácie."},{"$i":"siteWasPinnedToAllAppsBefore","$v":"Tento web už bol pripnutý v časti Všetky aplikácie."},{"$i":"siteWasPinnedToAppsMenuBefore","$v":"Tento web už bol pripnutý k ponuke Aplikácie."},{"$i":"ext-bluetooth-req","$v":"Žiadosť o spárov."},{"$i":"ext-unknown","$v":"NEZNÁME"},{"$i":"ext-new-message","$v":"Nová správa"},{"$i":"ext-new-mail","$v":"Nová pošta"},{"$i":"ext-calendar-event","$v":"Udalosť kalendára"},{"$i":"ext-new-notification","$v":"Nové oznámenia"},{"$i":"incoming","$v":"Prichádz."},{"$i":"ext-volume-notification","$v":"Zvonenia a upozornenia"},{"$i":"ext-volume-content","$v":"Médiá"},{"$i":"ext-volume-alarm","$v":"Alarm"},{"$i":"ext-new-cmas","$v":"Núdzový hovor"},{"$i":"phone-storage-full-body","$v":"Nahrávanie hovoru bolo zastavené. Zmazaním médií alebo dát aplikácií uvoľnite miesto."},{"$i":"sd-card-full-title","$v":"Karta SD je plná."},{"$i":"sd-card-full-body","$v":"Nahrávanie hovoru bolo zastavené. Zmazaním súborov uvoľnite miesto na karte SD."},{"$i":"supl-notification-title","$v":"Žiad. o polohu"},{"$i":"supl-notification-message","$v":"Vaša poloha sa prenáša operátorovi."},{"$i":"supl-verification-title","$v":"Žiad. o polohu"},{"$i":"supl-verification-message","$v":"Operátor žiada o vašu polohu. Chcete informácie o polohe poskytnúť operátorovi?"},{"$i":"supl-verification-message-for-notification","$v":"Kliknutím potvrďte"},{"$i":"supl-verification-confirm","$v":"Áno"},{"$i":"supl-verification-cancel","$v":"Nie"},{"$i":"supl-more-message","$v":["Správa: ",{"t":"idOrVar","v":"id"}," (",{"t":"idOrVar","v":"message"},")"]},{"$i":"confirmPbapMsg","$v":[{"t":"idOrVar","v":"deviceId"}," chce prístup ku kontaktom a histórii hovorov. Akceptovať?"]},{"$i":"confirmTitle","$v":"Žiadosť Bluetooth"},{"$i":"initialValue","$v":"Zadajte kľúč relácie"},{"$i":"confirmMapMsg","$v":[{"t":"idOrVar","v":"deviceId"}," chce prístup k správam. Chcete akceptovať?"]},{"$i":"wifiCallErrorMsg","$v":["Chyba hovoru Wi-Fi: ",{"t":"idOrVar","v":"error"}]},{"$i":"wifiCallMissEccTitle","$v":[{"t":"idOrVar","v":"operator"}," WiFi Calling"]},{"$i":"wifiCallMissEccMsg","$v":"Emergency calls in areas with cellular coverage only"},{"$i":"battery-full-title","$v":"Batéria je plná"},{"$i":"battery-full-body","$v":"Batéria je úplne nabitá."},{"$i":"sim-config-title","$v":"konfigurácia"},{"$i":"sim-config-content-init","$v":["Stlačením ZAČAŤ nastavte telefón pre operátora ",{"t":"idOrVar","v":"carrier"},"."]},{"$i":"sim-config-content-change","$v":["Chcete telefón nastaviť pre operátora ",{"t":"idOrVar","v":"carrier"},"?"]},{"$i":"sim-config-content-line1","$v":"Dobre hotovo!"},{"$i":"sim-config-content-restart","$v":"Zmeny sa prejavia po reštarte telefónu."},{"$i":"sim-config-content-finish","$v":"Stlačením OK dokončite akciu."},{"$i":"sim-config-content-failed","$v":["Profil operátora ",{"t":"idOrVar","v":"carrier"}," nemožno nájsť."]},{"$i":"sim-config-button-restart","$v":"Reštart"},{"$i":"sim-config-button-begin","$v":"Začať"},{"$i":"open-wifi-available","$v":"Otvoriť dostupné siete Wi-Fi"},{"$i":"wifi-available","$v":"Dostupné siete Wi-Fi"},{"$i":"wifi-no-internet-title","$v":"Wifi nemá prístup k internetu"},{"$i":"wifi-no-internet-body","$v":"Tap for options"},{"$i":"wifi-no-internet-header","$v":"Wi-Fi"},{"$i":"wifi-no-internet-content","$v":[{"t":"idOrVar","v":"name"}," nemá prístup k internetu, zachovať prihlásenie?"]},{"$i":"ellipses_char","$v":"…"},{"$i":"fota-title-attention","$v":"Pozor"},{"$i":"fota-upgrade-success","$v":["Inovácia firmvéru úspešne dokončená. Vaše zariadenia má odteraz verziu ",{"t":"idOrVar","v":"target"},"."]},{"$i":"fota-upgrade-failed","$v":"Inovácia zlyhala. Bola obnovená predošlá verzia."},{"$i":"fota-title-software-update","$v":"Aktualizácia softvéru"},{"$i":"fota-message-software-update-available","$v":"Je dostupná aktualizácia softvéru."},{"$i":"fota-message-software-download-failed","$v":"Sťahovanie aktualizácie softvéru zlyhalo."},{"$i":"fota-message-software-download-complete","$v":"Sťahovanie aktualizácie soft. dokončené."},{"$i":"network-issue-title","$v":"Chyba siete"},{"$i":"network-issue-detail","$v":"Skontrolujte prosím svoje pripojenie."},{"$i":"device-issue-title","$v":"Chyba inštalácie"},{"$i":"device-issue-detail","$v":"Vyskytla sa neznáma chyba."},{"$i":"device-issue-update-title","$v":"Chyba aktualizácie"},{"$i":"install-generic-error","$v":"Sťahovanie zastavené."},{"$i":"account-authenticator-invaild-grant-notice-title","$v":"Chyba účtu"},{"$i":"account-authenticator-invaild-grant-notice-text","$v":"Znova sa prihláste"},{"$i":"account-authenticator-no-network-error","$v":"Žiad. internet. pripojenie."},{"$i":"account-authenticator-access-denied-error","$v":"Vyskytla sa neznáma chyba."},{"$i":"qtn_els_alert_high_vol","$v":"Upozornenie na vysokú hlasitosť"},{"$i":"qtn_els_alert_in_call","$v":"Prebieha hovor"},{"$i":"GetEmptyUssdPrompt","$v":"Bolo prijaté nulové odpoveď."},{"$i":"message-sent","$v":"Správa poslaná"},{"$i":"send","$v":"Poslať"},{"$i":"confirmation","$v":"Potvrdenie"},{"$i":"feedback-dialogview-header","$v":"Spätná väzba"},{"$i":"feedback-dialogview-message","$v":"Váš názor si spoločnosť HMD Global veľmi cení, takže nám, prosím, povedzte, čo si o svojom novom telefóne myslíte. Ak budete chcieť tento dotazník vyplniť neskôr, nájdete ho v Nastaveniach."},{"$i":"accessibility-enableScreenReaderSteps","$v":"To enable screen reader, press the volume up and then volume down buttons three more times"},{"$i":"accessibility-disableScreenReaderSteps","$v":"To disable screen reader, press the volume up and then volume down buttons three more times"},{"$i":"accessibility-screenReaderStarted","$v":"Screen reader started"},{"$i":"accessibility-screenReaderStopped","$v":"Screen reader stopped"},{"$i":"accessibility-menubar","$v":"menu bar"},{"$i":"accessibility-scrollbar","$v":"scroll bar"},{"$i":"accessibility-grip","$v":"grip"},{"$i":"accessibility-alert","$v":"alert"},{"$i":"accessibility-menupopup","$v":"menu popup"},{"$i":"accessibility-document","$v":"document"},{"$i":"accessibility-pane","$v":"pane"},{"$i":"accessibility-dialog","$v":"dialogue"},{"$i":"accessibility-separator","$v":"separator"},{"$i":"accessibility-toolbar","$v":"toolbar"},{"$i":"accessibility-statusbar","$v":"status bar"},{"$i":"accessibility-table","$v":"table"},{"$i":"accessibility-columnheader","$v":"column header"},{"$i":"accessibility-rowheader","$v":"row header"},{"$i":"accessibility-column","$v":"column"},{"$i":"accessibility-row","$v":"row"},{"$i":"accessibility-cell","$v":"cell"},{"$i":"accessibility-link","$v":"link"},{"$i":"accessibility-list","$v":"list"},{"$i":"accessibility-listitem","$v":"list item"},{"$i":"accessibility-outline","$v":"outline"},{"$i":"accessibility-outlineitem","$v":"outline item"},{"$i":"accessibility-pagetab","$v":"tab"},{"$i":"accessibility-propertypage","$v":"property page"},{"$i":"accessibility-graphic","$v":"graphic"},{"$i":"accessibility-pushbutton","$v":"button"},{"$i":"accessibility-checkbutton","$v":"check button"},{"$i":"accessibility-radiobutton","$v":"radio button"},{"$i":"accessibility-combobox","$v":"combo box"},{"$i":"accessibility-progressbar","$v":"progress bar"},{"$i":"accessibility-slider","$v":"slider"},{"$i":"accessibility-spinbutton","$v":"spin button"},{"$i":"accessibility-diagram","$v":"diagram"},{"$i":"accessibility-animation","$v":"animation"},{"$i":"accessibility-equation","$v":"equation"},{"$i":"accessibility-buttonmenu","$v":"button menu"},{"$i":"accessibility-whitespace","$v":"white space"},{"$i":"accessibility-pagetablist","$v":"tab list"},{"$i":"accessibility-canvas","$v":"canvas"},{"$i":"accessibility-checkmenuitem","$v":"skont. polož. ponuky"},{"$i":"accessibility-label","$v":"label"},{"$i":"accessibility-passwordtext","$v":"password text"},{"$i":"accessibility-radiomenuitem","$v":"položka ponuky rádia"},{"$i":"accessibility-textcontainer","$v":"text container"},{"$i":"accessibility-togglebutton","$v":"toggle button"},{"$i":"accessibility-treetable","$v":"tree table"},{"$i":"accessibility-header","$v":"header"},{"$i":"accessibility-footer","$v":"footer"},{"$i":"accessibility-paragraph","$v":"paragraph"},{"$i":"accessibility-entry","$v":"entry"},{"$i":"accessibility-caption","$v":"caption"},{"$i":"accessibility-heading","$v":"heading"},{"$i":"accessibility-section","$v":"section"},{"$i":"accessibility-form","$v":"form"},{"$i":"accessibility-comboboxlist","$v":"combo box list"},{"$i":"accessibility-comboboxoption","$v":"combo box option"},{"$i":"accessibility-imagemap","$v":"image map"},{"$i":"accessibility-listboxoption","$v":"option"},{"$i":"accessibility-listbox","$v":"list box"},{"$i":"accessibility-flatequation","$v":"flat equation"},{"$i":"accessibility-gridcell","$v":"gridcell"},{"$i":"accessibility-note","$v":"note"},{"$i":"accessibility-figure","$v":"figure"},{"$i":"accessibility-definitionlist","$v":"definition list"},{"$i":"accessibility-term","$v":"term"},{"$i":"accessibility-definition","$v":"definition"},{"$i":"accessibility-textarea","$v":"text area"},{"$i":"accessibility-textInputType_date","$v":"date"},{"$i":"accessibility-textInputType_email","$v":"e-mail"},{"$i":"accessibility-textInputType_search","$v":"search"},{"$i":"accessibility-textInputType_tel","$v":"telephone"},{"$i":"accessibility-textInputType_url","$v":"URL"},{"$i":"accessibility-headingLevel","$v":["heading level ",{"t":"idOrVar","v":"0"}]},{"$i":"accessibility-listStart","$v":"First item"},{"$i":"accessibility-listEnd","$v":"Last item"},{"$i":"accessibility-listItemsCount","$v":{"few":[{"t":"idOrVar","v":"count"}," items"],"many":[{"t":"idOrVar","v":"count"}," items"],"one":[{"t":"idOrVar","v":"count"}," item"],"other":[{"t":"idOrVar","v":"count"}," items"],"two":[{"t":"idOrVar","v":"count"}," items"],"zero":[{"t":"idOrVar","v":"count"}," items"]},"$x":[{"t":"idOrVar","v":"plural"},"count"]},{"$i":"accessibility-objItemOfN","$v":[{"t":"idOrVar","v":"0"}," of ",{"t":"idOrVar","v":"1"}]},{"$i":"accessibility-banner","$v":"banner"},{"$i":"accessibility-complementary","$v":"complementary"},{"$i":"accessibility-contentinfo","$v":"content info"},{"$i":"accessibility-main","$v":"main"},{"$i":"accessibility-navigation","$v":"navigation"},{"$i":"accessibility-search","$v":"search"},{"$i":"accessibility-tblColumnInfo","$v":{"few":["with ",{"t":"idOrVar","v":"count"}," columns"],"many":["with ",{"t":"idOrVar","v":"count"}," columns"],"one":["with ",{"t":"idOrVar","v":"count"}," column"],"other":["with ",{"t":"idOrVar","v":"count"}," columns"],"two":["with ",{"t":"idOrVar","v":"count"}," columns"],"zero":["with ",{"t":"idOrVar","v":"count"}," columns"]},"$x":[{"t":"idOrVar","v":"plural"},"count"]},{"$i":"accessibility-tblRowInfo","$v":{"few":["and ",{"t":"idOrVar","v":"count"}," rows"],"many":["and ",{"t":"idOrVar","v":"count"}," rows"],"one":["and ",{"t":"idOrVar","v":"count"}," row"],"other":["and ",{"t":"idOrVar","v":"count"}," rows"],"two":["and ",{"t":"idOrVar","v":"count"}," rows"],"zero":["and ",{"t":"idOrVar","v":"count"}," rows"]},"$x":[{"t":"idOrVar","v":"plural"},"count"]},{"$i":"accessibility-columnInfo","$v":["Column ",{"t":"idOrVar","v":"0"}]},{"$i":"accessibility-rowInfo","$v":["Row ",{"t":"idOrVar","v":"0"}]},{"$i":"accessibility-spansColumns","$v":{"few":["spans ",{"t":"idOrVar","v":"0"}," columns"],"many":["spans ",{"t":"idOrVar","v":"0"}," columns"],"one":["spans ",{"t":"idOrVar","v":"0"}," column"],"other":["spans ",{"t":"idOrVar","v":"0"}," columns"],"two":["spans ",{"t":"idOrVar","v":"0"}," columns"],"zero":["spans ",{"t":"idOrVar","v":"0"}," columns"]},"$x":[{"t":"idOrVar","v":"plural"},"0"]},{"$i":"accessibility-spansRows","$v":{"few":["spans ",{"t":"idOrVar","v":"0"}," rows"],"many":["spans ",{"t":"idOrVar","v":"0"}," rows"],"one":["spans ",{"t":"idOrVar","v":"0"}," row"],"other":["spans ",{"t":"idOrVar","v":"0"}," rows"],"two":["spans ",{"t":"idOrVar","v":"0"}," rows"],"zero":["spans ",{"t":"idOrVar","v":"0"}," rows"]},"$x":[{"t":"idOrVar","v":"plural"},"0"]},{"$i":"accessibility-jumpAction","$v":"jumped"},{"$i":"accessibility-pressAction","$v":"pressed"},{"$i":"accessibility-checkAction","$v":"checked"},{"$i":"accessibility-uncheckAction","$v":"unchecked"},{"$i":"accessibility-selectAction","$v":"selected"},{"$i":"accessibility-unselectAction","$v":"unselected"},{"$i":"accessibility-openAction","$v":"opened"},{"$i":"accessibility-closeAction","$v":"closed"},{"$i":"accessibility-switchAction","$v":"switched"},{"$i":"accessibility-clickAction","$v":"clicked"},{"$i":"accessibility-collapseAction","$v":"collapsed"},{"$i":"accessibility-expandAction","$v":"expanded"},{"$i":"accessibility-activateAction","$v":"activated"},{"$i":"accessibility-cycleAction","$v":"cycled"},{"$i":"accessibility-hidden","$v":"hidden"},{"$i":"accessibility-tabLoading","$v":"loading"},{"$i":"accessibility-tabLoaded","$v":"loaded"},{"$i":"accessibility-tabNew","$v":"new tab"},{"$i":"accessibility-tabLoadStopped","$v":"loading stopped"},{"$i":"accessibility-tabReload","$v":"reloading"},{"$i":"accessibility-stateChecked","$v":"checked"},{"$i":"accessibility-stateNotChecked","$v":"not checked"},{"$i":"accessibility-statePressed","$v":"pressed"},{"$i":"accessibility-stateExpanded","$v":"expanded"},{"$i":"accessibility-stateCollapsed","$v":"collapsed"},{"$i":"accessibility-stateUnavailable","$v":"unavailable"},{"$i":"accessibility-stateRequired","$v":"required"},{"$i":"accessibility-stateTraversed","$v":"visited"},{"$i":"accessibility-stateHasPopup","$v":"has pop up"},{"$i":"accessibility-stateSelected","$v":"selected"},{"$i":"accessibility-editingMode","$v":"editing"},{"$i":"accessibility-navigationMode","$v":"navigating"},{"$i":"accessibility-quicknav_Simple","$v":"Default"},{"$i":"accessibility-quicknav_Anchor","$v":"Anchors"},{"$i":"accessibility-quicknav_Button","$v":"Buttons"},{"$i":"accessibility-quicknav_Combobox","$v":"Combo boxes"},{"$i":"accessibility-quicknav_Landmark","$v":"Landmarks"},{"$i":"accessibility-quicknav_Entry","$v":"Entries"},{"$i":"accessibility-quicknav_FormElement","$v":"Form elements"},{"$i":"accessibility-quicknav_Graphic","$v":"Images"},{"$i":"accessibility-quicknav_Heading","$v":"Headings"},{"$i":"accessibility-quicknav_ListItem","$v":"List items"},{"$i":"accessibility-quicknav_Link","$v":"Links"},{"$i":"accessibility-quicknav_List","$v":"Lists"},{"$i":"accessibility-quicknav_PageTab","$v":"Page tabs"},{"$i":"accessibility-quicknav_RadioButton","$v":"Radio buttons"},{"$i":"accessibility-quicknav_Separator","$v":"Separators"},{"$i":"accessibility-quicknav_Table","$v":"Tables"},{"$i":"accessibility-quicknav_Checkbox","$v":"Check boxes"},{"$i":"accessibility-menubarAbbr","$v":"menu bar"},{"$i":"accessibility-scrollbarAbbr","$v":"scroll bar"},{"$i":"accessibility-gripAbbr","$v":"grip"},{"$i":"accessibility-alertAbbr","$v":"alert"},{"$i":"accessibility-menupopupAbbr","$v":"menu popup"},{"$i":"accessibility-documentAbbr","$v":"document"},{"$i":"accessibility-paneAbbr","$v":"pane"},{"$i":"accessibility-dialogAbbr","$v":"dialogue"},{"$i":"accessibility-separatorAbbr","$v":"separator"},{"$i":"accessibility-toolbarAbbr","$v":"toolbar"},{"$i":"accessibility-statusbarAbbr","$v":"status bar"},{"$i":"accessibility-tableAbbr","$v":"tbl"},{"$i":"accessibility-columnheaderAbbr","$v":"column header"},{"$i":"accessibility-rowheaderAbbr","$v":"row header"},{"$i":"accessibility-columnAbbr","$v":"column"},{"$i":"accessibility-rowAbbr","$v":"row"},{"$i":"accessibility-cellAbbr","$v":"cell"},{"$i":"accessibility-linkAbbr","$v":"lnk"},{"$i":"accessibility-listAbbr","$v":"list"},{"$i":"accessibility-listitemAbbr","$v":"list item"},{"$i":"accessibility-outlineAbbr","$v":"outline"},{"$i":"accessibility-outlineitemAbbr","$v":"outline item"},{"$i":"accessibility-pagetabAbbr","$v":"tab"},{"$i":"accessibility-propertypageAbbr","$v":"property page"},{"$i":"accessibility-graphicAbbr","$v":"graphic"},{"$i":"accessibility-pushbuttonAbbr","$v":"btn"},{"$i":"accessibility-checkbuttonAbbr","$v":"check button"},{"$i":"accessibility-radiobuttonAbbr","$v":"radio button"},{"$i":"accessibility-comboboxAbbr","$v":"combo box"},{"$i":"accessibility-progressbarAbbr","$v":"progress bar"},{"$i":"accessibility-sliderAbbr","$v":"slider"},{"$i":"accessibility-spinbuttonAbbr","$v":"spin button"},{"$i":"accessibility-diagramAbbr","$v":"diagram"},{"$i":"accessibility-animationAbbr","$v":"animation"},{"$i":"accessibility-equationAbbr","$v":"equation"},{"$i":"accessibility-buttonmenuAbbr","$v":"button menu"},{"$i":"accessibility-whitespaceAbbr","$v":"white space"},{"$i":"accessibility-pagetablistAbbr","$v":"tab list"},{"$i":"accessibility-canvasAbbr","$v":"canvas"},{"$i":"accessibility-checkmenuitemAbbr","$v":"check menu item"},{"$i":"accessibility-labelAbbr","$v":"label"},{"$i":"accessibility-passwordtextAbbr","$v":"passwdtxt"},{"$i":"accessibility-radiomenuitemAbbr","$v":"radio menu item"},{"$i":"accessibility-textcontainerAbbr","$v":"text container"},{"$i":"accessibility-togglebuttonAbbr","$v":"toggle button"},{"$i":"accessibility-treetableAbbr","$v":"tree table"},{"$i":"accessibility-headerAbbr","$v":"header"},{"$i":"accessibility-footerAbbr","$v":"footer"},{"$i":"accessibility-paragraphAbbr","$v":"paragraph"},{"$i":"accessibility-entryAbbr","$v":"entry"},{"$i":"accessibility-captionAbbr","$v":"caption"},{"$i":"accessibility-headingAbbr","$v":"heading"},{"$i":"accessibility-sectionAbbr","$v":"section"},{"$i":"accessibility-formAbbr","$v":"form"},{"$i":"accessibility-comboboxlistAbbr","$v":"combo box list"},{"$i":"accessibility-comboboxoptionAbbr","$v":"combo box option"},{"$i":"accessibility-imagemapAbbr","$v":"imgmap"},{"$i":"accessibility-listboxoptionAbbr","$v":"option"},{"$i":"accessibility-listboxAbbr","$v":"list box"},{"$i":"accessibility-flatequationAbbr","$v":"flat equation"},{"$i":"accessibility-gridcellAbbr","$v":"gridcell"},{"$i":"accessibility-noteAbbr","$v":"note"},{"$i":"accessibility-figureAbbr","$v":"fig"},{"$i":"accessibility-definitionlistAbbr","$v":"definition list"},{"$i":"accessibility-termAbbr","$v":"term"},{"$i":"accessibility-definitionAbbr","$v":"definition"},{"$i":"accessibility-textareaAbbr","$v":"txtarea"},{"$i":"accessibility-tblColumnInfoAbbr","$v":{"few":[{"t":"idOrVar","v":"count"},"c"],"many":[{"t":"idOrVar","v":"count"},"c"],"one":[{"t":"idOrVar","v":"count"},"c"],"other":[{"t":"idOrVar","v":"count"},"c"],"two":[{"t":"idOrVar","v":"count"},"c"]},"$x":[{"t":"idOrVar","v":"plural"},"count"]},{"$i":"accessibility-tblRowInfoAbbr","$v":{"few":[{"t":"idOrVar","v":"count"},"r"],"many":[{"t":"idOrVar","v":"count"},"r"],"one":[{"t":"idOrVar","v":"count"},"r"],"other":[{"t":"idOrVar","v":"count"},"r"],"two":[{"t":"idOrVar","v":"count"},"r"]},"$x":[{"t":"idOrVar","v":"plural"},"count"]},{"$i":"accessibility-cellInfoAbbr","$v":["c",{"t":"idOrVar","v":"0"},"r",{"t":"idOrVar","v":"1"}]},{"$i":"accessibility-stateCheckedAbbr","$v":"(x)"},{"$i":"accessibility-stateUncheckedAbbr","$v":"( )"},{"$i":"accessibility-statePressedAbbr","$v":"(x)"},{"$i":"accessibility-stateUnpressedAbbr","$v":"( )"},{"$i":"accessibility-pushbutton-hint","$v":"Double tap to activate"},{"$i":"accessibility-checkbutton-hint","$v":"Double tap to activate"},{"$i":"accessibility-combobox-hint","$v":"Double tap to activate"},{"$i":"accessibility-key-hint","$v":"Tap and hold to activate"},{"$i":"accessibility-link-hint","$v":"Double tap to activate"},{"$i":"accessibility-menuitem-hint","$v":"Double tap to activate"},{"$i":"accessibility-option-hint","$v":"Double tap to activate"},{"$i":"accessibility-radiobutton-hint","$v":"Double tap to activate"},{"$i":"accessibility-slider-hint","$v":"Swipe up to increase or down to decrease"},{"$i":"accessibility-spinbutton-hint","$v":"Swipe up to increase or down to decrease"},{"$i":"accessibility-pagetab-hint","$v":"Double tap to activate"},{"$i":"accessibility-entry-hint","$v":"Double tap to activate"},{"$i":"accessibility-outlineitem-hint","$v":"Double tap to activate"},{"$i":"SoftLeft","$v":"Ľavé soft. tlač."},{"$i":"Enter","$v":"Kláves OK"},{"$i":"SoftRight","$v":"Pravé soft. tlač."},{"$i":"weekday-0-long","$v":"Nedeľa"},{"$i":"weekday-1-long","$v":"Pondelok"},{"$i":"weekday-2-long","$v":"Utorok"},{"$i":"weekday-3-long","$v":"Streda"},{"$i":"weekday-4-long","$v":"Štvrtok"},{"$i":"weekday-5-long","$v":"Piatok"},{"$i":"weekday-6-long","$v":"Sobota"},{"$i":"weekday-0-short","$v":"Ned"},{"$i":"weekday-1-short","$v":"Pon"},{"$i":"weekday-2-short","$v":"Uto"},{"$i":"weekday-3-short","$v":"Str"},{"$i":"weekday-4-short","$v":"Štv"},{"$i":"weekday-5-short","$v":"Pia"},{"$i":"weekday-6-short","$v":"Sob"},{"$i":"month-0-long","$v":"Január"},{"$i":"month-1-long","$v":"Február"},{"$i":"month-2-long","$v":"Marec"},{"$i":"month-3-long","$v":"Apríl"},{"$i":"month-4-long","$v":"Máj"},{"$i":"month-5-long","$v":"Jún"},{"$i":"month-6-long","$v":"Júl"},{"$i":"month-7-long","$v":"August"},{"$i":"month-8-long","$v":"September"},{"$i":"month-9-long","$v":"Október"},{"$i":"month-10-long","$v":"November"},{"$i":"month-11-long","$v":"December"},{"$i":"month-0-genitive","$v":"Január"},{"$i":"month-1-genitive","$v":"Február"},{"$i":"month-2-genitive","$v":"Marec"},{"$i":"month-3-genitive","$v":"Apríl"},{"$i":"month-4-genitive","$v":"Máj"},{"$i":"month-5-genitive","$v":"Jún"},{"$i":"month-6-genitive","$v":"Júl"},{"$i":"month-7-genitive","$v":"August"},{"$i":"month-8-genitive","$v":"September"},{"$i":"month-9-genitive","$v":"Október"},{"$i":"month-10-genitive","$v":"November"},{"$i":"month-11-genitive","$v":"December"},{"$i":"month-0-short","$v":"Jan"},{"$i":"month-1-short","$v":"Feb"},{"$i":"month-2-short","$v":"Mar"},{"$i":"month-3-short","$v":"Apr"},{"$i":"month-4-short","$v":"Máj"},{"$i":"month-5-short","$v":"Jún"},{"$i":"month-6-short","$v":"Júl"},{"$i":"month-7-short","$v":"Aug"},{"$i":"month-8-short","$v":"Sep"},{"$i":"month-9-short","$v":"Okt"},{"$i":"month-10-short","$v":"Nov"},{"$i":"month-11-short","$v":"Dec"},{"$i":"minutes-ago-long","$v":{"few":["Pred počtom min.: ",{"t":"idOrVar","v":"value"}],"many":["Pred počtom min.: ",{"t":"idOrVar","v":"value"}],"one":"pred 1 min.","other":["Pred počtom min.: ",{"t":"idOrVar","v":"value"}],"two":["Pred počtom min.: ",{"t":"idOrVar","v":"value"}],"zero":"práve teraz"},"$x":[{"t":"idOrVar","v":"plural"},"value"]},{"$i":"hours-ago-long","$v":{"few":["Pred počtom hod.: ",{"t":"idOrVar","v":"value"}],"many":["Pred počtom hod.: ",{"t":"idOrVar","v":"value"}],"one":"pred hodinou","other":["Pred počtom hod.: ",{"t":"idOrVar","v":"value"}],"two":["Pred počtom hod.: ",{"t":"idOrVar","v":"value"}],"zero":"práve teraz"},"$x":[{"t":"idOrVar","v":"plural"},"value"]},{"$i":"days-ago-long","$v":{"few":["Pred počtom dní: ",{"t":"idOrVar","v":"value"}],"many":["Pred počtom dní: ",{"t":"idOrVar","v":"value"}],"one":"včera","other":["Pred počtom dní: ",{"t":"idOrVar","v":"value"}],"two":["Pred počtom dní: ",{"t":"idOrVar","v":"value"}],"zero":"dnes"},"$x":[{"t":"idOrVar","v":"plural"},"value"]},{"$i":"weeks-ago-long","$v":{"few":["Pred počtom týžd.: ",{"t":"idOrVar","v":"value"}],"many":["Pred počtom týžd.: ",{"t":"idOrVar","v":"value"}],"one":"min. týždeň","other":["Pred počtom týžd.: ",{"t":"idOrVar","v":"value"}],"two":["Pred počtom týžd.: ",{"t":"idOrVar","v":"value"}],"zero":"tento týždeň"},"$x":[{"t":"idOrVar","v":"plural"},"value"]},{"$i":"months-ago-long","$v":{"few":["Pred počtom mes.: ",{"t":"idOrVar","v":"value"}],"many":["Pred počtom mes.: ",{"t":"idOrVar","v":"value"}],"one":"min. mesiac","other":["Pred počtom mes.: ",{"t":"idOrVar","v":"value"}],"two":["Pred počtom mes.: ",{"t":"idOrVar","v":"value"}],"zero":"tento mesiac"},"$x":[{"t":"idOrVar","v":"plural"},"value"]},{"$i":"years-ago-long","$v":{"few":["Pred počtom rokov: ",{"t":"idOrVar","v":"value"}],"many":["Pred počtom rokov: ",{"t":"idOrVar","v":"value"}],"one":"min. rok","other":["Pred počtom rokov: ",{"t":"idOrVar","v":"value"}],"two":["Pred počtom rokov: ",{"t":"idOrVar","v":"value"}],"zero":"tento rok"},"$x":[{"t":"idOrVar","v":"plural"},"value"]},{"$i":"minutes-until-long","$v":{"few":["o ",{"t":"idOrVar","v":"value"}," min"],"many":["o ",{"t":"idOrVar","v":"value"}," min"],"one":"o minútu","other":["o ",{"t":"idOrVar","v":"value"}," min"],"two":["o ",{"t":"idOrVar","v":"value"}," min"],"zero":"teraz"},"$x":[{"t":"idOrVar","v":"plural"},"value"]},{"$i":"hours-until-long","$v":{"few":["o ",{"t":"idOrVar","v":"value"}," hod."],"many":["o ",{"t":"idOrVar","v":"value"}," hod."],"one":"o hodinu","other":["o ",{"t":"idOrVar","v":"value"}," hod."],"two":["o ",{"t":"idOrVar","v":"value"}," hod."],"zero":"teraz"},"$x":[{"t":"idOrVar","v":"plural"},"value"]},{"$i":"days-until-long","$v":{"few":["o ",{"t":"idOrVar","v":"value"}," d."],"many":["o ",{"t":"idOrVar","v":"value"}," d."],"one":"zajtra","other":["o ",{"t":"idOrVar","v":"value"}," d."],"two":["o ",{"t":"idOrVar","v":"value"}," d."],"zero":"dnes"},"$x":[{"t":"idOrVar","v":"plural"},"value"]},{"$i":"weeks-until-long","$v":{"few":["o ",{"t":"idOrVar","v":"value"}," týžd."],"many":["o ",{"t":"idOrVar","v":"value"}," týžd."],"one":"nasl. týždeň","other":["o ",{"t":"idOrVar","v":"value"}," týžd."],"two":["o ",{"t":"idOrVar","v":"value"}," týžd."],"zero":"tento týždeň"},"$x":[{"t":"idOrVar","v":"plural"},"value"]},{"$i":"months-until-long","$v":{"few":["o ",{"t":"idOrVar","v":"value"}," mes."],"many":["o ",{"t":"idOrVar","v":"value"}," mes."],"one":"nasl. mesiac","other":["o ",{"t":"idOrVar","v":"value"}," mes."],"two":["o ",{"t":"idOrVar","v":"value"}," mes."],"zero":"tento mesiac"},"$x":[{"t":"idOrVar","v":"plural"},"value"]},{"$i":"years-until-long","$v":{"few":["o ",{"t":"idOrVar","v":"value"}," rok."],"many":["o ",{"t":"idOrVar","v":"value"}," rok."],"one":"nasl. rok","other":["o ",{"t":"idOrVar","v":"value"}," rok."],"two":["o ",{"t":"idOrVar","v":"value"}," rok."],"zero":"tento rok"},"$x":[{"t":"idOrVar","v":"plural"},"value"]},{"$i":"minutes-ago-short","$v":{"other":["Pred ",{"t":"idOrVar","v":"value"}," m"],"zero":"práve teraz"},"$x":[{"t":"idOrVar","v":"plural"},"value"]},{"$i":"hours-ago-short","$v":{"other":["Pred ",{"t":"idOrVar","v":"value"}," h"],"zero":"práve teraz"},"$x":[{"t":"idOrVar","v":"plural"},"value"]},{"$i":"days-ago-short","$v":{"other":["Pred ",{"t":"idOrVar","v":"value"}," d"],"zero":"dnes"},"$x":[{"t":"idOrVar","v":"plural"},"value"]},{"$i":"minutes-until-short","$v":{"other":["o ",{"t":"idOrVar","v":"value"}," m"],"zero":"teraz"},"$x":[{"t":"idOrVar","v":"plural"},"value"]},{"$i":"hours-until-short","$v":{"other":["o ",{"t":"idOrVar","v":"value"}," h"],"zero":"teraz"},"$x":[{"t":"idOrVar","v":"plural"},"value"]},{"$i":"days-until-short","$v":{"other":["o ",{"t":"idOrVar","v":"value"}," d"],"zero":"dnes"},"$x":[{"t":"idOrVar","v":"plural"},"value"]},{"$i":"incorrectDate","$v":"(nesprávny dátum)"},{"$i":"dateTimeFormat_%c","$v":"%a %b %e %Y %I:%M:%S %p"},{"$i":"dateTimeFormat_%x","$v":"%m/%d/%Y"},{"$i":"dateTimeFormat_%X","$v":"%I:%M:%S %p"},{"$i":"shortTimeFormat","$v":"%I:%M %p"},{"$i":"shortTimeFormat12","$v":"%I:%M %p"},{"$i":"shortTimeFormat24","$v":"%H:%M"},{"$i":"shortDateTimeFormat","$v":"%x %I:%M %p"},{"$i":"weekStartsOnMonday","$v":"0.0"},{"$i":"firstDayOfTheWeek","$v":"1.0"},{"$i":"time_am","$v":"AM"},{"$i":"time_pm","$v":"PM"},{"$i":"title-app","$v":"Povolenie apl."},{"$i":"title-web","$v":"Povolenie web. lokality"},{"$i":"title-cam","$v":"Vybrať fotoaparát"},{"$i":"perm-alarms","$v":"Plánovať alarmy"},{"$i":"perm-audio-capture","$v":"Mikrofón"},{"$i":"perm-audio-capture-appRequest","$v":["Chcete zdieľať mikrofón s ",{"t":"idOrVar","v":"app"},"?"]},{"$i":"perm-audio-capture-webRequest","$v":["Chcete zdieľať mikrofón s ",{"t":"idOrVar","v":"site"},"?"]},{"$i":"perm-audio-channel-content","$v":"Prehrať zvuky"},{"$i":"perm-audio-channel-notification","$v":"Prehrať zvuky upoz."},{"$i":"perm-audio-channel-ringer","$v":"Play Ringtone Sounds"},{"$i":"perm-background-sensors","$v":"Prístup k údajom snímača"},{"$i":"perm-bluetooth","$v":"Bluetooth"},{"$i":"perm-browser","$v":"Skontrol. web. lokality"},{"$i":"perm-camera","$v":"Fotoaparáty"},{"$i":"perm-camera-selector-appRequest","$v":["Vybrať fotoaparát pre ",{"t":"idOrVar","v":"app"},"."]},{"$i":"perm-camera-selector-webRequest","$v":["Vybrať fotoaparát pre ",{"t":"idOrVar","v":"site"},"."]},{"$i":"perm-camera-appRequest","$v":[{"t":"idOrVar","v":"app"}," chce použiť váš fotoaparát."]},{"$i":"perm-camera-webRequest","$v":[{"t":"idOrVar","v":"site"}," chce použiť váš fotoaparát."]},{"$i":"perm-cellbroadcast","$v":"Mob. vysielania"},{"$i":"perm-contacts","$v":"Kontakty"},{"$i":"perm-contacts-appRequest","$v":[{"t":"idOrVar","v":"app"}," žiada o prístup k zoznamu kontaktov."]},{"$i":"perm-contacts-webRequest","$v":[{"t":"idOrVar","v":"site"}," žiada o prístup k zoznamu kontaktov."]},{"$i":"perm-desktop-notification","$v":"Upozornenia"},{"$i":"perm-desktop-notification-appRequest","$v":[{"t":"idOrVar","v":"app"}," chce zobraziť oznámenia."]},{"$i":"perm-desktop-notification-webRequest","$v":[{"t":"idOrVar","v":"site"}," chce zobraziť oznámenia."]},{"$i":"perm-device-storage-apps","$v":"Úložisko aplik."},{"$i":"perm-device-storage-music","$v":"Hud. úložisko"},{"$i":"perm-device-storage-music-appRequest","$v":[{"t":"idOrVar","v":"app"}," žiada o prístup k hudbe."]},{"$i":"perm-device-storage-music-webRequest","$v":[{"t":"idOrVar","v":"site"}," žiada o prístup k hudbe."]},{"$i":"perm-device-storage-pictures","$v":"Úložisko sním."},{"$i":"perm-device-storage-pictures-appRequest","$v":[{"t":"idOrVar","v":"app"}," žiada o prístup k obrázkom."]},{"$i":"perm-device-storage-pictures-webRequest","$v":[{"t":"idOrVar","v":"site"}," žiada o prístup k obrázkom."]},{"$i":"perm-device-storage-sdcard","$v":"Úložisko pam. karty"},{"$i":"perm-device-storage-sdcard-appRequest","$v":[{"t":"idOrVar","v":"app"}," žiada o prístup k pamäťovej karte."]},{"$i":"perm-device-storage-sdcard-webRequest","$v":[{"t":"idOrVar","v":"site"}," žiada o prístup k pamäťovej karte."]},{"$i":"perm-device-storage-videos","$v":"Úložisko videí"},{"$i":"perm-device-storage-videos-appRequest","$v":[{"t":"idOrVar","v":"app"}," žiada o prístup k videám."]},{"$i":"perm-device-storage-videos-webRequest","$v":[{"t":"idOrVar","v":"site"}," žiada o prístup k videám."]},{"$i":"perm-fullscreen-appRequest","$v":[{"t":"idOrVar","v":"app"}," je teraz na celú obrazovku."]},{"$i":"perm-fullscreen-webRequest","$v":[{"t":"idOrVar","v":"site"}," je teraz na celú obrazovku."]},{"$i":"perm-embed-apps","$v":"Vložiť aplikácie"},{"$i":"perm-fmradio","$v":"FM rádio"},{"$i":"perm-fmradio-appRequest","$v":[{"t":"idOrVar","v":"app"}," chce použiť FM rádio."]},{"$i":"perm-fmradio-webRequest","$v":[{"t":"idOrVar","v":"site"}," chce použiť FM rádio."]},{"$i":"perm-geolocation","$v":"Geolokácia"},{"$i":"perm-geolocation-appRequest","$v":[{"t":"idOrVar","v":"app"}," chce poznať vašu polohu."]},{"$i":"perm-geolocation-more-info","$v":[{"t":"idOrVar","v":"brandShortName"}," používa GPS a ďalšie doplnkové informácie, ako je Wi-Fi a mobilné siete na približné určenie vašej polohy. Údaje o polohe môže ",{"t":"idOrVar","v":"brandShortName"}," a poskytovatelia služieb využiť na zlepšenie presnosti a pokrytie databáz polôh.",{"t":"idOrVar","v":"brandShortName"}," si vždy vyžiada povolenie, keď aplikácia potrebuje prístup k polohe vášho zariadenia."]},{"$i":"perm-geolocation-webRequest","$v":[{"t":"idOrVar","v":"site"}," chce poznať vašu polohu."]},{"$i":"perm-idle","$v":"Zobr. stav nečinn."},{"$i":"perm-indexedDB-chrome-settings","$v":"Privilegovaná index. DB"},{"$i":"perm-indexedDB-unlimited","$v":"Neobmedz. úložisko IndexedDB"},{"$i":"perm-input-manage","$v":"Spravovať klávesnice"},{"$i":"perm-input","$v":"Bežať ako klávesnica"},{"$i":"perm-media-capture","$v":"Fotoaparát a mikrofón"},{"$i":"perm-media-capture-appRequest","$v":["Chcete zdieľať fotoaparát a mikrofón s ",{"t":"idOrVar","v":"app"},"?"]},{"$i":"perm-media-capture-webRequest","$v":["Chcete zdieľať fotoaparát a mikrofón s ",{"t":"idOrVar","v":"site"},"?"]},{"$i":"perm-mobileconnection","$v":"Mobilné pripojenie"},{"$i":"perm-mobileid","$v":"Mob. identita"},{"$i":"perm-network-events","$v":"Udalosti siete"},{"$i":"perm-open-remote-window","$v":"Spustiť aplikáciu"},{"$i":"perm-permissions","$v":"Upraviť povolenia apl."},{"$i":"perm-power","$v":"Nast. napájania"},{"$i":"perm-settings","$v":"Upraviť nastavenia"},{"$i":"perm-systemXHR","$v":"Žiadosti s rôzn. pôvodom"},{"$i":"perm-telephony","$v":"Telefonovanie"},{"$i":"perm-video-capture","$v":"Fotoaparát"},{"$i":"perm-video-capture-appRequest","$v":["Chcete zdieľať fotoaparát s ",{"t":"idOrVar","v":"app"},"?"]},{"$i":"perm-video-capture-webRequest","$v":["Chcete zdieľať fotoaparát s ",{"t":"idOrVar","v":"site"},"?"]},{"$i":"perm-voicemail","$v":"Ovlád. hlas. pošty"},{"$i":"perm-webapps-manage","$v":"Inštal.web. apl."},{"$i":"perm-wifi-manage","$v":"Spravovať Wi-Fi"},{"$i":"perm-attention","$v":"Otvoriť kont. okná prekr."},{"$i":"perm-audio-channel-alarm","$v":"Prehrať zvuky alarmu"},{"$i":"perm-audio-channel-normal","$v":"Prehrať zvuky"},{"$i":"perm-audio-channel-publicnotification","$v":"Prehrať zvuky verej. upoz."},{"$i":"perm-audio-channel-telephony","$v":"Prehrať zvuky telef."},{"$i":"perm-backgroundservice","$v":"Bežať ako služba na pozadí"},{"$i":"perm-device-storage-crashes","$v":"Úložisko dát o zlyhaní"},{"$i":"perm-downloads","$v":"Prístup k stiahn. súborom"},{"$i":"perm-embed-widgets","$v":"Vložiť miniaplik."},{"$i":"perm-feature-detection","$v":"Detekcia funkcie"},{"$i":"perm-firefox-accounts","$v":"Účty Firefox"},{"$i":"perm-mobilenetwork","$v":"Mobilná sieť"},{"$i":"perm-moz-attention","$v":"Otvoriť kont. okná prekr. (moz)"},{"$i":"perm-moz-audio-channel-ringer","$v":"Play Ringtone Sounds (moz)"},{"$i":"perm-moz-audio-channel-telephony","$v":"Prehrať zvuky telef. (moz)"},{"$i":"perm-moz-firefox-accounts","$v":"Účty Firefox (moz)"},{"$i":"perm-networkstats-manage","$v":"Ovlád. štat. používania"},{"$i":"perm-nfc","$v":"NFC"},{"$i":"perm-nfc-hci-events","$v":"Udalosti HCI NFC"},{"$i":"perm-nfc-manager","$v":"Spravovať NFC"},{"$i":"perm-phonenumberservice","$v":"Služba tel. čísla"},{"$i":"perm-push","$v":"Vyžiadať API"},{"$i":"perm-resourcestats-manage","$v":"Štat. zdrojov"},{"$i":"perm-sms","$v":"Poslať a prečítať SMS"},{"$i":"perm-speaker-control","$v":"Ovlád. hlasitosti"},{"$i":"perm-storage","$v":"Prístup k úložisku"},{"$i":"perm-tcp-socket","$v":"Zásuvky TCP"},{"$i":"perm-test-permission","$v":"Test Permission"},{"$i":"perm-time","$v":"Nastaviť dátum a čas"},{"$i":"perm-udp-socket","$v":"Zásuvky UDP"},{"$i":"perm-wappush","$v":"Push správa WAP"},{"$i":"stopped_download_title","$v":"Sťahovanie zastavené"},{"$i":"tcl-stopped_download_message","$v":"Toto sťahovanie bolo zastavené. Chcete v ňom pokračovať?"},{"$i":"stopped_download_left_button","$v":"Zrušiť"},{"$i":"stopped_download_right_button","$v":"Skúsiť znova"},{"$i":"failed_download_title","$v":"Sťahovanie nebolo úspešné"},{"$i":"failed_download_message","$v":["Sťahovanie (",{"t":"idOrVar","v":"name"},") zlyhalo. Skúsiť znova?"]},{"$i":"failed_download_left_button","$v":"Zrušiť"},{"$i":"failed_download_right_button","$v":"Skúsiť znova"},{"$i":"stop_download_title","$v":"Zastaviť sťahovanie"},{"$i":"stop_download_message","$v":"Naozaj chcete zastaviť sťahovanie?"},{"$i":"stop_download_left_button","$v":"Zrušiť"},{"$i":"stop_download_right_button","$v":"Zastaviť"},{"$i":"delete_download_title","$v":"Vymazať"},{"$i":"delete_download_message","$v":["Vymazať „",{"t":"idOrVar","v":"name"},"“?"]},{"$i":"delete_download_left_button","$v":"Zrušiť"},{"$i":"delete_download_right_button","$v":"Vymazať"},{"$i":"delete_all_download_title","$v":"Vymazať"},{"$i":"delete_all_download_left_button","$v":"Zrušiť"},{"$i":"delete_all_download_right_button","$v":"Vymazať"},{"$i":"delete_all_download_message_ext","$v":"Zmazať označené súbory?"},{"$i":"delete_all_download_message","$v":{"few":["Vymazať súbory (",{"t":"idOrVar","v":"number"},")?"],"many":["Vymazať súbory (",{"t":"idOrVar","v":"number"},")?"],"one":"Vymazať 1 súbor?","other":["Vymazať súbory (",{"t":"idOrVar","v":"number"},")?"],"two":["Vymazať súbory (",{"t":"idOrVar","v":"number"},")?"],"zero":"Nevymazať žiadne súb.?"},"$x":[{"t":"idOrVar","v":"plural"},"number"]},{"$i":"unsupported_file_type_download_title","$v":"Nedá sa otvoriť"},{"$i":"unsupported_file_type_download_message","$v":["Žiadna aplikácie nedokáže otvoriť ",{"t":"idOrVar","v":"name"},". Chcete súbor uložiť alebo vymazať?"]},{"$i":"unsupported_file_type_download_left_button","$v":"Pon. súb."},{"$i":"unsupported_file_type_download_right_button","$v":"Vymazať"},{"$i":"file_not_found_download_title","$v":"Súbor sa nenašiel"},{"$i":"file_not_found_download_message","$v":"Súbor sa na zariadení nenašiel"},{"$i":"file_not_found_download_right_button","$v":"OK"},{"$i":"unmounted_sdcard_2_download_title","$v":"Pamäť. karta sa používa"},{"$i":"unmounted_sdcard_2_download_message","$v":"Odpojte telefón"},{"$i":"unmounted_sdcard_2_download_right_button","$v":"OK"},{"$i":"no_provider_download_title","$v":"Nedá sa otvoriť"},{"$i":"no_provider_download_message","$v":"Tento formát súboru je neplatný alebo nepodporovaný."},{"$i":"no_provider_download_right_button","$v":"OK"},{"$i":"no_memory_download_title","$v":"Karta SD je plná"},{"$i":"no_memory_download_message","$v":"Na karte už nie je miesto na uloženie stiahn. súboru. Odstráňte niekt. súbory a skúste stiahnuť znova."},{"$i":"no_memory_download_right_button","$v":"OK"},{"$i":"no_sdcard_found_2_download_title","$v":"Žiad. nájd. pam. karta"},{"$i":"no_sdcard_found_2_download_message","$v":"Vložte pamäť. kartu alebo vyberte alt. predvol. lok. médií v nast."},{"$i":"no_sdcard_found_2_download_right_button","$v":"OK"},{"$i":"file_open_error_download_title","$v":"Potvrdenie"},{"$i":"file_open_error_download_message","$v":"Tento formát súboru je neplatný alebo nepodporovaný. Chcete súbor vymazať?"},{"$i":"file_open_error_download_left_button","$v":"Pon. súb."},{"$i":"file_open_error_download_right_button","$v":"Vymazať"},{"$i":"restart_download_error","$v":"Vyskytla sa chyba pri reštartovaní sťahovania. Skúste stiahnuť znova."},{"$i":"no-downloads","$v":"Nič stiahnuté"},{"$i":"percentage","$v":[{"t":"idOrVar","v":"percentage"}," %"]},{"$i":"partialResult","$v":[{"t":"idOrVar","v":"partial"},"/",{"t":"idOrVar","v":"total"}]},{"$i":"summary","$v":[{"t":"idOrVar","v":"date"}," – ",{"t":"idOrVar","v":"status"}]},{"$i":"download-stopped","$v":"Zastavené"},{"$i":"download-failed","$v":"Sťahovanie nebolo úspešné"},{"$i":"open_downloaded_file","$v":"Otvoriť"},{"$i":"share_downloaded_file","$v":"Zdieľať"},{"$i":"wallpaper_downloaded_file","$v":"Nastaviť ako tapetu"},{"$i":"ringtone_downloaded_file","$v":"Nastaviť ako zvonenie"},{"$i":"cancel_downloaded_file","$v":"Zrušiť"},{"$i":"voicemailNoNumberTitle","$v":"Číslo hlas. schránky je nedostupné"},{"$i":"voicemailNoNumberText","$v":"Nedá sa zavolať do hlas. schránky. Nastavte číslo hlas. schránky na uskutočnenie hovoru."},{"$i":"voicemailNoNumberSettings","$v":"Nastavenia"},{"$i":"voicemailNoNumberCancel","$v":"Zrušiť"},{"$i":"airplaneMode","$v":"Rež. Lietadlo"},{"$i":"noNetwork","$v":"Žiadna sieť"},{"$i":"roaming","$v":[{"t":"idOrVar","v":"operator"}," (Roaming)"]},{"$i":"operator-info","$v":[{"t":"idOrVar","v":"carrier"}," ",{"t":"idOrVar","v":"region"}]},{"$i":"emergencyCallsOnly","$v":"Iba núdzové hovory"},{"$i":"emergencyCallsOnly-unknownSIMState","$v":"(neznámy stav karty SIM)"},{"$i":"emergencyCallsOnly-noSIM","$v":"(žiadna SIM)"},{"$i":"emergencyCallsOnly-pinRequired","$v":"(Vyžaduje sa PIN karty SIM)"},{"$i":"emergencyCallsOnly-pukRequired","$v":"(Vyžaduje sa PUK karty SIM)"},{"$i":"emergencyCallsOnly-networkLocked","$v":"(sieť zamknutá)"},{"$i":"emergencyCallsOnly-serviceProviderLocked","$v":"(poskytovateľ služby zamknutý)"},{"$i":"emergencyCallsOnly-corporateLocked","$v":"(zamknuté firmou)"},{"$i":"emergencyCallsOnly-network1Locked","$v":"(sieť 1 zamknutá)"},{"$i":"emergencyCallsOnly-network2Locked","$v":"(sieť 2 zamknutá)"},{"$i":"emergencyCallsOnly-hrpdNetworkLocked","$v":"(sieť hrpd zamknutá)"},{"$i":"emergencyCallsOnly-ruimCorporateLocked","$v":"(ruim zamknuté firmou)"},{"$i":"emergencyCallsOnly-ruimServiceProviderLocked","$v":"(poskytovateľ sl. ruim zamknutý)"},{"$i":"lockscreen-sim-id","$v":["SIM ",{"t":"idOrVar","v":"n"}]},{"$i":"charging-no-time","$v":["Stav nabitia: ",{"t":"idOrVar","v":"level"}," %"]},{"$i":"charging-minutes","$v":{"few":["Stav nabitia: ",{"t":"idOrVar","v":"level"}," % (",{"t":"idOrVar","v":"minutes"}," min do úplného nabitia)"],"many":["Stav nabitia: ",{"t":"idOrVar","v":"level"}," % (",{"t":"idOrVar","v":"minutes"}," min do úplného nabitia)"],"one":["Stav nabitia: ",{"t":"idOrVar","v":"level"}," % (",{"t":"idOrVar","v":"minutes"}," min do úplného nabitia)"],"other":["Stav nabitia: ",{"t":"idOrVar","v":"level"}," % (",{"t":"idOrVar","v":"minutes"}," min do úplného nabitia)"],"two":["Stav nabitia: ",{"t":"idOrVar","v":"level"}," % (",{"t":"idOrVar","v":"minutes"}," min do úplného nabitia)"],"zero":["Stav nabitia: ",{"t":"idOrVar","v":"level"}," % (",{"t":"idOrVar","v":"minutes"}," min do úplného nabitia)"]},"$x":[{"t":"idOrVar","v":"plural"},"minutes"]},{"$i":"charging-hours","$v":{"few":["Stav nabitia: ",{"t":"idOrVar","v":"level"}," % (",{"t":"idOrVar","v":"hours"},"h ",{"t":"idOrVar","v":"minutes"}," min do úplného nabitia)"],"many":["Stav nabitia: ",{"t":"idOrVar","v":"level"}," % (",{"t":"idOrVar","v":"hours"},"h ",{"t":"idOrVar","v":"minutes"}," min do úplného nabitia)"],"one":["Stav nabitia: ",{"t":"idOrVar","v":"level"}," % (",{"t":"idOrVar","v":"hours"},"h ",{"t":"idOrVar","v":"minutes"}," min do úplného nabitia)"],"other":["Stav nabitia: ",{"t":"idOrVar","v":"level"}," % (",{"t":"idOrVar","v":"hours"},"h ",{"t":"idOrVar","v":"minutes"}," min do úplného nabitia)"],"two":["Stav nabitia: ",{"t":"idOrVar","v":"level"}," % (",{"t":"idOrVar","v":"hours"},"h ",{"t":"idOrVar","v":"minutes"}," min do úplného nabitia)"],"zero":["Stav nabitia: ",{"t":"idOrVar","v":"level"}," % (",{"t":"idOrVar","v":"hours"},"h ",{"t":"idOrVar","v":"minutes"}," min do úplného nabitia)"]},"$x":[{"t":"idOrVar","v":"plural"},"minutes"]},{"$i":"network-error-in-app","$v":"Bez aktuáln. prístupu k internetu."},{"$i":"network-error-launching","$v":[{"t":"idOrVar","v":"name"}," vyžaduje pripojenie k internetu."]},{"$i":"network-error-launching-title","$v":"Žiad. internet. pripojenie"},{"$i":"network-error-launching-message","$v":"Použiť Wi-Fi alebo mob. dáta na prístup k internetu."},{"$i":"server-not-found","$v":"Server sa nenašiel"},{"$i":"server-not-found-error","$v":["Nemožno nájsť server na ",{"t":"idOrVar","v":"name"},"."]},{"$i":"file-not-found","$v":"Súbor sa nenašiel"},{"$i":"file-not-found-error","$v":"Zariadenie nemôže zobr. túto stránku, lebo nie je možné nájsť súbor."},{"$i":"connection-failed","$v":"Pripojenie neúspešné"},{"$i":"connection-failed-error","$v":"Pri pokuse o spojenie s lokalitou došlo k chybe siete."},{"$i":"invalid-connection","$v":"Pripojenie neúspešné"},{"$i":"invalid-connection-error","$v":"Pri pokuse o spojenie s lokalitou došlo k chybe siete."},{"$i":"malformed-uri","$v":"URL neplatná"},{"$i":"malformed-uri-error","$v":"Zadaná adresa URL je neplatná a nedá sa načítať."},{"$i":"redirect-loop","$v":"Nemožno zobraziť stránku"},{"$i":"redirect-loop-error","$v":"Zariadenie nemôže zobr. túto stránku, lebo nie je správne presmerovaná. Skúste túto stránku znova neskôr."},{"$i":"not-cached","$v":"Stránka vypršala"},{"$i":"not-cached-error","$v":"V rámci bezpečn. opatrení nemôže zar. túto stránku zobraziť, lebo jej platnosť vypršala."},{"$i":"is-printing","$v":"Zamietnuté"},{"$i":"is-printing-error","$v":"Dokument nie je možné upraviť počas tlače alebo zobrazenia náhľadu tlače."},{"$i":"denied-port-access","$v":"Adresa obmedzená"},{"$i":"denied-port-access-error","$v":"Táto adresa používa sieť. port, ktorý sa bežne používa na iné účely než surfovanie na internete. Zariadenie zrušilo požiadavku na vašu ochranu."},{"$i":"proxy-resolve-failure","$v":"Chyba servera Proxy"},{"$i":"proxy-resolve-failure-error","$v":"Zariadenie je nakonfig. na použitie serveru proxy, ktorý nie je možné nájsť."},{"$i":"proxy-connect-failure","$v":"Chyba servera Proxy"},{"$i":"proxy-connect-failure-error","$v":"Zariadenie je nakonfig. na použitie serveru proxy, ktorý odmieta pripojenia."},{"$i":"content-encoding","$v":"Nemožno zobr. stránku"},{"$i":"content-encoding-error","$v":"Zariadenie nemôže zobr. túto stránku, lebo došlo k chybe kódovania obsahu."},{"$i":"remote-xul","$v":"Stránka nepodpor."},{"$i":"remote-xul-error","$v":"Stránku nie je možné zobraziť, lebo používa technológiu, ktorú zariadenie nepodporuje."},{"$i":"phishing-blocked","$v":"Výstraha"},{"$i":"phishing-blocked-error","$v":"Web. lokalita bola nahlásená ako podvodný web navrhnutý na oklamanie používateľov na získanie osobných alebo finančných informácií."},{"$i":"malware-blocked","$v":"Útok malware zablokovaný"},{"$i":"malware-blocked-error","$v":"Lokalita je nahlásená ako lokalita s útokmi. Zariadenie zablokovalo žiadosť, na vašu ochranu."},{"$i":"unsafe-content-type","$v":"Nebezpečný obsah"},{"$i":"unsafe-content-type-error","$v":"Stránku nie je možné zobraziť, lebo jej otvorenie nemusí byť bezpečné."},{"$i":"corrupted-content","$v":"Pripojenie neúspešné"},{"$i":"corrupted-content-error","$v":"Stránku nie je možné zobraziť, lebo sa pri prenose dát zistila chyba."},{"$i":"unknown-protocol-found","$v":"Stránka nepodpor."},{"$i":"unknown-protocol-found-error","$v":"Stránku nemožno zobraziť, lebo používa tech., kt. zar. nepodporuje."},{"$i":"try-again","$v":"Skúsiť znova"},{"$i":"check-settings","$v":"Skontrol. nastav."},{"$i":"firefox-accounts-title","$v":"Účty KaiOS"},{"$i":"firefox-accounts-title-sign-in","$v":"Prihlásenie"},{"$i":"firefox-accounts-title-create-account","$v":"Vytvoriť účet"},{"$i":"kaios-accounts-title-about-kaios-account","$v":"O účte KaiOS"},{"$i":"kaios-accounts-phone-verification","$v":"Overenie telefónu"},{"$i":"kaios-accounts-title-account-info","$v":"Informácie o účte"},{"$i":"fxa-next","$v":"Ďalej"},{"$i":"fxa-back","$v":"Späť"},{"$i":"fxa-done","$v":"Hotovo"},{"$i":"fxa-ok","$v":"OK"},{"$i":"tcl-changessaved","$v":"Zmeny uložené"},{"$i":"tcl-verification-mail-has-been-sent","$v":"Overovací odkaz bol odoslaný adresátovi"},{"$i":"fxa-decline","$v":"Odmietnuť"},{"$i":"fxa-accept","$v":"Prijať"},{"$i":"fxa-sining-in","$v":"Prihlasujem..."},{"$i":"not-now","$v":"Teraz nie"},{"$i":"send-sms","$v":"Poslať SMS"},{"$i":"resend-sms","$v":"Znova poslať SMS"},{"$i":"fxa-connection-error-title","$v":"Pripojenie neúspešné"},{"$i":"fxa-connection-error-message","$v":"Môžete vytvoriť účet alebo sa prihlásiť v Nastaveniach."},{"$i":"fxa-reset-password-error-title","$v":"Obnoviť heslo"},{"$i":"fxa-reset-password-error-message","$v":"Heslo môžete vynulovať z Nastavení."},{"$i":"fxa-incorrect-email-address-or-password","$v":"fxa incorrect email address or password"},{"$i":"fxa-internet-connection-is-required","$v":"vyžaduje sa internet. pripojenie"},{"$i":"fxa-server-error","$v":"Chyba servera. Skúste znova neskôr."},{"$i":"fxa-server-error-2","$v":"Chyba"},{"$i":"fxa-server-error-message","$v":"Nebolo možné vytv. účet. Skúste to znova neskôr."},{"$i":"fxa-server-error-message-2","$v":"Server je nedostupný. Skúste znova neskôr."},{"$i":"fxa-offline-error-title","$v":"Pripojenie neúspešné"},{"$i":"fxa-offline-error-message","$v":"Pripojte sa k sieti cez Nastavenia."},{"$i":"fxa-offline-error-message-1","$v":"Žiad. internet. pripojenie."},{"$i":"fxa-invalid-email-title","$v":"Chyba"},{"$i":"fxa-invalid-email-message","$v":"Zadajte platný e-mail."},{"$i":"fxa-invalid-password-title","$v":"Chyba"},{"$i":"fxa-invalid-password-message","$v":"Nesprávny e-mail alebo heslo"},{"$i":"fxa-invalid-password-message-1","$v":"Nesprávne heslo."},{"$i":"fxa-unknown-error-title","$v":"Pripojenie neúspešné"},{"$i":"fxa-unknown-error-message","$v":"Syst. nedostupný, skúste znova o chvíľu."},{"$i":"fxa-email-is-taken-title","$v":"Chyba"},{"$i":"fxa-email-is-taken-message","$v":"Tento e-mail už má existujúci účet. Prihláste sa doň."},{"$i":"fxa-confirm-age-title","$v":"Chyba"},{"$i":"fxa-confirm-age-message","$v":"Potvrďte vek min. 13 rokov"},{"$i":"fxa-account-does-not-exist","$v":"Chyba"},{"$i":"fxa-account-does-not-exist-message","$v":"Nesprávny e-mail alebo heslo"},{"$i":"fxa-account-does-not-exist-message-1","$v":"Account does not exist."},{"$i":"fxa-password-dont-match","$v":"Chyba"},{"$i":"fxa-password-dont-match-message","$v":"Heslá sa nezhodujú."},{"$i":"fxa-password-less","$v":"Chyba"},{"$i":"fxa-password-less-message","$v":"Heslo má menej než 8 znakov."},{"$i":"fxa-password-less-message-1","$v":"Heslo má menej než 8 znakov."},{"$i":"fxa-password-more","$v":"Chyba"},{"$i":"fxa-password-more-message","$v":"Heslo má viac než 20 znakov."},{"$i":"fxa-password-more-message-1","$v":"Heslo má viac než 20 znakov."},{"$i":"fxa-password-error","$v":"Chyba"},{"$i":"fxa-password-error-message","$v":"Heslo musí mať 8 až 20 zn. (komb. písmen a číslic)."},{"$i":"fxa-connecting","$v":"Pripájanie"},{"$i":"fxa-enter-phone-number-message","$v":"Zadajte svoje telefónne číslo. Odošle sa SMS a spustí sa proces automatického overenia."},{"$i":"fxa-sms-has-been-sent-message","$v":"SMS bola odoslaná. Po prijatí sa spustí proces automatického overenia. Vy už môžete len relaxovať!"},{"$i":"fxa-time-remaining","$v":"Zostávajúci čas:"},{"$i":"fxa-sms-verification-failed-message","$v":"SMS overenie zlyhalo. Skontrolujte svoje tel. číslo a stlačte možnosť „Znova poslať SMS“."},{"$i":"fxa-phone-number-label","$v":"Telefónne číslo"},{"$i":"fxa-enter-your-infomation","$v":"Zadajte informácie."},{"$i":"fxa-birthday-label","$v":"Narodeniny"},{"$i":"fxa-birthday-select","$v":"Vybrať"},{"$i":"fxa-gender-label","$v":"Pohlavie"},{"$i":"fxa-gender-select","$v":"Vybrať"},{"$i":"fxa-gender-male","$v":"Muž"},{"$i":"fxa-gender-female","$v":"Žena"},{"$i":"fxa-gender-confidential","$v":"Dôverné"},{"$i":"fxa-enter-email-input","placeholder":"Zadajte svoj e-mail"},{"$i":"fxa-use-email-to-sign-in","$v":"Zadajte e-mail. Váš e-mail bude názvom vášho účtu."},{"$i":"fxa-notice","$v":["Pokračovaním súhlasíte s dok. ",{"t":"idOrVar","v":"tos"}," a ",{"t":"idOrVar","v":"pn"}," cloudových služieb KaiOS."]},{"$i":"fxa-placeholder","$v":"Tu zadajte e-mail"},{"$i":"fxa-tos","$v":"Podmienky služby"},{"$i":"fxa-pn","$v":"Ozn. o ochr. s. úd."},{"$i":"fxa-create-account-title","$v":"Vytvoriť účet"},{"$i":"fxa-show-age-title","$v":"Mám viac ako 13 rokov"},{"$i":"fxa-enter-password-title","$v":"Zadajte heslo. Musí mať 8 až 20 znakov a obsahovať písmená aj čísla."},{"$i":"fxa-enter-password-title-1","$v":"Zadajte heslo. Musí mať 8 až 20 znakov a obsahovať písmená aj čísla."},{"$i":"fxa-setup-password-title","$v":"Nastaviť heslo"},{"$i":"fxa-create-password-title","$v":"Vytvorte heslo"},{"$i":"fxa-hello-user","$v":["Ahoj, ",{"t":"idOrVar","v":"email"}]},{"$i":"fxa-password-refresh","$v":"Zadajte heslo účtu KaiOS, ak chcete pokračovať."},{"$i":"fxa-password","$v":"Heslo","placeholder":"Heslo"},{"$i":"fxa-forgot-your-password","$v":"Zabudli ste heslo?"},{"$i":"fxa-show-password","$v":"Zobraziť heslo"},{"$i":"fxa-password-length-requirement","$v":"Vaše heslo musí obsahovať aspoň 8 znakov."},{"$i":"fxa-confirm-account","$v":"Potvrďte účet"},{"$i":"fxa-will-send-email","$v":"Váš účet bol vytvorený."},{"$i":"fxa-signup-click-verification-link-in-email","$v":["Na adresu ",{"t":"idOrVar","v":"email"}," sme odoslali potvrdzovací e-mail. Pozrite si doručenú poštu a aktivujte si účet."]},{"$i":"fxa-access-manage-account-settings","$v":"Aktivačný odkaz vyprší do 24 hod."},{"$i":"fxa-signup-success-title","$v":"Účet vytvorený"},{"$i":"about-kaios-account-text","$v":"Lorem ipsum dolor sit amet, con-sectetur adipiscing elit, sed do eiusmod tempor incididunt ut labore et dolore magna aliqua. Ut enim ad minim veniam, quis nos-trud exercitation ullamco laboris nisi ut aliquip ex ea commodo consequat. Duis aute irure dolor in reprehenderit in voluptate velit esse cillum dolore eu fugiat nulla pariatur. Excepteur sint occaecat cupidatat non proident, sunt in culpa qui officia deserunt mollit anim id est laborum."},{"$i":"about-kaios-account-text1","$v":"Účet KaiOS poskytuje autentifik. služieb systému KaiOS. Účet identifikuje používateľa a zariadenie a umožňuje prístup k funkciám ako vzdialená správa zariadení a dodatočné služby."},{"$i":"about-kaios-account-text2","$v":"Vytvorenie účtu vyžaduje e-mailovú adresu a heslo. Používateľ musí overiť e-mailovú adresu pomocou e-mail. odkazu poslaného počas vytvár. účtu. Účet nebude aktivovaný, kým neoveríte e-mailovú adresu."},{"$i":"about-kaios-account-text3","$v":"Pokračovaním v tvorbe účtu súhlasíte s podm. a vyhlás. o ochr. súkromia."},{"$i":"fxa-signin-email","$v":"Názov účtu"},{"$i":"fxa-signin-password","$v":"Heslo"},{"$i":"fxa-signin-success-title","$v":"Váš účet"},{"$i":"fxa-signin-lsk","$v":"Zabudnuté heslo"},{"$i":"fxa-signin-rsk","$v":"Prihlásenie"},{"$i":"fxa-change-password-title","$v":"Zmeniť heslo"},{"$i":"fxa-change-password-description","$v":"Zadajte súčasné heslo a nastavte nové."},{"$i":"fxa-new-password","$v":"Nové heslo"},{"$i":"fxa-changing-password","$v":"Zmena hesla..."},{"$i":"fxa-forgot-password-title","$v":"Zabudnuté heslo"},{"$i":"fxa-forgot-password","$v":"zabudnuté heslo"},{"$i":"fxa-forgot-password-sk","$v":"Zabudnuté heslo"},{"$i":"fxa-forgot-password-success-title","$v":"E-mail pre obn. hesla odosl."},{"$i":"fxa-reset-password-succcess-content","$v":"E-mail na obnovenie hesla bol poslaný na váš e-mail."},{"$i":"fxa-reset-password-succcess-content-part2","$v":"Skontrolujte si doruč. poštu e-mailu a obnovte heslo."},{"$i":"fxa-sign-out-title","$v":"Ochr. pred krád. je zap."},{"$i":"fxa-sign-out-intro","$v":"potvrďte vypnutie ochrany proti krádeži a odhláste sa."},{"$i":"fxa-sign-out-intro-1","$v":"Potvrďte vypnutie režimu ochrany proti krádeži a odhláste sa."},{"$i":"fxa-signout-email","$v":"Váš účet"},{"$i":"fxa-confirm-password","$v":"Potvrdiť heslo"},{"$i":"fxa-signing-out","$v":"Odhlasujem..."},{"$i":"fxa-sign-out-error-title","$v":"Chyba"},{"$i":"fxa-sign-out-error-message","$v":"Odhlásenie z účtu neúspešné. Skúste znova neskôr"},{"$i":"fxa-sign-out-error-message-1","$v":"Odhlásenie z účtu neúspešné. Skúste znova neskôr."},{"$i":"fxa-connection-is-required-title","$v":"Chyba"},{"$i":"fxa-connection-is-required-message","$v":"Vyžaduje sa internet. pripojenie"},{"$i":"fxa-check-password-title","$v":"Vypnúť ochr. pred krádežu"},{"$i":"fxa-disable-antitheft-checkpassword-message","$v":"Potvrďte vypnutie ochrany proti krádeži."},{"$i":"fxa-reset-factory-checkpassword-message","$v":"Na obnovenie zariadenia musíte zadať heslo a zakázať ochranu proti krádeži."},{"$i":"fxa-reset-factory-checkpassword-message-1","$v":"Na obnovenie zariadenia musíte zadať heslo a zakázať režim ochrany proti krádeži."},{"$i":"fxa-enter-email-to-reset-password","$v":"Zadajte e-mail účtu. Pošleme vám naň odkaz na obnovenie hesla."},{"$i":"fxa-enter-email-to-reset-password-1","$v":"Zadajte e-mail účtu. Pošleme vám naň odkaz na obnovenie hesla."},{"$i":"fxa-account-not-found","$v":"Účet nebol nájdený. Skúste to znova."},{"$i":"fxa-multiple-sign-in-attempts-title","$v":"Viac pokusov o prihlás."},{"$i":"fxa-multiple-sign-in-attempts-content","$v":"Niekoľkokrát ste zadali nesprávne heslo."},{"$i":"fxa-multiple-sign-in-attempts-content-1","$v":"Niekoľkokrát ste zadali nesprávne heslo."},{"$i":"fxa-multiple-sign-in-attempts-content-retry","$v":"Skúste znova neskôr"},{"$i":"shortDateFormat","$v":"%B %d, %Y"}]