[{"$i":"brandShortName","$v":"KaiOS"},{"$i":"browserBrandShortName","$v":"Web Browser"},{"$i":"browserBrandFullName","$v":"Mozilla Web Browser"},{"$i":"ringtoneBrandName","$v":"Default"},{"$i":"ringtoneSectionBrandName","$v":"System"},{"$i":"ok","$v":"OK"},{"$i":"back","$v":"Prapa"},{"$i":"help","$v":"Ndihmë"},{"$i":"cancel","$v":"Anulo"},{"$i":"close","$v":"Mbyll"},{"$i":"skip","$v":"Anashkalo"},{"$i":"enable","$v":"Aktivizo"},{"$i":"turnOn","$v":"Aktivizo"},{"$i":"save","$v":"Ruaj"},{"$i":"select","$v":"Zgjidh"},{"$i":"deselect","$v":"Çzgjidh"},{"$i":"go","$v":"Shko"},{"$i":"search","$v":"Kërko"},{"$i":"options","$v":"Opsionet"},{"$i":"exit","$v":"Dil"},{"$i":"signIn","$v":"Identifikohu"},{"$i":"dismiss","$v":"Anulo"},{"$i":"dismiss-all","$v":"Anulo të gjitha"},{"$i":"undo","ariaLabel":"Zhbëj"},{"$i":"lockscreenEnterLockCode","$v":"Jep kodin 4-shifror"},{"$i":"lockscreenCheckLockCode","$v":"Kod i pavlefshëm. Provo sërish."},{"$i":"lockscreenDeviceLocked","$v":"Pajisja është e bllokuar, rifuteni pas 30 sekondash."},{"$i":"pocketmodeLongPress","$v":"Rrëshqit ose shtyp"},{"$i":"pocketmodeToUnlock","$v":"për të shkyçur"},{"$i":"enterPIN","$v":"Jep kodin 6-shifror për të shkyçur"},{"$i":"mediaPlaybackTrack","$v":"Titulli dhe artisti i këngës"},{"$i":"mediaPlaybackControls","$v":"Komandat e luajtjes"},{"$i":"mediaPlaybackPrevious","$v":"Përpara"},{"$i":"mediaPlaybackPlay","$v":"Luaj"},{"$i":"mediaPlaybackPause","$v":"Pezullo"},{"$i":"mediaPlaybackNext","$v":"Tjetër"},{"$i":"UnknownTrack","$v":"Këngë e panjohur"},{"$i":"wifiButton-on","$v":"Wi-Fi\" aktive"},{"$i":"wifiButton-on-initializing","$v":"Wi-Fi\" aktive, po fillon"},{"$i":"wifiButton-off","$v":"Wi-Fi\" joaktive"},{"$i":"dataButton-on","$v":["Të dhënat ",{"t":"idOrVar","v":"type"}," akt."]},{"$i":"dataButton-off","$v":["Të dhënat ",{"t":"idOrVar","v":"type"}," joakt."]},{"$i":"bluetoothButton-on","$v":"Bluetooth aktiv"},{"$i":"bluetoothButton-on-initializing","$v":"Bluetooth\" ndezur, po niset"},{"$i":"bluetoothButton-off","$v":"Bluetooth joaktiv"},{"$i":"airplaneMode-on","$v":"Modaliteti i fluturimit aktiv"},{"$i":"airplaneMode-off","$v":"Modaliteti i fluturimit joaktiv"},{"$i":"airplaneOff","$v":"Çaktivizo modalitetin e fluturimit"},{"$i":"settingsButton","ariaLabel":"Cilësimet"},{"$i":"simLabel","$v":["SIM ",{"t":"idOrVar","v":"id"}]},{"$i":"statusbarLabel","$v":[{"t":"idOrVar","v":"date"},", ",{"t":"idOrVar","v":"operator"}]},{"$i":"statusbarDateFormat","$v":"%b %e"},{"$i":"statusbar","ariaLabel":"Shiriti i gjendjes"},{"$i":"statusbarBattery","ariaLabel":["Përqindja e baterisë ",{"t":"idOrVar","v":"level"}]},{"$i":"statusbarBatteryCharging","ariaLabel":["Përqindja e baterisë ",{"t":"idOrVar","v":"level"},", në karikim"]},{"$i":"statusbarFlightMode","ariaLabel":"Modaliteti i fluturimit aktiv"},{"$i":"statusbarWiFiConnecting","$v":"Wi-Fi: po lidhet"},{"$i":"statusbarWiFiConnected","$v":["Wi-Fi: ",{"t":"idOrVar","v":"level"}," nga 4 shirita"]},{"$i":"statusbarSignal","$v":["Rrjeti i ",{"t":"idOrVar","v":"operator"},", ",{"t":"idOrVar","v":"level"}," me 5 shkallë"]},{"$i":"statusbarSignalRoaming","$v":["Rrjeti i ",{"t":"idOrVar","v":"operator"}," (roaming), ",{"t":"idOrVar","v":"level"}," me 5 shkallë"]},{"$i":"statusbarSignalNoneSearching","$v":"Po kërk.… Vetëm telef. emergj."},{"$i":"statusbarHeadphones","ariaLabel":"Kufjet aktive"},{"$i":"statusbarBluetoothHeadphones","ariaLabel":"Kufjet me \"Bluetooth\" aktive"},{"$i":"statusbarBluetoothTransferring","ariaLabel":"Transferimi me \"Bluetooth\" aktiv"},{"$i":"statusbarIconOn-tethering","$v":"Ndarja e internetit ndezur"},{"$i":"statusbarIconOnActive-tethering","$v":"Ndarja e inter. ndezur, aktiv."},{"$i":"statusbarAlarm","ariaLabel":"Alarmi aktiv"},{"$i":"statusbarIME","ariaLabel":"IME aktive"},{"$i":"statusbarIconOn-bluetooth","$v":"Bluetooth\" aktiv"},{"$i":"statusbarIconOnActive-bluetooth","$v":"Bluetooth\" ndezur, aktiv"},{"$i":"statusbarIconOn-mute","$v":"Pa zë"},{"$i":"statusbarIconOn-vibration","$v":"Dridhja aktive"},{"$i":"statusbarRecording","ariaLabel":"Regjistrimi aktiv"},{"$i":"statusbarGeolocation","ariaLabel":"Pikasja gjeografike aktive"},{"$i":"statusbarUsb","ariaLabel":"USB aktive"},{"$i":"statusbarForwarding","$v":"Devijimi i telefonatave aktiv"},{"$i":"statusbarPlaying","ariaLabel":"Multimedia po luhet"},{"$i":"statusbarNfc","ariaLabel":"NFC aktive"},{"$i":"statusbarDownloads","ariaLabel":"Po shkarkohet…"},{"$i":"statusbarNetworkActivity","ariaLabel":"Mundësitë e lidhjes aktive"},{"$i":"statusbarEmergencyCBNotification","ariaLabel":"Përgjigjja e emergjencës"},{"$i":"statusbarNotifications","$v":{"few":[{"t":"idOrVar","v":"n"}," njoftime"],"many":[{"t":"idOrVar","v":"n"}," njoftime"],"one":[{"t":"idOrVar","v":"n"}," njoftime"],"other":[{"t":"idOrVar","v":"n"}," njoftime"],"two":[{"t":"idOrVar","v":"n"}," njoftime"]},"$x":[{"t":"idOrVar","v":"plural"},"n"]},{"$i":"statusbarNotifications-unread","ariaLabel":{"$x":[{"t":"idOrVar","v":"plural"},"n"],"$v":{"few":[{"t":"idOrVar","v":"n"}," njoftime të palexuara"],"many":[{"t":"idOrVar","v":"n"}," njoftime të palexuara"],"one":[{"t":"idOrVar","v":"n"}," njoftim i palexuar"],"other":[{"t":"idOrVar","v":"n"}," njoftime të palexuara"],"two":[{"t":"idOrVar","v":"n"}," njoftime të palexuara"]}}},{"$i":"clear","$v":"Spastro"},{"$i":"clear-all","$v":"Pastro të gjitha"},{"$i":"notification-title","$v":{"few":[{"t":"idOrVar","v":"n"}," njoftime"],"many":[{"t":"idOrVar","v":"n"}," njoftime"],"one":[{"t":"idOrVar","v":"n"}," njoftime"],"other":[{"t":"idOrVar","v":"n"}," njoftime"],"two":[{"t":"idOrVar","v":"n"}," njoftime"],"zero":[{"t":"idOrVar","v":"n"}," njoftime"]},"$x":[{"t":"idOrVar","v":"plural"},"n"]},{"$i":"notification-dialog-no-notices","$v":"Nuk ka njoftime"},{"$i":"notification-title-new","$v":{"few":[{"t":"idOrVar","v":"n"}," njoftime"],"many":[{"t":"idOrVar","v":"n"}," njoftime"],"other":[{"t":"idOrVar","v":"n"}," njoftime"],"two":[{"t":"idOrVar","v":"n"}," njoftime"],"one":[{"t":"idOrVar","v":"n"}," njoftim"],"zero":[{"t":"idOrVar","v":"n"}," njoftim"]},"$x":[{"t":"idOrVar","v":"plural"},"n"]},{"$i":"notification-dialog-no-notices-new","$v":"Nuk ka njoftim"},{"$i":"tcl-ntf-open","$v":"Hap"},{"$i":"tcl-ntf-next_song","$v":"Tjetër"},{"$i":"tcl-ntf_play","$v":"Luaj"},{"$i":"tcl-ntf-pause","$v":"Pezullo"},{"$i":"tcl-ntf-dismiss-all","$v":"Anulo të gjitha"},{"$i":"tcl-ntf-dismiss","$v":"Anulo"},{"$i":"tcl-ntf-toaster-clear","$v":"Njoftimi u largua"},{"$i":"tcl-ntf-toaster-clear-all","$v":"Njoftimet u larguan"},{"$i":"attentionScreen-tapToShow","$v":"Shtype për ta shfaqur"},{"$i":"tcl-cmas-ok","$v":"OK"},{"$i":"tcl-cmas-screen-help","$v":"Shtyp \"OK\" për të shfaq. info. shtesë"},{"$i":"tcl-cmas-title","$v":"Sinjalizim CMAS"},{"$i":"camera","$v":"Kamera"},{"$i":"tcl-dflt-value-level","$v":"Cakto nivelin e vlerës"},{"$i":"tcl-dflt-range-value-name","$v":"Niveli"},{"$i":"newVoicemails","$v":{"few":[{"t":"idOrVar","v":"n"}," mesazhe të reja zanore"],"many":[{"t":"idOrVar","v":"n"}," mesazhe të reja zanore"],"one":"Një mesazh i ri zanor","other":[{"t":"idOrVar","v":"n"}," mesazhe të reja zanore"],"two":[{"t":"idOrVar","v":"n"}," mesazhe të reja zanore"],"zero":"Nuk ka postë të re zanore"},"$x":[{"t":"idOrVar","v":"plural"},"n"]},{"$i":"newVoicemailsUnknown","$v":"Postë e re zanore"},{"$i":"dialNumber","$v":["Formo ",{"t":"idOrVar","v":"number"}]},{"$i":"voicemailNotificationMultiSim","$v":["(SIM ",{"t":"idOrVar","v":"n"},") ",{"t":"idOrVar","v":"title"}]},{"$i":"euRoamingNotificationTitle","$v":"U diktua internet EU"},{"$i":"euRoamingNotificationMsg","$v":"Shtype për ta ndryshuar."},{"$i":"restart","$v":"Rifillo"},{"$i":"power","$v":"Fikja"},{"$i":"lock","$v":"Kyç"},{"$i":"cleanup","$v":"Pastro memorien"},{"$i":"no-recent-app-windows","$v":"Këtu shfaqen dritaret e aplikacioneve të hapura së fundi"},{"$i":"no-recent-browser-windows","$v":"Këtu shfaqen dritaret e shfletuesit të hapura së fundi"},{"$i":"closeCard","ariaLabel":"Mbyll"},{"$i":"openCard","ariaLabel":"Hap"},{"$i":"yes","$v":"Po"},{"$i":"no","$v":"Jo"},{"$i":"dontallow","$v":"Mos lejo"},{"$i":"allow","$v":"Lejo"},{"$i":"dontshare-geolocation","$v":"Mos ndaj"},{"$i":"share-geolocation","$v":"Ndaj"},{"$i":"dontshare-audio-capture","$v":"Mos ndaj"},{"$i":"share-audio-capture","$v":"Ndaj"},{"$i":"dontshare-video-capture","$v":"Mos ndaj"},{"$i":"share-video-capture","$v":"Ndaj"},{"$i":"dontshare-media-capture","$v":"Mos ndaj"},{"$i":"share-media-capture","$v":"Ndaj"},{"$i":"device-front","$v":"Kamera ballore"},{"$i":"device-back","$v":"Kamera e pasme"},{"$i":"front-camera","$v":"Kamera ballore"},{"$i":"back-camera","$v":"Kamera e pasme"},{"$i":"more-info","$v":"Më shumë informacion…"},{"$i":"hide-info","$v":"Fshih informacionet"},{"$i":"tcl-permission","$v":"Autorizim"},{"$i":"install-app","$v":["Të instalohet ",{"t":"idOrVar","v":"name"},"?"]},{"$i":"size","$v":"Madhësia"},{"$i":"author","$v":"Autori"},{"$i":"size-unknown","$v":"I panjohur"},{"$i":"author-unknown","$v":"I panjohur"},{"$i":"install","$v":"Instalo"},{"$i":"bytes","$v":"bajt"},{"$i":"kB","$v":"KB"},{"$i":"MB","$v":"MB"},{"$i":"GB","$v":"GB"},{"$i":"TB","$v":"TB"},{"$i":"PB","$v":"PB"},{"$i":"app-install-generic-error","$v":["shkarkimi i ",{"t":"idOrVar","v":"appName"}," ndaloi"]},{"$i":"app-install-download-failed","$v":["shkarkimi i ",{"t":"idOrVar","v":"appName"}," nuk u krye"]},{"$i":"app-install-install-failed","$v":["instalimi i ",{"t":"idOrVar","v":"appName"}," nuk u krye"]},{"$i":"cancelling-will-not-refund","$v":"Anulimi nuk e rimburson blerjen. Rimbursimet për përmbajtje të paguar jepen nga shitësi origjinal."},{"$i":"apps-can-be-installed-later","$v":"Aplikacionet mund të instalohen më vonë nga burimi fillestar i instalimit."},{"$i":"are-you-sure-you-want-to-cancel","$v":"Je i sigurt për anulimin e këtij instalimi?"},{"$i":"cancel-install","$v":"Anulo instal."},{"$i":"cancel-install-button","$v":"Anulo instal."},{"$i":"resume","$v":"Rifillo"},{"$i":"continue","$v":"Vazhdo"},{"$i":"stopDownloading","$v":["Të ndalohet shkarkimi i ",{"t":"idOrVar","v":"app"},"?"]},{"$i":"app-download-can-be-restarted","$v":"Shkarkimi mund të rifillohet sërish më vonë."},{"$i":"app-download-stop-button","$v":"Ndalo shkarkimin"},{"$i":"not-enough-space","$v":"Hapësirë e pamjaftueshme"},{"$i":"not-enough-space-message","$v":"Nuk ka hapësirë të mjaftueshme për të instaluar aplikacionin. Liro hapësirë duke fshirë aplikacione ose multimedia të vjetra, ose provo ta riinstalosh nga burimi origjinal."},{"$i":"app-install-success","$v":[{"t":"idOrVar","v":"appName"}," u instalua"]},{"$i":"app-install-update","$v":[{"t":"idOrVar","v":"appName"}," u përditësua"]},{"$i":"langpack-install-success2","$v":[{"t":"idOrVar","v":"appName"}," u instalua. Për ta aktivizuar, shko te \"Cilësimet > Gjuha\"."]},{"$i":"setup","$v":"Konfigurim"},{"$i":"ime-addkeyboards","$v":"Shto tastiera"},{"$i":"ime-lowercase","$v":"Shkronja të vogla"},{"$i":"ime-uppercase","$v":"Me germa të mëdha"},{"$i":"ime-number","$v":"Numri"},{"$i":"ime-capitalize","$v":"Shkruaj me të mëdha"},{"$i":"ime-t9","$v":"T9"},{"$i":"ime-r9","$v":"R9"},{"$i":"ime-predictive","$v":"I parashikuar"},{"$i":"ime-insert-word","$v":"Vendos fjalën"},{"$i":"ime-voice-input-messsage","$v":"Mbaj shtypur OK për të folur në fushën e tekstit."},{"$i":"later","$v":"Më vonë"},{"$i":"download","$v":"Shkarko"},{"$i":"wantToDownload","$v":"Të shkarkohet tani përditësimi?"},{"$i":"wantToInstallNow","$v":"Të instalohet tani përditësimi? Nuk do ta përdorësh dot telefonin për disa minuta."},{"$i":"installNow","$v":"Instalo tani"},{"$i":"notNow","$v":"Jo tani"},{"$i":"downloadingUpdateMessage","innerHTML":{"$o":["Po shkarkohen përditësimet… <span>",{"t":"idOrVar","v":"progress"}," të shkarkuara.</span>"]}},{"$i":"downloadingAppMessage","$v":["Po shkarkohet ",{"t":"idOrVar","v":"appName"}]},{"$i":"downloadingAppProgressNoMax","$v":[{"t":"idOrVar","v":"progress"}," shkarkuar"]},{"$i":"downloadingAppProgressIndeterminate","$v":"Po shkarkohet"},{"$i":"downloadingAppProgress","$v":[{"t":"idOrVar","v":"progress"}," / ",{"t":"idOrVar","v":"max"}," shkarkuar"]},{"$i":"cancelAllDownloads","$v":"Anul. gjithë shkark."},{"$i":"wantToCancelAll","$v":"Je i sigurt për anulimin e të gjitha shkarkimeve?"},{"$i":"downloadError","$v":"Ndodhi një gabim gjatë shkarkimit të përditësimeve."},{"$i":"updateAvailableInfo","innerHTML":{"$x":[{"t":"idOrVar","v":"plural"},"n"],"$v":{"few":{"$o":[{"t":"idOrVar","v":"n"}," përditësime të disponueshme. <span>Prek për më shumë informacion.</span>"]},"many":{"$o":[{"t":"idOrVar","v":"n"}," përditësime të disponueshme. <span>Prek për më shumë informacion.</span>"]},"one":{"$o":[{"t":"idOrVar","v":"n"}," përditësim i disponueshëm. <span>Prek për më shumë informacion.</span>"]},"other":{"$o":[{"t":"idOrVar","v":"n"}," përditësime të disponueshme. <span>Prek për më shumë informacion.</span>"]},"two":{"$o":[{"t":"idOrVar","v":"n"}," përditësime të disponueshme. <span>Prek për më shumë informacion.</span>"]}}}},{"$i":"numberOfUpdates","$v":{"few":[{"t":"idOrVar","v":"n"}," njoftime"],"many":[{"t":"idOrVar","v":"n"}," njoftime"],"one":[{"t":"idOrVar","v":"n"}," njoftime"],"other":[{"t":"idOrVar","v":"n"}," njoftime"],"two":[{"t":"idOrVar","v":"n"}," njoftime"]},"$x":[{"t":"idOrVar","v":"plural"},"n"]},{"$i":"systemUpdate","$v":"Përditësim i sistemit"},{"$i":"systemUpdateReady","$v":"Përditësimi i sistemit gati"},{"$i":"updates","$v":"Përditësime"},{"$i":"systemUpdateLowBatteryThreshold","$v":["Të duhet së paku ",{"t":"idOrVar","v":"threshold"},"% nivel baterie për të instaluar përditësimet."]},{"$i":"required","$v":"E domosdoshme"},{"$i":"uncompressingMessage","innerHTML":{"$o":"Po dekompresohet… <span>Mund të zgjasë disa minuta.</span>"}},{"$i":"downloadWifiPrioritizedUsing2G","$v":"Përditësimet shkarkohen nëpërmjet lidhjes së të dhënave kur nuk ka \"Wi-Fi\". Kur përdoret lidhja e të dhënave, telefonatat mund të bllokohen dhe mund të ketë dhe tarifim shtesë."},{"$i":"downloadWifiPrioritized3","$v":"Përditësimet shkarkohen nëpërmjet lidhjes së të dhënave kur nuk ka \"Wi-Fi\". Kur përdoret lidhja e të dhënave, mund të ketë tarifim shtesë."},{"$i":"downloadNoWifiWarning","$v":"Nuk ka \"Wi-Fi\". Përditësimi në lidhjen aktuale mund të ketë tarifa shtesë."},{"$i":"downloadOfflineWarning2","$v":"Lidhu në rrjet për të shkarkuar përditësime."},{"$i":"downloadUpdatesViaDataConnection","$v":"Të shkarkohen përditësimet me lidhjen e të dhënave?"},{"$i":"downloadUpdatesVia2GForbidden3","$v":"Shkarkimi i përditësimeve nuk mund të bëhet me lidhje të ngadalta (2G). Lidhu me Wi-Fi ose 3G (nëse ke) dhe provoje sërish."},{"$i":"downloadUpdatesViaDataConnectionMessage3","$v":"Kur përdoret një lidhje të dhënash, mund të ketë kosto shtesë. Të vazhdohet?"},{"$i":"downloadUpdatesViaDataRoamingConnection","$v":"Të shkarkohen përditësimet me të dhënat roaming?"},{"$i":"downloadUpdatesViaDataRoamingConnectionMessage","$v":"Aktualisht je në roaming dhe mund të ketë tarifa shtesë. Të vazhdohet?"},{"$i":"screenshotSaved","$v":"Pamja ekranit u ruajt në \"Galeri"},{"$i":"screenshotFailed","$v":"Fotoja e ekranit nuk u ruajt dot"},{"$i":"screenshotNoSDCard","$v":"Nuk u gjet ndonjë kartë memorieje"},{"$i":"screenshotSDCardInUse","$v":"Karta e memories është në përdorim"},{"$i":"screenshotSDCardLow","$v":"Hapësirë e pamjaftueshme në kartën e memories"},{"$i":"emergency-call-button","$v":"Telefonatë emergjence"},{"$i":"emergency-call","$v":"Emergjencë"},{"$i":"unlock-a11y-button","ariaLabel":"Shkyç"},{"$i":"camera-a11y-button","ariaLabel":"Kamera"},{"$i":"longDateFormat","$v":"%a, %B %d, %Y"},{"$i":"clockDateFormat","$v":"%a, %e %b"},{"$i":"panel-passcode","ariaLabel":"Paneli i kodkalimit"},{"$i":"open-notification","$v":"hap"},{"$i":"unlock","$v":"Shkyç"},{"$i":"login","$v":"Identifikohu"},{"$i":"sign-in-to-website","$v":"Identifikohu në faqe"},{"$i":"username","$v":"Emri i përdoruesit"},{"$i":"password","$v":"Fjalëkalimi"},{"$i":"show-password","$v":"Shfaq fjalëkalimin"},{"$i":"http-authentication-message2","$v":["Faqja ",{"t":"idOrVar","v":"host"}," kërkon të identifikohesh."]},{"$i":"error-message","$v":[{"t":"idOrVar","v":"name"}," nuk po ngarkohet siç duhet"]},{"$i":"error-title","$v":[{"t":"idOrVar","v":"name"}," ka probleme"]},{"$i":"unable-to-connect","$v":"Nuk lidhet dot"},{"$i":"tap-to-check-settings","$v":"Shtype për të parë cilës."},{"$i":"set","$v":"Cakto"},{"$i":"delete-title","$v":["Fshi ",{"t":"idOrVar","v":"name"}]},{"$i":"delete-body","$v":[{"t":"idOrVar","v":"name"}," dhe të gjitha të dhënat përkatëse do të fshihen."]},{"$i":"delete","$v":"Çinstalo"},{"$i":"delete-desc","$v":"Je i sigurt për çinstalimin?"},{"$i":"unrecoverable-error-title","$v":"Hiq aplikacionin"},{"$i":"unrecoverable-error-body","$v":"Aplikacioni nuk instalohet dot për shkak gabimi të pandreqshëm. Provo ta shkarkosh sërish. Aplikacioni do të hiqet."},{"$i":"unrecoverable-error-action","$v":"OK"},{"$i":"instant-settings","$v":"cilësimet e çastit"},{"$i":"settings","$v":"Cilësimet"},{"$i":"flashlight","$v":"Elektrik dore"},{"$i":"brightness","$v":"Ndriçimi"},{"$i":"volume","$v":"Volumi"},{"$i":"calculator","$v":"Makina llogaritëse"},{"$i":"airplane-mode","$v":"Modaliteti i fluturimit"},{"$i":"wifi","$v":"Wi-Fi"},{"$i":"bluetooth","$v":"Bluetooth"},{"$i":"cellular-data","$v":"Të dhëna celulare"},{"$i":"on","$v":"Aktiv"},{"$i":"off","$v":"Joaktiv"},{"$i":"percentage-number","$v":[{"t":"idOrVar","v":"number"},"%"]},{"$i":"select-time","$v":"Zgjidh orën"},{"$i":"select-date","$v":"Zgjidh datën"},{"$i":"tcl-select-day","$v":"Zgjidh ditën"},{"$i":"tcl-add","$v":"Shto"},{"$i":"battery-almost-empty-plug-in-your-charger","$v":"Po bie bateria. Fute ushqyesin në prizë."},{"$i":"battery-temperature-warning-header","$v":"Paralajmërim"},{"$i":"battery-temperature-high","$v":"Temperatura shumë e lartë. Telefoni do të fiket nëse rritet temperatura."},{"$i":"battery-temperature-high-stop-charging","$v":"Temperatura shumë e lartë. Bateria nuk po ngarkohet më. Telefoni do të fiket nëse rritet temperatura."},{"$i":"battery-temperature-low","$v":"Temperatura shumë e ulët. Telefoni do të fiket nëse bie temperatura."},{"$i":"battery-temperature-low-stop-charging","$v":"Temperatura shumë e ulët. Bateria nuk po ngarkohet më. Telefoni do të fiket nëse bie temperatura."},{"$i":"crash-dialog2-os","$v":[{"t":"idOrVar","v":"brandShortName"}," u riaktivizua pas ndërprerjes"]},{"$i":"crash-dialog-app","$v":[{"t":"idOrVar","v":"name"}," sapo u ndërpre"]},{"$i":"crash-dialog-app-noname","$v":"Diçka"},{"$i":"crash-dialog-message","$v":"T'i dërgohet një raport kreshimi \"KaiOS\" për të na ndihmuar në ndreqjen e problemit? (Raportet dërgohen vetëm nëpërmjet \"Wi-Fi\".)"},{"$i":"crash-info-link","$v":"Çfarë përm. rapo. i kreshimit?"},{"$i":"crash-always-report","$v":"Dërgoji \"KaiOS\" një raport sa herë ka kreshim."},{"$i":"crash-dont-send","$v":"Mos dërgo"},{"$i":"crash-end","$v":"Dërgo raportin"},{"$i":"crashReports","$v":"Raportet e kreshimit"},{"$i":"done","$v":"U krye"},{"$i":"crash-reports-description-1","$v":"Raporti i ndërprerjes përmban disa të dhëna rreth ndërprerjes dhe pajisjes, si edhe një imazh çasti të gjendjes së pajisjes në momentin e ndërprerjes."},{"$i":"crash-reports-description-2","$v":"Kjo mund të përfshijë faqe dhe aplikacione të hapura, tekst të shkruar në formularë dhe përmbajtjen e mesazheve të hapura, historikun e shfletimeve të fundit, ose pikasjen gjeografike të përdorur nga ndonjë aplikacion i hapur."},{"$i":"crash-reports-description-3-start","$v":"Raportete e kreshimit i përdorim për të zgjidhur problemet dhe për të përmirësuar produktet tona. Informacionin e administrojmë sipas ilustrimit në  "},{"$i":"crash-reports-description-3-privacy","$v":"politika e privatësisë"},{"$i":"crash-reports-description-3-end","$v":"."},{"$i":"crash-banner-os2","$v":[{"t":"idOrVar","v":"brandShortName"}," u ndërpre."]},{"$i":"crash-banner-app","$v":[{"t":"idOrVar","v":"name"}," u ndërpre."]},{"$i":"crash-banner-report","$v":"Raport"},{"$i":"bluetooth-sending-progress","$v":"Skedari po dërgohet me \"Bluetooth"},{"$i":"bluetooth-receiving-progress","$v":"Sked. po merr. me \"Bluetooth"},{"$i":"acceptFileTransfer","$v":"Kërkesë transferimi"},{"$i":"requestToReceive","$v":[{"t":"idOrVar","v":"deviceName"}," kërkon të transferojë skedarë. Të pranohet?"]},{"$i":"wantToReceiveFile","$v":[{"t":"idOrVar","v":"deviceName"}," kërkon të transferojë ",{"t":"idOrVar","v":"fileName"}," (",{"t":"idOrVar","v":"fileSize"},")."]},{"$i":"transfer-confirmation-title","$v":[{"t":"idOrVar","v":"deviceName"}]},{"$i":"transfer-confirmation-description","$v":"Shqyrto kërk. e transfer."},{"$i":"byteUnit-B","$v":"Bajt"},{"$i":"byteUnit-KB","$v":"KB"},{"$i":"byteUnit-MB","$v":"MB"},{"$i":"byteUnit-GB","$v":"GB"},{"$i":"byteUnit-TB","$v":"TB"},{"$i":"byteUnit-PB","$v":"PB"},{"$i":"byteUnit-EB","$v":"EB"},{"$i":"byteUnit-ZB","$v":"ZB"},{"$i":"byteUnit-YB","$v":"YB"},{"$i":"fileSize","$v":[{"t":"idOrVar","v":"size"}," ",{"t":"idOrVar","v":"unit"}]},{"$i":"deny","$v":"Refuzo"},{"$i":"transfer","$v":"Transfero"},{"$i":"accept","$v":"Prano"},{"$i":"stop","$v":"Ndalo"},{"$i":"cancelFileTransfer","$v":"Anul. transfer. me \"Bluetooth\"?"},{"$i":"continueFileTransfer","$v":"Vazhdo"},{"$i":"transfer-has-started-title","$v":"Transferimi i skedarit gati për të filluar"},{"$i":"transfer-has-started-description","$v":"Pritje për konfirmim"},{"$i":"transfer-has-started-toast","$v":"Transferimi i skedarit filloi. Kontrollo ecurinë te \"Njoftimet"},{"$i":"transferFinished-sentSuccessful-title","$v":"Skedari u dërgua"},{"$i":"transferFinished-receivedSuccessful-title","$v":"Skedari u mor"},{"$i":"transferFinished-failed-title","$v":"Skedari nuk u transferua dot"},{"$i":"transferFinished-try-again-description","$v":"Skedari nuk dërgohet dot për momentin. Provo sërish më vonë."},{"$i":"transferReport-title","$v":"Raporti i transferimit:"},{"$i":"transferReport-description","$v":[{"t":"idOrVar","v":"numSuccessful"}," skedarë të suksesshëm, ",{"t":"idOrVar","v":"numUnsuccessful"}," skedarë të pasuksesshëm"]},{"$i":"unknown-file","$v":"Skedar i panjohur"},{"$i":"unknown-device","$v":"Pajisje e panjohur"},{"$i":"cannotOpenFile","$v":"Skedari i marrë nuk hapet dot"},{"$i":"unknownMediaTypeToOpenFile","$v":["Lloji i panjohur i multimedias nuk hapet dot: ",{"t":"idOrVar","v":"fileName"}]},{"$i":"cannotReceiveFile","$v":"Skedari nuk merret dot"},{"$i":"cannotGetStorageState","$v":"Nuk merret dot gjendja e memories së pajisjes."},{"$i":"sdcard-not-exist2","$v":"Nuk u gjet ndonjë kartë memorieje. Jep një kartë memorieje."},{"$i":"sdcard-in-use","$v":"Bluetooth\" nuk përdoret dot gjatë kohës që telefoni është në prizë. Shkëpute telefonin për të marrë skedarët."},{"$i":"sdcard-no-space2","$v":"Transferimi nuk kryhet dot: karta e memories është plot."},{"$i":"unknown-error","$v":"Gabim i panjohur"},{"$i":"confirm","$v":"Konfirmo"},{"$i":"stopTransferTitle","$v":"Ndaloni transferimin e skedarëve"},{"$i":"stopTransferContent","$v":"Dëshiron të ndalosh transferimin e skedarëve nëpërmjet Bluetooth?"},{"$i":"storage","$v":"Memoria"},{"$i":"sdcard-detected-title","$v":"U diktua kartë SD"},{"$i":"no-sdcard-title","$v":"Nuk ka kartë SD"},{"$i":"sdcard-total-size-body","$v":["Madh. gjiths.: ",{"t":"idOrVar","v":"size"}," ",{"t":"idOrVar","v":"unit"}]},{"$i":"sdcard-unknown-size-then-tap-to-format-body","$v":"Përmasë e panjohur, prek për ta formatuar"},{"$i":"sdcard-removed-title","$v":"Karta SD u hoq"},{"$i":"sdcard-removed-ejected-successfully","$v":"U nxor me sukses"},{"$i":"sdcard-removed-not-ejected-properly","$v":"Nuk është nxjerrë siç duhet"},{"$i":"set-sdcard-as-default-media-location","$v":"U diktua kartë SD. Të cakt. karta SD si vendndo. stand. e multim.?"},{"$i":"no-sdcard-content","$v":"Fut kartë SD për të përftuar më tepër hapësirë. "},{"$i":"sim-confirmation-content","$v":["Të dhënat celulare janë caktuar te SIM",{"t":"idOrVar","v":"n"},"."]},{"$i":"sim-confirmation-title","$v":"Kartat SIM u ndryshuan"},{"$i":"sim-confirmation-notice-title","$v":"Kartat SIM u ndryshuan"},{"$i":"sim-confirmation-notice","$v":"Zgjidh për të parë hollësitë."},{"$i":"sim-hot-plug","$v":"Telefoni do të rindizet"},{"$i":"sim-hot-plug-empty","$v":"Telefoni do të rindizet meqë kartat SIM janë hequr. "},{"$i":"sim-hot-plug-empty-confirm","$v":"Sigurohu që karta SIM të jetë nxjerrë komplet dhe shtyp OK për të rinisur."},{"$i":"noSimCard","$v":"Nuk ka kartë SIM"},{"$i":"lockedSim","$v":"SIM i kyçur"},{"$i":"noService","$v":"S’ka shërbim"},{"$i":"eccOnly","$v":"Emergency calls only"},{"$i":"nocard-eccOnly","$v":"No SIM card-Emergency calls only"},{"$i":"unusablecard-eccOnly","$v":"Unusable SIM card-Emergency calls only"},{"$i":"searching","$v":"Searching"},{"$i":"simPin","$v":"PIN i SIM"},{"$i":"pukCode","$v":"Kodi PUK"},{"$i":"nckCode","$v":"Kodi HNCK"},{"$i":"cckCode","$v":"Kodi CCK"},{"$i":"spckCode","$v":"Kodi SPCK"},{"$i":"nck1code","$v":"Kodi NCK1"},{"$i":"nck2code","$v":"Kodi NCK2"},{"$i":"hnckcode","$v":"Kodi HNCK"},{"$i":"rcckcode","$v":"Kodi RCCK"},{"$i":"rspckcode","$v":"Kodi RSPCK"},{"$i":"ncklockContent","$v":["Foleja ",{"t":"idOrVar","v":"n"}," është kyçur nga NCK."]},{"$i":"whatIsSimPin","$v":"Çfarë është PIN i SIM?"},{"$i":"simPinIntro1","$v":"Një PIN i SIM parandalon hyrjen në rrjetet e të dhënave celulare të kartës SIM. Kur është aktiv, pajisjet që përmbajnë kartën SIM do të kërkojnë PIN-in gjatë rinisjes."},{"$i":"simPinIntro2","$v":"Një PIN i SIM-it nuk është i njëjtë me kodkalimin e përdorur për shkyçjen e pajisjes."},{"$i":"changeSimPin","$v":"Ndrysho PIN"},{"$i":"pinTitle","$v":"Jep PIN e SIM"},{"$i":"multiSIMpinTitle","$v":["Jep PIN e SIM ",{"t":"idOrVar","v":"n"}]},{"$i":"multiSIMpukTitle","$v":["Jep PUK",{"t":"idOrVar","v":"n"}," PIN"]},{"$i":"multiSIMnckTitle","$v":["Jep NCK",{"t":"idOrVar","v":"n"}," PIN"]},{"$i":"multiSIMxckTitle","$v":["Jep SIM",{"t":"idOrVar","v":"n"}," ",{"t":"idOrVar","v":"type"}]},{"$i":"xckTitle","$v":["Jep kodin e ",{"t":"idOrVar","v":"type"}]},{"$i":"xckCode","$v":["Kod ",{"t":"idOrVar","v":"type"}]},{"$i":"xckBlocked","$v":[{"t":"idOrVar","v":"type"}," i bllokuar"]},{"$i":"pukTitle","$v":"Jep kodin PUK"},{"$i":"nckTitle","$v":"Jep kodin NCK"},{"$i":"cckTitle","$v":"Jep kodin CCK"},{"$i":"spckTitle","$v":"Jep kodin SPCK"},{"$i":"nck1Title","$v":"Jep kodin NCK1"},{"$i":"nck2Title","$v":"Jep kodin NCK2"},{"$i":"hnckTitle","$v":"Jep kodin HNCK"},{"$i":"rcckTitle","$v":"Jep kodin RCCK"},{"$i":"rspckTitle","$v":"Jep kodin RSPCK"},{"$i":"newpinTitle","$v":"PIN i ri"},{"$i":"inputCodeRetriesLeft","$v":{"few":[{"t":"idOrVar","v":"n"}," tentativa të mbetura."],"many":[{"t":"idOrVar","v":"n"}," tentativa të mbetura."],"one":"1 tentativë e mbetur.","other":[{"t":"idOrVar","v":"n"}," tentativa të mbetura."],"two":[{"t":"idOrVar","v":"n"}," tentativa të mbetura."]},"$x":[{"t":"idOrVar","v":"plural"},"n"]},{"$i":"pinErrorMsg","$v":"PIN i gabuar."},{"$i":"pinAttemptMsg2","$v":{"few":["Të kanë mbetur ",{"t":"idOrVar","v":"n"}," tentativa për të dhënë kodin e saktë para se të kyçet karta SIM."],"many":["Të kanë mbetur ",{"t":"idOrVar","v":"n"}," tentativa për të dhënë kodin e saktë para se të kyçet karta SIM."],"one":"Të ka mbetur një tentativë për të dhënë kodin e saktë para se të kyçet karta SIM.","other":["Të kanë mbetur ",{"t":"idOrVar","v":"n"}," tentativa për të dhënë kodin e saktë para se të kyçet karta SIM."],"two":["Të kanë mbetur ",{"t":"idOrVar","v":"n"}," tentativa për të dhënë kodin e saktë para se të kyçet karta SIM."]},"$x":[{"t":"idOrVar","v":"plural"},"n"]},{"$i":"pinLastChanceMsg","$v":"Kjo është mundësia e fundit për të dhënë PIN e saktë. Përndryshe, duhet të japësh kodin PUK për të përdorur këtë kartë SIM."},{"$i":"simCardLockedMsg","$v":"Karta SIM është e kyçur."},{"$i":"enterPukMsg","$v":"Duhet të japësh kodin personal të shkyçjes (PUK) për kartën SIM. Shih dokumentacionin e kartës SIM ose kontakto me operatorin për më tepër informacion."},{"$i":"pukErrorMsg","$v":"PUK i gabuar."},{"$i":"pukAttemptMsg2","$v":{"few":["Të kanë mbetur ",{"t":"idOrVar","v":"n"}," tentativa për të dhënë kodin e saktë, para se kjo kartë SIM të bëhet përfundimisht e papërdorshme. Shih dokumentacionin e kartës SIM ose kontakto me operatorin për më tepër informacion."],"many":["Të kanë mbetur ",{"t":"idOrVar","v":"n"}," tentativa për të dhënë kodin e saktë, para se kjo kartë SIM të bëhet përfundimisht e papërdorshme. Shih dokumentacionin e kartës SIM ose kontakto me operatorin për më tepër informacion."],"one":"Të ka mbetur një tentativë për të dhënë kodin e saktë, para se kjo kartë SIM të bëhet përfundimisht e papërdorshme. Shih dokumentacionin e kartës SIM ose kontakto me operatorin për më tepër informacion.","other":["Të kanë mbetur ",{"t":"idOrVar","v":"n"}," tentativa për të dhënë kodin e saktë, para se kjo kartë SIM të bëhet përfundimisht e papërdorshme. Shih dokumentacionin e kartës SIM ose kontakto me operatorin për më tepër informacion."],"two":["Të kanë mbetur ",{"t":"idOrVar","v":"n"}," tentativa për të dhënë kodin e saktë, para se kjo kartë SIM të bëhet përfundimisht e papërdorshme. Shih dokumentacionin e kartës SIM ose kontakto me operatorin për më tepër informacion."]},"$x":[{"t":"idOrVar","v":"plural"},"n"]},{"$i":"pukLastChanceMsg","$v":"Mundësia e fundit për të futur kodin e saktë PUK. Karta SIM do të bëhet e papërdorshme nëse jepet kod i gabuar PUK. Shih dokumentacionin e kartës SIM ose kontakto operatorin për më shumë informacion."},{"$i":"cardPermanentlyLockMsg-head","$v":"PUK i gabuar."},{"$i":"cardPermanentlyLockMsg-body","$v":"Karta SIM të është e kyçur përfundimisht. Kontakto me operatorin për më tepër informacion."},{"$i":"newSimPinMsg","$v":"Krijo PIN (duhet të përmbajë 4-8 shifra)"},{"$i":"confirmNewSimPinMsg","$v":"Konfirmo PIN e ri"},{"$i":"newPinErrorMsg","$v":"PIN-et nuk përputhen."},{"$i":"nckErrorMsg","$v":"Kodi NCK është i pasaktë."},{"$i":"nckAttemptMsg2","$v":{"few":["Kërkesa e depersonalizimit të rrjetit pa sukses. Ke ",{"t":"idOrVar","v":"n"}," prova të mbetura për të futur kodin e saktë. Shih dokumentacionin e pajisjes ose kontakto operatorin për më shumë info."],"many":["Kërkesa e depersonalizimit të rrjetit pa sukses. Ke ",{"t":"idOrVar","v":"n"}," prova për të dhënë kodin e saktë. Shih dokumentacionin e pajisjes ose kontakto operatorin për më shumë informacion."],"one":"Kërkesa e depersonalizimit të rrjetit pa sukses. Ke një provë për të dhënë kodin e saktë. Shih dokumentacionin e pajisjes ose kontakto operatorin për më shumë informacion.","other":["Kërkesa e depersonalizimit të rrjetit pa sukses. Ke ",{"t":"idOrVar","v":"n"}," prova të mbetura për të futur kodin e saktë. Shih dokumentacionin e pajisjes ose kontakto operatorin për më shumë informacion."],"two":["Kërkesa e depersonalizimit të rrjetit pa sukses. Ke ",{"t":"idOrVar","v":"n"}," prova për të dhënë kodin e saktë. Shih dokumentacionin e pajisjes ose kontakto operatorin për më shumë informacion."]},"$x":[{"t":"idOrVar","v":"plural"},"n"]},{"$i":"nckLastChanceMsg","$v":"Kërkesa e depersonalizimit të rrjetit pa sukses. Mundësia e fundit për të dhënë kodin e saktë NCK. Shih dokumentacionin e pajisjes ose kontakto operatorin për më shumë informacion."},{"$i":"sim-attention-header","$v":"SIM i bllokuar"},{"$i":"multiSIM-attention-header","$v":["SIM",{"t":"idOrVar","v":"n"}," i kyçur"]},{"$i":"sim-attention-head","$v":"Karta SIM është e bllokuar."},{"$i":"sim-attention-body","$v":"Dëshiron të japësh kodin PUK për të shkyçur kartën SIM?"},{"$i":"enter-puk-rsk","$v":"Jep PUK"},{"$i":"verify-rsk","$v":"U krye"},{"$i":"activity-pick","$v":"Zgjidh nga"},{"$i":"activity-view","$v":"Shfaqe me"},{"$i":"activity-test","$v":"Testo me"},{"$i":"activity-share","$v":"Ndaj"},{"$i":"activity-new","$v":"Krijo me"},{"$i":"activity-open","$v":"Hap me"},{"$i":"activity-save-bookmark","$v":"Faqeshënoje te"},{"$i":"activity-record","$v":"Regjistro nga"},{"$i":"activity-browse","$v":"Shfleto me"},{"$i":"activity-configure","$v":"Konfiguro me"},{"$i":"activity-dial","$v":"Formo nga"},{"$i":"remoteDebuggerMessage","$v":"U diktua një kërkesë në hyrje për të lejuar lidhjen në distancë për diagnostikim. Të lejohet lidhja?"},{"$i":"captive-wifi-available","$v":["Rrjeti ",{"t":"idOrVar","v":"networkName"}," u gjet. Dëshiron të lidhesh?"]},{"$i":"ceWarningtitle","$v":"Paralajmërim për volumin"},{"$i":"ceWarningcontent","$v":"Për të mbrojtur dëgjimin, mos dëgjoni me volum të lartë për periudha të gjata kohore."},{"$i":"is-volume-type-notification","$v":"Zilet dhe sinjalizimet"},{"$i":"is-volume-type-telephony","$v":"Volumi"},{"$i":"is-volume-type-alarm","$v":"Alarmi"},{"$i":"is-volume-type-content","$v":"Multimedia"},{"$i":"tcl-volume-type-notification","$v":"Zilet dhe sinjalizimet"},{"$i":"tcl-volume-type-telephony","$v":"Volumi"},{"$i":"volume-type-alarm","$v":"Alarmi"},{"$i":"volume-type-content","$v":"Multimedia"},{"$i":"vibrate-only","$v":"Vetëm dridhje"},{"$i":"silent","$v":"Pa zë"},{"$i":"vibrate-on","$v":"Dridhja: aktive"},{"$i":"vibrate-off","$v":"Dridhja: joaktive"},{"$i":"vibrate","$v":"Dridhje"},{"$i":"tcl-volume","$v":["Volumi: ",{"t":"idOrVar","v":"n"},"/",{"t":"idOrVar","v":"c"}]},{"$i":"notification-powersaving-mode-on-title","$v":"Modaliteti i kursimit të energjisë"},{"$i":"notification-powersaving-mode-on-description","$v":"Modaliteti i kursimit të energjisë është aktiv."},{"$i":"low-device-storage","$v":"Memoria e pajisjes e ulët."},{"$i":"storage-alert","$v":"Ruajtja e ruajtjes"},{"$i":"phone-almost-full","$v":"Telefoni është thuajse plot."},{"$i":"free-space","$v":{"few":["Mbetet më pak se ",{"t":"idOrVar","v":"value"}," ",{"t":"idOrVar","v":"unit"},"."],"many":["Mbetet më pak se ",{"t":"idOrVar","v":"value"}," ",{"t":"idOrVar","v":"unit"},"."],"one":["Mbetet më pak se ",{"t":"idOrVar","v":"value"}," ",{"t":"idOrVar","v":"unit"},"."],"other":["Mbetet më pak se ",{"t":"idOrVar","v":"value"}," ",{"t":"idOrVar","v":"unit"},"."],"two":["Mbetet më pak se ",{"t":"idOrVar","v":"value"}," ",{"t":"idOrVar","v":"unit"},"."],"zero":"Nuk ka hapësirë të lirë."},"$x":[{"t":"idOrVar","v":"plural"},"value"]},{"$i":"unknown-free-space","$v":"Hapësira e mbetur e panjohur."},{"$i":"can-delete-data-to-get-space","$v":"Mund të fshish disa skedarë multimedia ose të menaxhosh të dhënat e aplikacioneve për më tepër hapësirë të lirë."},{"$i":"should-delete-data-to-get-space","$v":"Duhet të fshish disa skedarë media ose të menaxhosh të dhënat e aplikacioneve për të përftuar më tepër hapësirë para se të vazhdosh të përdorësh pajisjen."},{"$i":"storage-full-level-1-title","$v":"Telefoni pothuajse i plotë"},{"$i":"storage-full-level-2-title","$v":"Memoria e telefonit plot."},{"$i":"delete-to-get-space","$v":"Për të liruar hapësirë, fshij skedarët multimedia, të dhënat e aplikacioneve ose aplikacionet e shkarkuara."},{"$i":"delete-to-get-space-level-2","$v":"Për të liruar hapësirë, fshij skedarët multimedia, të dhënat e aplikacioneve ose aplikacionet e shkarkuara. Përndryshe, celulari nuk do të funksionojë siç duhet."},{"$i":"system-alert","$v":"Sinjalizim i sistemit"},{"$i":"cb-channel","$v":["Kanali ",{"t":"idOrVar","v":"channel"}]},{"$i":"cell-broadcast-subtitle","$v":"Transmetimi i lokalizuar"},{"$i":"cb-etws-warningType-earthquake","$v":"Alarm tërmeti!"},{"$i":"cb-etws-warningType-tsunami","$v":"Paralajmërim për cunami!"},{"$i":"cb-etws-warningType-earthquake-tsunami","$v":"Alarm tërmet-cunami!"},{"$i":"cb-etws-warningType-test","$v":"Sistemi i sinjalizimeve po testohet."},{"$i":"cb-etws-warningType-other","$v":"Paralajmërim emergjence!"},{"$i":"icc-message-maintitle","$v":"Mesazh i operatorit"},{"$i":"icc-message-subtitle","$v":"SIM"},{"$i":"icc-confirmCall-defaultmessage","$v":["Telefono ",{"t":"idOrVar","v":"number"},"?"]},{"$i":"icc-alertMessage-defaultmessage","$v":"Mesazhi po dërgohet"},{"$i":"icc-confirmMessage-defaultmessage","$v":"Të dërgohet mesazhi?"},{"$i":"icc-notification-title","$v":["SIM ",{"t":"idOrVar","v":"id"}," STK"]},{"$i":"icc-inputbox-maintitle","$v":"Kërkesë STK"},{"$i":"icc-inputbox-subtitle","$v":["SIM ",{"t":"idOrVar","v":"id"}]},{"$i":"emergency-callback-mode","$v":"Modaliteti i përgjigjes së emergjencës"},{"$i":"emergency-callback-message","$v":"Nuk mund të bësh telefonata, të dërgosh mesazhe apo të hysh në internet pasi është aktivizuar modaliteti i telefonatave të emergjencës. Të çaktivizohet?"},{"$i":"cdma-record-info","$v":"Informacioni i regjistrimit CDMA"},{"$i":"download_started","$v":"Shkarkimi filloi"},{"$i":"download_stopped","$v":"Shkarkimi ndaloi"},{"$i":"download_downloading","$v":[{"t":"idOrVar","v":"percentage"},"%"]},{"$i":"download_succeeded","$v":"Shkarkimi u krye"},{"$i":"download_failed","$v":"Shkarkimi nuk u krye"},{"$i":"update_succeeded","$v":"Përditësimi u krye"},{"$i":"download_text_by_default","$v":[{"t":"idOrVar","v":"name"}]},{"$i":"phone-storage-full-title","$v":"Memoria e telefonit plot"},{"$i":"phone-storage-full-warning","$v":"Skedari nuk mund të shkarkohet. Fshi skedarë media ose të dhëna aplikacionesh për të liruar hapësirë. Mund të fusësh edhe një kartë SD për të zgjeruar memorien e medias. "},{"$i":"sdcard-storage-full-title","$v":"Karta SD është plot."},{"$i":"sdcard-storage-full-warning","$v":"Skedari nuk mund të shkarkohet. Fshi skedarë në kartën SD për të liruar hapësirë."},{"$i":"opt-settings","$v":"Cilësimet"},{"$i":"search-the-web","$v":"Kërko në internet"},{"$i":"search-or-enter-address","$v":"Kërko ose jep adresën","placeholder":"Kërko ose jep adresën"},{"$i":"search-or-enter-url","$v":"Kërko ose jep adresën URL","placeholder":"Kërko ose jep adresën URL"},{"$i":"back-button","ariaLabel":"Prapa"},{"$i":"forward-button","ariaLabel":"Devijo"},{"$i":"reload-button","ariaLabel":"Ringarko"},{"$i":"stop-button","ariaLabel":"Ndalo"},{"$i":"windows-button","ariaLabel":"Shfaq dritaret"},{"$i":"noHotspotWhenAPMisOnWifiHotspot","$v":"Çaktiv. mod. e fluturimit për të përdorur pikëhyrjen \"Wi-Fi\"."},{"$i":"apmActivated","$v":"Modaliteti i fluturimit u aktivizua"},{"$i":"save-image","$v":"Ruaj figurën"},{"$i":"save-video","$v":"Ruaj videon"},{"$i":"save-audio","$v":"Ruaj zërin"},{"$i":"share-image","$v":"Ndaj figurën"},{"$i":"share-video","$v":"Ndaj videon"},{"$i":"share-audio","$v":"Ndaj audion"},{"$i":"tcl-cancelButtonId","$v":"Anulo"},{"$i":"tcl-not-send","$v":"Mos dërgo"},{"$i":"tcl-send-report","$v":"Dërgo raportin"},{"$i":"refresh","$v":"Rifresko"},{"$i":"goBack","$v":"Shko prapa"},{"$i":"goForward","$v":"Shko para"},{"$i":"goToTopSites","$v":"Shko tek faqet kryesore"},{"$i":"pinToTopSites","$v":"Ngulite te faqet kryesore"},{"$i":"pinToAllApps","$v":"Vendos tek “Të gjitha aplikacionet”"},{"$i":"pinToAppsMenu","$v":"Vendos te menyja \"Aplikacionet"},{"$i":"viewMessages","$v":"Shfaq mesazhet"},{"$i":"downloadImage","$v":"Shkarko figurën"},{"$i":"quit","$v":"Dil"},{"$i":"minimizeBrowser","$v":"Minimizo shfletuesin"},{"$i":"pinSiteCompletely","$v":"Faqja u ngulit te \"Faqet kryesore\"."},{"$i":"siteWasPinnedBefore","$v":"Faq. ishte ngulitur më her. te \"Faqet kryesore\"."},{"$i":"pinnedSitesOverLimit","$v":"Ke arritur numrin maksimal të faqeve të ngulitura të internetit."},{"$i":"pressBackAgainToQuitBrowser","$v":"Shtyp sërish \"PRAPA\" për të mbyllur shfletuesin."},{"$i":"pressBackAgainToMinimizeBrowser","$v":"Shtyp sërish PRAPA për të minimizuar shfletuesin."},{"$i":"pinSiteToAllAppsCompletely","$v":"Kjo faqe interneti është vendosur tek \"Të gjitha aplikacionet\"."},{"$i":"pinSiteToAppsMenuCompletely","$v":"Kjo faqe interneti është vendosur te menyja \"Aplikacionet\"."},{"$i":"siteWasPinnedToAllAppsBefore","$v":"Kjo faqe interneti është vendosur më parë tek \"Të gjitha aplikacionet\"."},{"$i":"siteWasPinnedToAppsMenuBefore","$v":"Kjo faqe interneti është vendosur më parë te menyja \"Aplikacionet\"."},{"$i":"ext-bluetooth-req","$v":"Kërkesë çiftimi"},{"$i":"ext-unknown","$v":"I PANJOHUR"},{"$i":"ext-new-message","$v":"Mesazh i ri"},{"$i":"ext-new-mail","$v":"Email i ri"},{"$i":"ext-calendar-event","$v":"Kalendari i ngjarjeve"},{"$i":"ext-new-notification","$v":"Njoftime të reja"},{"$i":"incoming","$v":"Hyrëse"},{"$i":"ext-volume-notification","$v":"Zilet dhe njoftimet"},{"$i":"ext-volume-content","$v":"Multimedia"},{"$i":"ext-volume-alarm","$v":"Alarmi"},{"$i":"ext-new-cmas","$v":"Emergjencë"},{"$i":"phone-storage-full-body","$v":"Regjistrimi i thirrjes ndaloi. Fshi skedarë media ose të dhëna aplikacionesh për të liruar hapësirë."},{"$i":"sd-card-full-title","$v":"Karta SD është plot."},{"$i":"sd-card-full-body","$v":"Regjistrimi i thirrjes ndaloi. Fshi skedarë në kartën SD për të liruar hapësirë."},{"$i":"supl-notification-title","$v":"Kërkesë për vendndodhjen"},{"$i":"supl-notification-message","$v":"Vendndodhja jote po i transmetohet operatorit."},{"$i":"supl-verification-title","$v":"Kërkesë për vendndodhjen"},{"$i":"supl-verification-message","$v":"Operatori kërkon të dijë vendndodhjen tënde. T'i jepet informacioni i vendndodhjes?"},{"$i":"supl-verification-message-for-notification","$v":"Kliko këtu për të konf."},{"$i":"supl-verification-confirm","$v":"Po"},{"$i":"supl-verification-cancel","$v":"Jo"},{"$i":"supl-more-message","$v":["Mesazhi: ",{"t":"idOrVar","v":"id"}," (",{"t":"idOrVar","v":"message"},")"]},{"$i":"confirmPbapMsg","$v":[{"t":"idOrVar","v":"deviceId"}," kërkon të hyjë te kontaktet dhe historiku i thirrjeve; të pranohet?"]},{"$i":"confirmTitle","$v":"Kërkesë për \"Bluetooth"},{"$i":"initialValue","$v":"Jep kodin e seancës"},{"$i":"confirmMapMsg","$v":[{"t":"idOrVar","v":"deviceId"}," kërkon të hyjë tek mesazhet. Të pranohet?"]},{"$i":"wifiCallErrorMsg","$v":["Gabim telefonate me \"Wi-Fi\": ",{"t":"idOrVar","v":"error"}]},{"$i":"wifiCallMissEccTitle","$v":[{"t":"idOrVar","v":"operator"}," WiFi Calling"]},{"$i":"wifiCallMissEccMsg","$v":"Emergency calls in areas with cellular coverage only"},{"$i":"battery-full-title","$v":"Bateria është plot"},{"$i":"battery-full-body","$v":"Bateria është plotësisht e ngarkuar."},{"$i":"sim-config-title","$v":"konfiguracion"},{"$i":"sim-config-content-init","$v":["Shtyp FILLO për të konfiguruar telefonin për ",{"t":"idOrVar","v":"carrier"},"."]},{"$i":"sim-config-content-change","$v":["Të konfigurohet telefoni për ",{"t":"idOrVar","v":"carrier"},"?"]},{"$i":"sim-config-content-line1","$v":"Te lumte!"},{"$i":"sim-config-content-restart","$v":"Rindiz telefonin për të zbatuar ndryshimet. "},{"$i":"sim-config-content-finish","$v":"Shtyp OK për të përfunduar."},{"$i":"sim-config-content-failed","$v":["Profili i ",{"t":"idOrVar","v":"carrier"}," nuk mund të gjendet."]},{"$i":"sim-config-button-restart","$v":"Rifillo"},{"$i":"sim-config-button-begin","$v":"filloj"},{"$i":"open-wifi-available","$v":"Hap rrjetet \"Wi-Fi\" në dispozicion"},{"$i":"wifi-available","$v":"Rrjetet \"Wi-Fi\" në dispozicion"},{"$i":"wifi-no-internet-title","$v":"Wifi nuk ka hyrje në internet"},{"$i":"wifi-no-internet-body","$v":""},{"$i":"wifi-no-internet-header","$v":"Wi-Fi"},{"$i":"wifi-no-internet-content","$v":[{"t":"idOrVar","v":"name"}," nuk ka hyrje në internet, të qëndrohet lidhur?"]},{"$i":"ellipses_char","$v":"…"},{"$i":"fota-title-attention","$v":"Kujdes"},{"$i":"fota-upgrade-success","$v":["Firmueri u aktualizua me sukses, pajisja ka tani versionin ",{"t":"idOrVar","v":"target"},"."]},{"$i":"fota-upgrade-failed","$v":"Nuk u aktualizua dot, u rikthye versioni i mëparshëm."},{"$i":"fota-title-software-update","$v":"Përditësimi i softuerit"},{"$i":"fota-message-software-update-available","$v":"Ka përditësim të softuerit."},{"$i":"fota-message-software-download-failed","$v":"Përditësimi i softuerit nuk u shkarkua dot."},{"$i":"fota-message-software-download-complete","$v":"Përditësimi i softuerit u shkarkua."},{"$i":"network-issue-title","$v":"Gabim në rrjet"},{"$i":"network-issue-detail","$v":"Kontrollo lidhjen."},{"$i":"device-issue-title","$v":"Instaloni gabimin"},{"$i":"device-issue-detail","$v":"Ka ndodhur një gabim i papritur."},{"$i":"device-issue-update-title","$v":"Gabim në përditësim"},{"$i":"install-generic-error","$v":"Shkarkimi ndaloi."},{"$i":"account-authenticator-invaild-grant-notice-title","$v":"Llogari Gabim"},{"$i":"account-authenticator-invaild-grant-notice-text","$v":"Identifikohu përsëri"},{"$i":"account-authenticator-no-network-error","$v":"Nuk ka lidhje me internetin."},{"$i":"account-authenticator-access-denied-error","$v":"Ka ndodhur një gabim i panjohur."},{"$i":"qtn_els_alert_high_vol","$v":"Sinjalizim volumi të lartë "},{"$i":"qtn_els_alert_in_call","$v":"Në thirrje"},{"$i":"GetEmptyUssdPrompt","$v":"Përgjigja nuk u mor."},{"$i":"message-sent","$v":"Mesazhi u dërgua"},{"$i":"send","$v":"Dërgo"},{"$i":"confirmation","$v":"Konfirmimi"},{"$i":"feedback-dialogview-header","$v":"Komente"},{"$i":"feedback-dialogview-message","$v":"Opinioni yt është shumë i vlefshëm për “HMD Global”, ndaj na trego se çfarë mendon për telefonin e ri. Nëse dëshironi të merrni pjesë më vonë në këtë anketë, mund ta gjeni te “Cilësimet”."},{"$i":"accessibility-enableScreenReaderSteps","$v":"To enable screen reader, press the volume up and then volume down buttons three more times"},{"$i":"accessibility-disableScreenReaderSteps","$v":"To disable screen reader, press the volume up and then volume down buttons three more times"},{"$i":"accessibility-screenReaderStarted","$v":"Screen reader started"},{"$i":"accessibility-screenReaderStopped","$v":"Screen reader stopped"},{"$i":"accessibility-menubar","$v":"menu bar"},{"$i":"accessibility-scrollbar","$v":"scroll bar"},{"$i":"accessibility-grip","$v":"grip"},{"$i":"accessibility-alert","$v":"alert"},{"$i":"accessibility-menupopup","$v":"menu popup"},{"$i":"accessibility-document","$v":"document"},{"$i":"accessibility-pane","$v":"pane"},{"$i":"accessibility-dialog","$v":"dialogue"},{"$i":"accessibility-separator","$v":"separator"},{"$i":"accessibility-toolbar","$v":"toolbar"},{"$i":"accessibility-statusbar","$v":"status bar"},{"$i":"accessibility-table","$v":"table"},{"$i":"accessibility-columnheader","$v":"column header"},{"$i":"accessibility-rowheader","$v":"row header"},{"$i":"accessibility-column","$v":"column"},{"$i":"accessibility-row","$v":"row"},{"$i":"accessibility-cell","$v":"cell"},{"$i":"accessibility-link","$v":"link"},{"$i":"accessibility-list","$v":"list"},{"$i":"accessibility-listitem","$v":"list item"},{"$i":"accessibility-outline","$v":"outline"},{"$i":"accessibility-outlineitem","$v":"outline item"},{"$i":"accessibility-pagetab","$v":"tab"},{"$i":"accessibility-propertypage","$v":"property page"},{"$i":"accessibility-graphic","$v":"graphic"},{"$i":"accessibility-pushbutton","$v":"button"},{"$i":"accessibility-checkbutton","$v":"check button"},{"$i":"accessibility-radiobutton","$v":"radio button"},{"$i":"accessibility-combobox","$v":"combo box"},{"$i":"accessibility-progressbar","$v":"progress bar"},{"$i":"accessibility-slider","$v":"slider"},{"$i":"accessibility-spinbutton","$v":"spin button"},{"$i":"accessibility-diagram","$v":"diagram"},{"$i":"accessibility-animation","$v":"animation"},{"$i":"accessibility-equation","$v":"equation"},{"$i":"accessibility-buttonmenu","$v":"button menu"},{"$i":"accessibility-whitespace","$v":"white space"},{"$i":"accessibility-pagetablist","$v":"tab list"},{"$i":"accessibility-canvas","$v":"canvas"},{"$i":"accessibility-checkmenuitem","$v":"kontrollo art. e menysë"},{"$i":"accessibility-label","$v":"label"},{"$i":"accessibility-passwordtext","$v":"password text"},{"$i":"accessibility-radiomenuitem","$v":"art. i menysë së radios"},{"$i":"accessibility-textcontainer","$v":"text container"},{"$i":"accessibility-togglebutton","$v":"toggle button"},{"$i":"accessibility-treetable","$v":"tree table"},{"$i":"accessibility-header","$v":"header"},{"$i":"accessibility-footer","$v":"footer"},{"$i":"accessibility-paragraph","$v":"paragraph"},{"$i":"accessibility-entry","$v":"entry"},{"$i":"accessibility-caption","$v":"caption"},{"$i":"accessibility-heading","$v":"heading"},{"$i":"accessibility-section","$v":"section"},{"$i":"accessibility-form","$v":"form"},{"$i":"accessibility-comboboxlist","$v":"combo box list"},{"$i":"accessibility-comboboxoption","$v":"combo box option"},{"$i":"accessibility-imagemap","$v":"image map"},{"$i":"accessibility-listboxoption","$v":"option"},{"$i":"accessibility-listbox","$v":"list box"},{"$i":"accessibility-flatequation","$v":"flat equation"},{"$i":"accessibility-gridcell","$v":"gridcell"},{"$i":"accessibility-note","$v":"note"},{"$i":"accessibility-figure","$v":"figure"},{"$i":"accessibility-definitionlist","$v":"definition list"},{"$i":"accessibility-term","$v":"term"},{"$i":"accessibility-definition","$v":"definition"},{"$i":"accessibility-textarea","$v":"text area"},{"$i":"accessibility-textInputType_date","$v":"date"},{"$i":"accessibility-textInputType_email","$v":"e-mail"},{"$i":"accessibility-textInputType_search","$v":"search"},{"$i":"accessibility-textInputType_tel","$v":"telephone"},{"$i":"accessibility-textInputType_url","$v":"URL"},{"$i":"accessibility-headingLevel","$v":["heading level ",{"t":"idOrVar","v":"0"}]},{"$i":"accessibility-listStart","$v":"First item"},{"$i":"accessibility-listEnd","$v":"Last item"},{"$i":"accessibility-listItemsCount","$v":{"few":[{"t":"idOrVar","v":"count"}," items"],"many":[{"t":"idOrVar","v":"count"}," items"],"one":[{"t":"idOrVar","v":"count"}," item"],"other":[{"t":"idOrVar","v":"count"}," items"],"two":[{"t":"idOrVar","v":"count"}," items"],"zero":[{"t":"idOrVar","v":"count"}," items"]},"$x":[{"t":"idOrVar","v":"plural"},"count"]},{"$i":"accessibility-objItemOfN","$v":[{"t":"idOrVar","v":"0"}," of ",{"t":"idOrVar","v":"1"}]},{"$i":"accessibility-banner","$v":"banner"},{"$i":"accessibility-complementary","$v":"complementary"},{"$i":"accessibility-contentinfo","$v":"content info"},{"$i":"accessibility-main","$v":"main"},{"$i":"accessibility-navigation","$v":"navigation"},{"$i":"accessibility-search","$v":"search"},{"$i":"accessibility-tblColumnInfo","$v":{"few":["with ",{"t":"idOrVar","v":"count"}," columns"],"many":["with ",{"t":"idOrVar","v":"count"}," columns"],"one":["with ",{"t":"idOrVar","v":"count"}," column"],"other":["with ",{"t":"idOrVar","v":"count"}," columns"],"two":["with ",{"t":"idOrVar","v":"count"}," columns"],"zero":["with ",{"t":"idOrVar","v":"count"}," columns"]},"$x":[{"t":"idOrVar","v":"plural"},"count"]},{"$i":"accessibility-tblRowInfo","$v":{"few":["and ",{"t":"idOrVar","v":"count"}," rows"],"many":["and ",{"t":"idOrVar","v":"count"}," rows"],"one":["and ",{"t":"idOrVar","v":"count"}," row"],"other":["and ",{"t":"idOrVar","v":"count"}," rows"],"two":["and ",{"t":"idOrVar","v":"count"}," rows"],"zero":["and ",{"t":"idOrVar","v":"count"}," rows"]},"$x":[{"t":"idOrVar","v":"plural"},"count"]},{"$i":"accessibility-columnInfo","$v":["Column ",{"t":"idOrVar","v":"0"}]},{"$i":"accessibility-rowInfo","$v":["Row ",{"t":"idOrVar","v":"0"}]},{"$i":"accessibility-spansColumns","$v":{"few":["spans ",{"t":"idOrVar","v":"0"}," columns"],"many":["spans ",{"t":"idOrVar","v":"0"}," columns"],"one":["spans ",{"t":"idOrVar","v":"0"}," column"],"other":["spans ",{"t":"idOrVar","v":"0"}," columns"],"two":["spans ",{"t":"idOrVar","v":"0"}," columns"],"zero":["spans ",{"t":"idOrVar","v":"0"}," columns"]},"$x":[{"t":"idOrVar","v":"plural"},"0"]},{"$i":"accessibility-spansRows","$v":{"few":["spans ",{"t":"idOrVar","v":"0"}," rows"],"many":["spans ",{"t":"idOrVar","v":"0"}," rows"],"one":["spans ",{"t":"idOrVar","v":"0"}," row"],"other":["spans ",{"t":"idOrVar","v":"0"}," rows"],"two":["spans ",{"t":"idOrVar","v":"0"}," rows"],"zero":["spans ",{"t":"idOrVar","v":"0"}," rows"]},"$x":[{"t":"idOrVar","v":"plural"},"0"]},{"$i":"accessibility-jumpAction","$v":"jumped"},{"$i":"accessibility-pressAction","$v":"pressed"},{"$i":"accessibility-checkAction","$v":"checked"},{"$i":"accessibility-uncheckAction","$v":"unchecked"},{"$i":"accessibility-selectAction","$v":"selected"},{"$i":"accessibility-unselectAction","$v":"unselected"},{"$i":"accessibility-openAction","$v":"opened"},{"$i":"accessibility-closeAction","$v":"closed"},{"$i":"accessibility-switchAction","$v":"switched"},{"$i":"accessibility-clickAction","$v":"clicked"},{"$i":"accessibility-collapseAction","$v":"collapsed"},{"$i":"accessibility-expandAction","$v":"expanded"},{"$i":"accessibility-activateAction","$v":"activated"},{"$i":"accessibility-cycleAction","$v":"cycled"},{"$i":"accessibility-hidden","$v":"hidden"},{"$i":"accessibility-tabLoading","$v":"loading"},{"$i":"accessibility-tabLoaded","$v":"loaded"},{"$i":"accessibility-tabNew","$v":"new tab"},{"$i":"accessibility-tabLoadStopped","$v":"loading stopped"},{"$i":"accessibility-tabReload","$v":"reloading"},{"$i":"accessibility-stateChecked","$v":"checked"},{"$i":"accessibility-stateNotChecked","$v":"not checked"},{"$i":"accessibility-statePressed","$v":"pressed"},{"$i":"accessibility-stateExpanded","$v":"expanded"},{"$i":"accessibility-stateCollapsed","$v":"collapsed"},{"$i":"accessibility-stateUnavailable","$v":"unavailable"},{"$i":"accessibility-stateRequired","$v":"required"},{"$i":"accessibility-stateTraversed","$v":"visited"},{"$i":"accessibility-stateHasPopup","$v":"has pop up"},{"$i":"accessibility-stateSelected","$v":"selected"},{"$i":"accessibility-editingMode","$v":"editing"},{"$i":"accessibility-navigationMode","$v":"navigating"},{"$i":"accessibility-quicknav_Simple","$v":"Default"},{"$i":"accessibility-quicknav_Anchor","$v":"Anchors"},{"$i":"accessibility-quicknav_Button","$v":"Buttons"},{"$i":"accessibility-quicknav_Combobox","$v":"Combo boxes"},{"$i":"accessibility-quicknav_Landmark","$v":"Landmarks"},{"$i":"accessibility-quicknav_Entry","$v":"Entries"},{"$i":"accessibility-quicknav_FormElement","$v":"Form elements"},{"$i":"accessibility-quicknav_Graphic","$v":"Images"},{"$i":"accessibility-quicknav_Heading","$v":"Headings"},{"$i":"accessibility-quicknav_ListItem","$v":"List items"},{"$i":"accessibility-quicknav_Link","$v":"Links"},{"$i":"accessibility-quicknav_List","$v":"Lists"},{"$i":"accessibility-quicknav_PageTab","$v":"Page tabs"},{"$i":"accessibility-quicknav_RadioButton","$v":"Radio buttons"},{"$i":"accessibility-quicknav_Separator","$v":"Separators"},{"$i":"accessibility-quicknav_Table","$v":"Tables"},{"$i":"accessibility-quicknav_Checkbox","$v":"Check boxes"},{"$i":"accessibility-menubarAbbr","$v":"menu bar"},{"$i":"accessibility-scrollbarAbbr","$v":"scroll bar"},{"$i":"accessibility-gripAbbr","$v":"grip"},{"$i":"accessibility-alertAbbr","$v":"alert"},{"$i":"accessibility-menupopupAbbr","$v":"menu popup"},{"$i":"accessibility-documentAbbr","$v":"document"},{"$i":"accessibility-paneAbbr","$v":"pane"},{"$i":"accessibility-dialogAbbr","$v":"dialogue"},{"$i":"accessibility-separatorAbbr","$v":"separator"},{"$i":"accessibility-toolbarAbbr","$v":"toolbar"},{"$i":"accessibility-statusbarAbbr","$v":"status bar"},{"$i":"accessibility-tableAbbr","$v":"tbl"},{"$i":"accessibility-columnheaderAbbr","$v":"column header"},{"$i":"accessibility-rowheaderAbbr","$v":"row header"},{"$i":"accessibility-columnAbbr","$v":"column"},{"$i":"accessibility-rowAbbr","$v":"row"},{"$i":"accessibility-cellAbbr","$v":"cell"},{"$i":"accessibility-linkAbbr","$v":"lnk"},{"$i":"accessibility-listAbbr","$v":"list"},{"$i":"accessibility-listitemAbbr","$v":"list item"},{"$i":"accessibility-outlineAbbr","$v":"outline"},{"$i":"accessibility-outlineitemAbbr","$v":"outline item"},{"$i":"accessibility-pagetabAbbr","$v":"tab"},{"$i":"accessibility-propertypageAbbr","$v":"property page"},{"$i":"accessibility-graphicAbbr","$v":"graphic"},{"$i":"accessibility-pushbuttonAbbr","$v":"btn"},{"$i":"accessibility-checkbuttonAbbr","$v":"check button"},{"$i":"accessibility-radiobuttonAbbr","$v":"radio button"},{"$i":"accessibility-comboboxAbbr","$v":"combo box"},{"$i":"accessibility-progressbarAbbr","$v":"progress bar"},{"$i":"accessibility-sliderAbbr","$v":"slider"},{"$i":"accessibility-spinbuttonAbbr","$v":"spin button"},{"$i":"accessibility-diagramAbbr","$v":"diagram"},{"$i":"accessibility-animationAbbr","$v":"animation"},{"$i":"accessibility-equationAbbr","$v":"equation"},{"$i":"accessibility-buttonmenuAbbr","$v":"button menu"},{"$i":"accessibility-whitespaceAbbr","$v":"white space"},{"$i":"accessibility-pagetablistAbbr","$v":"tab list"},{"$i":"accessibility-canvasAbbr","$v":"canvas"},{"$i":"accessibility-checkmenuitemAbbr","$v":"check menu item"},{"$i":"accessibility-labelAbbr","$v":"label"},{"$i":"accessibility-passwordtextAbbr","$v":"passwdtxt"},{"$i":"accessibility-radiomenuitemAbbr","$v":"radio menu item"},{"$i":"accessibility-textcontainerAbbr","$v":"text container"},{"$i":"accessibility-togglebuttonAbbr","$v":"toggle button"},{"$i":"accessibility-treetableAbbr","$v":"tree table"},{"$i":"accessibility-headerAbbr","$v":"header"},{"$i":"accessibility-footerAbbr","$v":"footer"},{"$i":"accessibility-paragraphAbbr","$v":"paragraph"},{"$i":"accessibility-entryAbbr","$v":"entry"},{"$i":"accessibility-captionAbbr","$v":"caption"},{"$i":"accessibility-headingAbbr","$v":"heading"},{"$i":"accessibility-sectionAbbr","$v":"section"},{"$i":"accessibility-formAbbr","$v":"form"},{"$i":"accessibility-comboboxlistAbbr","$v":"combo box list"},{"$i":"accessibility-comboboxoptionAbbr","$v":"combo box option"},{"$i":"accessibility-imagemapAbbr","$v":"imgmap"},{"$i":"accessibility-listboxoptionAbbr","$v":"option"},{"$i":"accessibility-listboxAbbr","$v":"list box"},{"$i":"accessibility-flatequationAbbr","$v":"flat equation"},{"$i":"accessibility-gridcellAbbr","$v":"gridcell"},{"$i":"accessibility-noteAbbr","$v":"note"},{"$i":"accessibility-figureAbbr","$v":"fig"},{"$i":"accessibility-definitionlistAbbr","$v":"definition list"},{"$i":"accessibility-termAbbr","$v":"term"},{"$i":"accessibility-definitionAbbr","$v":"definition"},{"$i":"accessibility-textareaAbbr","$v":"txtarea"},{"$i":"accessibility-tblColumnInfoAbbr","$v":{"few":[{"t":"idOrVar","v":"count"},"c"],"many":[{"t":"idOrVar","v":"count"},"c"],"one":[{"t":"idOrVar","v":"count"},"c"],"other":[{"t":"idOrVar","v":"count"},"c"],"two":[{"t":"idOrVar","v":"count"},"c"]},"$x":[{"t":"idOrVar","v":"plural"},"count"]},{"$i":"accessibility-tblRowInfoAbbr","$v":{"few":[{"t":"idOrVar","v":"count"},"r"],"many":[{"t":"idOrVar","v":"count"},"r"],"one":[{"t":"idOrVar","v":"count"},"r"],"other":[{"t":"idOrVar","v":"count"},"r"],"two":[{"t":"idOrVar","v":"count"},"r"]},"$x":[{"t":"idOrVar","v":"plural"},"count"]},{"$i":"accessibility-cellInfoAbbr","$v":["c",{"t":"idOrVar","v":"0"},"r",{"t":"idOrVar","v":"1"}]},{"$i":"accessibility-stateCheckedAbbr","$v":"(x)"},{"$i":"accessibility-stateUncheckedAbbr","$v":"( )"},{"$i":"accessibility-statePressedAbbr","$v":"(x)"},{"$i":"accessibility-stateUnpressedAbbr","$v":"( )"},{"$i":"accessibility-pushbutton-hint","$v":"Double tap to activate"},{"$i":"accessibility-checkbutton-hint","$v":"Double tap to activate"},{"$i":"accessibility-combobox-hint","$v":"Double tap to activate"},{"$i":"accessibility-key-hint","$v":"Tap and hold to activate"},{"$i":"accessibility-link-hint","$v":"Double tap to activate"},{"$i":"accessibility-menuitem-hint","$v":"Double tap to activate"},{"$i":"accessibility-option-hint","$v":"Double tap to activate"},{"$i":"accessibility-radiobutton-hint","$v":"Double tap to activate"},{"$i":"accessibility-slider-hint","$v":"Swipe up to increase or down to decrease"},{"$i":"accessibility-spinbutton-hint","$v":"Swipe up to increase or down to decrease"},{"$i":"accessibility-pagetab-hint","$v":"Double tap to activate"},{"$i":"accessibility-entry-hint","$v":"Double tap to activate"},{"$i":"accessibility-outlineitem-hint","$v":"Double tap to activate"},{"$i":"SoftLeft","$v":"Tasti i majtë virtual"},{"$i":"Enter","$v":"Butoni \"OK"},{"$i":"SoftRight","$v":"Tasti i djathtë virtual"},{"$i":"weekday-0-long","$v":"E diel"},{"$i":"weekday-1-long","$v":"E hënë"},{"$i":"weekday-2-long","$v":"E martë"},{"$i":"weekday-3-long","$v":"E mërkurë"},{"$i":"weekday-4-long","$v":"E enjte"},{"$i":"weekday-5-long","$v":"E premte"},{"$i":"weekday-6-long","$v":"E shtunë"},{"$i":"weekday-0-short","$v":"Die"},{"$i":"weekday-1-short","$v":"Hën"},{"$i":"weekday-2-short","$v":"Mar"},{"$i":"weekday-3-short","$v":"Mër"},{"$i":"weekday-4-short","$v":"Enj"},{"$i":"weekday-5-short","$v":"Pre"},{"$i":"weekday-6-short","$v":"Sht"},{"$i":"month-0-long","$v":"Janar"},{"$i":"month-1-long","$v":"Shkurt"},{"$i":"month-2-long","$v":"Mars"},{"$i":"month-3-long","$v":"Prill"},{"$i":"month-4-long","$v":"Maj"},{"$i":"month-5-long","$v":"Qershor"},{"$i":"month-6-long","$v":"Korrik"},{"$i":"month-7-long","$v":"Gusht"},{"$i":"month-8-long","$v":"Shtator"},{"$i":"month-9-long","$v":"Tetor"},{"$i":"month-10-long","$v":"Nëntor"},{"$i":"month-11-long","$v":"Dhjetor"},{"$i":"month-0-genitive","$v":"Janar"},{"$i":"month-1-genitive","$v":"Shkurt"},{"$i":"month-2-genitive","$v":"Mars"},{"$i":"month-3-genitive","$v":"Prill"},{"$i":"month-4-genitive","$v":"Maj"},{"$i":"month-5-genitive","$v":"Qershor"},{"$i":"month-6-genitive","$v":"Korrik"},{"$i":"month-7-genitive","$v":"Gusht"},{"$i":"month-8-genitive","$v":"Shtator"},{"$i":"month-9-genitive","$v":"Tetor"},{"$i":"month-10-genitive","$v":"Nëntor"},{"$i":"month-11-genitive","$v":"Dhjetor"},{"$i":"month-0-short","$v":"Jan"},{"$i":"month-1-short","$v":"Shku"},{"$i":"month-2-short","$v":"Mar"},{"$i":"month-3-short","$v":"Pri"},{"$i":"month-4-short","$v":"Maj"},{"$i":"month-5-short","$v":"Qer"},{"$i":"month-6-short","$v":"Korr"},{"$i":"month-7-short","$v":"Gush"},{"$i":"month-8-short","$v":"Shta"},{"$i":"month-9-short","$v":"Tet"},{"$i":"month-10-short","$v":"Nën"},{"$i":"month-11-short","$v":"Dhj"},{"$i":"minutes-ago-long","$v":{"few":[{"t":"idOrVar","v":"value"}," minuta më parë"],"many":[{"t":"idOrVar","v":"value"}," minuta më parë"],"one":"një minutë më parë","other":[{"t":"idOrVar","v":"value"}," minuta më parë"],"two":[{"t":"idOrVar","v":"value"}," minuta më parë"],"zero":"sapo"},"$x":[{"t":"idOrVar","v":"plural"},"value"]},{"$i":"hours-ago-long","$v":{"few":[{"t":"idOrVar","v":"value"}," orë më parë"],"many":[{"t":"idOrVar","v":"value"}," orë më parë"],"one":"një orë më parë","other":[{"t":"idOrVar","v":"value"}," orë më parë"],"two":[{"t":"idOrVar","v":"value"}," orë më parë"],"zero":"sapo"},"$x":[{"t":"idOrVar","v":"plural"},"value"]},{"$i":"days-ago-long","$v":{"few":[{"t":"idOrVar","v":"value"}," ditë më parë"],"many":[{"t":"idOrVar","v":"value"}," ditë më parë"],"one":"dje","other":[{"t":"idOrVar","v":"value"}," ditë më parë"],"two":[{"t":"idOrVar","v":"value"}," ditë më parë"],"zero":"sot"},"$x":[{"t":"idOrVar","v":"plural"},"value"]},{"$i":"weeks-ago-long","$v":{"few":[{"t":"idOrVar","v":"value"}," javë më parë"],"many":[{"t":"idOrVar","v":"value"}," javë më parë"],"one":"javën e kaluar","other":[{"t":"idOrVar","v":"value"}," javë më parë"],"two":[{"t":"idOrVar","v":"value"}," javë më parë"],"zero":"këtë javë"},"$x":[{"t":"idOrVar","v":"plural"},"value"]},{"$i":"months-ago-long","$v":{"few":[{"t":"idOrVar","v":"value"}," muaj më parë"],"many":[{"t":"idOrVar","v":"value"}," muaj më parë"],"one":"muajin e kaluar","other":[{"t":"idOrVar","v":"value"}," muaj më parë"],"two":[{"t":"idOrVar","v":"value"}," muaj më parë"],"zero":"këtë muaj"},"$x":[{"t":"idOrVar","v":"plural"},"value"]},{"$i":"years-ago-long","$v":{"few":[{"t":"idOrVar","v":"value"}," vite më parë"],"many":[{"t":"idOrVar","v":"value"}," vite më parë"],"one":"vitin e kaluar","other":[{"t":"idOrVar","v":"value"}," vite më parë"],"two":[{"t":"idOrVar","v":"value"}," vite më parë"],"zero":"këtë vit"},"$x":[{"t":"idOrVar","v":"plural"},"value"]},{"$i":"minutes-until-long","$v":{"few":["për ",{"t":"idOrVar","v":"value"}," minuta"],"many":["për ",{"t":"idOrVar","v":"value"}," minuta"],"one":"për një minutë","other":["për ",{"t":"idOrVar","v":"value"}," minuta"],"two":["për ",{"t":"idOrVar","v":"value"}," minuta"],"zero":"tani"},"$x":[{"t":"idOrVar","v":"plural"},"value"]},{"$i":"hours-until-long","$v":{"few":["për ",{"t":"idOrVar","v":"value"}," orë"],"many":["për ",{"t":"idOrVar","v":"value"}," orë"],"one":"për një orë","other":["për ",{"t":"idOrVar","v":"value"}," orë"],"two":["për ",{"t":"idOrVar","v":"value"}," orë"],"zero":"tani"},"$x":[{"t":"idOrVar","v":"plural"},"value"]},{"$i":"days-until-long","$v":{"few":["për ",{"t":"idOrVar","v":"value"}," ditë"],"many":["për ",{"t":"idOrVar","v":"value"}," ditë"],"one":"nesër","other":["për ",{"t":"idOrVar","v":"value"}," ditë"],"two":["për ",{"t":"idOrVar","v":"value"}," ditë"],"zero":"sot"},"$x":[{"t":"idOrVar","v":"plural"},"value"]},{"$i":"weeks-until-long","$v":{"few":["për ",{"t":"idOrVar","v":"value"}," javë"],"many":["për ",{"t":"idOrVar","v":"value"}," javë"],"one":"javën tjetër","other":["për ",{"t":"idOrVar","v":"value"}," javë"],"two":["për ",{"t":"idOrVar","v":"value"}," javë"],"zero":"këtë javë"},"$x":[{"t":"idOrVar","v":"plural"},"value"]},{"$i":"months-until-long","$v":{"few":["për ",{"t":"idOrVar","v":"value"}," muaj"],"many":["për ",{"t":"idOrVar","v":"value"}," muaj"],"one":"muajin tjetër","other":["për ",{"t":"idOrVar","v":"value"}," muaj"],"two":["për ",{"t":"idOrVar","v":"value"}," muaj"],"zero":"këtë muaj"},"$x":[{"t":"idOrVar","v":"plural"},"value"]},{"$i":"years-until-long","$v":{"few":["për ",{"t":"idOrVar","v":"value"}," vjet"],"many":["për ",{"t":"idOrVar","v":"value"}," vjet"],"one":"vitin tjetër","other":["për ",{"t":"idOrVar","v":"value"}," vjet"],"two":["për ",{"t":"idOrVar","v":"value"}," vjet"],"zero":"këtë vit"},"$x":[{"t":"idOrVar","v":"plural"},"value"]},{"$i":"minutes-ago-short","$v":{"other":[{"t":"idOrVar","v":"value"}," min më parë"],"zero":"sapo"},"$x":[{"t":"idOrVar","v":"plural"},"value"]},{"$i":"hours-ago-short","$v":{"other":[{"t":"idOrVar","v":"value"}," orë më parë"],"zero":"sapo"},"$x":[{"t":"idOrVar","v":"plural"},"value"]},{"$i":"days-ago-short","$v":{"other":[{"t":"idOrVar","v":"value"}," ditë më parë"],"zero":"sot"},"$x":[{"t":"idOrVar","v":"plural"},"value"]},{"$i":"minutes-until-short","$v":{"other":["për ",{"t":"idOrVar","v":"value"}," min"],"zero":"tani"},"$x":[{"t":"idOrVar","v":"plural"},"value"]},{"$i":"hours-until-short","$v":{"other":["për ",{"t":"idOrVar","v":"value"}," orë"],"zero":"tani"},"$x":[{"t":"idOrVar","v":"plural"},"value"]},{"$i":"days-until-short","$v":{"other":["për ",{"t":"idOrVar","v":"value"}," ditë"],"zero":"sot"},"$x":[{"t":"idOrVar","v":"plural"},"value"]},{"$i":"incorrectDate","$v":"(datë e pasaktë)"},{"$i":"dateTimeFormat_%c","$v":"%a %b %e %Y %I:%M:%S %p"},{"$i":"dateTimeFormat_%x","$v":"%m/%d/%Y"},{"$i":"dateTimeFormat_%X","$v":"%I:%M:%S %p"},{"$i":"shortTimeFormat","$v":"%I:%M %p"},{"$i":"shortTimeFormat12","$v":"%I:%M %p"},{"$i":"shortTimeFormat24","$v":"%H:%M"},{"$i":"shortDateTimeFormat","$v":"%x %I:%M %p"},{"$i":"weekStartsOnMonday","$v":"0.0"},{"$i":"firstDayOfTheWeek","$v":"1.0"},{"$i":"time_am","$v":"p.d."},{"$i":"time_pm","$v":"m.d."},{"$i":"title-app","$v":"Leja e aplikacionit"},{"$i":"title-web","$v":"Autorizimi për faqet"},{"$i":"title-cam","$v":"Zgjidh kamerën"},{"$i":"perm-alarms","$v":"Planifiko alarmet"},{"$i":"perm-audio-capture","$v":"Mikrofoni"},{"$i":"perm-audio-capture-appRequest","$v":["Të ndahet mikrofoni me ",{"t":"idOrVar","v":"app"},"?"]},{"$i":"perm-audio-capture-webRequest","$v":["Të ndahet mikrofoni me ",{"t":"idOrVar","v":"site"},"?"]},{"$i":"perm-audio-channel-content","$v":"Luaj tingujt"},{"$i":"perm-audio-channel-notification","$v":"Luaj tingujt e njoftimeve"},{"$i":"perm-audio-channel-ringer","$v":"Luaj tingujt e zileve"},{"$i":"perm-background-sensors","$v":"Hyr tek të dhënat e sensorit"},{"$i":"perm-bluetooth","$v":"Bluetooth"},{"$i":"perm-browser","$v":"Inspekto faqet e internetit"},{"$i":"perm-camera","$v":"Kamerat"},{"$i":"perm-camera-selector-appRequest","$v":["Zgji. një kam. për ",{"t":"idOrVar","v":"app"},"."]},{"$i":"perm-camera-selector-webRequest","$v":["Zgji. një kam. për ",{"t":"idOrVar","v":"site"},"."]},{"$i":"perm-camera-appRequest","$v":[{"t":"idOrVar","v":"app"}," kërkon të përdorë kamerën."]},{"$i":"perm-camera-webRequest","$v":[{"t":"idOrVar","v":"site"}," kërkon të përdorë kamerën."]},{"$i":"perm-cellbroadcast","$v":"Transmetimet e lokalizuara"},{"$i":"perm-contacts","$v":"Kontaktet"},{"$i":"perm-contacts-appRequest","$v":[{"t":"idOrVar","v":"app"}," kërkon të hyjë te lista e kontakteve."]},{"$i":"perm-contacts-webRequest","$v":[{"t":"idOrVar","v":"site"}," kërkon të hyjë te lista e kontakteve."]},{"$i":"perm-desktop-notification","$v":"Njoftimet"},{"$i":"perm-desktop-notification-appRequest","$v":[{"t":"idOrVar","v":"app"}," kërkon të shfaqë njoftime."]},{"$i":"perm-desktop-notification-webRequest","$v":[{"t":"idOrVar","v":"site"}," kërkon të shfaqë njoftime."]},{"$i":"perm-device-storage-apps","$v":"Memoria e aplikacioneve"},{"$i":"perm-device-storage-music","$v":"Vendruajtja e muzikës"},{"$i":"perm-device-storage-music-appRequest","$v":[{"t":"idOrVar","v":"app"}," kërkon të hyjë te muzika."]},{"$i":"perm-device-storage-music-webRequest","$v":[{"t":"idOrVar","v":"site"}," kërkon të hyjë te muzika."]},{"$i":"perm-device-storage-pictures","$v":"Memoria e figurave"},{"$i":"perm-device-storage-pictures-appRequest","$v":[{"t":"idOrVar","v":"app"}," kërkon të hyjë te imazhet."]},{"$i":"perm-device-storage-pictures-webRequest","$v":[{"t":"idOrVar","v":"site"}," kërkon të hyjë te imazhet."]},{"$i":"perm-device-storage-sdcard","$v":"Vendruajtja e kartave të memories"},{"$i":"perm-device-storage-sdcard-appRequest","$v":[{"t":"idOrVar","v":"app"}," kërkon të hyjë te karta e memories."]},{"$i":"perm-device-storage-sdcard-webRequest","$v":[{"t":"idOrVar","v":"site"}," kërkon të hyjë te karta e memories."]},{"$i":"perm-device-storage-videos","$v":"Memoria e videove"},{"$i":"perm-device-storage-videos-appRequest","$v":[{"t":"idOrVar","v":"app"}," kërkon të hyjë te videot."]},{"$i":"perm-device-storage-videos-webRequest","$v":[{"t":"idOrVar","v":"site"}," kërkon të hyjë te videot."]},{"$i":"perm-fullscreen-appRequest","$v":[{"t":"idOrVar","v":"app"}," tani është në ekran të plotë."]},{"$i":"perm-fullscreen-webRequest","$v":[{"t":"idOrVar","v":"site"}," tani është në ekran të plotë."]},{"$i":"perm-embed-apps","$v":"Integro aplikacionet"},{"$i":"perm-fmradio","$v":"Radio FM"},{"$i":"perm-fmradio-appRequest","$v":[{"t":"idOrVar","v":"app"}," kërkon të përdorë radion FM."]},{"$i":"perm-fmradio-webRequest","$v":[{"t":"idOrVar","v":"site"}," kërkon të përdorë radion FM."]},{"$i":"perm-geolocation","$v":"Vendndodhja gjeografike"},{"$i":"perm-geolocation-appRequest","$v":[{"t":"idOrVar","v":"app"}," kërkon të dijë vendndodhjen tënde."]},{"$i":"perm-geolocation-more-info","$v":[{"t":"idOrVar","v":"brandShortName"}," përdor GPS dhe informacione të tjera shtesë, si rrjetet WiFi dhe celulare, për të gjetur me përafërsi vendndodhjen tënde. Të dhënat e vendndodhjes mund të përdoren nga ",{"t":"idOrVar","v":"brandShortName"}," dhe ofruesit e shërbimit për të përmirësuar saktësinë dhe mbulimin e databazave të vendndodhjes.",{"t":"idOrVar","v":"brandShortName"}," do të kërkojë gjithmonë leje kur një aplikacion kërkon të hyjë në vendndodhjen e pajisjes."]},{"$i":"perm-geolocation-webRequest","$v":[{"t":"idOrVar","v":"site"}," kërkon të dijë vendndodhjen tënde."]},{"$i":"perm-idle","$v":"Shiko gjendjen në pritje"},{"$i":"perm-indexedDB-chrome-settings","$v":"IndexedDB\" me privilegje"},{"$i":"perm-indexedDB-unlimited","$v":"Memorie e pakufizuar \"IndexedDB"},{"$i":"perm-input-manage","$v":"Administro tastierat"},{"$i":"perm-input","$v":"Shërben si tastierë"},{"$i":"perm-media-capture","$v":"Kamera dhe mikrofoni"},{"$i":"perm-media-capture-appRequest","$v":["Të ndahet kamera dhe mikrofoni me ",{"t":"idOrVar","v":"app"},"?"]},{"$i":"perm-media-capture-webRequest","$v":["Të ndahet kamera dhe mikrofoni me ",{"t":"idOrVar","v":"site"},"?"]},{"$i":"perm-mobileconnection","$v":"Lidhje celulare"},{"$i":"perm-mobileid","$v":"Identiteti i celularit"},{"$i":"perm-network-events","$v":"Ngjarjet e rrjetit"},{"$i":"perm-open-remote-window","$v":"Hap një aplikacion"},{"$i":"perm-permissions","$v":"Modifiko autorizimet e aplikacionit"},{"$i":"perm-power","$v":"Cilësimet e energjisë"},{"$i":"perm-settings","$v":"Modifiko cilësimet"},{"$i":"perm-systemXHR","$v":"Kërkesat me origjinë të përzier"},{"$i":"perm-telephony","$v":"Telefoni"},{"$i":"perm-video-capture","$v":"Kamera"},{"$i":"perm-video-capture-appRequest","$v":["Të ndahet kamera me ",{"t":"idOrVar","v":"app"},"?"]},{"$i":"perm-video-capture-webRequest","$v":["Të ndahet kamera me ",{"t":"idOrVar","v":"site"},"?"]},{"$i":"perm-voicemail","$v":"Kontrollo postën zanore"},{"$i":"perm-webapps-manage","$v":"Instalo aplikacionet e internetit"},{"$i":"perm-wifi-manage","$v":"Administro Wi-Fi"},{"$i":"perm-attention","$v":"Hap dritare të mbivendosura"},{"$i":"perm-audio-channel-alarm","$v":"Luaj tingujt e alarmit"},{"$i":"perm-audio-channel-normal","$v":"Luaj tingujt"},{"$i":"perm-audio-channel-publicnotification","$v":"Luaj tingujt e njoft. publike"},{"$i":"perm-audio-channel-telephony","$v":"Luaj tingujt e telefonisë"},{"$i":"perm-backgroundservice","$v":"Shërben si shërbim në sfond"},{"$i":"perm-device-storage-crashes","$v":"Memoria e të dhënave të kreshimit"},{"$i":"perm-downloads","$v":"Hyr te shkarkimet"},{"$i":"perm-embed-widgets","$v":"Integro miniaplikacionet"},{"$i":"perm-feature-detection","$v":"Diktimi i funksioneve"},{"$i":"perm-firefox-accounts","$v":"Llogaritë në \"Firefox"},{"$i":"perm-mobilenetwork","$v":"Rrjeti celular"},{"$i":"perm-moz-attention","$v":"Hap dritare të mbivendosura (moz)"},{"$i":"perm-moz-audio-channel-ringer","$v":"Luaj tingujt e zileve (moz)"},{"$i":"perm-moz-audio-channel-telephony","$v":"Luaj tingujt e telefo. (moz)"},{"$i":"perm-moz-firefox-accounts","$v":"Llogaritë në \"Firefox\" (moz)"},{"$i":"perm-networkstats-manage","$v":"Kontrollo statistikat e përdorimit"},{"$i":"perm-nfc","$v":"NFC"},{"$i":"perm-nfc-hci-events","$v":"Ngjarjet NFC HCI"},{"$i":"perm-nfc-manager","$v":"Administro NFC"},{"$i":"perm-phonenumberservice","$v":"Shërbimi i numër. telef."},{"$i":"perm-push","$v":"Push API"},{"$i":"perm-resourcestats-manage","$v":"Statistikat e resurseve"},{"$i":"perm-sms","$v":"Dërgo dhe lexo SMS"},{"$i":"perm-speaker-control","$v":"Kontrollo volumin"},{"$i":"perm-storage","$v":"Hyr te memoria"},{"$i":"perm-tcp-socket","$v":"Fole TCP"},{"$i":"perm-test-permission","$v":"Test Permission"},{"$i":"perm-time","$v":"Cakto datën dhe orën"},{"$i":"perm-udp-socket","$v":"Foletë UDP"},{"$i":"perm-wappush","$v":"WAP Push"},{"$i":"stopped_download_title","$v":"Shkarkimi ndaloi"},{"$i":"tcl-stopped_download_message","$v":"Shkarkimi ka ndaluar. Të rifillohet?"},{"$i":"stopped_download_left_button","$v":"Anulo"},{"$i":"stopped_download_right_button","$v":"Provo sërish"},{"$i":"failed_download_title","$v":"Shkarkimi nuk u krye"},{"$i":"failed_download_message","$v":[{"t":"idOrVar","v":"name"}," nuk u shkarkua. Të provohet sërish shkarkimi?"]},{"$i":"failed_download_left_button","$v":"Anulo"},{"$i":"failed_download_right_button","$v":"Provo sërish"},{"$i":"stop_download_title","$v":"Ndalo shkarkimin"},{"$i":"stop_download_message","$v":"Je i sigurt për ndalimin e shkarkimit?"},{"$i":"stop_download_left_button","$v":"Anulo"},{"$i":"stop_download_right_button","$v":"Ndalo"},{"$i":"delete_download_title","$v":"Fshi"},{"$i":"delete_download_message","$v":["Të fshihet \"",{"t":"idOrVar","v":"name"},"\"?"]},{"$i":"delete_download_left_button","$v":"Anulo"},{"$i":"delete_download_right_button","$v":"Fshi"},{"$i":"delete_all_download_title","$v":"Fshi"},{"$i":"delete_all_download_left_button","$v":"Anulo"},{"$i":"delete_all_download_right_button","$v":"Fshi"},{"$i":"delete_all_download_message_ext","$v":"Të fshihen skedarët e zgjedhur?"},{"$i":"delete_all_download_message","$v":{"few":["Të fshihen ",{"t":"idOrVar","v":"number"}," skedarë?"],"many":["Të fshihen ",{"t":"idOrVar","v":"number"}," skedarë?"],"one":"Të fshihet një skedar?","other":["Të fshihen ",{"t":"idOrVar","v":"number"}," skedarë?"],"two":["Të fshihen ",{"t":"idOrVar","v":"number"}," skedarë?"],"zero":"Të mos fshihet asnjë skedar?"},"$x":[{"t":"idOrVar","v":"plural"},"number"]},{"$i":"unsupported_file_type_download_title","$v":"Nuk e hap dot"},{"$i":"unsupported_file_type_download_message","$v":["Nuk ka aplikacion që mund të hapë ",{"t":"idOrVar","v":"name"},". Të ruhet skedari apo të fshihet?"]},{"$i":"unsupported_file_type_download_left_button","$v":"Mbaje skedarin"},{"$i":"unsupported_file_type_download_right_button","$v":"Fshi"},{"$i":"file_not_found_download_title","$v":"Skedari nuk u gjet"},{"$i":"file_not_found_download_message","$v":"Skedari nuk u gjet në pajisje"},{"$i":"file_not_found_download_right_button","$v":"OK"},{"$i":"unmounted_sdcard_2_download_title","$v":"Karta e memories në përdorim"},{"$i":"unmounted_sdcard_2_download_message","$v":"Hiq telefonin nga priza"},{"$i":"unmounted_sdcard_2_download_right_button","$v":"OK"},{"$i":"no_provider_download_title","$v":"Nuk e hap dot"},{"$i":"no_provider_download_message","$v":"Ky format skedari është i pavlefshëm ose nuk mbështetet."},{"$i":"no_provider_download_right_button","$v":"OK"},{"$i":"no_memory_download_title","$v":"Karta SD është plot"},{"$i":"no_memory_download_message","$v":"Nuk ka më vend në kartën SD për ruajtjen e shkarkimit. Fshi disa skedarë para se të rifillosh shkarkimin."},{"$i":"no_memory_download_right_button","$v":"OK"},{"$i":"no_sdcard_found_2_download_title","$v":"Nuk u gjet ndonjë kartë memorieje"},{"$i":"no_sdcard_found_2_download_message","$v":"Fut një kartë memorieje ose zgjidh një vendndodhje standarde alternative të multimediave te cilësimet"},{"$i":"no_sdcard_found_2_download_right_button","$v":"OK"},{"$i":"file_open_error_download_title","$v":"Konfirmimi"},{"$i":"file_open_error_download_message","$v":"Ky format skedari është i pavlefshëm ose nuk mbështetet. Të fshihet skedari?"},{"$i":"file_open_error_download_left_button","$v":"Mbaje skedarin"},{"$i":"file_open_error_download_right_button","$v":"Fshi"},{"$i":"restart_download_error","$v":"Ndodhi një gabim gjatë rifillimit të shkarkimit. Provo ta shkarkosh sërish."},{"$i":"no-downloads","$v":"Nuk ka shkarkime"},{"$i":"percentage","$v":[{"t":"idOrVar","v":"percentage"},"%"]},{"$i":"partialResult","$v":[{"t":"idOrVar","v":"partial"}," / ",{"t":"idOrVar","v":"total"}]},{"$i":"summary","$v":[{"t":"idOrVar","v":"date"}," - ",{"t":"idOrVar","v":"status"}]},{"$i":"download-stopped","$v":"Ndaluar"},{"$i":"download-failed","$v":"Shkarkimi nuk u krye"},{"$i":"open_downloaded_file","$v":"Hap"},{"$i":"share_downloaded_file","$v":"Ndaj"},{"$i":"wallpaper_downloaded_file","$v":"Caktoje si sfond"},{"$i":"ringtone_downloaded_file","$v":"Caktoje si zile"},{"$i":"cancel_downloaded_file","$v":"Anulo"},{"$i":"voicemailNoNumberTitle","$v":"Numri i postës zanore nuk disponohet"},{"$i":"voicemailNoNumberText","$v":"Posta zanore nuk telefonohet dot. Konfiguro numrin e postës zanore për të bërë telefonatën."},{"$i":"voicemailNoNumberSettings","$v":"Cilësimet"},{"$i":"voicemailNoNumberCancel","$v":"Anulo"},{"$i":"airplaneMode","$v":"Modaliteti i fluturimit"},{"$i":"noNetwork","$v":"Nuk ka rrjet"},{"$i":"roaming","$v":[{"t":"idOrVar","v":"operator"}," (Roaming)"]},{"$i":"operator-info","$v":[{"t":"idOrVar","v":"carrier"}," ",{"t":"idOrVar","v":"region"}]},{"$i":"emergencyCallsOnly","$v":"Vetëm telefonata emergjence"},{"$i":"emergencyCallsOnly-unknownSIMState","$v":"(gjendje e panjohur e SIM)"},{"$i":"emergencyCallsOnly-noSIM","$v":"(asnjë SIM)"},{"$i":"emergencyCallsOnly-pinRequired","$v":"(kërkohet kodi PIN i SIM)"},{"$i":"emergencyCallsOnly-pukRequired","$v":"(kërkohet kodi PUK i SIM)"},{"$i":"emergencyCallsOnly-networkLocked","$v":"(rrjeti i kyçur)"},{"$i":"emergencyCallsOnly-serviceProviderLocked","$v":"(ofruesi i shërbimit i kyçur)"},{"$i":"emergencyCallsOnly-corporateLocked","$v":"(kyçur nga korporata)"},{"$i":"emergencyCallsOnly-network1Locked","$v":"(rrjeti1 i kyçur)"},{"$i":"emergencyCallsOnly-network2Locked","$v":"(rrjeti2 i kyçur)"},{"$i":"emergencyCallsOnly-hrpdNetworkLocked","$v":"(rrjeti hrpd i kyçur)"},{"$i":"emergencyCallsOnly-ruimCorporateLocked","$v":"(ruim i kyçur nga korporata)"},{"$i":"emergencyCallsOnly-ruimServiceProviderLocked","$v":"(ofruesi i shërbimit të ruim i kyçur)"},{"$i":"lockscreen-sim-id","$v":["SIM ",{"t":"idOrVar","v":"n"}]},{"$i":"charging-no-time","$v":[{"t":"idOrVar","v":"level"},"% ngarkim"]},{"$i":"charging-minutes","$v":{"few":[{"t":"idOrVar","v":"level"},"% ngarkim (",{"t":"idOrVar","v":"minutes"}," minuta deri në ngarkim të plotë)"],"many":[{"t":"idOrVar","v":"level"},"% ngarkim (",{"t":"idOrVar","v":"minutes"}," minuta deri në ngarkim të plotë)"],"one":[{"t":"idOrVar","v":"level"},"% ngarkim (",{"t":"idOrVar","v":"minutes"}," minutë deri në ngarkim të plotë)"],"other":[{"t":"idOrVar","v":"level"},"% ngarkim (",{"t":"idOrVar","v":"minutes"}," minuta deri në ngarkim të plotë)"],"two":[{"t":"idOrVar","v":"level"},"% ngarkim (",{"t":"idOrVar","v":"minutes"}," minuta deri në ngarkim të plotë)"],"zero":[{"t":"idOrVar","v":"level"},"% ngarkim (",{"t":"idOrVar","v":"minutes"}," minuta deri në ngarkim të plotë)"]},"$x":[{"t":"idOrVar","v":"plural"},"minutes"]},{"$i":"charging-hours","$v":{"few":[{"t":"idOrVar","v":"level"},"% ngarkim (",{"t":"idOrVar","v":"hours"}," orë ",{"t":"idOrVar","v":"minutes"}," minuta deri në ngarkim të plotë)"],"many":[{"t":"idOrVar","v":"level"},"% ngarkim (",{"t":"idOrVar","v":"hours"}," orë ",{"t":"idOrVar","v":"minutes"}," minuta deri në ngarkim të plotë)"],"one":[{"t":"idOrVar","v":"level"},"% ngarkim (",{"t":"idOrVar","v":"hours"}," orë ",{"t":"idOrVar","v":"minutes"}," minutë deri në ngarkim të plotë)"],"other":[{"t":"idOrVar","v":"level"},"% ngarkim (",{"t":"idOrVar","v":"hours"}," orë ",{"t":"idOrVar","v":"minutes"}," minuta deri në ngarkim të plotë)"],"two":[{"t":"idOrVar","v":"level"},"% ngarkim (",{"t":"idOrVar","v":"hours"}," orë ",{"t":"idOrVar","v":"minutes"}," minuta deri në ngarkim të plotë)"],"zero":[{"t":"idOrVar","v":"level"},"% ngarkim (",{"t":"idOrVar","v":"hours"}," orë ",{"t":"idOrVar","v":"minutes"}," minuta deri në ngarkim të plotë)"]},"$x":[{"t":"idOrVar","v":"plural"},"minutes"]},{"$i":"network-error-in-app","$v":"Për momentin nuk ka hyrje në internet."},{"$i":"network-error-launching","$v":[{"t":"idOrVar","v":"name"}," kërkon lidhje me internetin."]},{"$i":"network-error-launching-title","$v":"Nuk ka lidhje me internetin"},{"$i":"network-error-launching-message","$v":"Përdor \"Wi-Fi\" ose të dhëna celulare për të hyrë në internet."},{"$i":"server-not-found","$v":"Serveri nuk u gjet"},{"$i":"server-not-found-error","$v":["Serveri nuk gjendet dot në ",{"t":"idOrVar","v":"name"},"."]},{"$i":"file-not-found","$v":"Skedari nuk u gjet"},{"$i":"file-not-found-error","$v":"Pajisja nuk e shfaq dot faqen pasi skedari nuk gjendet dot."},{"$i":"connection-failed","$v":"Nuk lidhet dot"},{"$i":"connection-failed-error","$v":"Ndodhi një gabim rrjeti gjatë përpjekjes për t'u lidhur me faqen."},{"$i":"invalid-connection","$v":"Nuk lidhet dot"},{"$i":"invalid-connection-error","$v":"Ndodhi një gabim rrjeti gjatë përpjekjes për t'u lidhur me faqen."},{"$i":"malformed-uri","$v":"URL e pavlefshme"},{"$i":"malformed-uri-error","$v":"Adresa e dhënë URL nuk është e vlefshme dhe nuk ngarkohet dot."},{"$i":"redirect-loop","$v":"Faqja nuk mund shfaqet dot"},{"$i":"redirect-loop-error","$v":"Pajisja nuk e shfaq dot faqen pasi kjo nuk ridrejtohet siç duhet. Provoje sërish më vonë."},{"$i":"not-cached","$v":"Faqja skadoi"},{"$i":"not-cached-error","$v":"Si masë sigurie, kjo faqe nuk mund të hapet nga pajisja pasi ka skaduar."},{"$i":"is-printing","$v":"Hyrja u refuzua"},{"$i":"is-printing-error","$v":"Dokumenti nuk modifikohet dot kur ndodhet në \"Printim\" ose në \"Shqyrtim printimi\"."},{"$i":"denied-port-access","$v":"Adresa e kufizuar"},{"$i":"denied-port-access-error","$v":"Adresa përdor një portë rrjeti që zakonisht përdoret për qëllime të ndryshme nga shfletimi i faqeve. Pajisja e anuloi kërkesën për sigurinë tënde."},{"$i":"proxy-resolve-failure","$v":"Gabim i delegu. të serverit"},{"$i":"proxy-resolve-failure-error","$v":"Pajisja është konfiguruar të përdorë server delegues që nuk gjendet dot."},{"$i":"proxy-connect-failure","$v":"Gabim i delegu. të serverit"},{"$i":"proxy-connect-failure-error","$v":"Pajisja është konfiguruar të përdorë server delegues që po refuzon lidhjet."},{"$i":"content-encoding","$v":"Faqja nuk shfaqet dot"},{"$i":"content-encoding-error","$v":"Pajisja nuk e shfaq dot faqen për shkak të një gabimi enkodimi."},{"$i":"remote-xul","$v":"Faqja nuk mbështetet"},{"$i":"remote-xul-error","$v":"Kjo faqe nuk hapet dot pasi përdor një teknologji që nuk mbështetet nga pajisja."},{"$i":"phishing-blocked","$v":"Paralajmërim"},{"$i":"phishing-blocked-error","$v":"Faqja është raportuar si faqe mashtruese e krijuar për të mashtruar përdoruesit të japin të dhënat e tyre personale ose financiare."},{"$i":"malware-blocked","$v":"U bllokua sulm keqdashës"},{"$i":"malware-blocked-error","$v":"Faqja është raportuar si faqe sulmimi. Pajisja e ka bllokuar kërkesën për sigurinë tënde."},{"$i":"unsafe-content-type","$v":"Përmbajtje e pasigurt"},{"$i":"unsafe-content-type-error","$v":"Faqja nuk shfaqet dot pasi hapja e saj mund të mos jetë e sigurt."},{"$i":"corrupted-content","$v":"Nuk lidhet dot"},{"$i":"corrupted-content-error","$v":"Faqja nuk shfaqet dot për shkak të një gabimi në transmetimin e të dhënave."},{"$i":"unknown-protocol-found","$v":"Faqja nuk mbështetet"},{"$i":"unknown-protocol-found-error","$v":"Faqja nuk hapet dot pasi përdor një teknologji që nuk mbështetet nga pajisja."},{"$i":"try-again","$v":"Provo sërish"},{"$i":"check-settings","$v":"Kontrollo cilësimet"},{"$i":"firefox-accounts-title","$v":"Llogaritë në \"KaiOS"},{"$i":"firefox-accounts-title-sign-in","$v":"Identifikohu"},{"$i":"firefox-accounts-title-create-account","$v":"Krijo llogari"},{"$i":"kaios-accounts-title-about-kaios-account","$v":"Informacion rreth llogarisë KaiOS"},{"$i":"kaios-accounts-phone-verification","$v":"Verifikimi i telefonit"},{"$i":"kaios-accounts-title-account-info","$v":"Informacioni i llogarisë"},{"$i":"fxa-next","$v":"Tjetër"},{"$i":"fxa-back","$v":"Prapa"},{"$i":"fxa-done","$v":"U krye"},{"$i":"fxa-ok","$v":"OK"},{"$i":"tcl-changessaved","$v":"Ndryshimet u ruajtën"},{"$i":"tcl-verification-mail-has-been-sent","$v":"Është dërguar një lidhje verifikimi te"},{"$i":"fxa-decline","$v":"Refuzo"},{"$i":"fxa-accept","$v":"Prano"},{"$i":"fxa-sining-in","$v":"Po identifikohesh..."},{"$i":"not-now","$v":"Jo tani"},{"$i":"send-sms","$v":"Dërgo SMS"},{"$i":"resend-sms","$v":"Ridërgo SMS"},{"$i":"fxa-connection-error-title","$v":"Nuk lidhet dot"},{"$i":"fxa-connection-error-message","$v":"Mund të krijosh një llogari ose të hysh nga \"Cilësimet\"."},{"$i":"fxa-reset-password-error-title","$v":"Rivendos fjalëkalimin"},{"$i":"fxa-reset-password-error-message","$v":"Mund ta rivendosësh fjalëkalimin nga \"Cilësimet\"."},{"$i":"fxa-incorrect-email-address-or-password","$v":"fxa incorrect email address or password"},{"$i":"fxa-internet-connection-is-required","$v":"fxa - kërkohet lidhje interneti"},{"$i":"fxa-server-error","$v":"Gab. në serv., provo sëri. më vonë."},{"$i":"fxa-server-error-2","$v":"Gabim"},{"$i":"fxa-server-error-message","$v":"Llogaria nuk u krijua dot. Provo sërish më vonë."},{"$i":"fxa-server-error-message-2","$v":"Gabim në server. Provo sërish më vonë."},{"$i":"fxa-offline-error-title","$v":"Nuk lidhet dot"},{"$i":"fxa-offline-error-message","$v":"Lidhu me një rrjet nga \"Cilësimet\"."},{"$i":"fxa-offline-error-message-1","$v":"Nuk ka lidhje me internetin."},{"$i":"fxa-invalid-email-title","$v":"Gabim"},{"$i":"fxa-invalid-email-message","$v":"Jep një email të vlefshëm."},{"$i":"fxa-invalid-password-title","$v":"Gabim"},{"$i":"fxa-invalid-password-message","$v":"Adresë ose fjalëkalim i pavlefshëm emaili"},{"$i":"fxa-invalid-password-message-1","$v":"Fjalëkalim i gabuar."},{"$i":"fxa-unknown-error-title","$v":"Nuk lidhet dot"},{"$i":"fxa-unknown-error-message","$v":"Sistemi i pa harrtshëm, provo sërish pas pak."},{"$i":"fxa-email-is-taken-title","$v":"Gabim"},{"$i":"fxa-email-is-taken-message","$v":"Ka një llogari ekzistuese për këtë email. Identifikohu në llogari."},{"$i":"fxa-confirm-age-title","$v":"Gabim"},{"$i":"fxa-confirm-age-message","$v":"Konfirmo që mosha jote është mbi 13 vjeç"},{"$i":"fxa-account-does-not-exist","$v":"Gabim"},{"$i":"fxa-account-does-not-exist-message","$v":"Adresë ose fjalëkalim i pavlefshëm emaili"},{"$i":"fxa-account-does-not-exist-message-1","$v":""},{"$i":"fxa-password-dont-match","$v":"Gabim"},{"$i":"fxa-password-dont-match-message","$v":"Fjalëk. nuk përputhen."},{"$i":"fxa-password-less","$v":"Gabim"},{"$i":"fxa-password-less-message","$v":"Fjalëkalimi është nën 8 germa."},{"$i":"fxa-password-less-message-1","$v":"Fjalëkalimi është nën 8 germa."},{"$i":"fxa-password-more","$v":"Gabim"},{"$i":"fxa-password-more-message","$v":"Fjalëkalimi është mbi 20 germa."},{"$i":"fxa-password-more-message-1","$v":"Fjalëkalimi është mbi 20 germa."},{"$i":"fxa-password-error","$v":"Gabim"},{"$i":"fxa-password-error-message","$v":"Fjalëkalimi duhet të jetë 8-20 germa me një kombinim shkronjash dhe numrash."},{"$i":"fxa-connecting","$v":"Po lidhet"},{"$i":"fxa-enter-phone-number-message","$v":"Jep numrin tënd të telefonit. Një SMS do të dërgohet dhe do të fillojë verifikimi automatik."},{"$i":"fxa-sms-has-been-sent-message","$v":"SMS u dërgua. Verifikimi automatik fillon në momentin që merret. Ulu e gëzo momentin!"},{"$i":"fxa-time-remaining","$v":"Koha e mbetur:"},{"$i":"fxa-sms-verification-failed-message","$v":"Nuk u verifikua dot me SMS. Konfirmo telefonin dhe shtyp \"Ridërgo SMS\" për të provuar sërish."},{"$i":"fxa-phone-number-label","$v":"Numri i telefonit"},{"$i":"fxa-enter-your-infomation","$v":"Jep të dhënat e tua."},{"$i":"fxa-birthday-label","$v":"Ditëlindja"},{"$i":"fxa-birthday-select","$v":"Zgjidh"},{"$i":"fxa-gender-label","$v":"Gjinia"},{"$i":"fxa-gender-select","$v":"Zgjidh"},{"$i":"fxa-gender-male","$v":"Mashkull"},{"$i":"fxa-gender-female","$v":"Femër"},{"$i":"fxa-gender-confidential","$v":"Konfidenciale"},{"$i":"fxa-enter-email-input","placeholder":"Jep emailin"},{"$i":"fxa-use-email-to-sign-in","$v":"Jep emailin. Emaili do të bëhet dhe emri i llogarisë."},{"$i":"fxa-notice","$v":["Duke vijuar, njëherësh bie dakord me ",{"t":"idOrVar","v":"tos"}," dhe ",{"t":"idOrVar","v":"pn"}," të shërbimeve të resë kompjuterike të \"KaiOS\"."]},{"$i":"fxa-placeholder","$v":"Emaili këtu"},{"$i":"fxa-tos","$v":"Kushtet e shërbimit"},{"$i":"fxa-pn","$v":"Njoftimet e privatësisë"},{"$i":"fxa-create-account-title","$v":"Krijo llogari"},{"$i":"fxa-show-age-title","$v":"Jam mbi 13 vjeç"},{"$i":"fxa-enter-password-title","$v":"Jep fjalëkalimin. Fjalëkalimi duhet të ketë 8-20 germa dhe duhet të përmbajë edhe shkronja, edhe numra."},{"$i":"fxa-enter-password-title-1","$v":"Jep një fjalëkalim. Fjalëkalimi duhet të ketë 8-20 germa dhe duhet të përmbajë edhe shkronja, edhe numra."},{"$i":"fxa-setup-password-title","$v":"Konfiguro fjalëkalimin"},{"$i":"fxa-create-password-title","$v":"Krijo një fjalëkalim"},{"$i":"fxa-hello-user","$v":["Përshëndetje, ",{"t":"idOrVar","v":"email"}]},{"$i":"fxa-password-refresh","$v":"Jep fjalëkalimin e llogarisë në \"KaiOS\" për të vazhduar."},{"$i":"fxa-password","$v":"Fjalëkalimi","placeholder":"Fjalëkalimi"},{"$i":"fxa-forgot-your-password","$v":"Ke harruar fjalëkalimin?"},{"$i":"fxa-show-password","$v":"Shfaq fjalëkalimin"},{"$i":"fxa-password-length-requirement","$v":"Fjalëkalimi duhet të jetë të paktën 8 germa në gjatësi."},{"$i":"fxa-confirm-account","$v":"Konfirmo llogarinë"},{"$i":"fxa-will-send-email","$v":"Llogaria u krijua."},{"$i":"fxa-signup-click-verification-link-in-email","$v":["Të kemi dërguar një email konfirmimi te ",{"t":"idOrVar","v":"email"},". Kontrollo kutinë hyrëse dhe verifiko e aktivizo llogarinë tënde."]},{"$i":"fxa-access-manage-account-settings","$v":"Lidhja e aktivizimit do të skadojë pas 24 orësh."},{"$i":"fxa-signup-success-title","$v":"Llogaria u krijua"},{"$i":"about-kaios-account-text","$v":"Lorem ipsum dolor sit amet, con-sectetur adipiscing elit, sed do eiusmod tempor incididunt ut labore et dolore magna aliqua. Ut enim ad minim veniam, quis nos-trud exercitation ullamco laboris nisi ut aliquip ex ea commodo consequat. Duis aute irure dolor in reprehenderit in voluptate velit esse cillum dolore eu fugiat nulla pariatur. Excepteur sint occaecat cupidatat non proident, sunt in culpa qui officia deserunt mollit anim id est laborum."},{"$i":"about-kaios-account-text1","$v":"Llogaria në \"KaiOS\" mundëson autentikimin në shërbimet e \"KaiOS\". Llogaria identifikon përdoruesin dhe pajisjen, dhe lejon përdorimin e funksioneve si p.sh. administrimin e pajisjeve në distancë dhe shërbime të tjera."},{"$i":"about-kaios-account-text2","$v":"Për të krijuar një llogari duhet një adresë emaili dhe një fjalëkalim. Përdoruesi duhet të verifikojë adresën e emailit me anë të lidhjes që i dërgohet me email gjatë krijimit të llogarisë. Llogaria nuk do të aktivizohet deri në verifikimin e adresës së emailit."},{"$i":"about-kaios-account-text3","$v":"Duke vijuar me krijimin e llogarisë, njëherësh bie dakord me kushtet dhe njoftimin e privatësisë."},{"$i":"fxa-signin-email","$v":"Emri i llogarisë"},{"$i":"fxa-signin-password","$v":"Fjalëkalimi"},{"$i":"fxa-signin-success-title","$v":"Llogaria jote"},{"$i":"fxa-signin-lsk","$v":"Harrova fjalëkalimin"},{"$i":"fxa-signin-rsk","$v":"Identifikohu"},{"$i":"fxa-change-password-title","$v":"Ndrysho fjalëkalimin"},{"$i":"fxa-change-password-description","$v":"Jep fjalëkalimin aktual dhe cakto një fjalëkalim të ri."},{"$i":"fxa-new-password","$v":"Fjalëkalim i ri"},{"$i":"fxa-changing-password","$v":"Fjalëkalimi po ndryshohet…"},{"$i":"fxa-forgot-password-title","$v":"Harrova fjalëkalimin"},{"$i":"fxa-forgot-password","$v":"harrova fjalëkalimin"},{"$i":"fxa-forgot-password-sk","$v":"Harrova PWD"},{"$i":"fxa-forgot-password-success-title","$v":"Emaili i rivend. së fjalëk. u dërgua"},{"$i":"fxa-reset-password-succcess-content","$v":"Emaili për rivendosjen e fjalëkalimit të është dërguar në adresën e emailit."},{"$i":"fxa-reset-password-succcess-content-part2","$v":"Kontrollo kutinë e emailit dhe rivendos fjalëkalimin."},{"$i":"fxa-sign-out-title","$v":"Sistemi kundër vjedhjes është aktiv"},{"$i":"fxa-sign-out-intro","$v":"konfirmo që do të çaktivizosh sistemin kundër vjedhjes dhe çidentifikohu."},{"$i":"fxa-sign-out-intro-1","$v":"Konfirmo që do të çaktivizosh sistemin kundër vjedhjes dhe çidentifikohu."},{"$i":"fxa-signout-email","$v":"Llogaria jote"},{"$i":"fxa-confirm-password","$v":"Konfirmo fjalëkalimin"},{"$i":"fxa-signing-out","$v":"Po çidentifikohesh..."},{"$i":"fxa-sign-out-error-title","$v":"Gabim"},{"$i":"fxa-sign-out-error-message","$v":"Çidentifikimi nga llogaria i pasuksesshëm. Provo sërish më vonë"},{"$i":"fxa-sign-out-error-message-1","$v":"Nuk u çidentifikove dot nga llogaria. Provo sërish më vonë."},{"$i":"fxa-connection-is-required-title","$v":"Gabim"},{"$i":"fxa-connection-is-required-message","$v":"Nevojitet lidhje interneti"},{"$i":"fxa-check-password-title","$v":"Çaktivizo sistemin kundër vjedhjes"},{"$i":"fxa-disable-antitheft-checkpassword-message","$v":"Konfirmo që doni të çaktivizosh sistemin kundër vjedhjes."},{"$i":"fxa-reset-factory-checkpassword-message","$v":"Për të rivendosur pajisjen, duhet të japësh fjalëkalimin dhe të çaktivizosh mbrojtjen nga vjedhja."},{"$i":"fxa-reset-factory-checkpassword-message-1","$v":"Për të rivendosur pajisjen, duhet të japësh fjalëkalimin dhe të çaktivizosh sistemin kundër vjedhjes."},{"$i":"fxa-enter-email-to-reset-password","$v":"Jep emailin e llogarisë; do të të dërgojmë një lidhje për të rivendosur fjalëkalimin."},{"$i":"fxa-enter-email-to-reset-password-1","$v":"Jep emailin e llogarisë. Do të të dërgojmë një lidhje për të rivendosur fjalëkalimin."},{"$i":"fxa-account-not-found","$v":"Llogaria nuk u gjet. Provo sërish."},{"$i":"fxa-multiple-sign-in-attempts-title","$v":"Prova të shumta për identifikim"},{"$i":"fxa-multiple-sign-in-attempts-content","$v":"Ke dhënë disa herë fjalëkalimin e gabuar"},{"$i":"fxa-multiple-sign-in-attempts-content-1","$v":"Ke dhënë disa herë fjalëkalimin e gabuar."},{"$i":"fxa-multiple-sign-in-attempts-content-retry","$v":"Provo sërish më vonë"},{"$i":"shortDateFormat","$v":"%B %d, %Y"}]