[{"$i":"brandShortName","$v":"KaiOS"},{"$i":"browserBrandShortName","$v":"Web Browser"},{"$i":"browserBrandFullName","$v":"Mozilla Web Browser"},{"$i":"ringtoneBrandName","$v":"Default"},{"$i":"ringtoneSectionBrandName","$v":"System"},{"$i":"ok","$v":"OK"},{"$i":"back","$v":"Nazad"},{"$i":"help","$v":"Pomoć"},{"$i":"cancel","$v":"Otkaži"},{"$i":"close","$v":"Zatvori"},{"$i":"skip","$v":"Preskoči"},{"$i":"enable","$v":"Omogući"},{"$i":"turnOn","$v":"Uključi"},{"$i":"save","$v":"Sačuvaj"},{"$i":"select","$v":"Izaberi"},{"$i":"deselect","$v":"Poništi izbor"},{"$i":"go","$v":"Idi"},{"$i":"search","$v":"Traži"},{"$i":"options","$v":"Opcije"},{"$i":"exit","$v":"Izađi"},{"$i":"signIn","$v":"Prijava"},{"$i":"dismiss","$v":"Odbaci"},{"$i":"dismiss-all","$v":"Odbaci sve"},{"$i":"undo","ariaLabel":"Poništi"},{"$i":"lockscreenEnterLockCode","$v":"Unesite kod od 4 cifre"},{"$i":"lockscreenCheckLockCode","$v":"Nevažeći kod. Pokušajte ponovo."},{"$i":"lockscreenDeviceLocked","$v":"Уређај је закључан, покушајте поново за 30 секунди."},{"$i":"pocketmodeLongPress","$v":"Prevucite ili pritisnite"},{"$i":"pocketmodeToUnlock","$v":"za otključavanje"},{"$i":"enterPIN","$v":"Unesite šestocifreni kôd za otključavanje"},{"$i":"mediaPlaybackTrack","$v":"Naziv pesme i izvođač"},{"$i":"mediaPlaybackControls","$v":"Kontrola reprodukcije"},{"$i":"mediaPlaybackPrevious","$v":"Prethodno"},{"$i":"mediaPlaybackPlay","$v":"Reprodukuj"},{"$i":"mediaPlaybackPause","$v":"Pauziraj"},{"$i":"mediaPlaybackNext","$v":"Sledeće"},{"$i":"UnknownTrack","$v":"Nepoznata pesma"},{"$i":"wifiButton-on","$v":"Wi-Fi uključen"},{"$i":"wifiButton-on-initializing","$v":"Wi-Fi uključen, inicij."},{"$i":"wifiButton-off","$v":"Wi-Fi isključen"},{"$i":"dataButton-on","$v":["Podaci ",{"t":"idOrVar","v":"type"}," uključeni"]},{"$i":"dataButton-off","$v":["Podaci ",{"t":"idOrVar","v":"type"}," isključeni"]},{"$i":"bluetoothButton-on","$v":"Bluetooth uključen"},{"$i":"bluetoothButton-on-initializing","$v":"Bluetooth je uključen, pokretanje"},{"$i":"bluetoothButton-off","$v":"Bluetooth isključen"},{"$i":"airplaneMode-on","$v":"Režim rada u avionu je uključen"},{"$i":"airplaneMode-off","$v":"Režim rada u avionu je isključen"},{"$i":"airplaneOff","$v":"Isključi režim rada u avionu"},{"$i":"settingsButton","ariaLabel":"Podešavanja"},{"$i":"simLabel","$v":["SIM ",{"t":"idOrVar","v":"id"}]},{"$i":"statusbarLabel","$v":[{"t":"idOrVar","v":"date"},", ",{"t":"idOrVar","v":"operator"}]},{"$i":"statusbarDateFormat","$v":"%b %e"},{"$i":"statusbar","ariaLabel":"Statusna traka"},{"$i":"statusbarBattery","ariaLabel":["Procenat ",{"t":"idOrVar","v":"level"}," baterije"]},{"$i":"statusbarBatteryCharging","ariaLabel":["Procenat ",{"t":"idOrVar","v":"level"}," baterije, puni se"]},{"$i":"statusbarFlightMode","ariaLabel":"Režim rada u avionu je uključen"},{"$i":"statusbarWiFiConnecting","$v":"Wi-Fi: povezivanje"},{"$i":"statusbarWiFiConnected","$v":["Wi-Fi: ",{"t":"idOrVar","v":"level"}," od 4 crtice"]},{"$i":"statusbarSignal","$v":[{"t":"idOrVar","v":"operator"}," mreža, ",{"t":"idOrVar","v":"level"}," od 5 crtica"]},{"$i":"statusbarSignalRoaming","$v":[{"t":"idOrVar","v":"operator"}," mreža (roming), ",{"t":"idOrVar","v":"level"}," od 5 crtica"]},{"$i":"statusbarSignalNoneSearching","$v":"Pretraga… Samo hit. poz."},{"$i":"statusbarHeadphones","ariaLabel":"Slušalice uključene"},{"$i":"statusbarBluetoothHeadphones","ariaLabel":"Bluetooth slušalice su uključene"},{"$i":"statusbarBluetoothTransferring","ariaLabel":"Prenos putem Bluetooth-a je aktivan"},{"$i":"statusbarIconOn-tethering","$v":"Tethering uklj."},{"$i":"statusbarIconOnActive-tethering","$v":"Tethering uklj. akt."},{"$i":"statusbarAlarm","ariaLabel":"Alarm je uključen"},{"$i":"statusbarIME","ariaLabel":"IME uključen"},{"$i":"statusbarIconOn-bluetooth","$v":"Bluetooth je uključen"},{"$i":"statusbarIconOnActive-bluetooth","$v":"Bluetooth je uključen, aktivan"},{"$i":"statusbarIconOn-mute","$v":"Privremeno isključeno"},{"$i":"statusbarIconOn-vibration","$v":"Vibracija uključena"},{"$i":"statusbarRecording","ariaLabel":"Snimanje uključeno"},{"$i":"statusbarGeolocation","ariaLabel":"Geolokacija uključena"},{"$i":"statusbarUsb","ariaLabel":"USB uključen"},{"$i":"statusbarForwarding","$v":"Preusmeravanje poziva je uključeno"},{"$i":"statusbarPlaying","ariaLabel":"Reprodukcija medija"},{"$i":"statusbarNfc","ariaLabel":"NFC uključen"},{"$i":"statusbarDownloads","ariaLabel":"Preuzimanje…"},{"$i":"statusbarNetworkActivity","ariaLabel":"Umrežavanje uključeno"},{"$i":"statusbarEmergencyCBNotification","ariaLabel":"Povratni poziv u hitnom slučaju"},{"$i":"statusbarNotifications","$v":{"few":[{"t":"idOrVar","v":"n"}," obaveštenja"],"many":[{"t":"idOrVar","v":"n"}," obaveštenja"],"one":[{"t":"idOrVar","v":"n"}," obaveštenje"],"other":[{"t":"idOrVar","v":"n"}," obaveštenja"],"two":[{"t":"idOrVar","v":"n"}," obaveštenja"]},"$x":[{"t":"idOrVar","v":"plural"},"n"]},{"$i":"statusbarNotifications-unread","ariaLabel":{"$x":[{"t":"idOrVar","v":"plural"},"n"],"$v":{"few":[{"t":"idOrVar","v":"n"}," nepročitana obaveštenja"],"many":[{"t":"idOrVar","v":"n"}," nepročitanih obaveštenja"],"one":[{"t":"idOrVar","v":"n"}," nepročitano obaveštenje"],"other":[{"t":"idOrVar","v":"n"}," nepročitanih obaveštenja"],"two":[{"t":"idOrVar","v":"n"}," nepročitana obaveštenja"]}}},{"$i":"clear","$v":"Obriši"},{"$i":"clear-all","$v":"Obriši sve"},{"$i":"notification-title","$v":{"few":[{"t":"idOrVar","v":"n"}," obaveštenja"],"many":[{"t":"idOrVar","v":"n"}," obaveštenja"],"one":[{"t":"idOrVar","v":"n"}," obaveštenje"],"other":[{"t":"idOrVar","v":"n"}," obaveštenja"],"two":[{"t":"idOrVar","v":"n"}," obaveštenja"],"zero":[{"t":"idOrVar","v":"n"}," obaveštenja"]},"$x":[{"t":"idOrVar","v":"plural"},"n"]},{"$i":"notification-dialog-no-notices","$v":"Nema obaveštenja"},{"$i":"notification-title-new","$v":{"few":[{"t":"idOrVar","v":"n"}," obaveštenja"],"many":[{"t":"idOrVar","v":"n"}," obaveštenja"],"other":[{"t":"idOrVar","v":"n"}," obaveštenje"],"two":[{"t":"idOrVar","v":"n"}," obaveštenja"],"one":[{"t":"idOrVar","v":"n"}," obaveštenje"],"zero":[{"t":"idOrVar","v":"n"}," obaveštenje"]},"$x":[{"t":"idOrVar","v":"plural"},"n"]},{"$i":"notification-dialog-no-notices-new","$v":"Nema obaveštenja"},{"$i":"tcl-ntf-open","$v":"Otvori"},{"$i":"tcl-ntf-next_song","$v":"Sledeće"},{"$i":"tcl-ntf_play","$v":"Reprodukuj"},{"$i":"tcl-ntf-pause","$v":"Pauziraj"},{"$i":"tcl-ntf-dismiss-all","$v":"Odbaci sve"},{"$i":"tcl-ntf-dismiss","$v":"Odbaci"},{"$i":"tcl-ntf-toaster-clear","$v":"Obav. odbačeno"},{"$i":"tcl-ntf-toaster-clear-all","$v":"Obav. su odbačena"},{"$i":"attentionScreen-tapToShow","$v":"Dodirnite za prikaz"},{"$i":"tcl-cmas-ok","$v":"OK"},{"$i":"tcl-cmas-screen-help","$v":"Pritisnite OK za više inf."},{"$i":"tcl-cmas-title","$v":"CMAS upozorenje"},{"$i":"camera","$v":"Kamera"},{"$i":"tcl-dflt-value-level","$v":"Podesi nivo vrednosti"},{"$i":"tcl-dflt-range-value-name","$v":"Nivo"},{"$i":"newVoicemails","$v":{"few":[{"t":"idOrVar","v":"n"}," nove poruke govorne pošte"],"many":[{"t":"idOrVar","v":"n"}," novih poruka govorne pošte"],"one":"Jed. nova por. gov. poš.","other":[{"t":"idOrVar","v":"n"}," novih poruka govorne pošte"],"two":[{"t":"idOrVar","v":"n"}," nove poruke govorne pošte"],"zero":"Nema novih poruka govorne pošte"},"$x":[{"t":"idOrVar","v":"plural"},"n"]},{"$i":"newVoicemailsUnknown","$v":"Nova govorna pošta"},{"$i":"dialNumber","$v":["Pozovi ",{"t":"idOrVar","v":"number"}]},{"$i":"voicemailNotificationMultiSim","$v":["(SIM ",{"t":"idOrVar","v":"n"},") ",{"t":"idOrVar","v":"title"}]},{"$i":"euRoamingNotificationTitle","$v":"Pronađen je EU internet"},{"$i":"euRoamingNotificationMsg","$v":"Dodirnite za promenu."},{"$i":"restart","$v":"Ponovo pokreni"},{"$i":"power","$v":"Isključivanje"},{"$i":"lock","$v":"Zakljuиaj"},{"$i":"cleanup","$v":"Očisti memoriju"},{"$i":"no-recent-app-windows","$v":"Ovde su prikazani vaši nedavni prozori aplikacije"},{"$i":"no-recent-browser-windows","$v":"Ovde su prikazani vaši nedavni prozori pretraživača"},{"$i":"closeCard","ariaLabel":"Zatvori"},{"$i":"openCard","ariaLabel":"Otvori"},{"$i":"yes","$v":"Da"},{"$i":"no","$v":"Ne"},{"$i":"dontallow","$v":"Nemoj dozvoliti"},{"$i":"allow","$v":"Dozvoli"},{"$i":"dontshare-geolocation","$v":"Nemoj deliti"},{"$i":"share-geolocation","$v":"Deli"},{"$i":"dontshare-audio-capture","$v":"Nemoj deliti"},{"$i":"share-audio-capture","$v":"Deli"},{"$i":"dontshare-video-capture","$v":"Nemoj deliti"},{"$i":"share-video-capture","$v":"Deli"},{"$i":"dontshare-media-capture","$v":"Nemoj deliti"},{"$i":"share-media-capture","$v":"Deli"},{"$i":"device-front","$v":"Prednja kamera"},{"$i":"device-back","$v":"Zadnja kamera"},{"$i":"front-camera","$v":"Prednja kamera"},{"$i":"back-camera","$v":"Zadnja kamera"},{"$i":"more-info","$v":"Više informacija..."},{"$i":"hide-info","$v":"Sakrij informacije"},{"$i":"tcl-permission","$v":"Dozvola"},{"$i":"install-app","$v":["Instalirati ",{"t":"idOrVar","v":"name"},"?"]},{"$i":"size","$v":"Veličina"},{"$i":"author","$v":"Autor"},{"$i":"size-unknown","$v":"Nepoznato"},{"$i":"author-unknown","$v":"Nepoznato"},{"$i":"install","$v":"Instaliraj"},{"$i":"bytes","$v":"bajtovi"},{"$i":"kB","$v":"KB"},{"$i":"MB","$v":"MB"},{"$i":"GB","$v":"GB"},{"$i":"TB","$v":"TB"},{"$i":"PB","$v":"PB"},{"$i":"app-install-generic-error","$v":["Preuzimanje ",{"t":"idOrVar","v":"appName"}," zaustavljeno"]},{"$i":"app-install-download-failed","$v":["Preuzimanje ",{"t":"idOrVar","v":"appName"}," nije uspelo"]},{"$i":"app-install-install-failed","$v":["Instalacija ",{"t":"idOrVar","v":"appName"}," nije uspela"]},{"$i":"cancelling-will-not-refund","$v":"Otkaz. kupov. nećete dob. povr. novca. Novac za plać. sadržaj vraća orig. prodavac."},{"$i":"apps-can-be-installed-later","$v":"Aplikacije se mogu kasnije instalirati iz originalnog izvora instalacije."},{"$i":"are-you-sure-you-want-to-cancel","$v":"Želite li sigurno da otkažete ovu instalaciju?"},{"$i":"cancel-install","$v":"Otkaži inst."},{"$i":"cancel-install-button","$v":"Otkaži inst."},{"$i":"resume","$v":"Nastavi"},{"$i":"continue","$v":"Nastavi"},{"$i":"stopDownloading","$v":["Zaustaviti preuzimanje ",{"t":"idOrVar","v":"app"},"?"]},{"$i":"app-download-can-be-restarted","$v":"Preuzimanje se može ponovo pokrenuti kasnije."},{"$i":"app-download-stop-button","$v":"Zaustavi preuzimanje"},{"$i":"not-enough-space","$v":"Nedovoljno memorije"},{"$i":"not-enough-space-message","$v":"Nema dovoljno prostora da bi se instalirala ova aplikacija. Oslobodite prostor tako što ćete izbrisati stare aplikacije ili medijski sadržaj, a zatim ponovo pokušajte instalaciju iz originalnog izvora."},{"$i":"app-install-success","$v":[{"t":"idOrVar","v":"appName"}," instalirana"]},{"$i":"app-install-update","$v":["Aplikacija ",{"t":"idOrVar","v":"appName"}," je ažurirana"]},{"$i":"langpack-install-success2","$v":[{"t":"idOrVar","v":"appName"}," instalirana. Da biste je omogućili, idite na Podešavanja > Jezik."]},{"$i":"setup","$v":"Podešavanje"},{"$i":"ime-addkeyboards","$v":"Dodaj tastature"},{"$i":"ime-lowercase","$v":"Mala slova"},{"$i":"ime-uppercase","$v":"Velika slova"},{"$i":"ime-number","$v":"Broj"},{"$i":"ime-capitalize","$v":"Velika slova"},{"$i":"ime-t9","$v":"T9"},{"$i":"ime-r9","$v":"R9"},{"$i":"ime-predictive","$v":"Intuitivno"},{"$i":"ime-insert-word","$v":"Инсерт ворд"},{"$i":"ime-voice-input-messsage","$v":"Dugo pritisnite OK da biste govorili u tekstualnom polju."},{"$i":"later","$v":"Kasnije"},{"$i":"download","$v":"Preuzimanje"},{"$i":"wantToDownload","$v":"Želite li da preuzmete ažuriranje odmah?"},{"$i":"wantToInstallNow","$v":"Želite li da instalirate ažuriranje odmah? Nećete moći da koristite telefon nekoliko minuta."},{"$i":"installNow","$v":"Odmah instaliraj"},{"$i":"notNow","$v":"Ne sada"},{"$i":"downloadingUpdateMessage","innerHTML":{"$o":["Preuzimanje ažuriranja… <span>",{"t":"idOrVar","v":"progress"}," preuzeto.</span>"]}},{"$i":"downloadingAppMessage","$v":["Preuzimanje ",{"t":"idOrVar","v":"appName"}]},{"$i":"downloadingAppProgressNoMax","$v":[{"t":"idOrVar","v":"progress"}," preuzeto"]},{"$i":"downloadingAppProgressIndeterminate","$v":"Preuzimanje"},{"$i":"downloadingAppProgress","$v":[{"t":"idOrVar","v":"progress"}," / ",{"t":"idOrVar","v":"max"}," preuzeto"]},{"$i":"cancelAllDownloads","$v":"Otkaži sva preuz."},{"$i":"wantToCancelAll","$v":"Želite li sigurno da otkažete sva preuzimanja?"},{"$i":"downloadError","$v":"Došlo je do greške prilikom preuzimanja ažuriranja."},{"$i":"updateAvailableInfo","innerHTML":{"$x":[{"t":"idOrVar","v":"plural"},"n"],"$v":{"few":{"$o":[{"t":"idOrVar","v":"n"}," ažuriranja dostupna. <span>Dodirnite za više informacija.</span>"]},"many":{"$o":[{"t":"idOrVar","v":"n"}," ažuriranja dostupno. <span>Dodirnite za više informacija.</span>"]},"one":{"$o":[{"t":"idOrVar","v":"n"}," ažuriranje dostupno. <span>Dodirnite za više informacija.</span>"]},"other":{"$o":[{"t":"idOrVar","v":"n"}," ažuriranja dostupno. <span>Dodirnite za više informacija.</span>"]},"two":{"$o":[{"t":"idOrVar","v":"n"}," ažuriranja dostupna. <span>Dodirnite za više informacija.</span>"]}}}},{"$i":"numberOfUpdates","$v":{"few":[{"t":"idOrVar","v":"n"}," obaveštenja"],"many":[{"t":"idOrVar","v":"n"}," obaveštenja"],"one":[{"t":"idOrVar","v":"n"}," obaveštenje"],"other":[{"t":"idOrVar","v":"n"}," obaveštenja"],"two":[{"t":"idOrVar","v":"n"}," obaveštenja"]},"$x":[{"t":"idOrVar","v":"plural"},"n"]},{"$i":"systemUpdate","$v":"Ažuriranje sistema"},{"$i":"systemUpdateReady","$v":"Ažur. sist. je sprem."},{"$i":"updates","$v":"Ažuriranja"},{"$i":"systemUpdateLowBatteryThreshold","$v":["Potrebno vam je najmanje ",{"t":"idOrVar","v":"threshold"},"% nivoa baterije da biste instalirali ažuriranje."]},{"$i":"required","$v":"Obavezno"},{"$i":"uncompressingMessage","innerHTML":{"$o":"Dekomprimovanje… <span>Ovo može da potraje nekoliko minuta.</span>"}},{"$i":"downloadWifiPrioritizedUsing2G","$v":"Ažuriranja se preuzimaju preko veze podataka kada Wi-Fi nije dostupan. Korišćenje veze podataka može blokirati telefonske pozive i dovesti do dodatnih troškova."},{"$i":"downloadWifiPrioritized3","$v":"Ažuriranja se preuzimaju preko veze podataka kada Wi-Fi nije dostupan. Korišćenje veze podataka može dovesti do dodatnih troškova."},{"$i":"downloadNoWifiWarning","$v":"Wi-Fi nije dostupan. Ažuriranje na trenutnoj vezi može da prouzrokuje dodatne troškove."},{"$i":"downloadOfflineWarning2","$v":"Povežite se na mrežu da biste preuzeli ažuriranja."},{"$i":"downloadUpdatesViaDataConnection","$v":"Preuzeti ažuriranja preko veze za prenos podataka?"},{"$i":"downloadUpdatesVia2GForbidden3","$v":"Nije moguće preuzimanje ažuriranja putem sporih veza (2G). Povežite se putem Wi-Fi-ja ili 3G (ukoliko je dostupno) i pokušajte ponovo."},{"$i":"downloadUpdatesViaDataConnectionMessage3","$v":"Kada se koristi veza podataka mogu se naplaćivati dodatni troškovi. Želite li da nastavite?"},{"$i":"downloadUpdatesViaDataRoamingConnection","$v":"Preuzeti ažuriranja preko prenosa podataka u romingu?"},{"$i":"downloadUpdatesViaDataRoamingConnectionMessage","$v":"Nalazite se u romingu i mogu se naplaćivati dodatni troškovi. Želite li da nastavite?"},{"$i":"screenshotSaved","$v":"Snim. ekr. je sač. u galer."},{"$i":"screenshotFailed","$v":"Nije moguće sačuvati snimak ekrana"},{"$i":"screenshotNoSDCard","$v":"Memorijska kartica nije nađena"},{"$i":"screenshotSDCardInUse","$v":"Memorijska kartica se trenutno koristi"},{"$i":"screenshotSDCardLow","$v":"Nema dovoljno prostora na memorijskoj kartici"},{"$i":"emergency-call-button","$v":"Hitan poziv"},{"$i":"emergency-call","$v":"Hitno"},{"$i":"unlock-a11y-button","ariaLabel":"Otključaj"},{"$i":"camera-a11y-button","ariaLabel":"Kamera"},{"$i":"longDateFormat","$v":"%a, %d %B, %Y"},{"$i":"clockDateFormat","$v":"%a, %e %b"},{"$i":"panel-passcode","ariaLabel":"Panel šifre"},{"$i":"open-notification","$v":"otvori"},{"$i":"unlock","$v":"Otključaj"},{"$i":"login","$v":"Prijava"},{"$i":"sign-in-to-website","$v":"Prijava na veb lokaciju"},{"$i":"username","$v":"Korisničko ime"},{"$i":"password","$v":"Lozinka"},{"$i":"show-password","$v":"Prikaži lozinku"},{"$i":"http-authentication-message2","$v":["Veb lokacija ",{"t":"idOrVar","v":"host"}," zahteva da se prijavite."]},{"$i":"error-message","$v":[{"t":"idOrVar","v":"name"}," se ne učitava pravilno"]},{"$i":"error-title","$v":[{"t":"idOrVar","v":"name"}," ima problema"]},{"$i":"unable-to-connect","$v":"Povezivanje nije moguće"},{"$i":"tap-to-check-settings","$v":"Dodirnite za prov.podeš."},{"$i":"set","$v":"Podesi"},{"$i":"delete-title","$v":["Brisanje ",{"t":"idOrVar","v":"name"}]},{"$i":"delete-body","$v":[{"t":"idOrVar","v":"name"}," i svi njegovi podaci biće izbrisani."]},{"$i":"delete","$v":"Deinstaliraj"},{"$i":"delete-desc","$v":"Želite li sigurno da je deinstalirate?"},{"$i":"unrecoverable-error-title","$v":"Ukloni aplikaciju"},{"$i":"unrecoverable-error-body","$v":"Nije moguće instalirati aplikaciju zbog nepopravljive greške. Ponovo pokušajte preuzimanje. Aplikacija će biti uklonjena."},{"$i":"unrecoverable-error-action","$v":"OK"},{"$i":"instant-settings","$v":"trenutna podešavanja"},{"$i":"settings","$v":"Podešavanja"},{"$i":"flashlight","$v":"Baterijska lampa"},{"$i":"brightness","$v":"Osvetljenje"},{"$i":"volume","$v":"Jačina zvuka"},{"$i":"calculator","$v":"Kalkulator"},{"$i":"airplane-mode","$v":"Režim rada u avionu"},{"$i":"wifi","$v":"Wi-Fi"},{"$i":"bluetooth","$v":"Bluetooth"},{"$i":"cellular-data","$v":"Mobilni podaci"},{"$i":"on","$v":"Uključeno"},{"$i":"off","$v":"Isključeno"},{"$i":"percentage-number","$v":[{"t":"idOrVar","v":"number"},"%"]},{"$i":"select-time","$v":"Odaberi vreme"},{"$i":"select-date","$v":"Odaberi datum"},{"$i":"tcl-select-day","$v":"Odaberi dan"},{"$i":"tcl-add","$v":"Dodaj"},{"$i":"battery-almost-empty-plug-in-your-charger","$v":"Vaša baterija je na izmaku. Uključite punjač."},{"$i":"battery-temperature-warning-header","$v":"Upozorenje"},{"$i":"battery-temperature-high","$v":"Temperatura je previsoka. Telefon će se isključiti ako temp. bude još rasla."},{"$i":"battery-temperature-high-stop-charging","$v":"Temperatura je previsoka. Baterija se ne puni više. Telefon će se isključiti ako temp. bude još rasla."},{"$i":"battery-temperature-low","$v":"Temperatura je preniska. Telefon će se isključiti ako temp. bude još opadala."},{"$i":"battery-temperature-low-stop-charging","$v":"Temperatura je preniska. Baterija se ne puni više. Telefon će se isključiti ako temp. bude još opadala."},{"$i":"crash-dialog2-os","$v":[{"t":"idOrVar","v":"brandShortName"}," se oporavio od prestanka rada"]},{"$i":"crash-dialog-app","$v":[{"t":"idOrVar","v":"name"}," je prestao da radi"]},{"$i":"crash-dialog-app-noname","$v":"Nešto"},{"$i":"crash-dialog-message","$v":"Želite li da pošaljete KaiOS izveštaj o prestanku rada da biste nam pomogli da rešimo problem? (Izveštaji se šalju samo preko Wi-Fi-ja.)"},{"$i":"crash-info-link","$v":"Šta sadr.izv.o pres.rada?"},{"$i":"crash-always-report","$v":"Ukoliko dođe do prestanka rada, uvek pošalji KaiOS-u izveštaj."},{"$i":"crash-dont-send","$v":"Nemoj poslati"},{"$i":"crash-end","$v":"Pošalji izveštaj"},{"$i":"crashReports","$v":"Izveštaji o prestanku rada"},{"$i":"done","$v":"Gotovo"},{"$i":"crash-reports-description-1","$v":"Izveštaj o prestanku rada sadrži određene detalje o prestanku rada i vašem uređaju, kao i snimak statusa uređaja u trenutku kada je prestao da radi."},{"$i":"crash-reports-description-2","$v":"To može da uključuje nešto poput otvorenih stranica ili aplikacija, teksta unetog u obrasce i sadržaja otvorenih poruka, nedavne istorije pretraživanja ili geolokacije koju koristi otvorena aplikacija."},{"$i":"crash-reports-description-3-start","$v":"Izveštaje o prestanku rada koristimo da bismo pokušali da ispravimo probleme i unapredimo naše proizvode. S vašim informacijama postupamo kao što je opisano u našem "},{"$i":"crash-reports-description-3-privacy","$v":"Pravila privatnosti"},{"$i":"crash-reports-description-3-end","$v":"."},{"$i":"crash-banner-os2","$v":[{"t":"idOrVar","v":"brandShortName"}," je prestao da radi."]},{"$i":"crash-banner-app","$v":[{"t":"idOrVar","v":"name"}," je prestao da radi."]},{"$i":"crash-banner-report","$v":"Izveštaj"},{"$i":"bluetooth-sending-progress","$v":"Slanje datoteke putem Bluetooth veze"},{"$i":"bluetooth-receiving-progress","$v":"Prij. dat. preko Bluetooth-a"},{"$i":"acceptFileTransfer","$v":"Zahtev za prenos"},{"$i":"requestToReceive","$v":[{"t":"idOrVar","v":"deviceName"}," želi da prenese datoteku/e. Želite li da prihvatite?"]},{"$i":"wantToReceiveFile","$v":[{"t":"idOrVar","v":"deviceName"}," je poslao zahtev za prenos ",{"t":"idOrVar","v":"fileName"}," (",{"t":"idOrVar","v":"fileSize"},")."]},{"$i":"transfer-confirmation-title","$v":[{"t":"idOrVar","v":"deviceName"}]},{"$i":"transfer-confirmation-description","$v":"Prov. zahtev za prenos."},{"$i":"byteUnit-B","$v":"Bajtovi"},{"$i":"byteUnit-KB","$v":"KB"},{"$i":"byteUnit-MB","$v":"MB"},{"$i":"byteUnit-GB","$v":"GB"},{"$i":"byteUnit-TB","$v":"TB"},{"$i":"byteUnit-PB","$v":"PB"},{"$i":"byteUnit-EB","$v":"EB"},{"$i":"byteUnit-ZB","$v":"ZB"},{"$i":"byteUnit-YB","$v":"GR"},{"$i":"fileSize","$v":[{"t":"idOrVar","v":"size"}," ",{"t":"idOrVar","v":"unit"}]},{"$i":"deny","$v":"Odbij"},{"$i":"transfer","$v":"Prenos"},{"$i":"accept","$v":"Prihvati"},{"$i":"stop","$v":"Zaustavi"},{"$i":"cancelFileTransfer","$v":"Otk.pren.dat.preko BT veze?"},{"$i":"continueFileTransfer","$v":"Nastavi"},{"$i":"transfer-has-started-title","$v":"Prenos datoteke može da počne"},{"$i":"transfer-has-started-description","$v":"Čekanje na potvrdu"},{"$i":"transfer-has-started-toast","$v":"Prenos datoteke je počeo. Pratite tok prenosa u obaveštenjima"},{"$i":"transferFinished-sentSuccessful-title","$v":"Datoteka je poslata"},{"$i":"transferFinished-receivedSuccessful-title","$v":"Datoteka je primljena"},{"$i":"transferFinished-failed-title","$v":"Neusp. prenos datot."},{"$i":"transferFinished-try-again-description","$v":"Trenutno nije moguće poslati datoteku. Pokušajte ponovo kasnije."},{"$i":"transferReport-title","$v":"Izveštaj prenosa:"},{"$i":"transferReport-description","$v":[{"t":"idOrVar","v":"numSuccessful"}," datoteka uspešno, ",{"t":"idOrVar","v":"numUnsuccessful"}," datoteka nije uspelo"]},{"$i":"unknown-file","$v":"Nepoznata datoteka"},{"$i":"unknown-device","$v":"Nepoznati uređaj"},{"$i":"cannotOpenFile","$v":"Nije moguće otvoriti primljenu datoteku"},{"$i":"unknownMediaTypeToOpenFile","$v":["Nije moguće otvoriti nepoznat tip medijskog sadržaja: ",{"t":"idOrVar","v":"fileName"}]},{"$i":"cannotReceiveFile","$v":"Nije moguće primiti datoteku"},{"$i":"cannotGetStorageState","$v":"Nije moguće dobiti status skladišta uređaja."},{"$i":"sdcard-not-exist2","$v":"Memorijska kartica nije nađena. Ubacite memorijsku karticu."},{"$i":"sdcard-in-use","$v":"Nije moguće koristiti Bluetooth dok je telefon priključen. Isključite ga kako biste primili datoteku/e."},{"$i":"sdcard-no-space2","$v":"Nije moguće završiti prenos: memorijska kartica je puna."},{"$i":"unknown-error","$v":"Nepoznata greška"},{"$i":"confirm","$v":"Potvrdi"},{"$i":"stopTransferTitle","$v":"Заустави пренос датотека"},{"$i":"stopTransferContent","$v":"Да ли желите да зауставите пренос датотека преко Блуетоотх везе?"},{"$i":"storage","$v":"Skladište"},{"$i":"sdcard-detected-title","$v":"SD kartica je pronađena"},{"$i":"no-sdcard-title","$v":"Nema SD kartice"},{"$i":"sdcard-total-size-body","$v":["Ukup. vel.: ",{"t":"idOrVar","v":"size"}," ",{"t":"idOrVar","v":"unit"}]},{"$i":"sdcard-unknown-size-then-tap-to-format-body","$v":"Nepoznata veličina, dodirnite da biste formatirali"},{"$i":"sdcard-removed-title","$v":"SD kartica je uklonjena"},{"$i":"sdcard-removed-ejected-successfully","$v":"Uspešno izbačeno"},{"$i":"sdcard-removed-not-ejected-properly","$v":"Nije pravilno odbačeno"},{"$i":"set-sdcard-as-default-media-location","$v":"SD kart. je pronađ. Podes. SD kart. kao podr. lok. medija?"},{"$i":"no-sdcard-content","$v":"Ubacite SD karticu da biste dobili još prostora."},{"$i":"sim-confirmation-content","$v":["Mobilni podaci su dodeljeni SIM",{"t":"idOrVar","v":"n"},"."]},{"$i":"sim-confirmation-title","$v":"SIM kartica promenjena"},{"$i":"sim-confirmation-notice-title","$v":"SIM kartica promenjena"},{"$i":"sim-confirmation-notice","$v":"Izaberite da biste videli detalje."},{"$i":"sim-hot-plug","$v":"Telefon će biti ponovo pokrenut"},{"$i":"sim-hot-plug-empty","$v":"Telefon će biti ponovo pokrenut jer su SIM kartice izvađene."},{"$i":"sim-hot-plug-empty-confirm","$v":"Uverite se da je SIM kartica potpuno izvučena, a zatim pritisnite OK da biste ponovo pokrenuli."},{"$i":"noSimCard","$v":"Nema SIM kartice"},{"$i":"lockedSim","$v":"Zaključani SIM"},{"$i":"noService","$v":"Nema usluge"},{"$i":"eccOnly","$v":"Emergency calls only"},{"$i":"nocard-eccOnly","$v":"No SIM card-Emergency calls only"},{"$i":"unusablecard-eccOnly","$v":"Unusable SIM card-Emergency calls only"},{"$i":"searching","$v":"Searching"},{"$i":"simPin","$v":"PIN kod za SIM karticu"},{"$i":"pukCode","$v":"PUK kod"},{"$i":"nckCode","$v":"NCK kod"},{"$i":"cckCode","$v":"CCK šifra"},{"$i":"spckCode","$v":"SPCK kod"},{"$i":"nck1code","$v":"NCK1 kod"},{"$i":"nck2code","$v":"NCK2 kod"},{"$i":"hnckcode","$v":"HNCK kod"},{"$i":"rcckcode","$v":"RCCK kod"},{"$i":"rspckcode","$v":"RSPCK kod"},{"$i":"ncklockContent","$v":["Slot ",{"t":"idOrVar","v":"n"}," je zaključan nck kodom."]},{"$i":"whatIsSimPin","$v":"Šta je PIN kod SIM kartice?"},{"$i":"simPinIntro1","$v":"PIN kod SIM kartice sprečava pristup mobilnim mrežama podataka SIM kartice. Kada je omogućen, bilo koji uređaj u kojem se nalazi ta SIM kartica zahtevaće PIN kod posle ponovnog pokretanja."},{"$i":"simPinIntro2","$v":"PIN kod SIM kartice se razlikuje od šifre korišćene za otključavanje uređaja."},{"$i":"changeSimPin","$v":"Promeni PIN kod"},{"$i":"pinTitle","$v":"Unesite PIN kod SIM kartice"},{"$i":"multiSIMpinTitle","$v":["Unesite PIN kod SIM ",{"t":"idOrVar","v":"n"}," kartice"]},{"$i":"multiSIMpukTitle","$v":["Unesite PUK",{"t":"idOrVar","v":"n"}," PIN kod"]},{"$i":"multiSIMnckTitle","$v":["Unesite NCK",{"t":"idOrVar","v":"n"}," PIN kod"]},{"$i":"multiSIMxckTitle","$v":["Unesite SIM",{"t":"idOrVar","v":"n"}," ",{"t":"idOrVar","v":"type"}]},{"$i":"xckTitle","$v":["Unesite ",{"t":"idOrVar","v":"type"}," šifru"]},{"$i":"xckCode","$v":[{"t":"idOrVar","v":"type"}," šifra"]},{"$i":"xckBlocked","$v":[{"t":"idOrVar","v":"type"}," blokiran"]},{"$i":"pukTitle","$v":"Unesite PUK kod"},{"$i":"nckTitle","$v":"Unesite NCK kod"},{"$i":"cckTitle","$v":"Unesite CCK kod"},{"$i":"spckTitle","$v":"Unesite SPCK kod"},{"$i":"nck1Title","$v":"Unesite NCK1 kod"},{"$i":"nck2Title","$v":"Unesite NCK2 kod"},{"$i":"hnckTitle","$v":"Unesite HNCK kod"},{"$i":"rcckTitle","$v":"Unesite RCCK kod"},{"$i":"rspckTitle","$v":"Unesite RSPCK kod"},{"$i":"newpinTitle","$v":"Novi PIN kod"},{"$i":"inputCodeRetriesLeft","$v":{"few":[{"t":"idOrVar","v":"n"}," pokušaja preostala."],"many":[{"t":"idOrVar","v":"n"}," pokušaja preostalo."],"one":"Poslednji pokušaj.","other":[{"t":"idOrVar","v":"n"}," pokušaja preostalo."],"two":[{"t":"idOrVar","v":"n"}," pokušaja preostala."]},"$x":[{"t":"idOrVar","v":"plural"},"n"]},{"$i":"pinErrorMsg","$v":"PIN kod je netačan."},{"$i":"pinAttemptMsg2","$v":{"few":["Imate još ",{"t":"idOrVar","v":"n"}," preostala pokušaja da unesete tačan kod pre nego što SIM kartica bude zaključana."],"many":["Imate još ",{"t":"idOrVar","v":"n"}," preostala pokušaja da unesete tačan kod pre nego što SIM kartica bude zaključana."],"one":"Imate još jedan pokušaj da unesete tačan kod pre nego što SIM kartica bude zaključana.","other":["Imate još ",{"t":"idOrVar","v":"n"}," preostala pokušaja da unesete tačan kod pre nego što SIM kartica bude zaključana."],"two":["Imate još ",{"t":"idOrVar","v":"n"}," preostala pokušaja da unesete tačan kod pre nego što SIM kartica bude zaključana."]},"$x":[{"t":"idOrVar","v":"plural"},"n"]},{"$i":"pinLastChanceMsg","$v":"Ovo je poslednja šansa da unesete ispravan PIN kod. U suprotnom ćete morati da unesete PUK kod da biste koristili ovu SIM karticu."},{"$i":"simCardLockedMsg","$v":"SIM kartica je zaključana."},{"$i":"enterPukMsg","$v":"Morate uneti Lični ključ za otključavanje (PUK) kod za SIM karticu. Pogledajte dokumentaciju vaše SIM kartice ili se obratite operatoru za detaljnije informacije."},{"$i":"pukErrorMsg","$v":"PUK kod je netačan."},{"$i":"pukAttemptMsg2","$v":{"few":["Imate još ",{"t":"idOrVar","v":"n"}," preostala pokušaja da unesete tačan kod pre nego što ova SIM kartica bude trajno neupotrebljiva. Pogledajte dokumentaciju vaše SIM kartice ili se obratite operatoru za detaljnije informacije."],"many":["Imate još ",{"t":"idOrVar","v":"n"}," preostala pokušaja da unesete tačan kod pre nego što ova SIM kartica bude trajno neupotrebljiva. Pogledajte dokumentaciju vaše SIM kartice ili se obratite operatoru za detaljnije informacije."],"one":"Imate još jedan pokušaj da unesete tačan kod pre nego što ova SIM kartica bude trajno neupotrebljiva. Pogledajte dokumentaciju vaše SIM kartice ili se obratite operatoru za detaljnije informacije.","other":["Imate još ",{"t":"idOrVar","v":"n"}," preostala pokušaja da unesete tačan kod pre nego što ova SIM kartica bude trajno neupotrebljiva. Pogledajte dokumentaciju vaše SIM kartice ili se obratite operatoru za detaljnije informacije."],"two":["Imate još ",{"t":"idOrVar","v":"n"}," preostala pokušaja da unesete tačan kod pre nego što ova SIM kartica bude trajno neupotrebljiva. Pogledajte dokumentaciju vaše SIM kartice ili se obratite operatoru za detaljnije informacije."]},"$x":[{"t":"idOrVar","v":"plural"},"n"]},{"$i":"pukLastChanceMsg","$v":"Poslednji pokušaj da unesete tačan PUK kod. Vaša SIM kartica će biti trajno neupotrebljiva ako uneste pogrešan PUK kod. Pogledajte dokumentaciju vaše SIM kartice ili se obratite operateru za detaljnije informacije."},{"$i":"cardPermanentlyLockMsg-head","$v":"Netačan PUK kod."},{"$i":"cardPermanentlyLockMsg-body","$v":"Vaša SIM kartica je trajno zaključana. Obratite se operatoru za detaljnije informacije."},{"$i":"newSimPinMsg","$v":"Kreiraj PIN kod (mora imati između 4 i 8 cifara)"},{"$i":"confirmNewSimPinMsg","$v":"Potvrdi novi PIN kod"},{"$i":"newPinErrorMsg","$v":"PIN kodovi se ne podud."},{"$i":"nckErrorMsg","$v":"NCK kod je netačan."},{"$i":"nckAttemptMsg2","$v":{"few":["Network depersonalisation request failure. You have ",{"t":"idOrVar","v":"n"}," tries left to enter the correct code. Refer to your device documentation or contact your carrier for more information."],"many":["Greška pri zahtevu za depersonal. Imate još ",{"t":"idOrVar","v":"n"}," pokuš. da unesete tačnu šifru. Pogl. dokum. uređaja ili se obratite operatoru za više inf."],"one":"Greška pri zahtevu za depersonal. Imate još jedan pokuš. da unesete tačnu šifru. Pogl. dokum. uređaja ili se obratite operatoru za više inf.","other":["Greška pri zahtevu za depersonalizaciju. Imate još ",{"t":"idOrVar","v":"n"}," preostalih pokušaja da unesete tačnu šifru. Pogledajte dokumentaciju vašeg uređaja ili se obratite operatoru za detaljnije informacije."],"two":["Greška pri zahtevu za depersonal. Imate još ",{"t":"idOrVar","v":"n"}," pokuš. da unesete tačnu šifru. Pogl. dokum. uređaja ili se obratite operatoru za više inf."]},"$x":[{"t":"idOrVar","v":"plural"},"n"]},{"$i":"nckLastChanceMsg","$v":"Greška pri zahtevu za depersonalizaciju mreže. Poslednji pokušaj da unesete tačan NCK kod. Pogledajte dokumentaciju vašeg uređaja ili se obratite operatoru za detaljnije informacije."},{"$i":"sim-attention-header","$v":"SIM kartica je zaključana"},{"$i":"multiSIM-attention-header","$v":["SIM kartica",{"t":"idOrVar","v":"n"}," je zaključana"]},{"$i":"sim-attention-head","$v":"SIM kartica je zaključana."},{"$i":"sim-attention-body","$v":"Želite li da uneste PUK kod za otključavanje SIM kartice?"},{"$i":"enter-puk-rsk","$v":"Unesite PUK kod"},{"$i":"verify-rsk","$v":"Gotovo"},{"$i":"activity-pick","$v":"Odaberi iz"},{"$i":"activity-view","$v":"Prikaži sa"},{"$i":"activity-test","$v":"Testiranje sa"},{"$i":"activity-share","$v":"Deli sa"},{"$i":"activity-new","$v":"Kreiraj pomoću"},{"$i":"activity-open","$v":"Otvori pomoću"},{"$i":"activity-save-bookmark","$v":"Dodaj obeleživač u"},{"$i":"activity-record","$v":"Snimak od"},{"$i":"activity-browse","$v":"Pretražuj pomoću"},{"$i":"activity-configure","$v":"Konfiguriši sa"},{"$i":"activity-dial","$v":"Pozovi sa"},{"$i":"remoteDebuggerMessage","$v":"Otkriven je dolazni zahtev za dozvolu za povezivanje u cilju daljinskog otklanjanja grešaka. Želite li da dozvolite povezivanje?"},{"$i":"captive-wifi-available","$v":["Pronađena je mreža ",{"t":"idOrVar","v":"networkName"},". Želite li da se priključite mreži?"]},{"$i":"ceWarningtitle","$v":"Upoz. za jač. zvuka"},{"$i":"ceWarningcontent","$v":"Da biste sprečili moguć oštećenje sluha, pojačajte zvuk samo nakratko."},{"$i":"is-volume-type-notification","$v":"Ton.zvona i upoz.za obav."},{"$i":"is-volume-type-telephony","$v":"Jačina zvuka"},{"$i":"is-volume-type-alarm","$v":"Alarm"},{"$i":"is-volume-type-content","$v":"Mediji"},{"$i":"tcl-volume-type-notification","$v":"Ton.zvona i upoz.za obav."},{"$i":"tcl-volume-type-telephony","$v":"Jačina zvuka"},{"$i":"volume-type-alarm","$v":"Alarm"},{"$i":"volume-type-content","$v":"Mediji"},{"$i":"vibrate-only","$v":"Samo vibracija"},{"$i":"silent","$v":"Nečujan"},{"$i":"vibrate-on","$v":"Vibracija:uključena"},{"$i":"vibrate-off","$v":"Vibracija:isključena"},{"$i":"vibrate","$v":"Vibracija"},{"$i":"tcl-volume","$v":["Jačina zvuka:",{"t":"idOrVar","v":"n"},"/",{"t":"idOrVar","v":"c"}]},{"$i":"notification-powersaving-mode-on-title","$v":"Režim uštede energije"},{"$i":"notification-powersaving-mode-on-description","$v":"Režim uštede energije je uključen."},{"$i":"low-device-storage","$v":"Nedovoljno memorije na uređaju."},{"$i":"storage-alert","$v":"Алерт за чување података"},{"$i":"phone-almost-full","$v":"Telefon je skoro pun."},{"$i":"free-space","$v":{"few":["Preost. je manje od ",{"t":"idOrVar","v":"value"}," ",{"t":"idOrVar","v":"unit"},"."],"many":["Preostalo je manje od ",{"t":"idOrVar","v":"value"}," ",{"t":"idOrVar","v":"unit"},"."],"one":["Preostalo je manje od ",{"t":"idOrVar","v":"value"}," ",{"t":"idOrVar","v":"unit"},"."],"other":["Preostalo je manje od ",{"t":"idOrVar","v":"value"}," ",{"t":"idOrVar","v":"unit"},"."],"two":["Preostalo je manje od ",{"t":"idOrVar","v":"value"}," ",{"t":"idOrVar","v":"unit"},"."],"zero":"Nema preostalog slobodnog prostora."},"$x":[{"t":"idOrVar","v":"plural"},"value"]},{"$i":"unknown-free-space","$v":"Nepoznati preostali prostor."},{"$i":"can-delete-data-to-get-space","$v":"Možete da izbrišete neke medijske datoteke ili da uredite podatke aplikacije da biste oslobodili prostor."},{"$i":"should-delete-data-to-get-space","$v":"Morate da obrišete neke medijske datoteke ili uklonite podatke aplikacija da biste oslobodili prostor i nastavili da koristite ovaj uređaj."},{"$i":"storage-full-level-1-title","$v":"Пхоне Алмост Фулл"},{"$i":"storage-full-level-2-title","$v":"Skladište telefona je puno."},{"$i":"delete-to-get-space","$v":"Izbrišite medijske datoteke, podatke aplikacija ili preuzete aplikacije da biste oslobodili prostor."},{"$i":"delete-to-get-space-level-2","$v":"Izbrišite medijske datoteke, podatke aplikacija ili preuzete aplikacije da biste oslobodili prostor. U suprotnom telefon neće ispravno raditi."},{"$i":"system-alert","$v":"Sistemsko upozorenje"},{"$i":"cb-channel","$v":["Kanal ",{"t":"idOrVar","v":"channel"}]},{"$i":"cell-broadcast-subtitle","$v":"Prijem opštih informacija"},{"$i":"cb-etws-warningType-earthquake","$v":"Upozorenje na zemljotres!"},{"$i":"cb-etws-warningType-tsunami","$v":"Upozorenje za cunami!"},{"$i":"cb-etws-warningType-earthquake-tsunami","$v":"Upozorenje na zemljotres-cunami!"},{"$i":"cb-etws-warningType-test","$v":"Sistem upozorenja je u procesu testiranja."},{"$i":"cb-etws-warningType-other","$v":"Upozorenje u hitnom slučaju!"},{"$i":"icc-message-maintitle","$v":"Poruke operatora"},{"$i":"icc-message-subtitle","$v":"SIM"},{"$i":"icc-confirmCall-defaultmessage","$v":["Pozvati ",{"t":"idOrVar","v":"number"},"?"]},{"$i":"icc-alertMessage-defaultmessage","$v":"Slanje poruke"},{"$i":"icc-confirmMessage-defaultmessage","$v":"Poslati poruku?"},{"$i":"icc-notification-title","$v":["SIM ",{"t":"idOrVar","v":"id"}," STK"]},{"$i":"icc-inputbox-maintitle","$v":"STK upit"},{"$i":"icc-inputbox-subtitle","$v":["SIM ",{"t":"idOrVar","v":"id"}]},{"$i":"emergency-callback-mode","$v":"Režim povratnog poziva u hitnom slučaju"},{"$i":"emergency-callback-message","$v":"Ne možete da obavljate pozive, šaljete poruke niti da idete na internet zato što je omogućen režim povratnog poziva u hitnim slučajevima. Želite li da ga isključite?"},{"$i":"cdma-record-info","$v":"Zapis informacija o CDMA"},{"$i":"download_started","$v":"Preuzimanje je počelo"},{"$i":"download_stopped","$v":"Preuzimanje je zaustavljeno"},{"$i":"download_downloading","$v":[{"t":"idOrVar","v":"percentage"},"%"]},{"$i":"download_succeeded","$v":"Preuzimanje je završeno"},{"$i":"download_failed","$v":"Preuzimanje nije uspelo"},{"$i":"update_succeeded","$v":"Ažuriranje je dovršeno"},{"$i":"download_text_by_default","$v":[{"t":"idOrVar","v":"name"}]},{"$i":"phone-storage-full-title","$v":"Skladište telefona je puno"},{"$i":"phone-storage-full-warning","$v":"Preuzimanje datoteke nije moguće. Obrišite medijske datoteke ili podatke aplikacija da biste oslobodili prostor. Možete i da ubacite SD karticu i proširite skladište za medije."},{"$i":"sdcard-storage-full-title","$v":"SD kartica je puna."},{"$i":"sdcard-storage-full-warning","$v":"Preuzimanje datoteke nije moguće. Obrišite datoteke sa SD kartice da biste oslobodili prostor."},{"$i":"opt-settings","$v":"Podešavanja"},{"$i":"search-the-web","$v":"Pretraži veb"},{"$i":"search-or-enter-address","$v":"Pretr. ili unes. adr.","placeholder":"Pretr. ili unes. adr."},{"$i":"search-or-enter-url","$v":"Pretražite ili unesite URL","placeholder":"Pretražite ili unesite URL"},{"$i":"back-button","ariaLabel":"Nazad"},{"$i":"forward-button","ariaLabel":"Preusmeri"},{"$i":"reload-button","ariaLabel":"Učitaj ponovo"},{"$i":"stop-button","ariaLabel":"Zaustavi"},{"$i":"windows-button","ariaLabel":"Prikaži prozore"},{"$i":"noHotspotWhenAPMisOnWifiHotspot","$v":"Isklj. rež. rada u av. za kor. Wi-Fi hotspot-a."},{"$i":"apmActivated","$v":"Režim rada u avionu je aktiviran"},{"$i":"save-image","$v":"Sačuvaj sliku"},{"$i":"save-video","$v":"Sačuvaj video zapis"},{"$i":"save-audio","$v":"Sačuvaj audio"},{"$i":"share-image","$v":"Deli sliku"},{"$i":"share-video","$v":"Deli video snimak"},{"$i":"share-audio","$v":"Deli audio"},{"$i":"tcl-cancelButtonId","$v":"Otkaži"},{"$i":"tcl-not-send","$v":"Nemoj poslati"},{"$i":"tcl-send-report","$v":"Pošalji izveštaj"},{"$i":"refresh","$v":"Osveži"},{"$i":"goBack","$v":"Idi nazad"},{"$i":"goForward","$v":"Idi napred"},{"$i":"goToTopSites","$v":"Idi na najpopularnije veb lokacije"},{"$i":"pinToTopSites","$v":"Zakači za najpopularnije veb lokacije"},{"$i":"pinToAllApps","$v":"Zakači u Sve aplikacije"},{"$i":"pinToAppsMenu","$v":"Zakači u Meni aplikacija"},{"$i":"viewMessages","$v":"Prikaži poruke"},{"$i":"downloadImage","$v":"Preuzmi sliku"},{"$i":"quit","$v":"Završetak"},{"$i":"minimizeBrowser","$v":"Smanji pretraživač"},{"$i":"pinSiteCompletely","$v":"Ova veb lok. je zakač. u najpop. veb lok."},{"$i":"siteWasPinnedBefore","$v":"Ova veb lok. je već zakač. u najpop. veb lok."},{"$i":"pinnedSitesOverLimit","$v":"Dostigli ste maksimalni broj zakačenih veb lokacija."},{"$i":"pressBackAgainToQuitBrowser","$v":"Pritisni NAZAD da izađeš iz pretraživača."},{"$i":"pressBackAgainToMinimizeBrowser","$v":"Ponovo pritisnite NAZAD da biste smanjili pretraživač."},{"$i":"pinSiteToAllAppsCompletely","$v":"Ova veb lokacija je zakačena u Sve aplikacije."},{"$i":"pinSiteToAppsMenuCompletely","$v":"Ova veb lokacija je zakačena u Meni aplikacija."},{"$i":"siteWasPinnedToAllAppsBefore","$v":"Ova veb lokacija je već bila kačena u Sve aplikacije."},{"$i":"siteWasPinnedToAppsMenuBefore","$v":"Ova veb lokacija je već bila kačena u Meni aplikacija."},{"$i":"ext-bluetooth-req","$v":"Zahtev za uparivanje"},{"$i":"ext-unknown","$v":"NEPOZNATO"},{"$i":"ext-new-message","$v":"Nova poruka"},{"$i":"ext-new-mail","$v":"Nova pošta"},{"$i":"ext-calendar-event","$v":"Događaj u kalendaru"},{"$i":"ext-new-notification","$v":"Nova obaveštenja"},{"$i":"incoming","$v":"Dolazni"},{"$i":"ext-volume-notification","$v":"Ton.zvona i obav."},{"$i":"ext-volume-content","$v":"Mediji"},{"$i":"ext-volume-alarm","$v":"Alarm"},{"$i":"ext-new-cmas","$v":"Hitno"},{"$i":"phone-storage-full-body","$v":"Snimanje poziva je zaustavljeno. Obrišite medijske datoteke ili podatke aplikacija da biste oslobodili prostor. "},{"$i":"sd-card-full-title","$v":"SD kartica je puna."},{"$i":"sd-card-full-body","$v":"Snimanje poziva je zaustavljeno. Obrišite datoteke sa SD kartice da biste oslobodili prostor."},{"$i":"supl-notification-title","$v":"Zahtev lokacije"},{"$i":"supl-notification-message","$v":"Vaša lokacija se šalje operatoru."},{"$i":"supl-verification-title","$v":"Zahtev lokacije"},{"$i":"supl-verification-message","$v":"Operator zahteva vašu lokaciju. Želite li da učinite informacije o lokaciji dostupnim svom operatoru?"},{"$i":"supl-verification-message-for-notification","$v":"Kliknite ovde za potvrdu"},{"$i":"supl-verification-confirm","$v":"Da"},{"$i":"supl-verification-cancel","$v":"Ne"},{"$i":"supl-more-message","$v":["Por: ",{"t":"idOrVar","v":"id"}," (",{"t":"idOrVar","v":"message"},")"]},{"$i":"confirmPbapMsg","$v":[{"t":"idOrVar","v":"deviceId"}," je poslao zahtev za pristup vašim kontaktima i istoriji poziva, želite li da prihvatite?"]},{"$i":"confirmTitle","$v":"Zahtev za pristup imeniku"},{"$i":"initialValue","$v":"Unesite ključ sesije"},{"$i":"confirmMapMsg","$v":[{"t":"idOrVar","v":"deviceId"}," želi da pristupi vašim porukama. Želite li da prihvatite?"]},{"$i":"wifiCallErrorMsg","$v":["Greška Wifi poziva: ",{"t":"idOrVar","v":"error"}]},{"$i":"wifiCallMissEccTitle","$v":[{"t":"idOrVar","v":"operator"}," WiFi Calling"]},{"$i":"wifiCallMissEccMsg","$v":"Emergency calls in areas with cellular coverage only"},{"$i":"battery-full-title","$v":"Baterija je puna"},{"$i":"battery-full-body","$v":"Baterija je napunjena do kraja."},{"$i":"sim-config-title","$v":"Конфигурација"},{"$i":"sim-config-content-init","$v":["Pritisnite POČNI da biste konfigurisali telefon za operatera ",{"t":"idOrVar","v":"carrier"},"."]},{"$i":"sim-config-content-change","$v":["Želite li da konfigurišete telefon za operatera ",{"t":"idOrVar","v":"carrier"},"?"]},{"$i":"sim-config-content-line1","$v":"Добро урађено!"},{"$i":"sim-config-content-restart","$v":"Ponovo pokrenite telefon da biste primenili promene."},{"$i":"sim-config-content-finish","$v":"Pritisnite OK za završetak."},{"$i":"sim-config-content-failed","$v":["Nije moguće pronaći profil operatera ",{"t":"idOrVar","v":"carrier"},"."]},{"$i":"sim-config-button-restart","$v":"Ponovo pokreni"},{"$i":"sim-config-button-begin","$v":"Почети"},{"$i":"open-wifi-available","$v":"Dostupne su otvorene WiFi mreže"},{"$i":"wifi-available","$v":"Dostupne su WiFi mreže"},{"$i":"wifi-no-internet-title","$v":"Wi-Fi nema pristup internetu"},{"$i":"wifi-no-internet-body","$v":"Tap for options"},{"$i":"wifi-no-internet-header","$v":"Wi-Fi"},{"$i":"wifi-no-internet-content","$v":[{"t":"idOrVar","v":"name"}," nema pristup internetu, želite li da ostanete povezani?"]},{"$i":"ellipses_char","$v":"…"},{"$i":"fota-title-attention","$v":"Pažnja"},{"$i":"fota-upgrade-success","$v":["Uspešna nadogradnja firmvera, Vaš uređaj sada koristi verziju ",{"t":"idOrVar","v":"target"},"."]},{"$i":"fota-upgrade-failed","$v":"Nadogradnja neuspela, prethodna verzija je vraćena."},{"$i":"fota-title-software-update","$v":"Ažuriranje softvera"},{"$i":"fota-message-software-update-available","$v":"Ažuriranje softvera je dostupno."},{"$i":"fota-message-software-download-failed","$v":"Preuzimanje ažuriranja softvera nije uspelo."},{"$i":"fota-message-software-download-complete","$v":"Preuzimanje ažuriranja softvera završeno."},{"$i":"network-issue-title","$v":"Мрежна грешка"},{"$i":"network-issue-detail","$v":"Proverite vezu."},{"$i":"device-issue-title","$v":"Грешка при инсталацији"},{"$i":"device-issue-detail","$v":"Došlo je do nepoznate greške."},{"$i":"device-issue-update-title","$v":"Greška pri ažuriranju"},{"$i":"install-generic-error","$v":"Preuzimanje je zaustavljeno."},{"$i":"account-authenticator-invaild-grant-notice-title","$v":"Грешка налога"},{"$i":"account-authenticator-invaild-grant-notice-text","$v":"Пријавите се поново"},{"$i":"account-authenticator-no-network-error","$v":"Nema internet veze."},{"$i":"account-authenticator-access-denied-error","$v":"Došlo je do nepoznate greške."},{"$i":"qtn_els_alert_high_vol","$v":"Upozorenje o velikoj jačini tona"},{"$i":"qtn_els_alert_in_call","$v":"Tokom poziva"},{"$i":"GetEmptyUssdPrompt","$v":"Примљен је нулти одговор."},{"$i":"message-sent","$v":"Poruka poslata"},{"$i":"send","$v":"Pošalji"},{"$i":"confirmation","$v":"Potvrda"},{"$i":"feedback-dialogview-header","$v":"Povratne inf."},{"$i":"feedback-dialogview-message","$v":"Vaše mišljenje je veoma važno kompaniji HMD Global, stoga nam recite šta mislite o svom novom telefonu. Ako želite kasnije da učestvujete u ovoj anketi, pronađite je u podešavanjima."},{"$i":"accessibility-enableScreenReaderSteps","$v":"To enable screen reader, press the volume up and then volume down buttons three more times"},{"$i":"accessibility-disableScreenReaderSteps","$v":"To disable screen reader, press the volume up and then volume down buttons three more times"},{"$i":"accessibility-screenReaderStarted","$v":"Screen reader started"},{"$i":"accessibility-screenReaderStopped","$v":"Screen reader stopped"},{"$i":"accessibility-menubar","$v":"menu bar"},{"$i":"accessibility-scrollbar","$v":"scroll bar"},{"$i":"accessibility-grip","$v":"grip"},{"$i":"accessibility-alert","$v":"alert"},{"$i":"accessibility-menupopup","$v":"menu popup"},{"$i":"accessibility-document","$v":"document"},{"$i":"accessibility-pane","$v":"pane"},{"$i":"accessibility-dialog","$v":"dialogue"},{"$i":"accessibility-separator","$v":"separator"},{"$i":"accessibility-toolbar","$v":"toolbar"},{"$i":"accessibility-statusbar","$v":"status bar"},{"$i":"accessibility-table","$v":"table"},{"$i":"accessibility-columnheader","$v":"column header"},{"$i":"accessibility-rowheader","$v":"row header"},{"$i":"accessibility-column","$v":"column"},{"$i":"accessibility-row","$v":"row"},{"$i":"accessibility-cell","$v":"cell"},{"$i":"accessibility-link","$v":"link"},{"$i":"accessibility-list","$v":"list"},{"$i":"accessibility-listitem","$v":"list item"},{"$i":"accessibility-outline","$v":"outline"},{"$i":"accessibility-outlineitem","$v":"outline item"},{"$i":"accessibility-pagetab","$v":"tab"},{"$i":"accessibility-propertypage","$v":"property page"},{"$i":"accessibility-graphic","$v":"graphic"},{"$i":"accessibility-pushbutton","$v":"button"},{"$i":"accessibility-checkbutton","$v":"check button"},{"$i":"accessibility-radiobutton","$v":"radio button"},{"$i":"accessibility-combobox","$v":"combo box"},{"$i":"accessibility-progressbar","$v":"progress bar"},{"$i":"accessibility-slider","$v":"slider"},{"$i":"accessibility-spinbutton","$v":"spin button"},{"$i":"accessibility-diagram","$v":"diagram"},{"$i":"accessibility-animation","$v":"animation"},{"$i":"accessibility-equation","$v":"equation"},{"$i":"accessibility-buttonmenu","$v":"button menu"},{"$i":"accessibility-whitespace","$v":"white space"},{"$i":"accessibility-pagetablist","$v":"tab list"},{"$i":"accessibility-canvas","$v":"canvas"},{"$i":"accessibility-checkmenuitem","$v":"Double tap to activate"},{"$i":"accessibility-label","$v":"label"},{"$i":"accessibility-passwordtext","$v":"password text"},{"$i":"accessibility-radiomenuitem","$v":"radio menu item"},{"$i":"accessibility-textcontainer","$v":"text container"},{"$i":"accessibility-togglebutton","$v":"toggle button"},{"$i":"accessibility-treetable","$v":"tree table"},{"$i":"accessibility-header","$v":"header"},{"$i":"accessibility-footer","$v":"footer"},{"$i":"accessibility-paragraph","$v":"paragraph"},{"$i":"accessibility-entry","$v":"entry"},{"$i":"accessibility-caption","$v":"caption"},{"$i":"accessibility-heading","$v":"heading"},{"$i":"accessibility-section","$v":"section"},{"$i":"accessibility-form","$v":"form"},{"$i":"accessibility-comboboxlist","$v":"combo box list"},{"$i":"accessibility-comboboxoption","$v":"combo box option"},{"$i":"accessibility-imagemap","$v":"image map"},{"$i":"accessibility-listboxoption","$v":"option"},{"$i":"accessibility-listbox","$v":"list box"},{"$i":"accessibility-flatequation","$v":"flat equation"},{"$i":"accessibility-gridcell","$v":"gridcell"},{"$i":"accessibility-note","$v":"note"},{"$i":"accessibility-figure","$v":"figure"},{"$i":"accessibility-definitionlist","$v":"definition list"},{"$i":"accessibility-term","$v":"term"},{"$i":"accessibility-definition","$v":"definition"},{"$i":"accessibility-textarea","$v":"text area"},{"$i":"accessibility-textInputType_date","$v":"date"},{"$i":"accessibility-textInputType_email","$v":"e-mail"},{"$i":"accessibility-textInputType_search","$v":"search"},{"$i":"accessibility-textInputType_tel","$v":"telephone"},{"$i":"accessibility-textInputType_url","$v":"URL"},{"$i":"accessibility-headingLevel","$v":["heading level ",{"t":"idOrVar","v":"0"}]},{"$i":"accessibility-listStart","$v":"First item"},{"$i":"accessibility-listEnd","$v":"Last item"},{"$i":"accessibility-listItemsCount","$v":{"few":[{"t":"idOrVar","v":"count"}," items"],"many":[{"t":"idOrVar","v":"count"}," items"],"one":[{"t":"idOrVar","v":"count"}," item"],"other":[{"t":"idOrVar","v":"count"}," items"],"two":[{"t":"idOrVar","v":"count"}," items"],"zero":[{"t":"idOrVar","v":"count"}," items"]},"$x":[{"t":"idOrVar","v":"plural"},"count"]},{"$i":"accessibility-objItemOfN","$v":[{"t":"idOrVar","v":"0"}," of ",{"t":"idOrVar","v":"1"}]},{"$i":"accessibility-banner","$v":"banner"},{"$i":"accessibility-complementary","$v":"complementary"},{"$i":"accessibility-contentinfo","$v":"content info"},{"$i":"accessibility-main","$v":"main"},{"$i":"accessibility-navigation","$v":"navigation"},{"$i":"accessibility-search","$v":"search"},{"$i":"accessibility-tblColumnInfo","$v":{"few":["with ",{"t":"idOrVar","v":"count"}," columns"],"many":["with ",{"t":"idOrVar","v":"count"}," columns"],"one":["with ",{"t":"idOrVar","v":"count"}," column"],"other":["with ",{"t":"idOrVar","v":"count"}," columns"],"two":["with ",{"t":"idOrVar","v":"count"}," columns"],"zero":["with ",{"t":"idOrVar","v":"count"}," columns"]},"$x":[{"t":"idOrVar","v":"plural"},"count"]},{"$i":"accessibility-tblRowInfo","$v":{"few":["and ",{"t":"idOrVar","v":"count"}," rows"],"many":["and ",{"t":"idOrVar","v":"count"}," rows"],"one":["and ",{"t":"idOrVar","v":"count"}," row"],"other":["and ",{"t":"idOrVar","v":"count"}," rows"],"two":["and ",{"t":"idOrVar","v":"count"}," rows"],"zero":["and ",{"t":"idOrVar","v":"count"}," rows"]},"$x":[{"t":"idOrVar","v":"plural"},"count"]},{"$i":"accessibility-columnInfo","$v":["Column ",{"t":"idOrVar","v":"0"}]},{"$i":"accessibility-rowInfo","$v":["Row ",{"t":"idOrVar","v":"0"}]},{"$i":"accessibility-spansColumns","$v":{"few":["spans ",{"t":"idOrVar","v":"0"}," columns"],"many":["spans ",{"t":"idOrVar","v":"0"}," columns"],"one":["spans ",{"t":"idOrVar","v":"0"}," column"],"other":["spans ",{"t":"idOrVar","v":"0"}," columns"],"two":["spans ",{"t":"idOrVar","v":"0"}," columns"],"zero":["spans ",{"t":"idOrVar","v":"0"}," columns"]},"$x":[{"t":"idOrVar","v":"plural"},"0"]},{"$i":"accessibility-spansRows","$v":{"few":["spans ",{"t":"idOrVar","v":"0"}," rows"],"many":["spans ",{"t":"idOrVar","v":"0"}," rows"],"one":["spans ",{"t":"idOrVar","v":"0"}," row"],"other":["spans ",{"t":"idOrVar","v":"0"}," rows"],"two":["spans ",{"t":"idOrVar","v":"0"}," rows"],"zero":["spans ",{"t":"idOrVar","v":"0"}," rows"]},"$x":[{"t":"idOrVar","v":"plural"},"0"]},{"$i":"accessibility-jumpAction","$v":"jumped"},{"$i":"accessibility-pressAction","$v":"pressed"},{"$i":"accessibility-checkAction","$v":"checked"},{"$i":"accessibility-uncheckAction","$v":"unchecked"},{"$i":"accessibility-selectAction","$v":"selected"},{"$i":"accessibility-unselectAction","$v":"unselected"},{"$i":"accessibility-openAction","$v":"opened"},{"$i":"accessibility-closeAction","$v":"closed"},{"$i":"accessibility-switchAction","$v":"switched"},{"$i":"accessibility-clickAction","$v":"clicked"},{"$i":"accessibility-collapseAction","$v":"collapsed"},{"$i":"accessibility-expandAction","$v":"expanded"},{"$i":"accessibility-activateAction","$v":"activated"},{"$i":"accessibility-cycleAction","$v":"cycled"},{"$i":"accessibility-hidden","$v":"hidden"},{"$i":"accessibility-tabLoading","$v":"loading"},{"$i":"accessibility-tabLoaded","$v":"loaded"},{"$i":"accessibility-tabNew","$v":"new tab"},{"$i":"accessibility-tabLoadStopped","$v":"loading stopped"},{"$i":"accessibility-tabReload","$v":"reloading"},{"$i":"accessibility-stateChecked","$v":"checked"},{"$i":"accessibility-stateNotChecked","$v":"not checked"},{"$i":"accessibility-statePressed","$v":"pressed"},{"$i":"accessibility-stateExpanded","$v":"expanded"},{"$i":"accessibility-stateCollapsed","$v":"collapsed"},{"$i":"accessibility-stateUnavailable","$v":"unavailable"},{"$i":"accessibility-stateRequired","$v":"required"},{"$i":"accessibility-stateTraversed","$v":"visited"},{"$i":"accessibility-stateHasPopup","$v":"has pop up"},{"$i":"accessibility-stateSelected","$v":"selected"},{"$i":"accessibility-editingMode","$v":"editing"},{"$i":"accessibility-navigationMode","$v":"navigating"},{"$i":"accessibility-quicknav_Simple","$v":"Default"},{"$i":"accessibility-quicknav_Anchor","$v":"Anchors"},{"$i":"accessibility-quicknav_Button","$v":"Buttons"},{"$i":"accessibility-quicknav_Combobox","$v":"Combo boxes"},{"$i":"accessibility-quicknav_Landmark","$v":"Landmarks"},{"$i":"accessibility-quicknav_Entry","$v":"Entries"},{"$i":"accessibility-quicknav_FormElement","$v":"Form elements"},{"$i":"accessibility-quicknav_Graphic","$v":"Images"},{"$i":"accessibility-quicknav_Heading","$v":"Headings"},{"$i":"accessibility-quicknav_ListItem","$v":"List items"},{"$i":"accessibility-quicknav_Link","$v":"Links"},{"$i":"accessibility-quicknav_List","$v":"Lists"},{"$i":"accessibility-quicknav_PageTab","$v":"Page tabs"},{"$i":"accessibility-quicknav_RadioButton","$v":"Radio buttons"},{"$i":"accessibility-quicknav_Separator","$v":"Separators"},{"$i":"accessibility-quicknav_Table","$v":"Tables"},{"$i":"accessibility-quicknav_Checkbox","$v":"Check boxes"},{"$i":"accessibility-menubarAbbr","$v":"menu bar"},{"$i":"accessibility-scrollbarAbbr","$v":"scroll bar"},{"$i":"accessibility-gripAbbr","$v":"grip"},{"$i":"accessibility-alertAbbr","$v":"alert"},{"$i":"accessibility-menupopupAbbr","$v":"menu popup"},{"$i":"accessibility-documentAbbr","$v":"document"},{"$i":"accessibility-paneAbbr","$v":"pane"},{"$i":"accessibility-dialogAbbr","$v":"dialogue"},{"$i":"accessibility-separatorAbbr","$v":"separator"},{"$i":"accessibility-toolbarAbbr","$v":"toolbar"},{"$i":"accessibility-statusbarAbbr","$v":"status bar"},{"$i":"accessibility-tableAbbr","$v":"tbl"},{"$i":"accessibility-columnheaderAbbr","$v":"column header"},{"$i":"accessibility-rowheaderAbbr","$v":"row header"},{"$i":"accessibility-columnAbbr","$v":"column"},{"$i":"accessibility-rowAbbr","$v":"row"},{"$i":"accessibility-cellAbbr","$v":"cell"},{"$i":"accessibility-linkAbbr","$v":"lnk"},{"$i":"accessibility-listAbbr","$v":"list"},{"$i":"accessibility-listitemAbbr","$v":"list item"},{"$i":"accessibility-outlineAbbr","$v":"outline"},{"$i":"accessibility-outlineitemAbbr","$v":"outline item"},{"$i":"accessibility-pagetabAbbr","$v":"tab"},{"$i":"accessibility-propertypageAbbr","$v":"property page"},{"$i":"accessibility-graphicAbbr","$v":"graphic"},{"$i":"accessibility-pushbuttonAbbr","$v":"btn"},{"$i":"accessibility-checkbuttonAbbr","$v":"check button"},{"$i":"accessibility-radiobuttonAbbr","$v":"radio button"},{"$i":"accessibility-comboboxAbbr","$v":"combo box"},{"$i":"accessibility-progressbarAbbr","$v":"progress bar"},{"$i":"accessibility-sliderAbbr","$v":"slider"},{"$i":"accessibility-spinbuttonAbbr","$v":"spin button"},{"$i":"accessibility-diagramAbbr","$v":"diagram"},{"$i":"accessibility-animationAbbr","$v":"animation"},{"$i":"accessibility-equationAbbr","$v":"equation"},{"$i":"accessibility-buttonmenuAbbr","$v":"button menu"},{"$i":"accessibility-whitespaceAbbr","$v":"white space"},{"$i":"accessibility-pagetablistAbbr","$v":"tab list"},{"$i":"accessibility-canvasAbbr","$v":"canvas"},{"$i":"accessibility-checkmenuitemAbbr","$v":"check menu item"},{"$i":"accessibility-labelAbbr","$v":"label"},{"$i":"accessibility-passwordtextAbbr","$v":"passwdtxt"},{"$i":"accessibility-radiomenuitemAbbr","$v":"radio menu item"},{"$i":"accessibility-textcontainerAbbr","$v":"text container"},{"$i":"accessibility-togglebuttonAbbr","$v":"toggle button"},{"$i":"accessibility-treetableAbbr","$v":"tree table"},{"$i":"accessibility-headerAbbr","$v":"header"},{"$i":"accessibility-footerAbbr","$v":"footer"},{"$i":"accessibility-paragraphAbbr","$v":"paragraph"},{"$i":"accessibility-entryAbbr","$v":"entry"},{"$i":"accessibility-captionAbbr","$v":"caption"},{"$i":"accessibility-headingAbbr","$v":"heading"},{"$i":"accessibility-sectionAbbr","$v":"section"},{"$i":"accessibility-formAbbr","$v":"form"},{"$i":"accessibility-comboboxlistAbbr","$v":"combo box list"},{"$i":"accessibility-comboboxoptionAbbr","$v":"combo box option"},{"$i":"accessibility-imagemapAbbr","$v":"imgmap"},{"$i":"accessibility-listboxoptionAbbr","$v":"option"},{"$i":"accessibility-listboxAbbr","$v":"list box"},{"$i":"accessibility-flatequationAbbr","$v":"flat equation"},{"$i":"accessibility-gridcellAbbr","$v":"gridcell"},{"$i":"accessibility-noteAbbr","$v":"note"},{"$i":"accessibility-figureAbbr","$v":"fig"},{"$i":"accessibility-definitionlistAbbr","$v":"definition list"},{"$i":"accessibility-termAbbr","$v":"term"},{"$i":"accessibility-definitionAbbr","$v":"definition"},{"$i":"accessibility-textareaAbbr","$v":"txtarea"},{"$i":"accessibility-tblColumnInfoAbbr","$v":{"few":[{"t":"idOrVar","v":"count"},"c"],"many":[{"t":"idOrVar","v":"count"},"c"],"one":[{"t":"idOrVar","v":"count"},"c"],"other":[{"t":"idOrVar","v":"count"},"c"],"two":[{"t":"idOrVar","v":"count"},"c"]},"$x":[{"t":"idOrVar","v":"plural"},"count"]},{"$i":"accessibility-tblRowInfoAbbr","$v":{"few":[{"t":"idOrVar","v":"count"},"r"],"many":[{"t":"idOrVar","v":"count"},"r"],"one":[{"t":"idOrVar","v":"count"},"r"],"other":[{"t":"idOrVar","v":"count"},"r"],"two":[{"t":"idOrVar","v":"count"},"r"]},"$x":[{"t":"idOrVar","v":"plural"},"count"]},{"$i":"accessibility-cellInfoAbbr","$v":["c",{"t":"idOrVar","v":"0"},"r",{"t":"idOrVar","v":"1"}]},{"$i":"accessibility-stateCheckedAbbr","$v":"(x)"},{"$i":"accessibility-stateUncheckedAbbr","$v":"( )"},{"$i":"accessibility-statePressedAbbr","$v":"(x)"},{"$i":"accessibility-stateUnpressedAbbr","$v":"( )"},{"$i":"accessibility-pushbutton-hint","$v":"Double tap to activate"},{"$i":"accessibility-checkbutton-hint","$v":"Double tap to activate"},{"$i":"accessibility-combobox-hint","$v":"Double tap to activate"},{"$i":"accessibility-key-hint","$v":"Tap and hold to activate"},{"$i":"accessibility-link-hint","$v":"Double tap to activate"},{"$i":"accessibility-menuitem-hint","$v":"Double tap to activate"},{"$i":"accessibility-option-hint","$v":"Double tap to activate"},{"$i":"accessibility-radiobutton-hint","$v":"Double tap to activate"},{"$i":"accessibility-slider-hint","$v":"Swipe up to increase or down to decrease"},{"$i":"accessibility-spinbutton-hint","$v":"Swipe up to increase or down to decrease"},{"$i":"accessibility-pagetab-hint","$v":"Double tap to activate"},{"$i":"accessibility-entry-hint","$v":"Double tap to activate"},{"$i":"accessibility-outlineitem-hint","$v":"Double tap to activate"},{"$i":"SoftLeft","$v":"Levi softverski taster"},{"$i":"Enter","$v":"Taster OK"},{"$i":"SoftRight","$v":"Desni softverski taster"},{"$i":"weekday-0-long","$v":"Nedelja"},{"$i":"weekday-1-long","$v":"Ponedeljak"},{"$i":"weekday-2-long","$v":"Utorak"},{"$i":"weekday-3-long","$v":"Sreda"},{"$i":"weekday-4-long","$v":"Četvrtak"},{"$i":"weekday-5-long","$v":"Petak"},{"$i":"weekday-6-long","$v":"Subota"},{"$i":"weekday-0-short","$v":"Ned"},{"$i":"weekday-1-short","$v":"Pon"},{"$i":"weekday-2-short","$v":"Uto"},{"$i":"weekday-3-short","$v":"Sre"},{"$i":"weekday-4-short","$v":"Čet"},{"$i":"weekday-5-short","$v":"Pet"},{"$i":"weekday-6-short","$v":"Sub"},{"$i":"month-0-long","$v":"Januar"},{"$i":"month-1-long","$v":"Februar"},{"$i":"month-2-long","$v":"Mart"},{"$i":"month-3-long","$v":"April"},{"$i":"month-4-long","$v":"Maj"},{"$i":"month-5-long","$v":"Jun"},{"$i":"month-6-long","$v":"Jul"},{"$i":"month-7-long","$v":"Avgust"},{"$i":"month-8-long","$v":"Septembar"},{"$i":"month-9-long","$v":"Oktobar"},{"$i":"month-10-long","$v":"Novembar"},{"$i":"month-11-long","$v":"Decembar"},{"$i":"month-0-genitive","$v":"Januar"},{"$i":"month-1-genitive","$v":"Februar"},{"$i":"month-2-genitive","$v":"Mart"},{"$i":"month-3-genitive","$v":"April"},{"$i":"month-4-genitive","$v":"Maj"},{"$i":"month-5-genitive","$v":"Jun"},{"$i":"month-6-genitive","$v":"Jul"},{"$i":"month-7-genitive","$v":"Avgust"},{"$i":"month-8-genitive","$v":"Septembar"},{"$i":"month-9-genitive","$v":"Oktobar"},{"$i":"month-10-genitive","$v":"Novembar"},{"$i":"month-11-genitive","$v":"Decembar"},{"$i":"month-0-short","$v":"Jan"},{"$i":"month-1-short","$v":"Feb"},{"$i":"month-2-short","$v":"Mar"},{"$i":"month-3-short","$v":"Apr"},{"$i":"month-4-short","$v":"Maj"},{"$i":"month-5-short","$v":"Jun"},{"$i":"month-6-short","$v":"Jul"},{"$i":"month-7-short","$v":"Avg"},{"$i":"month-8-short","$v":"Sep"},{"$i":"month-9-short","$v":"Okt"},{"$i":"month-10-short","$v":"Nov"},{"$i":"month-11-short","$v":"Dec"},{"$i":"minutes-ago-long","$v":{"few":["Pre ",{"t":"idOrVar","v":"value"}," minuta"],"many":["Pre ",{"t":"idOrVar","v":"value"}," minuta"],"one":"pre jednog minuta","other":["Pre ",{"t":"idOrVar","v":"value"}," minuta"],"two":["Pre ",{"t":"idOrVar","v":"value"}," minuta"],"zero":"malopre"},"$x":[{"t":"idOrVar","v":"plural"},"value"]},{"$i":"hours-ago-long","$v":{"few":["Pre ovoliko sati: ",{"t":"idOrVar","v":"value"}],"many":["Pre ovoliko sati: ",{"t":"idOrVar","v":"value"}],"one":"pre sat vremena","other":["Pre ovoliko sati: ",{"t":"idOrVar","v":"value"}],"two":["Pre ovoliko sati: ",{"t":"idOrVar","v":"value"}],"zero":"malopre"},"$x":[{"t":"idOrVar","v":"plural"},"value"]},{"$i":"days-ago-long","$v":{"few":["Pre ",{"t":"idOrVar","v":"value"}," dana"],"many":["Pre ",{"t":"idOrVar","v":"value"}," dana"],"one":"juče","other":["Pre ",{"t":"idOrVar","v":"value"}," dana"],"two":["Pre ",{"t":"idOrVar","v":"value"}," dana"],"zero":"danas"},"$x":[{"t":"idOrVar","v":"plural"},"value"]},{"$i":"weeks-ago-long","$v":{"few":["Pre ovoliko nedelja: ",{"t":"idOrVar","v":"value"}],"many":["Pre ovoliko nedelja: ",{"t":"idOrVar","v":"value"}],"one":"prošle nedelje","other":["Pre ovoliko nedelja: ",{"t":"idOrVar","v":"value"}],"two":["Pre ovoliko nedelja: ",{"t":"idOrVar","v":"value"}],"zero":"ove nedelje"},"$x":[{"t":"idOrVar","v":"plural"},"value"]},{"$i":"months-ago-long","$v":{"few":["Pre ovoliko meseci: ",{"t":"idOrVar","v":"value"}],"many":["Pre ovoliko meseci: ",{"t":"idOrVar","v":"value"}],"one":"prošli mesec","other":["Pre ovoliko meseci: ",{"t":"idOrVar","v":"value"}],"two":["Pre ovoliko meseci: ",{"t":"idOrVar","v":"value"}],"zero":"ovog meseca"},"$x":[{"t":"idOrVar","v":"plural"},"value"]},{"$i":"years-ago-long","$v":{"few":["Pre ovoliko godina: ",{"t":"idOrVar","v":"value"}],"many":["Pre ovoliko godina: ",{"t":"idOrVar","v":"value"}],"one":"prošle godine","other":["Pre ovoliko godina: ",{"t":"idOrVar","v":"value"}],"two":["Pre ovoliko godina: ",{"t":"idOrVar","v":"value"}],"zero":"ove godine"},"$x":[{"t":"idOrVar","v":"plural"},"value"]},{"$i":"minutes-until-long","$v":{"few":["za ",{"t":"idOrVar","v":"value"}," minuta"],"many":["za ",{"t":"idOrVar","v":"value"}," minuta"],"one":"za jedan minut","other":["za ",{"t":"idOrVar","v":"value"}," minuta"],"two":["za ",{"t":"idOrVar","v":"value"}," minuta"],"zero":"sada"},"$x":[{"t":"idOrVar","v":"plural"},"value"]},{"$i":"hours-until-long","$v":{"few":["za ",{"t":"idOrVar","v":"value"}," sata/i"],"many":["za ",{"t":"idOrVar","v":"value"}," sata/i"],"one":"za jedan sat","other":["za ",{"t":"idOrVar","v":"value"}," sata/i"],"two":["za ",{"t":"idOrVar","v":"value"}," sata/i"],"zero":"sada"},"$x":[{"t":"idOrVar","v":"plural"},"value"]},{"$i":"days-until-long","$v":{"few":["za ",{"t":"idOrVar","v":"value"}," dana"],"many":["za ",{"t":"idOrVar","v":"value"}," dana"],"one":"sutra","other":["za ",{"t":"idOrVar","v":"value"}," dana"],"two":["za ",{"t":"idOrVar","v":"value"}," dana"],"zero":"danas"},"$x":[{"t":"idOrVar","v":"plural"},"value"]},{"$i":"weeks-until-long","$v":{"few":["za ",{"t":"idOrVar","v":"value"}," nedelje/a"],"many":["za ",{"t":"idOrVar","v":"value"}," nedelje/a"],"one":"sledeća nedelja","other":["za ",{"t":"idOrVar","v":"value"}," nedelje/a"],"two":["za ",{"t":"idOrVar","v":"value"}," nedelje/a"],"zero":"ove nedelje"},"$x":[{"t":"idOrVar","v":"plural"},"value"]},{"$i":"months-until-long","$v":{"few":["za ",{"t":"idOrVar","v":"value"}," meseca/i"],"many":["za ",{"t":"idOrVar","v":"value"}," meseca/i"],"one":"sledeći mesec","other":["za ",{"t":"idOrVar","v":"value"}," meseca/i"],"two":["za ",{"t":"idOrVar","v":"value"}," meseca/i"],"zero":"ovog meseca"},"$x":[{"t":"idOrVar","v":"plural"},"value"]},{"$i":"years-until-long","$v":{"few":["za ",{"t":"idOrVar","v":"value"}," godine/a"],"many":["za ",{"t":"idOrVar","v":"value"}," godine/a"],"one":"sledeća godina","other":["za ",{"t":"idOrVar","v":"value"}," godine/a"],"two":["za ",{"t":"idOrVar","v":"value"}," godine/a"],"zero":"ove godine"},"$x":[{"t":"idOrVar","v":"plural"},"value"]},{"$i":"minutes-ago-short","$v":{"other":["Pre ",{"t":"idOrVar","v":"value"}," m"],"zero":"malopre"},"$x":[{"t":"idOrVar","v":"plural"},"value"]},{"$i":"hours-ago-short","$v":{"other":["Pre ",{"t":"idOrVar","v":"value"}," h"],"zero":"malopre"},"$x":[{"t":"idOrVar","v":"plural"},"value"]},{"$i":"days-ago-short","$v":{"other":["Pre ",{"t":"idOrVar","v":"value"}," d"],"zero":"danas"},"$x":[{"t":"idOrVar","v":"plural"},"value"]},{"$i":"minutes-until-short","$v":{"other":["za ",{"t":"idOrVar","v":"value"}," m"],"zero":"sada"},"$x":[{"t":"idOrVar","v":"plural"},"value"]},{"$i":"hours-until-short","$v":{"other":["za ",{"t":"idOrVar","v":"value"}," h"],"zero":"sada"},"$x":[{"t":"idOrVar","v":"plural"},"value"]},{"$i":"days-until-short","$v":{"other":["za ",{"t":"idOrVar","v":"value"}," d"],"zero":"danas"},"$x":[{"t":"idOrVar","v":"plural"},"value"]},{"$i":"incorrectDate","$v":"(netačan datum)"},{"$i":"dateTimeFormat_%c","$v":"%a %b %e %Y %I:%M:%S %p"},{"$i":"dateTimeFormat_%x","$v":"%m/%d/%Y"},{"$i":"dateTimeFormat_%X","$v":"%I:%M:%S %p"},{"$i":"shortTimeFormat","$v":"%I:%M %p"},{"$i":"shortTimeFormat12","$v":"%I:%M %p"},{"$i":"shortTimeFormat24","$v":"%H:%M"},{"$i":"shortDateTimeFormat","$v":"%x %I:%M %p"},{"$i":"weekStartsOnMonday","$v":"0.0"},{"$i":"firstDayOfTheWeek","$v":"1.0"},{"$i":"time_am","$v":"AM"},{"$i":"time_pm","$v":"Posle podne"},{"$i":"title-app","$v":"Dozvola za aplikaciju"},{"$i":"title-web","$v":"Dozvola za veb lokaciju"},{"$i":"title-cam","$v":"Odaberi kameru"},{"$i":"perm-alarms","$v":"Zakaži alarme"},{"$i":"perm-audio-capture","$v":"Mikrofon"},{"$i":"perm-audio-capture-appRequest","$v":["Želite li da delite vaš mikrofon sa ",{"t":"idOrVar","v":"app"},"?"]},{"$i":"perm-audio-capture-webRequest","$v":["Želite li da delite vaš mikrofon sa ",{"t":"idOrVar","v":"site"},"?"]},{"$i":"perm-audio-channel-content","$v":"Reprodukuj zvukove"},{"$i":"perm-audio-channel-notification","$v":"Repr. zvuk. obav."},{"$i":"perm-audio-channel-ringer","$v":"Play Ringtone Sounds"},{"$i":"perm-background-sensors","$v":"Pristup podacima senzora"},{"$i":"perm-bluetooth","$v":"Bluetooth"},{"$i":"perm-browser","$v":"Proveri veb stranice"},{"$i":"perm-camera","$v":"Kamere"},{"$i":"perm-camera-selector-appRequest","$v":["Odab. kameru za ",{"t":"idOrVar","v":"app"},"."]},{"$i":"perm-camera-selector-webRequest","$v":["Odab. kameru za ",{"t":"idOrVar","v":"site"},"."]},{"$i":"perm-camera-appRequest","$v":[{"t":"idOrVar","v":"app"}," je poslala zahtev za korišćenje vaše kamere."]},{"$i":"perm-camera-webRequest","$v":[{"t":"idOrVar","v":"site"}," je poslala zahtev za korišćenje vaše kamere."]},{"$i":"perm-cellbroadcast","$v":"Prijem opštih informacija"},{"$i":"perm-contacts","$v":"Imenik"},{"$i":"perm-contacts-appRequest","$v":[{"t":"idOrVar","v":"app"}," je poslala zahtev za pristup vašoj listi kontakata."]},{"$i":"perm-contacts-webRequest","$v":[{"t":"idOrVar","v":"site"}," je poslala zahtev za pristup vašoj listi kontakata."]},{"$i":"perm-desktop-notification","$v":"Obaveštenja"},{"$i":"perm-desktop-notification-appRequest","$v":[{"t":"idOrVar","v":"app"}," je poslala zahtev za prikaz obaveštenja."]},{"$i":"perm-desktop-notification-webRequest","$v":[{"t":"idOrVar","v":"site"}," je poslala zahtev za prikaz obaveštenja."]},{"$i":"perm-device-storage-apps","$v":"Skladištenje aplikacija"},{"$i":"perm-device-storage-music","$v":"Skladište muzike"},{"$i":"perm-device-storage-music-appRequest","$v":[{"t":"idOrVar","v":"app"}," je poslala zahtev za pristup vašoj muzici."]},{"$i":"perm-device-storage-music-webRequest","$v":[{"t":"idOrVar","v":"site"}," je poslala zahtev za pristup vašoj muzici."]},{"$i":"perm-device-storage-pictures","$v":"Skladište slike"},{"$i":"perm-device-storage-pictures-appRequest","$v":[{"t":"idOrVar","v":"app"}," je poslala zahtev za pristup vašim slikama."]},{"$i":"perm-device-storage-pictures-webRequest","$v":[{"t":"idOrVar","v":"site"}," je poslala zahtev za pristup vašim slikama."]},{"$i":"perm-device-storage-sdcard","$v":"Skladište memorijske kartice"},{"$i":"perm-device-storage-sdcard-appRequest","$v":[{"t":"idOrVar","v":"app"}," je poslala zahtev za pristup vašoj memorijskoj kartici."]},{"$i":"perm-device-storage-sdcard-webRequest","$v":[{"t":"idOrVar","v":"site"}," je poslala zahtev za pristup vašoj memorijskoj kartici."]},{"$i":"perm-device-storage-videos","$v":"Skladište video snimka"},{"$i":"perm-device-storage-videos-appRequest","$v":[{"t":"idOrVar","v":"app"}," je poslala zahtev za pristup vašim video snimcima."]},{"$i":"perm-device-storage-videos-webRequest","$v":[{"t":"idOrVar","v":"site"}," je poslala zahtev za pristup vašim video snimcima."]},{"$i":"perm-fullscreen-appRequest","$v":[{"t":"idOrVar","v":"app"}," je sada na celom ekranu."]},{"$i":"perm-fullscreen-webRequest","$v":[{"t":"idOrVar","v":"site"}," je sada na celom ekranu."]},{"$i":"perm-embed-apps","$v":"Ugradi aplikacije"},{"$i":"perm-fmradio","$v":"FM Radio"},{"$i":"perm-fmradio-appRequest","$v":[{"t":"idOrVar","v":"app"}," je poslala zahtev za korišćenje FM radija."]},{"$i":"perm-fmradio-webRequest","$v":[{"t":"idOrVar","v":"site"}," je poslala zahtev za korišćenje FM radija."]},{"$i":"perm-geolocation","$v":"Geolokacija"},{"$i":"perm-geolocation-appRequest","$v":[{"t":"idOrVar","v":"app"}," je poslala zahtev za otkrivanje vaše lokacije."]},{"$i":"perm-geolocation-more-info","$v":[{"t":"idOrVar","v":"brandShortName"}," koristi GPS i dodatne dopunske informacije kao što su WiFi i mobilne mreže u cilju približnog određivanja vaše lokacije. ",{"t":"idOrVar","v":"brandShortName"}," i operatori mreže mogu da koriste podatke lokacije za unapređivanje preciznosti i pokrića baza podataka lokacije.",{"t":"idOrVar","v":"brandShortName"}," će vam uvek zatražiti dozvolu kada je nekoj aplikaciji potreban pristup lokaciji vašeg uređaja."]},{"$i":"perm-geolocation-webRequest","$v":[{"t":"idOrVar","v":"site"}," je poslala zahtev za otkrivanje vaše lokacije."]},{"$i":"perm-idle","$v":"Pogl. stat. mirov."},{"$i":"perm-indexedDB-chrome-settings","$v":"Privilegovana IndexedDB"},{"$i":"perm-indexedDB-unlimited","$v":"Neograničeno IndexedDB skladište"},{"$i":"perm-input-manage","$v":"Upravljaj tastaturama"},{"$i":"perm-input","$v":"Funkcija tastature"},{"$i":"perm-media-capture","$v":"Kamera i mikrofon"},{"$i":"perm-media-capture-appRequest","$v":["Želite li da delite vašu kameru i mikrofon sa ",{"t":"idOrVar","v":"app"},"?"]},{"$i":"perm-media-capture-webRequest","$v":["Želite li da delite vašu kameru i mikrofon sa ",{"t":"idOrVar","v":"site"},"?"]},{"$i":"perm-mobileconnection","$v":"Mobilna veza"},{"$i":"perm-mobileid","$v":"Mobilni identitet"},{"$i":"perm-network-events","$v":"Mrežni događaji"},{"$i":"perm-open-remote-window","$v":"Pokreni aplikaciju"},{"$i":"perm-permissions","$v":"Izmeni dozvole za aplikaciju"},{"$i":"perm-power","$v":"Podešavanja napajanja"},{"$i":"perm-settings","$v":"Izmeni podešavanja"},{"$i":"perm-systemXHR","$v":"Zahtevi sa različitih izvora"},{"$i":"perm-telephony","$v":"Telefonija"},{"$i":"perm-video-capture","$v":"Fotoaparat"},{"$i":"perm-video-capture-appRequest","$v":["Želite li da delite vašu kameru sa ",{"t":"idOrVar","v":"app"},"?"]},{"$i":"perm-video-capture-webRequest","$v":["Želite li da delite vašu kameru sa ",{"t":"idOrVar","v":"site"},"?"]},{"$i":"perm-voicemail","$v":"Kontrola govorne pošte"},{"$i":"perm-webapps-manage","$v":"Instaliraj veb aplikacije"},{"$i":"perm-wifi-manage","$v":"Upravljaj Wi-Fi-jem"},{"$i":"perm-attention","$v":"Otvori iskačuće prozore koji se preklapaju"},{"$i":"perm-audio-channel-alarm","$v":"Repr. zvuk. alarma"},{"$i":"perm-audio-channel-normal","$v":"Reprodukuj zvukove"},{"$i":"perm-audio-channel-publicnotification","$v":"Repr. zvuk. jav. obav."},{"$i":"perm-audio-channel-telephony","$v":"Reprodukuj zvukove telefonije"},{"$i":"perm-backgroundservice","$v":"Funkcija usluge u pozadini"},{"$i":"perm-device-storage-crashes","$v":"Skladištenje podataka o prestanku rada"},{"$i":"perm-downloads","$v":"Pristup preuzimanjima"},{"$i":"perm-embed-widgets","$v":"Ugradi vidžete"},{"$i":"perm-feature-detection","$v":"Otkrivanje funkcija"},{"$i":"perm-firefox-accounts","$v":"Firefox nalozi"},{"$i":"perm-mobilenetwork","$v":"Mobilna mreža"},{"$i":"perm-moz-attention","$v":"Otvori iskačuće prozore koji se preklapaju (moz)"},{"$i":"perm-moz-audio-channel-ringer","$v":"Play Ringtone Sounds (moz)"},{"$i":"perm-moz-audio-channel-telephony","$v":"Repr. zvuk. tel. (moz)"},{"$i":"perm-moz-firefox-accounts","$v":"Firefox nalozi (moz)"},{"$i":"perm-networkstats-manage","$v":"Kontrolna statistika korišćenja"},{"$i":"perm-nfc","$v":"NFC"},{"$i":"perm-nfc-hci-events","$v":"NFC HCI događaji"},{"$i":"perm-nfc-manager","$v":"Upravljaj NFC-om"},{"$i":"perm-phonenumberservice","$v":"Usluga broja telefona"},{"$i":"perm-push","$v":"Push API"},{"$i":"perm-resourcestats-manage","$v":"Statistika resursa"},{"$i":"perm-sms","$v":"Pošalji i čitaj SMS"},{"$i":"perm-speaker-control","$v":"Kontrola jačine zvuka"},{"$i":"perm-storage","$v":"Pristup skladištu"},{"$i":"perm-tcp-socket","$v":"TCP soketi"},{"$i":"perm-test-permission","$v":"Test Permission"},{"$i":"perm-time","$v":"Podesite datum i vreme"},{"$i":"perm-udp-socket","$v":"UDP soketi"},{"$i":"perm-wappush","$v":"WAP push"},{"$i":"stopped_download_title","$v":"Preuzimanje je zaustavljeno"},{"$i":"tcl-stopped_download_message","$v":"Preuzimanje je zaustavljeno. Želite li da nastavite preuzimanje?"},{"$i":"stopped_download_left_button","$v":"Otkaži"},{"$i":"stopped_download_right_button","$v":"Pokušajte ponovo"},{"$i":"failed_download_title","$v":"Preuzimanje nije uspelo"},{"$i":"failed_download_message","$v":["Preuzimanje ",{"t":"idOrVar","v":"name"}," nije uspelo. Ponovo pokušati preuzimanje?"]},{"$i":"failed_download_left_button","$v":"Otkaži"},{"$i":"failed_download_right_button","$v":"Pokušajte ponovo"},{"$i":"stop_download_title","$v":"Zaustavi preuzimanje"},{"$i":"stop_download_message","$v":"Želite li sigurno da zaustavite preuzimanje?"},{"$i":"stop_download_left_button","$v":"Otkaži"},{"$i":"stop_download_right_button","$v":"Zaustavi"},{"$i":"delete_download_title","$v":"Izbriši"},{"$i":"delete_download_message","$v":["Izbrisati ",{"t":"idOrVar","v":"name"},"?"]},{"$i":"delete_download_left_button","$v":"Otkaži"},{"$i":"delete_download_right_button","$v":"Izbriši"},{"$i":"delete_all_download_title","$v":"Izbriši"},{"$i":"delete_all_download_left_button","$v":"Otkaži"},{"$i":"delete_all_download_right_button","$v":"Izbriši"},{"$i":"delete_all_download_message_ext","$v":"Izbrisati odabrane datoteke?"},{"$i":"delete_all_download_message","$v":{"few":["Izbrisati ",{"t":"idOrVar","v":"number"}," datoteka?"],"many":["Izbrisati ",{"t":"idOrVar","v":"number"}," datoteka?"],"one":"Izbrisati jednu datoteku?","other":["Izbrisati ",{"t":"idOrVar","v":"number"}," datoteka?"],"two":["Izbrisati ",{"t":"idOrVar","v":"number"}," datoteka?"],"zero":"Ne briši ni jednu datoteku?"},"$x":[{"t":"idOrVar","v":"plural"},"number"]},{"$i":"unsupported_file_type_download_title","$v":"Nije moguće otvoriti"},{"$i":"unsupported_file_type_download_message","$v":["Ne postoji aplikacija koja može da otvori ",{"t":"idOrVar","v":"name"},". Želite li da sačuvate datoteku ili da je izbrišete?"]},{"$i":"unsupported_file_type_download_left_button","$v":"Zadrži datoteku"},{"$i":"unsupported_file_type_download_right_button","$v":"Izbriši"},{"$i":"file_not_found_download_title","$v":"Datoteka nije pronađena"},{"$i":"file_not_found_download_message","$v":"Datoteka nije pronađena na uređaju"},{"$i":"file_not_found_download_right_button","$v":"OK"},{"$i":"unmounted_sdcard_2_download_title","$v":"Memorijska kartica se trenutno koristi"},{"$i":"unmounted_sdcard_2_download_message","$v":"Isključi telefon"},{"$i":"unmounted_sdcard_2_download_right_button","$v":"OK"},{"$i":"no_provider_download_title","$v":"Nije moguće otvoriti"},{"$i":"no_provider_download_message","$v":"Ovaj format datoteke je nevažeći ili nije podržan."},{"$i":"no_provider_download_right_button","$v":"OK"},{"$i":"no_memory_download_title","$v":"SD kartica je puna"},{"$i":"no_memory_download_message","$v":"Na SD kartici nema dovoljno mesta da bi se sačuvalo preuzimanje. Uklonite neke datoteke pre ponovnog pokretanja preuzimanja."},{"$i":"no_memory_download_right_button","$v":"OK"},{"$i":"no_sdcard_found_2_download_title","$v":"Memorijska kartica nije nađena"},{"$i":"no_sdcard_found_2_download_message","$v":"Ubacite memorijsku karticu ili odaberite drugu podrazumevanu lokaciju medija u podešavanjima"},{"$i":"no_sdcard_found_2_download_right_button","$v":"OK"},{"$i":"file_open_error_download_title","$v":"Potvrda"},{"$i":"file_open_error_download_message","$v":"Format datoteke je nevažeći ili nije podržan. Želite li da izbrišete datoteku?"},{"$i":"file_open_error_download_left_button","$v":"Zadrži datoteku"},{"$i":"file_open_error_download_right_button","$v":"Izbriši"},{"$i":"restart_download_error","$v":"Došlo je do greške prilikom ponovnog pokretanja preuzimanja. Ponovo pokušajte preuzimanje."},{"$i":"no-downloads","$v":"Nema preuzimanja"},{"$i":"percentage","$v":[{"t":"idOrVar","v":"percentage"},"%"]},{"$i":"partialResult","$v":[{"t":"idOrVar","v":"partial"},"/",{"t":"idOrVar","v":"total"}]},{"$i":"summary","$v":[{"t":"idOrVar","v":"date"}," – ",{"t":"idOrVar","v":"status"}]},{"$i":"download-stopped","$v":"Zaustavljeno"},{"$i":"download-failed","$v":"Preuzimanje nije uspelo"},{"$i":"open_downloaded_file","$v":"Otvori"},{"$i":"share_downloaded_file","$v":"Deli"},{"$i":"wallpaper_downloaded_file","$v":"Podesi kao pozadinu"},{"$i":"ringtone_downloaded_file","$v":"Podesi za ton zvona"},{"$i":"cancel_downloaded_file","$v":"Otkaži"},{"$i":"voicemailNoNumberTitle","$v":"Broj govorne pošte nije dostupan"},{"$i":"voicemailNoNumberText","$v":"Nije moguće pozvati govornu poštu. Podesite broj govorne pošte da biste obavili poziv."},{"$i":"voicemailNoNumberSettings","$v":"Podešavanja"},{"$i":"voicemailNoNumberCancel","$v":"Otkaži"},{"$i":"airplaneMode","$v":"Režim rada u avionu"},{"$i":"noNetwork","$v":"Nema mreže"},{"$i":"roaming","$v":[{"t":"idOrVar","v":"operator"}," (Roaming)"]},{"$i":"operator-info","$v":[{"t":"idOrVar","v":"carrier"}," ",{"t":"idOrVar","v":"region"}]},{"$i":"emergencyCallsOnly","$v":"Samo hitni pozivi"},{"$i":"emergencyCallsOnly-unknownSIMState","$v":"(Nepoznato stanje SIM kartice)"},{"$i":"emergencyCallsOnly-noSIM","$v":"(nema SIM kart.)"},{"$i":"emergencyCallsOnly-pinRequired","$v":"(Potreban je PIN kod SIM kartice)"},{"$i":"emergencyCallsOnly-pukRequired","$v":"(Potreban je PUK kod SIM kartice)"},{"$i":"emergencyCallsOnly-networkLocked","$v":"(mreža zaključana)"},{"$i":"emergencyCallsOnly-serviceProviderLocked","$v":"(operator mreže zaključan)"},{"$i":"emergencyCallsOnly-corporateLocked","$v":"(kompanijska blokada)"},{"$i":"emergencyCallsOnly-network1Locked","$v":"(mreža1 zaključana)"},{"$i":"emergencyCallsOnly-network2Locked","$v":"(mreža2 zaključana)"},{"$i":"emergencyCallsOnly-hrpdNetworkLocked","$v":"(hrpd mreža zaključana)"},{"$i":"emergencyCallsOnly-ruimCorporateLocked","$v":"(ruim kompanijska blokada)"},{"$i":"emergencyCallsOnly-ruimServiceProviderLocked","$v":"(ruim operator mreže zaključan)"},{"$i":"lockscreen-sim-id","$v":["SIM ",{"t":"idOrVar","v":"n"}]},{"$i":"charging-no-time","$v":[{"t":"idOrVar","v":"level"},"% napunjeno"]},{"$i":"charging-minutes","$v":{"few":[{"t":"idOrVar","v":"level"},"% napunjeno (biće potpuno napunjeno za ",{"t":"idOrVar","v":"minutes"}," min.)"],"many":[{"t":"idOrVar","v":"level"},"% napunjeno (biće potpuno napunjeno za ",{"t":"idOrVar","v":"minutes"}," min.)"],"one":[{"t":"idOrVar","v":"level"},"% napunjeno (biće potpuno napunjeno za ",{"t":"idOrVar","v":"minutes"}," min.)"],"other":[{"t":"idOrVar","v":"level"},"% napunjeno (biće potpuno napunjeno za ",{"t":"idOrVar","v":"minutes"}," min.)"],"two":[{"t":"idOrVar","v":"level"},"% napunjeno (biće potpuno napunjeno za ",{"t":"idOrVar","v":"minutes"}," min.)"],"zero":[{"t":"idOrVar","v":"level"},"% napunjeno (biće potpuno napunjeno za ",{"t":"idOrVar","v":"minutes"}," min.)"]},"$x":[{"t":"idOrVar","v":"plural"},"minutes"]},{"$i":"charging-hours","$v":{"few":[{"t":"idOrVar","v":"level"},"% napunjeno (biće potpuno napunjeno za ",{"t":"idOrVar","v":"hours"}," h ",{"t":"idOrVar","v":"minutes"}," min.)"],"many":[{"t":"idOrVar","v":"level"},"% napunjeno (biće potpuno napunjeno za ",{"t":"idOrVar","v":"hours"}," h ",{"t":"idOrVar","v":"minutes"}," min.)"],"one":[{"t":"idOrVar","v":"level"},"% napunjeno (biće potpuno napunjeno za ",{"t":"idOrVar","v":"hours"}," h ",{"t":"idOrVar","v":"minutes"}," min.)"],"other":[{"t":"idOrVar","v":"level"},"% napunjeno (biće potpuno napunjeno za ",{"t":"idOrVar","v":"hours"}," h ",{"t":"idOrVar","v":"minutes"}," min.)"],"two":[{"t":"idOrVar","v":"level"},"% napunjeno (biće potpuno napunjeno za ",{"t":"idOrVar","v":"hours"}," h ",{"t":"idOrVar","v":"minutes"}," min.)"],"zero":[{"t":"idOrVar","v":"level"},"% napunjeno (biće potpuno napunjeno za ",{"t":"idOrVar","v":"hours"}," h ",{"t":"idOrVar","v":"minutes"}," min.)"]},"$x":[{"t":"idOrVar","v":"plural"},"minutes"]},{"$i":"network-error-in-app","$v":"Internet trenutno nije dostupan."},{"$i":"network-error-launching","$v":[{"t":"idOrVar","v":"name"}," zahteva internet vezu."]},{"$i":"network-error-launching-title","$v":"Nema internet veze"},{"$i":"network-error-launching-message","$v":"Koristite Wi-Fi ili mobilne podatke za pristup internetu."},{"$i":"server-not-found","$v":"Server nije nađen"},{"$i":"server-not-found-error","$v":["Nije moguće pronaći server na ",{"t":"idOrVar","v":"name"},"."]},{"$i":"file-not-found","$v":"Datoteka nije pronađena"},{"$i":"file-not-found-error","$v":"Uređaj ne može da prikaže ovu stranicu jer nije moguće pronaći datoteku."},{"$i":"connection-failed","$v":"Povezivanje nije moguće"},{"$i":"connection-failed-error","$v":"Greška na mreži pri pokušaju otvaranja lokacije."},{"$i":"invalid-connection","$v":"Povezivanje nije moguće"},{"$i":"invalid-connection-error","$v":"Greška na mreži pri pokušaju otvaranja lokacije."},{"$i":"malformed-uri","$v":"URL nije važeći"},{"$i":"malformed-uri-error","$v":"Uneti URL je nevažeći i nije ga moguće učitati."},{"$i":"redirect-loop","$v":"Nije moguće prikazati stranicu"},{"$i":"redirect-loop-error","$v":"Uređaj ne može da prikaže ovu stranicu jer se stranica ne preusmerava pravilno. Pokušajte ponovo da pristupite stranici kasnije."},{"$i":"not-cached","$v":"Stranica je istekla"},{"$i":"not-cached-error","$v":"Iz bezbednosnih razloga uređaj ne može da prikaže stranicu jer je istekla."},{"$i":"is-printing","$v":"Pristup odbijen"},{"$i":"is-printing-error","$v":"Nije moguće izmeniti dokument prilikom štampanja ili pregleda pre štampanja."},{"$i":"denied-port-access","$v":"Adresa nije dostupna"},{"$i":"denied-port-access-error","$v":"Ova adresa koristi mrežni port koji se obično ne koristi za veb pretraživanje. Uređaj je otkazao zahtev da bi vas zaštitio."},{"$i":"proxy-resolve-failure","$v":"Greška proxy servera"},{"$i":"proxy-resolve-failure-error","$v":"Uređaj je konfigurisan da koristi proxy server koji nije moguće pronaći."},{"$i":"proxy-connect-failure","$v":"Greška proxy servera"},{"$i":"proxy-connect-failure-error","$v":"Uređaj je konfigurisan da koristi proxy server koji odbija povezivanje."},{"$i":"content-encoding","$v":"Nije moguće prikazati stranicu"},{"$i":"content-encoding-error","$v":"Uređaj ne može da prikaže ovu stranicu jer je došlo do greške u kodiranju sadržaja."},{"$i":"remote-xul","$v":"Stranica nije podržana"},{"$i":"remote-xul-error","$v":"Nije moguće prikazati ovu stranicu jer upotrebljava tehnologiju koju uređaj ne podržava."},{"$i":"phishing-blocked","$v":"Upozorenje"},{"$i":"phishing-blocked-error","$v":"Veb lokacija je prijavljena kao lažna stranica sa ciljem da prevari korisnike i navede ih da podele svoje lične ili finansijske podatke."},{"$i":"malware-blocked","$v":"Napad malvera blokiran"},{"$i":"malware-blocked-error","$v":"Veb lokacija je prijavljena kao lokacija napada. Uređaj je blokirao zahtev da bi vas zaštitio."},{"$i":"unsafe-content-type","$v":"Nesiguran sadržaj"},{"$i":"unsafe-content-type-error","$v":"Nije moguće prikazati stranicu jer njeno otvaranje možda nije bezbedno."},{"$i":"corrupted-content","$v":"Povezivanje nije moguće"},{"$i":"corrupted-content-error","$v":"Nije moguće prikazati stranicu jer došlo do greške u prenosu podataka."},{"$i":"unknown-protocol-found","$v":"Stranica nije podržana"},{"$i":"unknown-protocol-found-error","$v":"Nije moguće prikazati ovu str. jer upotr. tehn. koju uređaj ne podrž."},{"$i":"try-again","$v":"Pokušajte ponovo"},{"$i":"check-settings","$v":"Proverite podešavanja"},{"$i":"firefox-accounts-title","$v":"KaiOS nalozi"},{"$i":"firefox-accounts-title-sign-in","$v":"Prijava"},{"$i":"firefox-accounts-title-create-account","$v":"Kreiraj nalog"},{"$i":"kaios-accounts-title-about-kaios-account","$v":"Informacije o KaiOS nalogu"},{"$i":"kaios-accounts-phone-verification","$v":"Verifikacija telefona"},{"$i":"kaios-accounts-title-account-info","$v":"Informacije o nalogu"},{"$i":"fxa-next","$v":"Sledeće"},{"$i":"fxa-back","$v":"Nazad"},{"$i":"fxa-done","$v":"Gotovo"},{"$i":"fxa-ok","$v":"OK"},{"$i":"tcl-changessaved","$v":"Promene su sačuvane"},{"$i":"tcl-verification-mail-has-been-sent","$v":"Veza za verifikaciju je poslata na"},{"$i":"fxa-decline","$v":"Odbij"},{"$i":"fxa-accept","$v":"Prihvati"},{"$i":"fxa-sining-in","$v":"Prijavljivanje..."},{"$i":"not-now","$v":"Ne sada"},{"$i":"send-sms","$v":"Pošalji SMS"},{"$i":"resend-sms","$v":"Ponovo pošalji SMS"},{"$i":"fxa-connection-error-title","$v":"Povezivanje nije moguće"},{"$i":"fxa-connection-error-message","$v":"Možete da kreirate nalog ili da se prijavite iz Podešavanja."},{"$i":"fxa-reset-password-error-title","$v":"Resetuj lozinku"},{"$i":"fxa-reset-password-error-message","$v":"Lozinku možete ponovo da postavite u podešavanjima."},{"$i":"fxa-incorrect-email-address-or-password","$v":"fxa incorrect email address or password"},{"$i":"fxa-internet-connection-is-required","$v":"fxa potrebno je povezati se na internet"},{"$i":"fxa-server-error","$v":"Greš. servera, pok. pon. kasn."},{"$i":"fxa-server-error-2","$v":"Greška"},{"$i":"fxa-server-error-message","$v":"Nije moguće kreirati nalog. Pokušajte ponovo kasnije."},{"$i":"fxa-server-error-message-2","$v":"Server je nedostupan. Pokušajte ponovo kasnije."},{"$i":"fxa-offline-error-title","$v":"Povezivanje nije moguće"},{"$i":"fxa-offline-error-message","$v":"Povežite se na mrežu u podešavanjima."},{"$i":"fxa-offline-error-message-1","$v":"Nema internet veze."},{"$i":"fxa-invalid-email-title","$v":"Greška"},{"$i":"fxa-invalid-email-message","$v":"Unes. važ. poštu."},{"$i":"fxa-invalid-password-title","$v":"Greška"},{"$i":"fxa-invalid-password-message","$v":"Netačna adresa pošte ili lozinka"},{"$i":"fxa-invalid-password-message-1","$v":"Lozinka nije tačna."},{"$i":"fxa-unknown-error-title","$v":"Povezivanje nije moguće"},{"$i":"fxa-unknown-error-message","$v":"Sistem nije dostupan, pokušajte ponovo uskoro."},{"$i":"fxa-email-is-taken-title","$v":"Greška"},{"$i":"fxa-email-is-taken-message","$v":"Za ovu adresu pošte već postoji nalog. Prijavite se na svoj nalog."},{"$i":"fxa-confirm-age-title","$v":"Greška"},{"$i":"fxa-confirm-age-message","$v":"Potvrdite da ste stariji od 13 godina"},{"$i":"fxa-account-does-not-exist","$v":"Greška"},{"$i":"fxa-account-does-not-exist-message","$v":"Netačna adresa pošte ili lozinka"},{"$i":"fxa-account-does-not-exist-message-1","$v":"Account does not exist."},{"$i":"fxa-password-dont-match","$v":"Greška"},{"$i":"fxa-password-dont-match-message","$v":"Lozinke se ne podudaraju."},{"$i":"fxa-password-less","$v":"Greška"},{"$i":"fxa-password-less-message","$v":"Lozinka je kraća od 8 karaktera."},{"$i":"fxa-password-less-message-1","$v":"Lozinka je kraća od 8 karaktera."},{"$i":"fxa-password-more","$v":"Greška"},{"$i":"fxa-password-more-message","$v":"Lozinka je duža od 20 karaktera."},{"$i":"fxa-password-more-message-1","$v":"Lozinka je duža od 20 karaktera."},{"$i":"fxa-password-error","$v":"Greška"},{"$i":"fxa-password-error-message","$v":"Lozinka mora imati 8-20 znakova i komb. slova i broj."},{"$i":"fxa-connecting","$v":"Povezivanje"},{"$i":"fxa-enter-phone-number-message","$v":"Unesite broj telefona. SMS će biti poslat i započeće autom. verifikacija."},{"$i":"fxa-sms-has-been-sent-message","$v":"SMS je poslat. Po prijemu, započeće autom. verifikacija. Sedite i uživajte!"},{"$i":"fxa-time-remaining","$v":"Preostalo vreme:"},{"$i":"fxa-sms-verification-failed-message","$v":"SMS verifikacija nije uspela. Potvrdite broj telefona i pritisnite „Ponovo pošalji SMS“."},{"$i":"fxa-phone-number-label","$v":"Broj telefona"},{"$i":"fxa-enter-your-infomation","$v":"Unesite informacije o sebi."},{"$i":"fxa-birthday-label","$v":"Rođendan"},{"$i":"fxa-birthday-select","$v":"Izaberi"},{"$i":"fxa-gender-label","$v":"Pol"},{"$i":"fxa-gender-select","$v":"Izaberi"},{"$i":"fxa-gender-male","$v":"Muški"},{"$i":"fxa-gender-female","$v":"Ženski"},{"$i":"fxa-gender-confidential","$v":"Poverljivo"},{"$i":"fxa-enter-email-input","placeholder":"Unesite vašu adresu pošte"},{"$i":"fxa-use-email-to-sign-in","$v":"Unesite vašu adresu pošte. Vaša adresa pošte će biti ime vašeg naloga."},{"$i":"fxa-notice","$v":["Time što nastavljam, prihvatam ",{"t":"idOrVar","v":"tos"}," i ",{"t":"idOrVar","v":"pn"}," KaiOS usluga u oblaku."]},{"$i":"fxa-placeholder","$v":"Vaša pošta ovde"},{"$i":"fxa-tos","$v":"Uslovi korišćenja"},{"$i":"fxa-pn","$v":"Obaveštenje o privatnosti"},{"$i":"fxa-create-account-title","$v":"Kreiraj nalog"},{"$i":"fxa-show-age-title","$v":"Stariji/a od 13"},{"$i":"fxa-enter-password-title","$v":"Unesite lozinku. Vaša lozinka treba da ima 8-20 karaktera i mora da sadrži i slova i brojeve."},{"$i":"fxa-enter-password-title-1","$v":"Unesite lozinku. Vaša lozinka treba da ima 8–20 karaktera i mora da sadrži i slova i brojeve."},{"$i":"fxa-setup-password-title","$v":"Podešavanje lozinke"},{"$i":"fxa-create-password-title","$v":"Kreiraj lozinku"},{"$i":"fxa-hello-user","$v":["Zdravo, ",{"t":"idOrVar","v":"email"}]},{"$i":"fxa-password-refresh","$v":"Da biste nastavili unesite lozinku vašeg KaiOS naloga."},{"$i":"fxa-password","$v":"Lozinka","placeholder":"Lozinka"},{"$i":"fxa-forgot-your-password","$v":"Zaboravili ste lozinku?"},{"$i":"fxa-show-password","$v":"Prikaži lozinku"},{"$i":"fxa-password-length-requirement","$v":"Lozinka mora da sadrži najmanje 8 znakova."},{"$i":"fxa-confirm-account","$v":"Potvrdite svoj nalog"},{"$i":"fxa-will-send-email","$v":"Vaš nalog je kreiran."},{"$i":"fxa-signup-click-verification-link-in-email","$v":["Poslali smo poštu za potvrdu na ",{"t":"idOrVar","v":"email"},". Proverite svoju primljenu poštu i verifikujte i aktivirajte svoj nalog."]},{"$i":"fxa-access-manage-account-settings","$v":"Veza za aktivaciju ističe za 24 sata."},{"$i":"fxa-signup-success-title","$v":"Nalog kreiran"},{"$i":"about-kaios-account-text","$v":"Lorem ipsum dolor sit amet, con-sectetur adipiscing elit, sed do eiusmod tempor incididunt ut labore et dolore magna aliqua. Ut enim ad minim veniam, quis nos-trud exercitation ullamco laboris nisi ut aliquip ex ea commodo consequat. Duis aute irure dolor in reprehenderit in voluptate velit esse cillum dolore eu fugiat nulla pariatur. Excepteur sint occaecat cupidatat non proident, sunt in culpa qui officia deserunt mollit anim id est laborum."},{"$i":"about-kaios-account-text1","$v":"KaiOS nalog obezbeđuje proveru za KaiOS usluge. Nalog identifikuje korisnika i uređaj i obezbeđuje pristup funkcijama kao što su daljinsko upravljanje uređajima i dodatne usluge."},{"$i":"about-kaios-account-text2","$v":"Da biste kreirali nalog potrebno je da unesete adresu pošte i lozinku. Korisnik mora da potvrdi adresu pošte putem linka koji će mu stići u poruci prilikom kreiranja naloga. Nalog neće biti aktiviran dok se ne potvrdi adresa pošte."},{"$i":"about-kaios-account-text3","$v":"Ako nastavite sa kreiranjem naloga, prihvatate uslove i obaveštenje o privatnosti."},{"$i":"fxa-signin-email","$v":"Ime naloga"},{"$i":"fxa-signin-password","$v":"Lozinka"},{"$i":"fxa-signin-success-title","$v":"Vaš nalog"},{"$i":"fxa-signin-lsk","$v":"Zaboravili ste lozinku"},{"$i":"fxa-signin-rsk","$v":"Prijava"},{"$i":"fxa-change-password-title","$v":"Promeni lozinku"},{"$i":"fxa-change-password-description","$v":"Unesite trenutnu lozinku i podesite novu."},{"$i":"fxa-new-password","$v":"Nova lozinka"},{"$i":"fxa-changing-password","$v":"Promena lozinke…"},{"$i":"fxa-forgot-password-title","$v":"Zaboravili ste lozinku"},{"$i":"fxa-forgot-password","$v":"zaboravili ste lozinku"},{"$i":"fxa-forgot-password-sk","$v":"Zaboravljena lozinka"},{"$i":"fxa-forgot-password-success-title","$v":"Poš.res.loz.posl."},{"$i":"fxa-reset-password-succcess-content","$v":"Na vašu adresu pošte poslata vam je poruka pomoću koje ćete moći da resetujete lozinku."},{"$i":"fxa-reset-password-succcess-content-part2","$v":"Proverite primljenu poštu i resetujte lozinku."},{"$i":"fxa-sign-out-title","$v":"Zaštita od krađe je omogućena"},{"$i":"fxa-sign-out-intro","$v":"Potvrdite da želite da isključite zaštitu od krađe i da se odjavite."},{"$i":"fxa-sign-out-intro-1","$v":"Potvrdite da želite da isključite režim zaštite od krađe i da se odjavite."},{"$i":"fxa-signout-email","$v":"Vaš nalog"},{"$i":"fxa-confirm-password","$v":"Potvrdi lozinku"},{"$i":"fxa-signing-out","$v":"Odjavljivanje..."},{"$i":"fxa-sign-out-error-title","$v":"Greška"},{"$i":"fxa-sign-out-error-message","$v":"Odjava sa naloga nije uspela. Pokušajte ponovo kasnije"},{"$i":"fxa-sign-out-error-message-1","$v":"Odjava sa naloga nije uspela. Pokušajte ponovo kasnije."},{"$i":"fxa-connection-is-required-title","$v":"Greška"},{"$i":"fxa-connection-is-required-message","$v":"Neophodna je internet veza"},{"$i":"fxa-check-password-title","$v":"Onemogući zaštitu od krađe"},{"$i":"fxa-disable-antitheft-checkpassword-message","$v":"Potvrdite da želite da isključite zaštitu od krađe."},{"$i":"fxa-reset-factory-checkpassword-message","$v":"Da biste resetovali svoj uređaj, treba da unesete lozinku i onemogućite zaštitu od krađe."},{"$i":"fxa-reset-factory-checkpassword-message-1","$v":"Da biste reset. uređaj, treba da unesete lozinku i onem. režim zaštite od krađe."},{"$i":"fxa-enter-email-to-reset-password","$v":"Unesite e-adresu naloga, poslaćemo vam vezu za resetovanje lozinke."},{"$i":"fxa-enter-email-to-reset-password-1","$v":"Unesite e-adresu naloga. Poslaćemo vam vezu za resetovanje lozinke."},{"$i":"fxa-account-not-found","$v":"Nalog nije pronađen. Pokušajte ponovo."},{"$i":"fxa-multiple-sign-in-attempts-title","$v":"Višestruki pokušaji prijave"},{"$i":"fxa-multiple-sign-in-attempts-content","$v":"Uneli ste pogrešnu lozinku više puta"},{"$i":"fxa-multiple-sign-in-attempts-content-1","$v":"Uneli ste pogrešnu lozinku više puta."},{"$i":"fxa-multiple-sign-in-attempts-content-retry","$v":"Pokušajte ponovo kasnije"},{"$i":"shortDateFormat","$v":"%B %d, %Y"}]