[{"$i":"brandShortName","$v":"KaiOS"},{"$i":"browserBrandShortName","$v":"Web Browser"},{"$i":"browserBrandFullName","$v":"Mozilla Web Browser"},{"$i":"ringtoneBrandName","$v":"Default"},{"$i":"ringtoneSectionBrandName","$v":"System"},{"$i":"ok","$v":"OK"},{"$i":"back","$v":"Tillbaka"},{"$i":"help","$v":"Hjälp"},{"$i":"cancel","$v":"Avbryt"},{"$i":"close","$v":"Stäng"},{"$i":"skip","$v":"Hoppa över"},{"$i":"enable","$v":"Aktivera"},{"$i":"turnOn","$v":"Sätt på"},{"$i":"save","$v":"Spara"},{"$i":"select","$v":"Välj"},{"$i":"deselect","$v":"Avmarkera"},{"$i":"go","$v":"Gå"},{"$i":"search","$v":"Sök"},{"$i":"options","$v":"Alternativ"},{"$i":"exit","$v":"Avsluta"},{"$i":"signIn","$v":"Logga in"},{"$i":"dismiss","$v":"Avvisa"},{"$i":"dismiss-all","$v":"Avvisa all"},{"$i":"undo","ariaLabel":"Ångra"},{"$i":"lockscreenEnterLockCode","$v":"Ange en 4-siffrig kod"},{"$i":"lockscreenCheckLockCode","$v":"Ogiltig kod. Försök igen."},{"$i":"lockscreenDeviceLocked","$v":"Enheten är låst, försök igen efter 30 sekunder."},{"$i":"pocketmodeLongPress","$v":"Skjut eller tryck"},{"$i":"pocketmodeToUnlock","$v":"låsa upp"},{"$i":"enterPIN","$v":"Ange 6-siffrig koden för att låsa upp"},{"$i":"mediaPlaybackTrack","$v":"Spår titel och artist"},{"$i":"mediaPlaybackControls","$v":"Uppspelningskontroller"},{"$i":"mediaPlaybackPrevious","$v":"Föregående"},{"$i":"mediaPlaybackPlay","$v":"Spela upp"},{"$i":"mediaPlaybackPause","$v":"Paus"},{"$i":"mediaPlaybackNext","$v":"Nästa"},{"$i":"UnknownTrack","$v":"Okänt spår"},{"$i":"wifiButton-on","$v":"Wi-Fi på"},{"$i":"wifiButton-on-initializing","$v":"Wi-Fi på, initierar"},{"$i":"wifiButton-off","$v":"Wi-Fi av"},{"$i":"dataButton-on","$v":["Data ",{"t":"idOrVar","v":"type"}," på"]},{"$i":"dataButton-off","$v":["Data ",{"t":"idOrVar","v":"type"}," av"]},{"$i":"bluetoothButton-on","$v":"Bluetooth på"},{"$i":"bluetoothButton-on-initializing","$v":"Bluetooth på, initierar"},{"$i":"bluetoothButton-off","$v":"Bluetooth av"},{"$i":"airplaneMode-on","$v":"Flygläge på"},{"$i":"airplaneMode-off","$v":"Flygläge av"},{"$i":"airplaneOff","$v":"Stäng av flygläge"},{"$i":"settingsButton","ariaLabel":"Inställningar"},{"$i":"simLabel","$v":["SIM ",{"t":"idOrVar","v":"id"}]},{"$i":"statusbarLabel","$v":[{"t":"idOrVar","v":"date"},", ",{"t":"idOrVar","v":"operator"}]},{"$i":"statusbarDateFormat","$v":"%b %e"},{"$i":"statusbar","ariaLabel":"Statusfält"},{"$i":"statusbarBattery","ariaLabel":["Batteri ",{"t":"idOrVar","v":"level"}," procent"]},{"$i":"statusbarBatteryCharging","ariaLabel":["Batteri ",{"t":"idOrVar","v":"level"}," procent, laddar"]},{"$i":"statusbarFlightMode","ariaLabel":"Flygläge på"},{"$i":"statusbarWiFiConnecting","$v":"Wi-Fi: ansluter"},{"$i":"statusbarWiFiConnected","$v":["Wi-Fi: ",{"t":"idOrVar","v":"level"}," av 4 staplar"]},{"$i":"statusbarSignal","$v":[{"t":"idOrVar","v":"operator"}," nätverk, ",{"t":"idOrVar","v":"level"}," av 5 staplar"]},{"$i":"statusbarSignalRoaming","$v":[{"t":"idOrVar","v":"operator"}," nätverk (roaming), ",{"t":"idOrVar","v":"level"}," av 5 staplar"]},{"$i":"statusbarSignalNoneSearching","$v":"Söker... Endast nödsamtal"},{"$i":"statusbarHeadphones","ariaLabel":"Hörlurar på"},{"$i":"statusbarBluetoothHeadphones","ariaLabel":"Bluetooth-hörlurar på"},{"$i":"statusbarBluetoothTransferring","ariaLabel":"Bluetooth-överföring aktiv"},{"$i":"statusbarIconOn-tethering","$v":"Internetdelning på"},{"$i":"statusbarIconOnActive-tethering","$v":"Internetdelning på, aktiv"},{"$i":"statusbarAlarm","ariaLabel":"Alarm på"},{"$i":"statusbarIME","ariaLabel":"IME på"},{"$i":"statusbarIconOn-bluetooth","$v":"Bluetooth på"},{"$i":"statusbarIconOnActive-bluetooth","$v":"Bluetooth på, aktiv"},{"$i":"statusbarIconOn-mute","$v":"Ljudlöst på"},{"$i":"statusbarIconOn-vibration","$v":"Vibration på"},{"$i":"statusbarRecording","ariaLabel":"Spelar in på"},{"$i":"statusbarGeolocation","ariaLabel":"Geoplats på"},{"$i":"statusbarUsb","ariaLabel":"USB på"},{"$i":"statusbarForwarding","$v":"Vidarekoppling av samtal på"},{"$i":"statusbarPlaying","ariaLabel":"Media spelas"},{"$i":"statusbarNfc","ariaLabel":"NFC på"},{"$i":"statusbarDownloads","ariaLabel":"Laddar ned…"},{"$i":"statusbarNetworkActivity","ariaLabel":"Nätverkade på"},{"$i":"statusbarEmergencyCBNotification","ariaLabel":"Återuppringning vid nödsamtal"},{"$i":"statusbarNotifications","$v":{"few":[{"t":"idOrVar","v":"n"}," meddelanden"],"many":[{"t":"idOrVar","v":"n"}," meddelanden"],"one":[{"t":"idOrVar","v":"n"}," meddelande"],"other":[{"t":"idOrVar","v":"n"}," meddelanden"],"two":[{"t":"idOrVar","v":"n"}," meddelanden"]},"$x":[{"t":"idOrVar","v":"plural"},"n"]},{"$i":"statusbarNotifications-unread","ariaLabel":{"$x":[{"t":"idOrVar","v":"plural"},"n"],"$v":{"few":[{"t":"idOrVar","v":"n"}," olästa meddelanden"],"many":[{"t":"idOrVar","v":"n"}," olästa meddelanden"],"one":[{"t":"idOrVar","v":"n"}," oläst meddelande"],"other":[{"t":"idOrVar","v":"n"}," olästa meddelanden"],"two":[{"t":"idOrVar","v":"n"}," olästa meddelanden"]}}},{"$i":"clear","$v":"Rensa"},{"$i":"clear-all","$v":"Rensa alla"},{"$i":"notification-title","$v":{"few":[{"t":"idOrVar","v":"n"}," meddelanden"],"many":[{"t":"idOrVar","v":"n"}," meddelanden"],"one":[{"t":"idOrVar","v":"n"}," meddelande"],"other":[{"t":"idOrVar","v":"n"}," meddelanden"],"two":[{"t":"idOrVar","v":"n"}," meddelanden"],"zero":[{"t":"idOrVar","v":"n"}," meddelanden"]},"$x":[{"t":"idOrVar","v":"plural"},"n"]},{"$i":"notification-dialog-no-notices","$v":"Inga meddelanden"},{"$i":"notification-title-new","$v":{"few":[{"t":"idOrVar","v":"n"}," meddelanden"],"many":[{"t":"idOrVar","v":"n"}," meddelanden"],"other":[{"t":"idOrVar","v":"n"}," meddelande"],"two":[{"t":"idOrVar","v":"n"}," meddelanden"],"one":[{"t":"idOrVar","v":"n"}," meddelande"],"zero":[{"t":"idOrVar","v":"n"}," meddelande"]},"$x":[{"t":"idOrVar","v":"plural"},"n"]},{"$i":"notification-dialog-no-notices-new","$v":"Inget meddelande"},{"$i":"tcl-ntf-open","$v":"Öppna"},{"$i":"tcl-ntf-next_song","$v":"Nästa"},{"$i":"tcl-ntf_play","$v":"Spela upp"},{"$i":"tcl-ntf-pause","$v":"Paus"},{"$i":"tcl-ntf-dismiss-all","$v":"Avvisa all"},{"$i":"tcl-ntf-dismiss","$v":"Avvisa"},{"$i":"tcl-ntf-toaster-clear","$v":"Meddelande avvisat"},{"$i":"tcl-ntf-toaster-clear-all","$v":"Meddelanden har avvisats"},{"$i":"attentionScreen-tapToShow","$v":"Tryck för att visa"},{"$i":"tcl-cmas-ok","$v":"OK"},{"$i":"tcl-cmas-screen-help","$v":"Tryck OK för att visa mer info."},{"$i":"tcl-cmas-title","$v":"CMAS-varning"},{"$i":"camera","$v":"Kamera"},{"$i":"tcl-dflt-value-level","$v":"Ställ in värdenivå"},{"$i":"tcl-dflt-range-value-name","$v":"Nivå"},{"$i":"newVoicemails","$v":{"few":[{"t":"idOrVar","v":"n"}," nya röstmeddelanden"],"many":[{"t":"idOrVar","v":"n"}," nya röstmeddelanden"],"one":"Ett nytt röstmeddelande","other":[{"t":"idOrVar","v":"n"}," nya röstmeddelanden"],"two":[{"t":"idOrVar","v":"n"}," nya röstmeddelanden"],"zero":"Inget nytt röstmeddelande"},"$x":[{"t":"idOrVar","v":"plural"},"n"]},{"$i":"newVoicemailsUnknown","$v":"Nytt röstmeddelande"},{"$i":"dialNumber","$v":["Ring upp ",{"t":"idOrVar","v":"number"}]},{"$i":"voicemailNotificationMultiSim","$v":["(SIM ",{"t":"idOrVar","v":"n"},") ",{"t":"idOrVar","v":"title"}]},{"$i":"euRoamingNotificationTitle","$v":"EU-internet upptäckt"},{"$i":"euRoamingNotificationMsg","$v":"Tryck för att byta."},{"$i":"restart","$v":"Starta om"},{"$i":"power","$v":"Ström av"},{"$i":"lock","$v":"Lås"},{"$i":"cleanup","$v":"Rensa minnet"},{"$i":"no-recent-app-windows","$v":"Dina senaste appfönster visas här"},{"$i":"no-recent-browser-windows","$v":"Dina senaste webbfönster visas här"},{"$i":"closeCard","ariaLabel":"Stäng"},{"$i":"openCard","ariaLabel":"Öppna"},{"$i":"yes","$v":"Ja"},{"$i":"no","$v":"Nej"},{"$i":"dontallow","$v":"Tillåt inte"},{"$i":"allow","$v":"Tillåt"},{"$i":"dontshare-geolocation","$v":"Dela inte"},{"$i":"share-geolocation","$v":"Dela"},{"$i":"dontshare-audio-capture","$v":"Dela inte"},{"$i":"share-audio-capture","$v":"Dela"},{"$i":"dontshare-video-capture","$v":"Dela inte"},{"$i":"share-video-capture","$v":"Dela"},{"$i":"dontshare-media-capture","$v":"Dela inte"},{"$i":"share-media-capture","$v":"Dela"},{"$i":"device-front","$v":"Frontkamera"},{"$i":"device-back","$v":"Bakre kamera"},{"$i":"front-camera","$v":"Frontkamera"},{"$i":"back-camera","$v":"Bakre kamera"},{"$i":"more-info","$v":"Mer info..."},{"$i":"hide-info","$v":"Dölj info"},{"$i":"tcl-permission","$v":"Behörighet"},{"$i":"install-app","$v":["Installera ",{"t":"idOrVar","v":"name"},"?"]},{"$i":"size","$v":"Storlek"},{"$i":"author","$v":"Upphovsman"},{"$i":"size-unknown","$v":"Okänd"},{"$i":"author-unknown","$v":"Okänd"},{"$i":"install","$v":"Installera"},{"$i":"bytes","$v":"byte"},{"$i":"kB","$v":"KB"},{"$i":"MB","$v":"MB"},{"$i":"GB","$v":"GB"},{"$i":"TB","$v":"TB"},{"$i":"PB","$v":"PB"},{"$i":"app-install-generic-error","$v":[{"t":"idOrVar","v":"appName"}," nedladdning stoppad"]},{"$i":"app-install-download-failed","$v":[{"t":"idOrVar","v":"appName"}," nedladdning misslyckades"]},{"$i":"app-install-install-failed","$v":[{"t":"idOrVar","v":"appName"}," installation misslyckades"]},{"$i":"cancelling-will-not-refund","$v":"Att avbryta återbetalar inte köpet. Återbet. av innehåll görs av ursprunglig säljare."},{"$i":"apps-can-be-installed-later","$v":"Appar kan installeras senare från den ursprungliga installationskällan."},{"$i":"are-you-sure-you-want-to-cancel","$v":"Är du säker på att du vill avbryta denna installation?"},{"$i":"cancel-install","$v":"Avbryt instal."},{"$i":"cancel-install-button","$v":"Avbryt instal."},{"$i":"resume","$v":"Återuppta"},{"$i":"continue","$v":"Fortsätt"},{"$i":"stopDownloading","$v":["Stoppa nedladdning av ",{"t":"idOrVar","v":"app"},"?"]},{"$i":"app-download-can-be-restarted","$v":"Nedladdningen kan startas om senare."},{"$i":"app-download-stop-button","$v":"Stoppa nedladdning"},{"$i":"not-enough-space","$v":"Ej tillräckligt utrymme"},{"$i":"not-enough-space-message","$v":"Det finns inte tillräckligt utrymme för att installera denna app. Frigör utrymme genom att ta bort gamla appar eller media och försök att installera igen från originalkällan."},{"$i":"app-install-success","$v":[{"t":"idOrVar","v":"appName"}," installerad"]},{"$i":"app-install-update","$v":[{"t":"idOrVar","v":"appName"}," uppdaterat"]},{"$i":"langpack-install-success2","$v":[{"t":"idOrVar","v":"appName"}," installerad. Aktivera den genom att gå till Inställningar > Språk."]},{"$i":"setup","$v":"Inställning"},{"$i":"ime-addkeyboards","$v":"Lägg till tangentbord"},{"$i":"ime-lowercase","$v":"Gemener"},{"$i":"ime-uppercase","$v":"Versaler"},{"$i":"ime-number","$v":"Nummer"},{"$i":"ime-capitalize","$v":"Inledande versal"},{"$i":"ime-t9","$v":"T9"},{"$i":"ime-r9","$v":"R9"},{"$i":"ime-predictive","$v":"Förutsägande"},{"$i":"ime-insert-word","$v":"Infoga ord"},{"$i":"ime-voice-input-messsage","$v":"Långt tryck OK för att tala i textfältet."},{"$i":"later","$v":"Senare"},{"$i":"download","$v":"Nedladdning"},{"$i":"wantToDownload","$v":"Ladda ned uppdatering nu?"},{"$i":"wantToInstallNow","$v":"Vill du installera uppdateringen nu? Du kommer inte att kunna använda din telefon på några minuter."},{"$i":"installNow","$v":"Installera nu"},{"$i":"notNow","$v":"Inte nu"},{"$i":"downloadingUpdateMessage","innerHTML":{"$o":["Laddar ned uppdateringar… <span>",{"t":"idOrVar","v":"progress"}," nedladdade.</span>"]}},{"$i":"downloadingAppMessage","$v":["Laddar ned ",{"t":"idOrVar","v":"appName"}]},{"$i":"downloadingAppProgressNoMax","$v":[{"t":"idOrVar","v":"progress"}," nedladdade"]},{"$i":"downloadingAppProgressIndeterminate","$v":"Laddar ned"},{"$i":"downloadingAppProgress","$v":[{"t":"idOrVar","v":"progress"}," / ",{"t":"idOrVar","v":"max"}," nedladdade"]},{"$i":"cancelAllDownloads","$v":"Avbryt alla nedladdn."},{"$i":"wantToCancelAll","$v":"Är du säker på att du vill avbryta alla nedladdningar?"},{"$i":"downloadError","$v":"Ett fel uppstod när uppdateringarna skulle laddas ned."},{"$i":"updateAvailableInfo","innerHTML":{"$x":[{"t":"idOrVar","v":"plural"},"n"],"$v":{"few":{"$o":[{"t":"idOrVar","v":"n"}," uppdateringar tillgängliga. <span>Tryck för mer info.</span>"]},"many":{"$o":[{"t":"idOrVar","v":"n"}," uppdateringar tillgängliga. <span>Tryck för mer info.</span>"]},"one":{"$o":[{"t":"idOrVar","v":"n"}," uppdatering tillgänglig. <span>Tryck för mer info.</span>"]},"other":{"$o":[{"t":"idOrVar","v":"n"}," uppdateringar tillgängliga. <span>Tryck för mer info.</span>"]},"two":{"$o":[{"t":"idOrVar","v":"n"}," uppdateringar tillgängliga. <span>Tryck för mer info.</span>"]}}}},{"$i":"numberOfUpdates","$v":{"few":[{"t":"idOrVar","v":"n"}," Meddelanden"],"many":[{"t":"idOrVar","v":"n"}," Meddelanden"],"one":[{"t":"idOrVar","v":"n"}," Meddelande"],"other":[{"t":"idOrVar","v":"n"}," Meddelanden"],"two":[{"t":"idOrVar","v":"n"}," Meddelanden"]},"$x":[{"t":"idOrVar","v":"plural"},"n"]},{"$i":"systemUpdate","$v":"Systemuppdatering"},{"$i":"systemUpdateReady","$v":"Systemuppdatering redo"},{"$i":"updates","$v":"Uppdateringar"},{"$i":"systemUpdateLowBatteryThreshold","$v":["Du behöver en batterinivå på minst ",{"t":"idOrVar","v":"threshold"},"% för att installera uppdateringen."]},{"$i":"required","$v":"Obligatoriskt"},{"$i":"uncompressingMessage","innerHTML":{"$o":"Dekomprimerar… <span>Detta kan ta några minuter.</span>"}},{"$i":"downloadWifiPrioritizedUsing2G","$v":"Uppdateringar laddas ned via dataanslutning när Wi-Fi inte är tillgänglig. När dataanslutning används kan telefonsamtal blockeras och ytterligare kostnader tillkomma."},{"$i":"downloadWifiPrioritized3","$v":"Uppdateringar laddas ned via dataanslutning när Wi-Fi inte är tillgänglig. När dataanslutning används kan ytterligare kostnader tillkomma."},{"$i":"downloadNoWifiWarning","$v":"Wi-Fi ej tillgänglig. Uppdatering via den aktuella anslutningen kan innebära ytterligare avgifter."},{"$i":"downloadOfflineWarning2","$v":"Anslut till ett nätverk för att ladda ned uppdateringar."},{"$i":"downloadUpdatesViaDataConnection","$v":"Ladda ned uppdateringar via data-anslutning?"},{"$i":"downloadUpdatesVia2GForbidden3","$v":"Nedladdning av uppdateringar är inte möjlig med långsam anslutning (2G). Anslut via Wi-Fi eller 3G (om tillgängligt) och försök igen."},{"$i":"downloadUpdatesViaDataConnectionMessage3","$v":"Vid användning av en data-anslutning kan ytterligare kostnader tillkomma. Vill du fortsätta?"},{"$i":"downloadUpdatesViaDataRoamingConnection","$v":"Ladda ned uppdateringar via data-roaming?"},{"$i":"downloadUpdatesViaDataRoamingConnectionMessage","$v":"Du använder för närvarande roaming och ytterligare kostnader kan tillkomma. Vill du fortsätta?"},{"$i":"screenshotSaved","$v":"Skärmbild sparad i galleri"},{"$i":"screenshotFailed","$v":"Skärmbilden kunde inte sparas"},{"$i":"screenshotNoSDCard","$v":"Inget minneskort hittades"},{"$i":"screenshotSDCardInUse","$v":"Minneskortet är i bruk"},{"$i":"screenshotSDCardLow","$v":"Inte tillräckligt med utrymme på minneskort"},{"$i":"emergency-call-button","$v":"Nödsamtal"},{"$i":"emergency-call","$v":"Nödsituation"},{"$i":"unlock-a11y-button","ariaLabel":"Lås upp"},{"$i":"camera-a11y-button","ariaLabel":"Kamera"},{"$i":"longDateFormat","$v":"%a, %B %d, %Y"},{"$i":"clockDateFormat","$v":"%a, %e %b"},{"$i":"panel-passcode","ariaLabel":"Lösenordspanel"},{"$i":"open-notification","$v":"öppna"},{"$i":"unlock","$v":"Lås upp"},{"$i":"login","$v":"Logga in"},{"$i":"sign-in-to-website","$v":"Logga in på webbplats"},{"$i":"username","$v":"Användarnamn"},{"$i":"password","$v":"Lösenord"},{"$i":"show-password","$v":"Visa lösenord"},{"$i":"http-authentication-message2","$v":["Webbplatsen ",{"t":"idOrVar","v":"host"}," kräver att du loggar in."]},{"$i":"error-message","$v":[{"t":"idOrVar","v":"name"}," laddar inte som den ska"]},{"$i":"error-title","$v":[{"t":"idOrVar","v":"name"}," har problem"]},{"$i":"unable-to-connect","$v":"Det går inte att ansluta"},{"$i":"tap-to-check-settings","$v":"Tryck för att kolla inställn."},{"$i":"set","$v":"Ställ in"},{"$i":"delete-title","$v":["Ta bort ",{"t":"idOrVar","v":"name"}]},{"$i":"delete-body","$v":[{"t":"idOrVar","v":"name"}," och alla dess data kommer att tas bort."]},{"$i":"delete","$v":"Avinstallera"},{"$i":"delete-desc","$v":"Är du säker på att du vill avinstallera den?"},{"$i":"unrecoverable-error-title","$v":"Ta bort program"},{"$i":"unrecoverable-error-body","$v":"Det går inte att installera programmet p.g.a. ett oåterkalleligt fel. Försök att ladda ned igen. Programmet kommer att tas bort."},{"$i":"unrecoverable-error-action","$v":"OK"},{"$i":"instant-settings","$v":"snabbinställningar"},{"$i":"settings","$v":"Inställningar"},{"$i":"flashlight","$v":"Ficklampa"},{"$i":"brightness","$v":"Ljusstyrka"},{"$i":"volume","$v":"Volym"},{"$i":"calculator","$v":"Kalkylator"},{"$i":"airplane-mode","$v":"Flygläge"},{"$i":"wifi","$v":"Wi-Fi"},{"$i":"bluetooth","$v":"Bluetooth"},{"$i":"cellular-data","$v":"Mobildata"},{"$i":"on","$v":"På"},{"$i":"off","$v":"Av"},{"$i":"percentage-number","$v":[{"t":"idOrVar","v":"number"},"%"]},{"$i":"select-time","$v":"Välj tid"},{"$i":"select-date","$v":"Välj datum"},{"$i":"tcl-select-day","$v":"Välj dag"},{"$i":"tcl-add","$v":"Lägg till"},{"$i":"battery-almost-empty-plug-in-your-charger","$v":"Batterinivån är låg. Koppla in din laddare."},{"$i":"battery-temperature-warning-header","$v":"Varning"},{"$i":"battery-temperature-high","$v":"Temperaturen är för hög. Telefonen stängs av om temperaturen fortsätter att stiga."},{"$i":"battery-temperature-high-stop-charging","$v":"Temperaturen är för hög. Batteriet har slutat ladda.Telefonen stängs av om temperaturen fortsätter att stiga."},{"$i":"battery-temperature-low","$v":"Temperaturen är för låg. Telefonen stängs av om temperaturen fortsätter att sjunka."},{"$i":"battery-temperature-low-stop-charging","$v":"Temperaturen är för låg. Batteriet har slutat ladda.Telefonen stängs av om temperaturen fortsätter att sjunka."},{"$i":"crash-dialog2-os","$v":[{"t":"idOrVar","v":"brandShortName"}," återställdes nyss efter en krasch"]},{"$i":"crash-dialog-app","$v":[{"t":"idOrVar","v":"name"}," kraschade nyss"]},{"$i":"crash-dialog-app-noname","$v":"Något"},{"$i":"crash-dialog-message","$v":"Vill du skick en rapport om kraschen till KaiOS så att vi kan åtgärda problemet? (Rapporter skickas enbart via Wi-Fi.)"},{"$i":"crash-info-link","$v":"Vad inne. kraschrapporten?"},{"$i":"crash-always-report","$v":"Skicka alltid en rapport till KaiOS när en krasch sker."},{"$i":"crash-dont-send","$v":"Skicka inte"},{"$i":"crash-end","$v":"Skicka rapport"},{"$i":"crashReports","$v":"Kraschrapporter"},{"$i":"done","$v":"Klar"},{"$i":"crash-reports-description-1","$v":"En kraschrapport innehåller viss information om kraschen och din enhet och ett snapshot av din enhets status då den kraschade."},{"$i":"crash-reports-description-2","$v":"Detta kan inkludera saker som öppna sidor och appar, ifylld text i formulär och innehåll i öppna meddelanden, senaste webbhistorik eller geolokalisering som används av en öppen app."},{"$i":"crash-reports-description-3-start","$v":"Vi använder kraschrapporter för att åtgärda problem och förbättra våra produkter. Vi hanterar din information på det sätt som beskrivs i vår "},{"$i":"crash-reports-description-3-privacy","$v":"sekretesspolicy"},{"$i":"crash-reports-description-3-end","$v":"."},{"$i":"crash-banner-os2","$v":[{"t":"idOrVar","v":"brandShortName"}," kraschade nyss."]},{"$i":"crash-banner-app","$v":[{"t":"idOrVar","v":"name"}," kraschade nyss."]},{"$i":"crash-banner-report","$v":"Rapport"},{"$i":"bluetooth-sending-progress","$v":"Skickar fil via Bluetooth"},{"$i":"bluetooth-receiving-progress","$v":"Tar emot fil via Bluetooth"},{"$i":"acceptFileTransfer","$v":"Överför begäran"},{"$i":"requestToReceive","$v":[{"t":"idOrVar","v":"deviceName"}," vill överföra filer. Accepterar du?"]},{"$i":"wantToReceiveFile","$v":[{"t":"idOrVar","v":"deviceName"}," vill överföra ",{"t":"idOrVar","v":"fileName"}," (",{"t":"idOrVar","v":"fileSize"},")."]},{"$i":"transfer-confirmation-title","$v":[{"t":"idOrVar","v":"deviceName"}]},{"$i":"transfer-confirmation-description","$v":"Granska överf.begäran."},{"$i":"byteUnit-B","$v":"Byte"},{"$i":"byteUnit-KB","$v":"KB"},{"$i":"byteUnit-MB","$v":"MB"},{"$i":"byteUnit-GB","$v":"GB"},{"$i":"byteUnit-TB","$v":"TB"},{"$i":"byteUnit-PB","$v":"PB"},{"$i":"byteUnit-EB","$v":"EB"},{"$i":"byteUnit-ZB","$v":"ZB"},{"$i":"byteUnit-YB","$v":"F.Å."},{"$i":"fileSize","$v":[{"t":"idOrVar","v":"size"}," ",{"t":"idOrVar","v":"unit"}]},{"$i":"deny","$v":"Avvisa"},{"$i":"transfer","$v":"Överför"},{"$i":"accept","$v":"Acceptera"},{"$i":"stop","$v":"Stopp"},{"$i":"cancelFileTransfer","$v":"Avbryt Bluetoothöverf. av fil?"},{"$i":"continueFileTransfer","$v":"Fortsätt"},{"$i":"transfer-has-started-title","$v":"Filöverföring klar att starta"},{"$i":"transfer-has-started-description","$v":"Väntar på bekräftelse"},{"$i":"transfer-has-started-toast","$v":"Filöverföring har startats kontrollera förloppet i Notiser."},{"$i":"transferFinished-sentSuccessful-title","$v":"Fil skickad"},{"$i":"transferFinished-receivedSuccessful-title","$v":"Fil mottagen"},{"$i":"transferFinished-failed-title","$v":"Filöverföring misslyckades"},{"$i":"transferFinished-try-again-description","$v":"Det går inte att skicka filen just nu. Försök igen senare."},{"$i":"transferReport-title","$v":"Överför rapport:"},{"$i":"transferReport-description","$v":[{"t":"idOrVar","v":"numSuccessful"}," filer lyckades, ",{"t":"idOrVar","v":"numUnsuccessful"}," filer misslyckades"]},{"$i":"unknown-file","$v":"Okänd fil"},{"$i":"unknown-device","$v":"Okänd enhet"},{"$i":"cannotOpenFile","$v":"Det går inte att öppna mottagen fil"},{"$i":"unknownMediaTypeToOpenFile","$v":["Det går inte att öppna okänd mediatyp: ",{"t":"idOrVar","v":"fileName"}]},{"$i":"cannotReceiveFile","$v":"Det går inte att ta emot fil"},{"$i":"cannotGetStorageState","$v":"Det går inte att hämta enhetens lagringsstatus."},{"$i":"sdcard-not-exist2","$v":"Det gick inte att hitta något minneskort. Sätt i ett minneskort."},{"$i":"sdcard-in-use","$v":"Det går inte att använda Bluetooth när telefonen är ansluten. Koppla ifrån telefonen för att ta emot filen/filerna."},{"$i":"sdcard-no-space2","$v":"Det går inte att genomföra överföringen: minneskortet är fullt."},{"$i":"unknown-error","$v":"Okänt fel"},{"$i":"confirm","$v":"Bekräfta"},{"$i":"stopTransferTitle","$v":"Stoppa filöverföring"},{"$i":"stopTransferContent","$v":"Vill du stoppa filöverföring via Bluetooth?"},{"$i":"storage","$v":"Lagring"},{"$i":"sdcard-detected-title","$v":"SD-kort upptäckt"},{"$i":"no-sdcard-title","$v":"Inget SD-kort"},{"$i":"sdcard-total-size-body","$v":["Tot. storl: ",{"t":"idOrVar","v":"size"}," ",{"t":"idOrVar","v":"unit"}]},{"$i":"sdcard-unknown-size-then-tap-to-format-body","$v":"Okänd storlek, tryck för att formatera"},{"$i":"sdcard-removed-title","$v":"SD-kortet togs bort"},{"$i":"sdcard-removed-ejected-successfully","$v":"Har matats ut"},{"$i":"sdcard-removed-not-ejected-properly","$v":"Inte korrekt utmatad"},{"$i":"set-sdcard-as-default-media-location","$v":"SD-kort upptäckt. Ställ in SD-kort som standardmediaplats?"},{"$i":"no-sdcard-content","$v":"Sätt i ett SD-kort för att få mer utrymme."},{"$i":"sim-confirmation-content","$v":["Mobildata är tilldelad till SIM",{"t":"idOrVar","v":"n"},"."]},{"$i":"sim-confirmation-title","$v":"SIM-kort ändrades"},{"$i":"sim-confirmation-notice-title","$v":"SIM-kort ändrades"},{"$i":"sim-confirmation-notice","$v":"Välj för att se information."},{"$i":"sim-hot-plug","$v":"Telefonen startas om"},{"$i":"sim-hot-plug-empty","$v":"Telefonen startas om eftersom SIM-korten tas ut."},{"$i":"sim-hot-plug-empty-confirm","$v":"Kontrollera att SIM-kortet är helt utdraget och tryck sedan OK för att starta om."},{"$i":"noSimCard","$v":"Inget SIM-kort"},{"$i":"lockedSim","$v":"Låst SIM"},{"$i":"noService","$v":"Ingen service"},{"$i":"eccOnly","$v":"Emergency calls only"},{"$i":"nocard-eccOnly","$v":"No SIM card-Emergency calls only"},{"$i":"unusablecard-eccOnly","$v":"Unusable SIM card-Emergency calls only"},{"$i":"searching","$v":"Searching"},{"$i":"simPin","$v":"SIM PIN"},{"$i":"pukCode","$v":"PUK-kod"},{"$i":"nckCode","$v":"NCK-kod"},{"$i":"cckCode","$v":"CCK-kod"},{"$i":"spckCode","$v":"SPCK-kod"},{"$i":"nck1code","$v":"NCK1-kod"},{"$i":"nck2code","$v":"NCK2-kod"},{"$i":"hnckcode","$v":"HNCK-kod"},{"$i":"rcckcode","$v":"RCCK-kod"},{"$i":"rspckcode","$v":"RSPCK-kod"},{"$i":"ncklockContent","$v":["Spår",{"t":"idOrVar","v":"n"}," är nck låst."]},{"$i":"whatIsSimPin","$v":"Vad är en PIN-kod för SIM?"},{"$i":"simPinIntro1","$v":"En SIM PIN-kod förhindrar åtkomst till SIM-kortets mobildatanätverk. När den är aktiverad kommer alla enheter som innehåller SIM-kortet att begära PIN-koden vid omstart."},{"$i":"simPinIntro2","$v":"En SIM PIN-kod är inte samma sak som lösenordet som låser upp enheten."},{"$i":"changeSimPin","$v":"Ändra PIN"},{"$i":"pinTitle","$v":"Ange SIM PIN-kod"},{"$i":"multiSIMpinTitle","$v":["Ange SIM ",{"t":"idOrVar","v":"n"}," PIN-kod"]},{"$i":"multiSIMpukTitle","$v":["Ange PUK",{"t":"idOrVar","v":"n"}," PIN-kod"]},{"$i":"multiSIMnckTitle","$v":["Ange NCK",{"t":"idOrVar","v":"n"}," PIN-kod"]},{"$i":"multiSIMxckTitle","$v":["Ange SIM",{"t":"idOrVar","v":"n"}," ",{"t":"idOrVar","v":"type"}]},{"$i":"xckTitle","$v":["Ange ",{"t":"idOrVar","v":"type"},"-kod"]},{"$i":"xckCode","$v":[{"t":"idOrVar","v":"type"},"-kod"]},{"$i":"xckBlocked","$v":[{"t":"idOrVar","v":"type"}," blockerad"]},{"$i":"pukTitle","$v":"Ange PUK-kod"},{"$i":"nckTitle","$v":"Ange NCK-kod"},{"$i":"cckTitle","$v":"Ange CCK-kod"},{"$i":"spckTitle","$v":"Ange SPCK-kod"},{"$i":"nck1Title","$v":"Ange NCK1-kod"},{"$i":"nck2Title","$v":"Ange NCK2-kod"},{"$i":"hnckTitle","$v":"Ange HNCK-kod"},{"$i":"rcckTitle","$v":"Ange RCCK-kod"},{"$i":"rspckTitle","$v":"Ange RSPCK-kod"},{"$i":"newpinTitle","$v":"Ny PIN"},{"$i":"inputCodeRetriesLeft","$v":{"few":[{"t":"idOrVar","v":"n"}," försök kvar."],"many":[{"t":"idOrVar","v":"n"}," försök kvar."],"one":"1 försök kvar.","other":[{"t":"idOrVar","v":"n"}," försök kvar."],"two":[{"t":"idOrVar","v":"n"}," försök kvar."]},"$x":[{"t":"idOrVar","v":"plural"},"n"]},{"$i":"pinErrorMsg","$v":"Fel PIN-kod."},{"$i":"pinAttemptMsg2","$v":{"few":["Du har ",{"t":"idOrVar","v":"n"}," försök kvar att ange rätt kod innan SIM-kortet spärras."],"many":["Du har ",{"t":"idOrVar","v":"n"}," försök kvar att ange rätt kod innan SIM-kortet spärras."],"one":"Du har ett försök kvar att ange rätt kod innan SIM-kortet spärras.","other":["Du har ",{"t":"idOrVar","v":"n"}," försök kvar att ange rätt kod innan SIM-kortet spärras."],"two":["Du har ",{"t":"idOrVar","v":"n"}," försök kvar att ange rätt kod innan SIM-kortet spärras."]},"$x":[{"t":"idOrVar","v":"plural"},"n"]},{"$i":"pinLastChanceMsg","$v":"Det här är din sista chans att ange rätt PIN-kod. Annars måste du ange PUK-kod för att använda detta SIM-kort."},{"$i":"simCardLockedMsg","$v":"SIM-kortet är låst."},{"$i":"enterPukMsg","$v":"Du måste ange den personliga upplåsningsnyckeln (PUK) för SIM-kortet. Se dokumentationen för SIM-kortet eller kontakta din operatör för mer information."},{"$i":"pukErrorMsg","$v":"Fel PUK-kod."},{"$i":"pukAttemptMsg2","$v":{"few":["Du har ",{"t":"idOrVar","v":"n"},"  försök kvar att ange rätt kod innan SIM-kortet blir permanent obrukbart. Se dokumentationen för SIM-kortet eller kontakta din operatör för mer information."],"many":["Du har ",{"t":"idOrVar","v":"n"},"  försök kvar att ange rätt kod innan SIM-kortet blir permanent obrukbart. Se dokumentationen för SIM-kortet eller kontakta din operatör för mer information."],"one":"Du har ett försök kvar att ange rätt kod innan SIM-kortet blir permanent obrukbart. Se dokumentationen för SIM-kortet eller kontakta din operatör för mer information.","other":["Du har ",{"t":"idOrVar","v":"n"},"  försök kvar att ange rätt kod innan SIM-kortet blir permanent obrukbart. Se dokumentationen för SIM-kortet eller kontakta din operatör för mer information."],"two":["Du har ",{"t":"idOrVar","v":"n"},"  försök kvar att ange rätt kod innan SIM-kortet blir permanent obrukbart. Se dokumentationen för SIM-kortet eller kontakta din operatör för mer information."]},"$x":[{"t":"idOrVar","v":"plural"},"n"]},{"$i":"pukLastChanceMsg","$v":"Sista chansen att ange korrekt PUK-kod. Ditt SIM-kort kommer att bli permanent obrukbart om du anger fel PUK-kod. Se dokumentationen för SIM-kortet eller kontakta din operatör för mer information."},{"$i":"cardPermanentlyLockMsg-head","$v":"Fel PUK-kod."},{"$i":"cardPermanentlyLockMsg-body","$v":"Ditt SIM-kort är permanent spärrat. Kontakta din operatör för mer information."},{"$i":"newSimPinMsg","$v":"Skapa PIN (måste innehålla 4-8 siffror)"},{"$i":"confirmNewSimPinMsg","$v":"Bekräfta ny PIN"},{"$i":"newPinErrorMsg","$v":"PIN matchar inte."},{"$i":"nckErrorMsg","$v":"NCK-koden är felaktig."},{"$i":"nckAttemptMsg2","$v":{"few":["Begäran om nätverksdepersonalisering misslyckades. Du har ",{"t":"idOrVar","v":"n"}," försök kvar att ange rätt kod. Se dokumentationen för din enhet eller kontakta din operatör för mer information."],"many":["Begäran om nätv.depersonal. misslyckades. Du har ",{"t":"idOrVar","v":"n"}," försök kvar att ange rätt kod. Se din enhetsdok. eller kontakta din operatör för mer info."],"one":"Begäran om nätv.depersonal. misslyckades. Du har ett försök kvar att ange rätt kod. Se din enhetsdok. eller kontakta din operatör för mer info.","other":["Begäran om nätv.depersonal. misslyckades. Du har ",{"t":"idOrVar","v":"n"}," försök kvar att ange rätt kod. Se din enhetsdok. eller kontakta din operatör för mer info."],"two":["Begäran om nätv.depersonal. misslyckades. Du har ",{"t":"idOrVar","v":"n"}," försök kvar att ange rätt kod. Se din enhetsdok. eller kontakta din operatör för mer info."]},"$x":[{"t":"idOrVar","v":"plural"},"n"]},{"$i":"nckLastChanceMsg","$v":"Begäran om nätverksdepersonalisering misslyckades. Sista chansen att ange rätt NCK-kod. Se dokumentationen för din enhet eller kontakta din operatör för mer information."},{"$i":"sim-attention-header","$v":"SIM låst"},{"$i":"multiSIM-attention-header","$v":["SIM",{"t":"idOrVar","v":"n"}," låst"]},{"$i":"sim-attention-head","$v":"SIM-kortet är låst."},{"$i":"sim-attention-body","$v":"Vill du ange PUK-koden för att låsa upp SIM-kortet?"},{"$i":"enter-puk-rsk","$v":"Ange PUK"},{"$i":"verify-rsk","$v":"Klar"},{"$i":"activity-pick","$v":"Välj från"},{"$i":"activity-view","$v":"Visa med"},{"$i":"activity-test","$v":"Testa med"},{"$i":"activity-share","$v":"Dela"},{"$i":"activity-new","$v":"Skapa med"},{"$i":"activity-open","$v":"Öppna med"},{"$i":"activity-save-bookmark","$v":"Bokmärk till"},{"$i":"activity-record","$v":"Spela in från"},{"$i":"activity-browse","$v":"Surfa med"},{"$i":"activity-configure","$v":"Konfigurera med"},{"$i":"activity-dial","$v":"Ring upp från"},{"$i":"remoteDebuggerMessage","$v":"En inkommande begäran om att tillåta anslutning för fjärrfelsökning upptäcktes. Tillåt anslutning?"},{"$i":"captive-wifi-available","$v":["Nätverket ",{"t":"idOrVar","v":"networkName"}," hittades. Anslut till nätverk?"]},{"$i":"ceWarningtitle","$v":"Volymvarning"},{"$i":"ceWarningcontent","$v":"För att undvika hörselskada, lyssna inte på hög volym under lång tid."},{"$i":"is-volume-type-notification","$v":"Ringsign. och sign."},{"$i":"is-volume-type-telephony","$v":"Volym"},{"$i":"is-volume-type-alarm","$v":"Alarm"},{"$i":"is-volume-type-content","$v":"Media"},{"$i":"tcl-volume-type-notification","$v":"Ringsign. och sign."},{"$i":"tcl-volume-type-telephony","$v":"Volym"},{"$i":"volume-type-alarm","$v":"Alarm"},{"$i":"volume-type-content","$v":"Media"},{"$i":"vibrate-only","$v":"Enbart vibration"},{"$i":"silent","$v":"Ljudlös"},{"$i":"vibrate-on","$v":"Vibration:på"},{"$i":"vibrate-off","$v":"Vibration:av"},{"$i":"vibrate","$v":"Vibration"},{"$i":"tcl-volume","$v":["Volym:",{"t":"idOrVar","v":"n"},"/",{"t":"idOrVar","v":"c"}]},{"$i":"notification-powersaving-mode-on-title","$v":"Strömsparläge"},{"$i":"notification-powersaving-mode-on-description","$v":"Strömsparläge är på."},{"$i":"low-device-storage","$v":"Lågt enhetsutrymme."},{"$i":"storage-alert","$v":"Lagringsvarning"},{"$i":"phone-almost-full","$v":"Telefonen är nästan full."},{"$i":"free-space","$v":{"few":["Mindre än ",{"t":"idOrVar","v":"value"}," ",{"t":"idOrVar","v":"unit"}," kvar."],"many":["Mindre än ",{"t":"idOrVar","v":"value"}," ",{"t":"idOrVar","v":"unit"}," kvar."],"one":["Mindre än ",{"t":"idOrVar","v":"value"}," ",{"t":"idOrVar","v":"unit"}," kvar."],"other":["Mindre än ",{"t":"idOrVar","v":"value"}," ",{"t":"idOrVar","v":"unit"}," kvar."],"two":["Mindre än ",{"t":"idOrVar","v":"value"}," ",{"t":"idOrVar","v":"unit"}," kvar."],"zero":"Inget mer ledigt utrymme."},"$x":[{"t":"idOrVar","v":"plural"},"value"]},{"$i":"unknown-free-space","$v":"Okänd mängd ledigt utrymme."},{"$i":"can-delete-data-to-get-space","$v":"Du kan ta bort vissa multimediefiler eller hantera programdata för att skapa mer ledigt utrymme."},{"$i":"should-delete-data-to-get-space","$v":"Du måste ta bort vissa multimediefiler eller hantera programdata för att frigöra mer utrymme innan du fortsätter använda den här enheten."},{"$i":"storage-full-level-1-title","$v":"Telefon nästan fullt"},{"$i":"storage-full-level-2-title","$v":"Telefonens minne fullt."},{"$i":"delete-to-get-space","$v":"Ta bort mediefiler, programdata eller hämtade appar för att frigöra utrymme."},{"$i":"delete-to-get-space-level-2","$v":"Ta bort mediefiler, programdata eller hämtade appar för att frigöra utrymme. Annars fungerar inte telefonen korrekt."},{"$i":"system-alert","$v":"Systemvarning"},{"$i":"cb-channel","$v":["Kanal ",{"t":"idOrVar","v":"channel"}]},{"$i":"cell-broadcast-subtitle","$v":"Cellsändning"},{"$i":"cb-etws-warningType-earthquake","$v":"Jordbävningsvarning!"},{"$i":"cb-etws-warningType-tsunami","$v":"Tsunamivarning!"},{"$i":"cb-etws-warningType-earthquake-tsunami","$v":"Jordbävnings-tsunamivarning!"},{"$i":"cb-etws-warningType-test","$v":"Signalsystem testas."},{"$i":"cb-etws-warningType-other","$v":"Nödsituationsvarning!"},{"$i":"icc-message-maintitle","$v":"Operatörsmeddelande"},{"$i":"icc-message-subtitle","$v":"SIM"},{"$i":"icc-confirmCall-defaultmessage","$v":["Ring ",{"t":"idOrVar","v":"number"},"?"]},{"$i":"icc-alertMessage-defaultmessage","$v":"Skickar meddelande"},{"$i":"icc-confirmMessage-defaultmessage","$v":"Skicka meddelande?"},{"$i":"icc-notification-title","$v":["SIM ",{"t":"idOrVar","v":"id"}," STK"]},{"$i":"icc-inputbox-maintitle","$v":"STK-fråga"},{"$i":"icc-inputbox-subtitle","$v":["SIM ",{"t":"idOrVar","v":"id"}]},{"$i":"emergency-callback-mode","$v":"Läget återuppringning vid nödsamtal"},{"$i":"emergency-callback-message","$v":"Du kan inte ringa samtal, skicka meddelanden eller gå online eftersom läge för återuppringning vid nödsamtal är aktiverat. Vill du stänga av det?"},{"$i":"cdma-record-info","$v":"CDMA postinformation"},{"$i":"download_started","$v":"Nedladdning startad"},{"$i":"download_stopped","$v":"Nedladdning stoppad"},{"$i":"download_downloading","$v":[{"t":"idOrVar","v":"percentage"},"%"]},{"$i":"download_succeeded","$v":"Nedladdning är slutförd"},{"$i":"download_failed","$v":"Nedladdning misslyckades"},{"$i":"update_succeeded","$v":"Uppdatering slutförd"},{"$i":"download_text_by_default","$v":[{"t":"idOrVar","v":"name"}]},{"$i":"phone-storage-full-title","$v":"Telefonens minne fullt"},{"$i":"phone-storage-full-warning","$v":"Det gick inte att ladda ned en fil. Ta bort mediefiler eller programdata för att frigöra utrymme. Du kan även föra in ett SD-kort för att utöka medielagringen."},{"$i":"sdcard-storage-full-title","$v":"SD-kortet är fullt."},{"$i":"sdcard-storage-full-warning","$v":"Det gick inte att ladda ned en fil. Ta bort filer på SD-kortet för att frigöra utrymme."},{"$i":"opt-settings","$v":"Inställningar"},{"$i":"search-the-web","$v":"Sök på webben"},{"$i":"search-or-enter-address","$v":"Sök eller ange adress","placeholder":"Sök eller ange adress"},{"$i":"search-or-enter-url","$v":"Sök eller ange URL","placeholder":"Sök eller ange URL"},{"$i":"back-button","ariaLabel":"Tillbaka"},{"$i":"forward-button","ariaLabel":"Vidarebefordra"},{"$i":"reload-button","ariaLabel":"Läs in igen"},{"$i":"stop-button","ariaLabel":"Stopp"},{"$i":"windows-button","ariaLabel":"Visa fönster"},{"$i":"noHotspotWhenAPMisOnWifiHotspot","$v":"Stäng av flygläge för att anv. Wi-Fi-hotspot."},{"$i":"apmActivated","$v":"Flygläge aktiverat"},{"$i":"save-image","$v":"Spara bild"},{"$i":"save-video","$v":"Spara video"},{"$i":"save-audio","$v":"Spara ljud"},{"$i":"share-image","$v":"Dela bild"},{"$i":"share-video","$v":"Dela video"},{"$i":"share-audio","$v":"Dela ljud"},{"$i":"tcl-cancelButtonId","$v":"Avbryt"},{"$i":"tcl-not-send","$v":"Skicka inte"},{"$i":"tcl-send-report","$v":"Skicka rapport"},{"$i":"refresh","$v":"Uppdatera"},{"$i":"goBack","$v":"Gå tillbaka"},{"$i":"goForward","$v":"Gå framåt"},{"$i":"goToTopSites","$v":"Gå till vanligaste webbplatser"},{"$i":"pinToTopSites","$v":"Fäst bland vanligaste webbplatser"},{"$i":"pinToAllApps","$v":"Fäst på Alla appar"},{"$i":"pinToAppsMenu","$v":"Fäst på Appmenyn"},{"$i":"viewMessages","$v":"Visa meddelanden"},{"$i":"downloadImage","$v":"Hämta bild"},{"$i":"quit","$v":"Avsluta"},{"$i":"minimizeBrowser","$v":"Minimera webbläsare"},{"$i":"pinSiteCompletely","$v":"Webbplatsen är fäst i vanligaste webbplatser."},{"$i":"siteWasPinnedBefore","$v":"Webbplatsen är redan fäst i vanligaste webbplatser."},{"$i":"pinnedSitesOverLimit","$v":"Du har nått det maximala antalet fastnålade webbplatser."},{"$i":"pressBackAgainToQuitBrowser","$v":"Tryck på BAKÅT igen för att avsluta webbläsaren."},{"$i":"pressBackAgainToMinimizeBrowser","$v":"Tryck på BAKÅT igen för att minimera webbläsaren."},{"$i":"pinSiteToAllAppsCompletely","$v":"Den här webbplatsen har fästs på Alla appar."},{"$i":"pinSiteToAppsMenuCompletely","$v":"Den här webbplatsen har fästs på Appmenyn."},{"$i":"siteWasPinnedToAllAppsBefore","$v":"Den här webbplatsen har fästs på Alla appar tidigare."},{"$i":"siteWasPinnedToAppsMenuBefore","$v":"Den här webbplatsen har fästs på Appmenyn tidigare."},{"$i":"ext-bluetooth-req","$v":"Kopplingsförfrågan"},{"$i":"ext-unknown","$v":"OKÄND"},{"$i":"ext-new-message","$v":"Nytt meddelande"},{"$i":"ext-new-mail","$v":"Nytt e-postmeddelande"},{"$i":"ext-calendar-event","$v":"Kalenderhändelse"},{"$i":"ext-new-notification","$v":"Nya meddelanden"},{"$i":"incoming","$v":"Inkommande"},{"$i":"ext-volume-notification","$v":"Ringsign. och medd."},{"$i":"ext-volume-content","$v":"Media"},{"$i":"ext-volume-alarm","$v":"Alarm"},{"$i":"ext-new-cmas","$v":"Nödsituation"},{"$i":"phone-storage-full-body","$v":"Samtalsinspelningen har stoppats. Ta bort mediefiler eller programdata för att frigöra utrymme."},{"$i":"sd-card-full-title","$v":"SD-kortet är fullt."},{"$i":"sd-card-full-body","$v":"Samtalsinspelningen har stoppats. Ta bort filer på SD-kortet för att frigöra utrymme."},{"$i":"supl-notification-title","$v":"Platsbegäran"},{"$i":"supl-notification-message","$v":"Din plats skickas till operatören."},{"$i":"supl-verification-title","$v":"Platsbegäran"},{"$i":"supl-verification-message","$v":"Operatören frågar om din plats. Vill du dela din platsinformation med operatören?"},{"$i":"supl-verification-message-for-notification","$v":"Klicka här = bekräfta"},{"$i":"supl-verification-confirm","$v":"Ja"},{"$i":"supl-verification-cancel","$v":"Nej"},{"$i":"supl-more-message","$v":["Medd.: ",{"t":"idOrVar","v":"id"}," (",{"t":"idOrVar","v":"message"},")"]},{"$i":"confirmPbapMsg","$v":[{"t":"idOrVar","v":"deviceId"}," vill ha åtkomst till dina kontakter och samtalshistorik. Acceptera?"]},{"$i":"confirmTitle","$v":"Bluetooth-förfrågan"},{"$i":"initialValue","$v":"Ange sessionsnyckel"},{"$i":"confirmMapMsg","$v":[{"t":"idOrVar","v":"deviceId"}," vill ha åtkomst till dina meddelanden. Accepterar du?"]},{"$i":"wifiCallErrorMsg","$v":["Wifi-samtalsfel: ",{"t":"idOrVar","v":"error"}]},{"$i":"wifiCallMissEccTitle","$v":[{"t":"idOrVar","v":"operator"}," WiFi Calling"]},{"$i":"wifiCallMissEccMsg","$v":"Emergency calls in areas with cellular coverage only"},{"$i":"battery-full-title","$v":"Batteriet är fullt"},{"$i":"battery-full-body","$v":"Batteriet är fulladdat"},{"$i":"sim-config-title","$v":"Konfiguration"},{"$i":"sim-config-content-init","$v":["Tryck på STARTA för att konfigurera din telefon för ",{"t":"idOrVar","v":"carrier"},"."]},{"$i":"sim-config-content-change","$v":["Vill du konfigurera din telefon för ",{"t":"idOrVar","v":"carrier"},"?"]},{"$i":"sim-config-content-line1","$v":"Bra gjort!"},{"$i":"sim-config-content-restart","$v":"Starta om telefonen för att tillämpa ändringarna."},{"$i":"sim-config-content-finish","$v":"Tryck på OK för att slutföra."},{"$i":"sim-config-content-failed","$v":["Det gick inte att hitta profilen för ",{"t":"idOrVar","v":"carrier"},"."]},{"$i":"sim-config-button-restart","$v":"Starta om"},{"$i":"sim-config-button-begin","$v":"Börja"},{"$i":"open-wifi-available","$v":"Öppna tillgängliga Wi-Fi-nätverk"},{"$i":"wifi-available","$v":"Tillgängliga Wi-Fi-nätverk"},{"$i":"wifi-no-internet-title","$v":"Wi-Fi har ingen internetåtkomst"},{"$i":"wifi-no-internet-body","$v":"Tap for options"},{"$i":"wifi-no-internet-header","$v":"Wi-Fi"},{"$i":"wifi-no-internet-content","$v":[{"t":"idOrVar","v":"name"}," har ingen internetanslutning, behåll anslutningen?"]},{"$i":"ellipses_char","$v":"…"},{"$i":"fota-title-attention","$v":"Obs!"},{"$i":"fota-upgrade-success","$v":["Firmware-uppgrad. lyckades, din enhet har nu version ",{"t":"idOrVar","v":"target"},"."]},{"$i":"fota-upgrade-failed","$v":"Uppgrad. misslyckad, föreg. version återst."},{"$i":"fota-title-software-update","$v":"Programvaruuppdat."},{"$i":"fota-message-software-update-available","$v":"Programvaruuppdat. finns."},{"$i":"fota-message-software-download-failed","$v":"Hämtningen misslyckades."},{"$i":"fota-message-software-download-complete","$v":"Hämtning av programvara misslyckades."},{"$i":"network-issue-title","$v":"Nätverksfel"},{"$i":"network-issue-detail","$v":"Kontrollera din anslutning."},{"$i":"device-issue-title","$v":"Installera fel"},{"$i":"device-issue-detail","$v":"Ett okänt fel har uppstått."},{"$i":"device-issue-update-title","$v":"Uppdateringsfel"},{"$i":"install-generic-error","$v":"Nedladdning stoppad."},{"$i":"account-authenticator-invaild-grant-notice-title","$v":"Kontofel"},{"$i":"account-authenticator-invaild-grant-notice-text","$v":"Logga in igen"},{"$i":"account-authenticator-no-network-error","$v":"Ingen internetanslutning."},{"$i":"account-authenticator-access-denied-error","$v":"Ett okänt fel har uppstått."},{"$i":"qtn_els_alert_high_vol","$v":"Varning för hög volym"},{"$i":"qtn_els_alert_in_call","$v":"Inkommande samtal"},{"$i":"GetEmptyUssdPrompt","$v":"Null svar mottaget."},{"$i":"message-sent","$v":"Meddelandet har skickats"},{"$i":"send","$v":"Skicka"},{"$i":"confirmation","$v":"Bekräftelse"},{"$i":"feedback-dialogview-header","$v":"Feedback"},{"$i":"feedback-dialogview-message","$v":"Din åsikt är väldigt värdefull för HMD Global, så berätta gärna vad du tycker om din nya telefon. Om du vill delta i den här undersökningen senare kan du komma åt den från Inställningar."},{"$i":"accessibility-enableScreenReaderSteps","$v":"To enable screen reader, press the volume up and then volume down buttons three more times"},{"$i":"accessibility-disableScreenReaderSteps","$v":"To disable screen reader, press the volume up and then volume down buttons three more times"},{"$i":"accessibility-screenReaderStarted","$v":"Screen reader started"},{"$i":"accessibility-screenReaderStopped","$v":"Screen reader stopped"},{"$i":"accessibility-menubar","$v":"menu bar"},{"$i":"accessibility-scrollbar","$v":"scroll bar"},{"$i":"accessibility-grip","$v":"grip"},{"$i":"accessibility-alert","$v":"alert"},{"$i":"accessibility-menupopup","$v":"menu popup"},{"$i":"accessibility-document","$v":"document"},{"$i":"accessibility-pane","$v":"pane"},{"$i":"accessibility-dialog","$v":"dialogue"},{"$i":"accessibility-separator","$v":"separator"},{"$i":"accessibility-toolbar","$v":"toolbar"},{"$i":"accessibility-statusbar","$v":"status bar"},{"$i":"accessibility-table","$v":"table"},{"$i":"accessibility-columnheader","$v":"column header"},{"$i":"accessibility-rowheader","$v":"row header"},{"$i":"accessibility-column","$v":"column"},{"$i":"accessibility-row","$v":"row"},{"$i":"accessibility-cell","$v":"cell"},{"$i":"accessibility-link","$v":"link"},{"$i":"accessibility-list","$v":"list"},{"$i":"accessibility-listitem","$v":"list item"},{"$i":"accessibility-outline","$v":"outline"},{"$i":"accessibility-outlineitem","$v":"outline item"},{"$i":"accessibility-pagetab","$v":"tab"},{"$i":"accessibility-propertypage","$v":"property page"},{"$i":"accessibility-graphic","$v":"graphic"},{"$i":"accessibility-pushbutton","$v":"button"},{"$i":"accessibility-checkbutton","$v":"check button"},{"$i":"accessibility-radiobutton","$v":"radio button"},{"$i":"accessibility-combobox","$v":"combo box"},{"$i":"accessibility-progressbar","$v":"progress bar"},{"$i":"accessibility-slider","$v":"slider"},{"$i":"accessibility-spinbutton","$v":"spin button"},{"$i":"accessibility-diagram","$v":"diagram"},{"$i":"accessibility-animation","$v":"animation"},{"$i":"accessibility-equation","$v":"equation"},{"$i":"accessibility-buttonmenu","$v":"button menu"},{"$i":"accessibility-whitespace","$v":"white space"},{"$i":"accessibility-pagetablist","$v":"tab list"},{"$i":"accessibility-canvas","$v":"canvas"},{"$i":"accessibility-checkmenuitem","$v":"kontrollera menyalternativ"},{"$i":"accessibility-label","$v":"label"},{"$i":"accessibility-passwordtext","$v":"password text"},{"$i":"accessibility-radiomenuitem","$v":"radiomenyalternativ"},{"$i":"accessibility-textcontainer","$v":"text container"},{"$i":"accessibility-togglebutton","$v":"toggle button"},{"$i":"accessibility-treetable","$v":"tree table"},{"$i":"accessibility-header","$v":"header"},{"$i":"accessibility-footer","$v":"footer"},{"$i":"accessibility-paragraph","$v":"paragraph"},{"$i":"accessibility-entry","$v":"entry"},{"$i":"accessibility-caption","$v":"caption"},{"$i":"accessibility-heading","$v":"heading"},{"$i":"accessibility-section","$v":"section"},{"$i":"accessibility-form","$v":"form"},{"$i":"accessibility-comboboxlist","$v":"combo box list"},{"$i":"accessibility-comboboxoption","$v":"combo box option"},{"$i":"accessibility-imagemap","$v":"image map"},{"$i":"accessibility-listboxoption","$v":"option"},{"$i":"accessibility-listbox","$v":"list box"},{"$i":"accessibility-flatequation","$v":"flat equation"},{"$i":"accessibility-gridcell","$v":"gridcell"},{"$i":"accessibility-note","$v":"note"},{"$i":"accessibility-figure","$v":"figure"},{"$i":"accessibility-definitionlist","$v":"definition list"},{"$i":"accessibility-term","$v":"term"},{"$i":"accessibility-definition","$v":"definition"},{"$i":"accessibility-textarea","$v":"text area"},{"$i":"accessibility-textInputType_date","$v":"date"},{"$i":"accessibility-textInputType_email","$v":"e-mail"},{"$i":"accessibility-textInputType_search","$v":"search"},{"$i":"accessibility-textInputType_tel","$v":"telephone"},{"$i":"accessibility-textInputType_url","$v":"URL"},{"$i":"accessibility-headingLevel","$v":["heading level ",{"t":"idOrVar","v":"0"}]},{"$i":"accessibility-listStart","$v":"First item"},{"$i":"accessibility-listEnd","$v":"Last item"},{"$i":"accessibility-listItemsCount","$v":{"few":[{"t":"idOrVar","v":"count"}," items"],"many":[{"t":"idOrVar","v":"count"}," items"],"one":[{"t":"idOrVar","v":"count"}," item"],"other":[{"t":"idOrVar","v":"count"}," items"],"two":[{"t":"idOrVar","v":"count"}," items"],"zero":[{"t":"idOrVar","v":"count"}," items"]},"$x":[{"t":"idOrVar","v":"plural"},"count"]},{"$i":"accessibility-objItemOfN","$v":[{"t":"idOrVar","v":"0"}," of ",{"t":"idOrVar","v":"1"}]},{"$i":"accessibility-banner","$v":"banner"},{"$i":"accessibility-complementary","$v":"complementary"},{"$i":"accessibility-contentinfo","$v":"content info"},{"$i":"accessibility-main","$v":"main"},{"$i":"accessibility-navigation","$v":"navigation"},{"$i":"accessibility-search","$v":"search"},{"$i":"accessibility-tblColumnInfo","$v":{"few":["with ",{"t":"idOrVar","v":"count"}," columns"],"many":["with ",{"t":"idOrVar","v":"count"}," columns"],"one":["with ",{"t":"idOrVar","v":"count"}," column"],"other":["with ",{"t":"idOrVar","v":"count"}," columns"],"two":["with ",{"t":"idOrVar","v":"count"}," columns"],"zero":["with ",{"t":"idOrVar","v":"count"}," columns"]},"$x":[{"t":"idOrVar","v":"plural"},"count"]},{"$i":"accessibility-tblRowInfo","$v":{"few":["and ",{"t":"idOrVar","v":"count"}," rows"],"many":["and ",{"t":"idOrVar","v":"count"}," rows"],"one":["and ",{"t":"idOrVar","v":"count"}," row"],"other":["and ",{"t":"idOrVar","v":"count"}," rows"],"two":["and ",{"t":"idOrVar","v":"count"}," rows"],"zero":["and ",{"t":"idOrVar","v":"count"}," rows"]},"$x":[{"t":"idOrVar","v":"plural"},"count"]},{"$i":"accessibility-columnInfo","$v":["Column ",{"t":"idOrVar","v":"0"}]},{"$i":"accessibility-rowInfo","$v":["Row ",{"t":"idOrVar","v":"0"}]},{"$i":"accessibility-spansColumns","$v":{"few":["spans ",{"t":"idOrVar","v":"0"}," columns"],"many":["spans ",{"t":"idOrVar","v":"0"}," columns"],"one":["spans ",{"t":"idOrVar","v":"0"}," column"],"other":["spans ",{"t":"idOrVar","v":"0"}," columns"],"two":["spans ",{"t":"idOrVar","v":"0"}," columns"],"zero":["spans ",{"t":"idOrVar","v":"0"}," columns"]},"$x":[{"t":"idOrVar","v":"plural"},"0"]},{"$i":"accessibility-spansRows","$v":{"few":["spans ",{"t":"idOrVar","v":"0"}," rows"],"many":["spans ",{"t":"idOrVar","v":"0"}," rows"],"one":["spans ",{"t":"idOrVar","v":"0"}," row"],"other":["spans ",{"t":"idOrVar","v":"0"}," rows"],"two":["spans ",{"t":"idOrVar","v":"0"}," rows"],"zero":["spans ",{"t":"idOrVar","v":"0"}," rows"]},"$x":[{"t":"idOrVar","v":"plural"},"0"]},{"$i":"accessibility-jumpAction","$v":"jumped"},{"$i":"accessibility-pressAction","$v":"pressed"},{"$i":"accessibility-checkAction","$v":"checked"},{"$i":"accessibility-uncheckAction","$v":"unchecked"},{"$i":"accessibility-selectAction","$v":"selected"},{"$i":"accessibility-unselectAction","$v":"unselected"},{"$i":"accessibility-openAction","$v":"opened"},{"$i":"accessibility-closeAction","$v":"closed"},{"$i":"accessibility-switchAction","$v":"switched"},{"$i":"accessibility-clickAction","$v":"clicked"},{"$i":"accessibility-collapseAction","$v":"collapsed"},{"$i":"accessibility-expandAction","$v":"expanded"},{"$i":"accessibility-activateAction","$v":"activated"},{"$i":"accessibility-cycleAction","$v":"cycled"},{"$i":"accessibility-hidden","$v":"hidden"},{"$i":"accessibility-tabLoading","$v":"loading"},{"$i":"accessibility-tabLoaded","$v":"loaded"},{"$i":"accessibility-tabNew","$v":"new tab"},{"$i":"accessibility-tabLoadStopped","$v":"loading stopped"},{"$i":"accessibility-tabReload","$v":"reloading"},{"$i":"accessibility-stateChecked","$v":"checked"},{"$i":"accessibility-stateNotChecked","$v":"not checked"},{"$i":"accessibility-statePressed","$v":"pressed"},{"$i":"accessibility-stateExpanded","$v":"expanded"},{"$i":"accessibility-stateCollapsed","$v":"collapsed"},{"$i":"accessibility-stateUnavailable","$v":"unavailable"},{"$i":"accessibility-stateRequired","$v":"required"},{"$i":"accessibility-stateTraversed","$v":"visited"},{"$i":"accessibility-stateHasPopup","$v":"has pop up"},{"$i":"accessibility-stateSelected","$v":"selected"},{"$i":"accessibility-editingMode","$v":"editing"},{"$i":"accessibility-navigationMode","$v":"navigating"},{"$i":"accessibility-quicknav_Simple","$v":"Default"},{"$i":"accessibility-quicknav_Anchor","$v":"Anchors"},{"$i":"accessibility-quicknav_Button","$v":"Buttons"},{"$i":"accessibility-quicknav_Combobox","$v":"Combo boxes"},{"$i":"accessibility-quicknav_Landmark","$v":"Landmarks"},{"$i":"accessibility-quicknav_Entry","$v":"Entries"},{"$i":"accessibility-quicknav_FormElement","$v":"Form elements"},{"$i":"accessibility-quicknav_Graphic","$v":"Images"},{"$i":"accessibility-quicknav_Heading","$v":"Headings"},{"$i":"accessibility-quicknav_ListItem","$v":"List items"},{"$i":"accessibility-quicknav_Link","$v":"Links"},{"$i":"accessibility-quicknav_List","$v":"Lists"},{"$i":"accessibility-quicknav_PageTab","$v":"Page tabs"},{"$i":"accessibility-quicknav_RadioButton","$v":"Radio buttons"},{"$i":"accessibility-quicknav_Separator","$v":"Separators"},{"$i":"accessibility-quicknav_Table","$v":"Tables"},{"$i":"accessibility-quicknav_Checkbox","$v":"Check boxes"},{"$i":"accessibility-menubarAbbr","$v":"menu bar"},{"$i":"accessibility-scrollbarAbbr","$v":"scroll bar"},{"$i":"accessibility-gripAbbr","$v":"grip"},{"$i":"accessibility-alertAbbr","$v":"alert"},{"$i":"accessibility-menupopupAbbr","$v":"menu popup"},{"$i":"accessibility-documentAbbr","$v":"document"},{"$i":"accessibility-paneAbbr","$v":"pane"},{"$i":"accessibility-dialogAbbr","$v":"dialogue"},{"$i":"accessibility-separatorAbbr","$v":"separator"},{"$i":"accessibility-toolbarAbbr","$v":"toolbar"},{"$i":"accessibility-statusbarAbbr","$v":"status bar"},{"$i":"accessibility-tableAbbr","$v":"tbl"},{"$i":"accessibility-columnheaderAbbr","$v":"column header"},{"$i":"accessibility-rowheaderAbbr","$v":"row header"},{"$i":"accessibility-columnAbbr","$v":"column"},{"$i":"accessibility-rowAbbr","$v":"row"},{"$i":"accessibility-cellAbbr","$v":"cell"},{"$i":"accessibility-linkAbbr","$v":"lnk"},{"$i":"accessibility-listAbbr","$v":"list"},{"$i":"accessibility-listitemAbbr","$v":"list item"},{"$i":"accessibility-outlineAbbr","$v":"outline"},{"$i":"accessibility-outlineitemAbbr","$v":"outline item"},{"$i":"accessibility-pagetabAbbr","$v":"tab"},{"$i":"accessibility-propertypageAbbr","$v":"property page"},{"$i":"accessibility-graphicAbbr","$v":"graphic"},{"$i":"accessibility-pushbuttonAbbr","$v":"btn"},{"$i":"accessibility-checkbuttonAbbr","$v":"check button"},{"$i":"accessibility-radiobuttonAbbr","$v":"radio button"},{"$i":"accessibility-comboboxAbbr","$v":"combo box"},{"$i":"accessibility-progressbarAbbr","$v":"progress bar"},{"$i":"accessibility-sliderAbbr","$v":"slider"},{"$i":"accessibility-spinbuttonAbbr","$v":"spin button"},{"$i":"accessibility-diagramAbbr","$v":"diagram"},{"$i":"accessibility-animationAbbr","$v":"animation"},{"$i":"accessibility-equationAbbr","$v":"equation"},{"$i":"accessibility-buttonmenuAbbr","$v":"button menu"},{"$i":"accessibility-whitespaceAbbr","$v":"white space"},{"$i":"accessibility-pagetablistAbbr","$v":"tab list"},{"$i":"accessibility-canvasAbbr","$v":"canvas"},{"$i":"accessibility-checkmenuitemAbbr","$v":"check menu item"},{"$i":"accessibility-labelAbbr","$v":"label"},{"$i":"accessibility-passwordtextAbbr","$v":"passwdtxt"},{"$i":"accessibility-radiomenuitemAbbr","$v":"radio menu item"},{"$i":"accessibility-textcontainerAbbr","$v":"text container"},{"$i":"accessibility-togglebuttonAbbr","$v":"toggle button"},{"$i":"accessibility-treetableAbbr","$v":"tree table"},{"$i":"accessibility-headerAbbr","$v":"header"},{"$i":"accessibility-footerAbbr","$v":"footer"},{"$i":"accessibility-paragraphAbbr","$v":"paragraph"},{"$i":"accessibility-entryAbbr","$v":"entry"},{"$i":"accessibility-captionAbbr","$v":"caption"},{"$i":"accessibility-headingAbbr","$v":"heading"},{"$i":"accessibility-sectionAbbr","$v":"section"},{"$i":"accessibility-formAbbr","$v":"form"},{"$i":"accessibility-comboboxlistAbbr","$v":"combo box list"},{"$i":"accessibility-comboboxoptionAbbr","$v":"combo box option"},{"$i":"accessibility-imagemapAbbr","$v":"imgmap"},{"$i":"accessibility-listboxoptionAbbr","$v":"option"},{"$i":"accessibility-listboxAbbr","$v":"list box"},{"$i":"accessibility-flatequationAbbr","$v":"flat equation"},{"$i":"accessibility-gridcellAbbr","$v":"gridcell"},{"$i":"accessibility-noteAbbr","$v":"note"},{"$i":"accessibility-figureAbbr","$v":"fig"},{"$i":"accessibility-definitionlistAbbr","$v":"definition list"},{"$i":"accessibility-termAbbr","$v":"term"},{"$i":"accessibility-definitionAbbr","$v":"definition"},{"$i":"accessibility-textareaAbbr","$v":"txtarea"},{"$i":"accessibility-tblColumnInfoAbbr","$v":{"few":[{"t":"idOrVar","v":"count"},"c"],"many":[{"t":"idOrVar","v":"count"},"c"],"one":[{"t":"idOrVar","v":"count"},"c"],"other":[{"t":"idOrVar","v":"count"},"c"],"two":[{"t":"idOrVar","v":"count"},"c"]},"$x":[{"t":"idOrVar","v":"plural"},"count"]},{"$i":"accessibility-tblRowInfoAbbr","$v":{"few":[{"t":"idOrVar","v":"count"},"r"],"many":[{"t":"idOrVar","v":"count"},"r"],"one":[{"t":"idOrVar","v":"count"},"r"],"other":[{"t":"idOrVar","v":"count"},"r"],"two":[{"t":"idOrVar","v":"count"},"r"]},"$x":[{"t":"idOrVar","v":"plural"},"count"]},{"$i":"accessibility-cellInfoAbbr","$v":["c",{"t":"idOrVar","v":"0"},"r",{"t":"idOrVar","v":"1"}]},{"$i":"accessibility-stateCheckedAbbr","$v":"(x)"},{"$i":"accessibility-stateUncheckedAbbr","$v":"( )"},{"$i":"accessibility-statePressedAbbr","$v":"(x)"},{"$i":"accessibility-stateUnpressedAbbr","$v":"( )"},{"$i":"accessibility-pushbutton-hint","$v":"Double tap to activate"},{"$i":"accessibility-checkbutton-hint","$v":"Double tap to activate"},{"$i":"accessibility-combobox-hint","$v":"Double tap to activate"},{"$i":"accessibility-key-hint","$v":"Tap and hold to activate"},{"$i":"accessibility-link-hint","$v":"Double tap to activate"},{"$i":"accessibility-menuitem-hint","$v":"Double tap to activate"},{"$i":"accessibility-option-hint","$v":"Double tap to activate"},{"$i":"accessibility-radiobutton-hint","$v":"Double tap to activate"},{"$i":"accessibility-slider-hint","$v":"Swipe up to increase or down to decrease"},{"$i":"accessibility-spinbutton-hint","$v":"Swipe up to increase or down to decrease"},{"$i":"accessibility-pagetab-hint","$v":"Double tap to activate"},{"$i":"accessibility-entry-hint","$v":"Double tap to activate"},{"$i":"accessibility-outlineitem-hint","$v":"Double tap to activate"},{"$i":"SoftLeft","$v":"Virtuell knapp, vänster"},{"$i":"Enter","$v":"OK-knapp"},{"$i":"SoftRight","$v":"Virtuell knapp, höger"},{"$i":"weekday-0-long","$v":"Söndag"},{"$i":"weekday-1-long","$v":"Måndag"},{"$i":"weekday-2-long","$v":"Tisdag"},{"$i":"weekday-3-long","$v":"Onsdag"},{"$i":"weekday-4-long","$v":"Torsdag"},{"$i":"weekday-5-long","$v":"Fredag"},{"$i":"weekday-6-long","$v":"Lördag"},{"$i":"weekday-0-short","$v":"Sön"},{"$i":"weekday-1-short","$v":"Mån"},{"$i":"weekday-2-short","$v":"Tis"},{"$i":"weekday-3-short","$v":"Ons"},{"$i":"weekday-4-short","$v":"Tor"},{"$i":"weekday-5-short","$v":"Fre"},{"$i":"weekday-6-short","$v":"Lör"},{"$i":"month-0-long","$v":"Januari"},{"$i":"month-1-long","$v":"Februari"},{"$i":"month-2-long","$v":"Mars"},{"$i":"month-3-long","$v":"April"},{"$i":"month-4-long","$v":"Maj"},{"$i":"month-5-long","$v":"Juni"},{"$i":"month-6-long","$v":"Juli"},{"$i":"month-7-long","$v":"Augusti"},{"$i":"month-8-long","$v":"September"},{"$i":"month-9-long","$v":"Oktober"},{"$i":"month-10-long","$v":"November"},{"$i":"month-11-long","$v":"December"},{"$i":"month-0-genitive","$v":"Januari"},{"$i":"month-1-genitive","$v":"Februari"},{"$i":"month-2-genitive","$v":"Mars"},{"$i":"month-3-genitive","$v":"April"},{"$i":"month-4-genitive","$v":"Maj"},{"$i":"month-5-genitive","$v":"Juni"},{"$i":"month-6-genitive","$v":"Juli"},{"$i":"month-7-genitive","$v":"Augusti"},{"$i":"month-8-genitive","$v":"September"},{"$i":"month-9-genitive","$v":"Oktober"},{"$i":"month-10-genitive","$v":"November"},{"$i":"month-11-genitive","$v":"December"},{"$i":"month-0-short","$v":"Jan"},{"$i":"month-1-short","$v":"Feb"},{"$i":"month-2-short","$v":"Mar"},{"$i":"month-3-short","$v":"Apr"},{"$i":"month-4-short","$v":"Maj"},{"$i":"month-5-short","$v":"Jun"},{"$i":"month-6-short","$v":"Jul"},{"$i":"month-7-short","$v":"Aug"},{"$i":"month-8-short","$v":"Sep"},{"$i":"month-9-short","$v":"Okt"},{"$i":"month-10-short","$v":"Nov"},{"$i":"month-11-short","$v":"Dec"},{"$i":"minutes-ago-long","$v":{"few":[{"t":"idOrVar","v":"value"}," minuter sedan"],"many":[{"t":"idOrVar","v":"value"}," minuter sedan"],"one":"en minut sedan","other":[{"t":"idOrVar","v":"value"}," minuter sedan"],"two":[{"t":"idOrVar","v":"value"}," minuter sedan"],"zero":"just nu"},"$x":[{"t":"idOrVar","v":"plural"},"value"]},{"$i":"hours-ago-long","$v":{"few":[{"t":"idOrVar","v":"value"}," timmar sedan"],"many":[{"t":"idOrVar","v":"value"}," timmar sedan"],"one":"en timme sedan","other":[{"t":"idOrVar","v":"value"}," timmar sedan"],"two":[{"t":"idOrVar","v":"value"}," timmar sedan"],"zero":"just nu"},"$x":[{"t":"idOrVar","v":"plural"},"value"]},{"$i":"days-ago-long","$v":{"few":[{"t":"idOrVar","v":"value"}," dagar sedan"],"many":[{"t":"idOrVar","v":"value"}," dagar sedan"],"one":"igår","other":[{"t":"idOrVar","v":"value"}," dagar sedan"],"two":[{"t":"idOrVar","v":"value"}," dagar sedan"],"zero":"idag"},"$x":[{"t":"idOrVar","v":"plural"},"value"]},{"$i":"weeks-ago-long","$v":{"few":[{"t":"idOrVar","v":"value"}," veckor sedan"],"many":[{"t":"idOrVar","v":"value"}," veckor sedan"],"one":"förra veckan","other":[{"t":"idOrVar","v":"value"}," veckor sedan"],"two":[{"t":"idOrVar","v":"value"}," veckor sedan"],"zero":"den här veckan"},"$x":[{"t":"idOrVar","v":"plural"},"value"]},{"$i":"months-ago-long","$v":{"few":[{"t":"idOrVar","v":"value"}," månader sedan"],"many":[{"t":"idOrVar","v":"value"}," månader sedan"],"one":"förra månaden","other":[{"t":"idOrVar","v":"value"}," månader sedan"],"two":[{"t":"idOrVar","v":"value"}," månader sedan"],"zero":"den här månaden"},"$x":[{"t":"idOrVar","v":"plural"},"value"]},{"$i":"years-ago-long","$v":{"few":[{"t":"idOrVar","v":"value"}," år sedan"],"many":[{"t":"idOrVar","v":"value"}," år sedan"],"one":"förra året","other":[{"t":"idOrVar","v":"value"}," år sedan"],"two":[{"t":"idOrVar","v":"value"}," år sedan"],"zero":"det här året"},"$x":[{"t":"idOrVar","v":"plural"},"value"]},{"$i":"minutes-until-long","$v":{"few":["om ",{"t":"idOrVar","v":"value"}," minuter"],"many":["om ",{"t":"idOrVar","v":"value"}," minuter"],"one":"om en minut","other":["om ",{"t":"idOrVar","v":"value"}," minuter"],"two":["om ",{"t":"idOrVar","v":"value"}," minuter"],"zero":"nu"},"$x":[{"t":"idOrVar","v":"plural"},"value"]},{"$i":"hours-until-long","$v":{"few":["om ",{"t":"idOrVar","v":"value"}," timmar"],"many":["om ",{"t":"idOrVar","v":"value"}," timmar"],"one":"om en timme","other":["om ",{"t":"idOrVar","v":"value"}," timmar"],"two":["om ",{"t":"idOrVar","v":"value"}," timmar"],"zero":"nu"},"$x":[{"t":"idOrVar","v":"plural"},"value"]},{"$i":"days-until-long","$v":{"few":["om ",{"t":"idOrVar","v":"value"}," dagar"],"many":["om ",{"t":"idOrVar","v":"value"}," dagar"],"one":"imorgon","other":["om ",{"t":"idOrVar","v":"value"}," dagar"],"two":["om ",{"t":"idOrVar","v":"value"}," dagar"],"zero":"idag"},"$x":[{"t":"idOrVar","v":"plural"},"value"]},{"$i":"weeks-until-long","$v":{"few":["om ",{"t":"idOrVar","v":"value"}," veckor"],"many":["om ",{"t":"idOrVar","v":"value"}," veckor"],"one":"nästa vecka","other":["om ",{"t":"idOrVar","v":"value"}," veckor"],"two":["om ",{"t":"idOrVar","v":"value"}," veckor"],"zero":"den här veckan"},"$x":[{"t":"idOrVar","v":"plural"},"value"]},{"$i":"months-until-long","$v":{"few":["om ",{"t":"idOrVar","v":"value"}," månader"],"many":["om ",{"t":"idOrVar","v":"value"}," månader"],"one":"nästa månad","other":["om ",{"t":"idOrVar","v":"value"}," månader"],"two":["om ",{"t":"idOrVar","v":"value"}," månader"],"zero":"den här månaden"},"$x":[{"t":"idOrVar","v":"plural"},"value"]},{"$i":"years-until-long","$v":{"few":["om ",{"t":"idOrVar","v":"value"}," år"],"many":["om ",{"t":"idOrVar","v":"value"}," år"],"one":"nästa år","other":["om ",{"t":"idOrVar","v":"value"}," år"],"two":["om ",{"t":"idOrVar","v":"value"}," år"],"zero":"det här året"},"$x":[{"t":"idOrVar","v":"plural"},"value"]},{"$i":"minutes-ago-short","$v":{"other":[{"t":"idOrVar","v":"value"}," m sedan"],"zero":"just nu"},"$x":[{"t":"idOrVar","v":"plural"},"value"]},{"$i":"hours-ago-short","$v":{"other":[{"t":"idOrVar","v":"value"}," tim. sedan"],"zero":"just nu"},"$x":[{"t":"idOrVar","v":"plural"},"value"]},{"$i":"days-ago-short","$v":{"other":[{"t":"idOrVar","v":"value"}," d sedan"],"zero":"idag"},"$x":[{"t":"idOrVar","v":"plural"},"value"]},{"$i":"minutes-until-short","$v":{"other":["om ",{"t":"idOrVar","v":"value"}," min."],"zero":"nu"},"$x":[{"t":"idOrVar","v":"plural"},"value"]},{"$i":"hours-until-short","$v":{"other":["om ",{"t":"idOrVar","v":"value"}," tim."],"zero":"nu"},"$x":[{"t":"idOrVar","v":"plural"},"value"]},{"$i":"days-until-short","$v":{"other":["om ",{"t":"idOrVar","v":"value"}," dag"],"zero":"idag"},"$x":[{"t":"idOrVar","v":"plural"},"value"]},{"$i":"incorrectDate","$v":"(fel datum)"},{"$i":"dateTimeFormat_%c","$v":"%a %b %e %Y %I:%M:%S %p"},{"$i":"dateTimeFormat_%x","$v":"%m/%d/%Y"},{"$i":"dateTimeFormat_%X","$v":"%I:%M:%S %p"},{"$i":"shortTimeFormat","$v":"%I:%M %p"},{"$i":"shortTimeFormat12","$v":"%I:%M %p"},{"$i":"shortTimeFormat24","$v":"%H:%M"},{"$i":"shortDateTimeFormat","$v":"%x %I:%M %p"},{"$i":"weekStartsOnMonday","$v":"0.0"},{"$i":"firstDayOfTheWeek","$v":"1.0"},{"$i":"time_am","$v":"am"},{"$i":"time_pm","$v":"PM"},{"$i":"title-app","$v":"Appbehörighet"},{"$i":"title-web","$v":"Webbplatsbehörighet"},{"$i":"title-cam","$v":"Välj kamera"},{"$i":"perm-alarms","$v":"Schemalägg alarm"},{"$i":"perm-audio-capture","$v":"Mikrofon"},{"$i":"perm-audio-capture-appRequest","$v":["Vill du dela mikrofonen med ",{"t":"idOrVar","v":"app"},"?"]},{"$i":"perm-audio-capture-webRequest","$v":["Vill du dela mikrofonen med ",{"t":"idOrVar","v":"site"},"?"]},{"$i":"perm-audio-channel-content","$v":"Spela upp ljud"},{"$i":"perm-audio-channel-notification","$v":"Spela upp meddelandeljud"},{"$i":"perm-audio-channel-ringer","$v":"Play Ringtone Sounds"},{"$i":"perm-background-sensors","$v":"Kom åt sensordata"},{"$i":"perm-bluetooth","$v":"Bluetooth"},{"$i":"perm-browser","$v":"Granska webbsidor"},{"$i":"perm-camera","$v":"Kameror"},{"$i":"perm-camera-selector-appRequest","$v":["Välj en kamera för ",{"t":"idOrVar","v":"app"},"."]},{"$i":"perm-camera-selector-webRequest","$v":["Välj en kamera för ",{"t":"idOrVar","v":"site"},"."]},{"$i":"perm-camera-appRequest","$v":[{"t":"idOrVar","v":"app"}," vill använda din kamera."]},{"$i":"perm-camera-webRequest","$v":[{"t":"idOrVar","v":"site"}," vill använda din kamera."]},{"$i":"perm-cellbroadcast","$v":"Cellsändningar"},{"$i":"perm-contacts","$v":"Kontakter"},{"$i":"perm-contacts-appRequest","$v":[{"t":"idOrVar","v":"app"}," vill få åtkomst till din kontaktlista."]},{"$i":"perm-contacts-webRequest","$v":[{"t":"idOrVar","v":"site"}," vill få åtkomst till din kontaktlista."]},{"$i":"perm-desktop-notification","$v":"Meddelanden"},{"$i":"perm-desktop-notification-appRequest","$v":[{"t":"idOrVar","v":"app"}," vill visa meddelanden."]},{"$i":"perm-desktop-notification-webRequest","$v":[{"t":"idOrVar","v":"site"}," vill visa meddelanden."]},{"$i":"perm-device-storage-apps","$v":"Applagring"},{"$i":"perm-device-storage-music","$v":"Lagringsutrymme för musik"},{"$i":"perm-device-storage-music-appRequest","$v":[{"t":"idOrVar","v":"app"}," vill få åtkomst till din musik."]},{"$i":"perm-device-storage-music-webRequest","$v":[{"t":"idOrVar","v":"site"}," vill få åtkomst till din musik."]},{"$i":"perm-device-storage-pictures","$v":"Bildlagring"},{"$i":"perm-device-storage-pictures-appRequest","$v":[{"t":"idOrVar","v":"app"}," vill få åtkomst till dina bilder."]},{"$i":"perm-device-storage-pictures-webRequest","$v":[{"t":"idOrVar","v":"site"}," vill få åtkomst till dina bilder."]},{"$i":"perm-device-storage-sdcard","$v":"Lagring på minneskort"},{"$i":"perm-device-storage-sdcard-appRequest","$v":[{"t":"idOrVar","v":"app"}," vill få åtkomst till ditt minneskort."]},{"$i":"perm-device-storage-sdcard-webRequest","$v":[{"t":"idOrVar","v":"site"}," vill få åtkomst till ditt minneskort."]},{"$i":"perm-device-storage-videos","$v":"Videoförvaring"},{"$i":"perm-device-storage-videos-appRequest","$v":[{"t":"idOrVar","v":"app"}," vill få åtkomst till dina videor."]},{"$i":"perm-device-storage-videos-webRequest","$v":[{"t":"idOrVar","v":"site"}," vill få åtkomst till dina videor."]},{"$i":"perm-fullscreen-appRequest","$v":[{"t":"idOrVar","v":"app"}," är nu i helskärm."]},{"$i":"perm-fullscreen-webRequest","$v":[{"t":"idOrVar","v":"site"}," är nu i helskärm."]},{"$i":"perm-embed-apps","$v":"Bädda in appar"},{"$i":"perm-fmradio","$v":"FM-radio"},{"$i":"perm-fmradio-appRequest","$v":[{"t":"idOrVar","v":"app"}," vill använda FM-radion."]},{"$i":"perm-fmradio-webRequest","$v":[{"t":"idOrVar","v":"site"}," vill använda FM-radion."]},{"$i":"perm-geolocation","$v":"Geoplats"},{"$i":"perm-geolocation-appRequest","$v":[{"t":"idOrVar","v":"app"}," vill veta din plats."]},{"$i":"perm-geolocation-more-info","$v":[{"t":"idOrVar","v":"brandShortName"}," använder GPS och ytterligare extrainformation såsom Wi-Fi och mobila nätverk för att beräkna din plats. Platsdata kan användas av ",{"t":"idOrVar","v":"brandShortName"}," och tjänsteleverantörer för att förbättra noggrannhet och täckning för platsdatabaser. ",{"t":"idOrVar","v":"brandShortName"}," ber alltid om behörighet när ett program behöver åtkomst till din enhets plats."]},{"$i":"perm-geolocation-webRequest","$v":[{"t":"idOrVar","v":"site"}," vill veta din plats."]},{"$i":"perm-idle","$v":"Se inaktivitetsstatus"},{"$i":"perm-indexedDB-chrome-settings","$v":"Privilegierad indexerad DB"},{"$i":"perm-indexedDB-unlimited","$v":"Obegränsad IndexedDB-lagring"},{"$i":"perm-input-manage","$v":"Hantera tangentbord"},{"$i":"perm-input","$v":"Fungera som tangentbord"},{"$i":"perm-media-capture","$v":"Kamera och mikrofon"},{"$i":"perm-media-capture-appRequest","$v":["Vill du dela kameran och mikrofonen med ",{"t":"idOrVar","v":"app"},"?"]},{"$i":"perm-media-capture-webRequest","$v":["Vill du dela kameran och mikrofonen med ",{"t":"idOrVar","v":"site"},"?"]},{"$i":"perm-mobileconnection","$v":"Mobilanslutning"},{"$i":"perm-mobileid","$v":"Mobil-ID"},{"$i":"perm-network-events","$v":"Nätverkshändelser"},{"$i":"perm-open-remote-window","$v":"Starta en app"},{"$i":"perm-permissions","$v":"Ändra appbehörigheter"},{"$i":"perm-power","$v":"Ströminställningar"},{"$i":"perm-settings","$v":"Ändra inställningar"},{"$i":"perm-systemXHR","$v":"Förfrågan med korsande ursprung"},{"$i":"perm-telephony","$v":"Telefoni"},{"$i":"perm-video-capture","$v":"Kamera"},{"$i":"perm-video-capture-appRequest","$v":["Vill du dela kameran med ",{"t":"idOrVar","v":"app"},"?"]},{"$i":"perm-video-capture-webRequest","$v":["Vill du dela kameran med ",{"t":"idOrVar","v":"site"},"?"]},{"$i":"perm-voicemail","$v":"Kontroll röstbrevlåda"},{"$i":"perm-webapps-manage","$v":"Installera webbappar"},{"$i":"perm-wifi-manage","$v":"Hantera Wi-Fi"},{"$i":"perm-attention","$v":"Öppna överläggpopupfönster"},{"$i":"perm-audio-channel-alarm","$v":"Spela upp alarmljud"},{"$i":"perm-audio-channel-normal","$v":"Spela upp ljud"},{"$i":"perm-audio-channel-publicnotification","$v":"Spela offentliga medd.ljud"},{"$i":"perm-audio-channel-telephony","$v":"Spela upp telefoniljud"},{"$i":"perm-backgroundservice","$v":"Fungera som bakgrundstjänst"},{"$i":"perm-device-storage-crashes","$v":"Kraschdatalagring"},{"$i":"perm-downloads","$v":"Kom åt nedladdningar"},{"$i":"perm-embed-widgets","$v":"Bädda in widgetar"},{"$i":"perm-feature-detection","$v":"Detektering av funktion"},{"$i":"perm-firefox-accounts","$v":"Firefox-konton"},{"$i":"perm-mobilenetwork","$v":"Mobilnät"},{"$i":"perm-moz-attention","$v":"Öppna överläggpopupfönster (moz)"},{"$i":"perm-moz-audio-channel-ringer","$v":"Play Ringtone Sounds (moz)"},{"$i":"perm-moz-audio-channel-telephony","$v":"Spela telefoniljud (moz)"},{"$i":"perm-moz-firefox-accounts","$v":"Firefox-konton (moz)"},{"$i":"perm-networkstats-manage","$v":"Kontroll användningsstatistik"},{"$i":"perm-nfc","$v":"NFC"},{"$i":"perm-nfc-hci-events","$v":"NFC HCI-händelser"},{"$i":"perm-nfc-manager","$v":"Hantera NFC"},{"$i":"perm-phonenumberservice","$v":"Telefonnummertjänst"},{"$i":"perm-push","$v":"Push API"},{"$i":"perm-resourcestats-manage","$v":"Upplösningsstatistik"},{"$i":"perm-sms","$v":"Skicka och läs SMS"},{"$i":"perm-speaker-control","$v":"Kontroll volym"},{"$i":"perm-storage","$v":"Kom åt lagringsutrymme"},{"$i":"perm-tcp-socket","$v":"TCP-sockets"},{"$i":"perm-test-permission","$v":"Test Permission"},{"$i":"perm-time","$v":"Ställ in datum och tid"},{"$i":"perm-udp-socket","$v":"UDP-sockets"},{"$i":"perm-wappush","$v":"WAP-push"},{"$i":"stopped_download_title","$v":"Nedladdning stoppad"},{"$i":"tcl-stopped_download_message","$v":"Nedladdningen har stoppats. Vill du återuppta nedladdningen?"},{"$i":"stopped_download_left_button","$v":"Avbryt"},{"$i":"stopped_download_right_button","$v":"Försök igen"},{"$i":"failed_download_title","$v":"Nedladdning misslyckades"},{"$i":"failed_download_message","$v":[{"t":"idOrVar","v":"name"}," gick inte att ladda ned. Försök ladda ned igen?"]},{"$i":"failed_download_left_button","$v":"Avbryt"},{"$i":"failed_download_right_button","$v":"Försök igen"},{"$i":"stop_download_title","$v":"Stoppa nedladdning"},{"$i":"stop_download_message","$v":"Är du säker på att du vill stoppa nedladdningen?"},{"$i":"stop_download_left_button","$v":"Avbryt"},{"$i":"stop_download_right_button","$v":"Stopp"},{"$i":"delete_download_title","$v":"Ta bort"},{"$i":"delete_download_message","$v":["Ta bort ”",{"t":"idOrVar","v":"name"},"”?"]},{"$i":"delete_download_left_button","$v":"Avbryt"},{"$i":"delete_download_right_button","$v":"Ta bort"},{"$i":"delete_all_download_title","$v":"Ta bort"},{"$i":"delete_all_download_left_button","$v":"Avbryt"},{"$i":"delete_all_download_right_button","$v":"Ta bort"},{"$i":"delete_all_download_message_ext","$v":"Radera markerade filer?"},{"$i":"delete_all_download_message","$v":{"few":["Ta bort ",{"t":"idOrVar","v":"number"}," filer?"],"many":["Ta bort ",{"t":"idOrVar","v":"number"}," filer?"],"one":"Ta bort en fil?","other":["Ta bort ",{"t":"idOrVar","v":"number"}," filer?"],"two":["Ta bort ",{"t":"idOrVar","v":"number"}," filer?"],"zero":"Ta inte bort några filer?"},"$x":[{"t":"idOrVar","v":"plural"},"number"]},{"$i":"unsupported_file_type_download_title","$v":"Det går inte att öppna"},{"$i":"unsupported_file_type_download_message","$v":["Det finns ingen app som kan öppna ",{"t":"idOrVar","v":"name"},". Vill du spara filen eller ta bort den?"]},{"$i":"unsupported_file_type_download_left_button","$v":"Behåll fil"},{"$i":"unsupported_file_type_download_right_button","$v":"Ta bort"},{"$i":"file_not_found_download_title","$v":"Filen kunde inte hittas"},{"$i":"file_not_found_download_message","$v":"Det gick inte att hitta filen på enheten"},{"$i":"file_not_found_download_right_button","$v":"OK"},{"$i":"unmounted_sdcard_2_download_title","$v":"Minneskortet är i bruk"},{"$i":"unmounted_sdcard_2_download_message","$v":"Koppla ur telefonen"},{"$i":"unmounted_sdcard_2_download_right_button","$v":"OK"},{"$i":"no_provider_download_title","$v":"Det går inte att öppna"},{"$i":"no_provider_download_message","$v":"Filformatet är ogiltigt eller stöds ej."},{"$i":"no_provider_download_right_button","$v":"OK"},{"$i":"no_memory_download_title","$v":"SD-kortet är fullt"},{"$i":"no_memory_download_message","$v":"Det finns inte tillräckligt utrymme på SD-kortet för att spara nedladdningen. Ta bort några filer och starta om nedladdningen."},{"$i":"no_memory_download_right_button","$v":"OK"},{"$i":"no_sdcard_found_2_download_title","$v":"Inget minneskort hittades"},{"$i":"no_sdcard_found_2_download_message","$v":"Sätt i ett minneskort eller välj en alternativ standardmediaplats i inställningar"},{"$i":"no_sdcard_found_2_download_right_button","$v":"OK"},{"$i":"file_open_error_download_title","$v":"Bekräftelse"},{"$i":"file_open_error_download_message","$v":"Det här filformatet är ogiltigt eller stöds ej. Vill du ta bort filen?"},{"$i":"file_open_error_download_left_button","$v":"Behåll fil"},{"$i":"file_open_error_download_right_button","$v":"Ta bort"},{"$i":"restart_download_error","$v":"Ett fel uppstod när nedladdningen skulle startas om. Försök att ladda ned igen."},{"$i":"no-downloads","$v":"Inga nedladdningar"},{"$i":"percentage","$v":[{"t":"idOrVar","v":"percentage"}," %"]},{"$i":"partialResult","$v":[{"t":"idOrVar","v":"partial"}," / ",{"t":"idOrVar","v":"total"}]},{"$i":"summary","$v":[{"t":"idOrVar","v":"date"}," - ",{"t":"idOrVar","v":"status"}]},{"$i":"download-stopped","$v":"Stoppad"},{"$i":"download-failed","$v":"Nedladdning misslyckades"},{"$i":"open_downloaded_file","$v":"Öppna"},{"$i":"share_downloaded_file","$v":"Dela"},{"$i":"wallpaper_downloaded_file","$v":"Använd som bakgrund"},{"$i":"ringtone_downloaded_file","$v":"Använd som ringsignal"},{"$i":"cancel_downloaded_file","$v":"Avbryt"},{"$i":"voicemailNoNumberTitle","$v":"Röstbrevlådenummer är ej tillgängligt"},{"$i":"voicemailNoNumberText","$v":"Det går inte att tinga röstbrevlåda. Ställ in röstbrevlådenummer för att ringa samtalet."},{"$i":"voicemailNoNumberSettings","$v":"Inställningar"},{"$i":"voicemailNoNumberCancel","$v":"Avbryt"},{"$i":"airplaneMode","$v":"Flygläge"},{"$i":"noNetwork","$v":"Inget nätverk"},{"$i":"roaming","$v":[{"t":"idOrVar","v":"operator"}," (Roaming)"]},{"$i":"operator-info","$v":[{"t":"idOrVar","v":"carrier"}," ",{"t":"idOrVar","v":"region"}]},{"$i":"emergencyCallsOnly","$v":"Endast nödsamtal"},{"$i":"emergencyCallsOnly-unknownSIMState","$v":"(okänt SIM-kortstillstånd)"},{"$i":"emergencyCallsOnly-noSIM","$v":"(Inget SIM-kort)"},{"$i":"emergencyCallsOnly-pinRequired","$v":"(SIM PIN-kod krävs)"},{"$i":"emergencyCallsOnly-pukRequired","$v":"(SIM PUK-kod krävs)"},{"$i":"emergencyCallsOnly-networkLocked","$v":"(nätverkslåst)"},{"$i":"emergencyCallsOnly-serviceProviderLocked","$v":"(tjänsteleverantörslåst)"},{"$i":"emergencyCallsOnly-corporateLocked","$v":"(företagslåst)"},{"$i":"emergencyCallsOnly-network1Locked","$v":"(nätverk1-låst)"},{"$i":"emergencyCallsOnly-network2Locked","$v":"(nätverk2-låst)"},{"$i":"emergencyCallsOnly-hrpdNetworkLocked","$v":"(hrpd nätverkslåst)"},{"$i":"emergencyCallsOnly-ruimCorporateLocked","$v":"(RUIM, företagslåst)"},{"$i":"emergencyCallsOnly-ruimServiceProviderLocked","$v":"(RUIM, tjänsteleverantörslåst)"},{"$i":"lockscreen-sim-id","$v":["SIM ",{"t":"idOrVar","v":"n"}]},{"$i":"charging-no-time","$v":[{"t":"idOrVar","v":"level"},"% laddad"]},{"$i":"charging-minutes","$v":{"few":[{"t":"idOrVar","v":"level"},"% laddad (",{"t":"idOrVar","v":"minutes"}," min. till fulladdad)"],"many":[{"t":"idOrVar","v":"level"},"% laddad (",{"t":"idOrVar","v":"minutes"}," min. till fulladdad)"],"one":[{"t":"idOrVar","v":"level"},"% laddad (",{"t":"idOrVar","v":"minutes"}," min. till fulladdad)"],"other":[{"t":"idOrVar","v":"level"},"% laddad (",{"t":"idOrVar","v":"minutes"}," min. till fulladdad)"],"two":[{"t":"idOrVar","v":"level"},"% laddad (",{"t":"idOrVar","v":"minutes"}," min. till fulladdad)"],"zero":[{"t":"idOrVar","v":"level"},"% laddad (",{"t":"idOrVar","v":"minutes"}," min. till fulladdad)"]},"$x":[{"t":"idOrVar","v":"plural"},"minutes"]},{"$i":"charging-hours","$v":{"few":[{"t":"idOrVar","v":"level"},"% laddad (",{"t":"idOrVar","v":"hours"}," tim. ",{"t":"idOrVar","v":"minutes"}," min. till fulladdad)"],"many":[{"t":"idOrVar","v":"level"},"% laddad (",{"t":"idOrVar","v":"hours"}," tim. ",{"t":"idOrVar","v":"minutes"}," min. till fulladdad)"],"one":[{"t":"idOrVar","v":"level"},"% laddad (",{"t":"idOrVar","v":"hours"}," tim. ",{"t":"idOrVar","v":"minutes"}," min. till fulladdad)"],"other":[{"t":"idOrVar","v":"level"},"% laddad (",{"t":"idOrVar","v":"hours"}," tim. ",{"t":"idOrVar","v":"minutes"}," min. till fulladdad)"],"two":[{"t":"idOrVar","v":"level"},"% laddad (",{"t":"idOrVar","v":"hours"}," tim. ",{"t":"idOrVar","v":"minutes"}," min. till fulladdad)"],"zero":[{"t":"idOrVar","v":"level"},"% laddad (",{"t":"idOrVar","v":"hours"}," tim. ",{"t":"idOrVar","v":"minutes"}," min. till fulladdad)"]},"$x":[{"t":"idOrVar","v":"plural"},"minutes"]},{"$i":"network-error-in-app","$v":"Ingen åtkomst till internet just nu."},{"$i":"network-error-launching","$v":[{"t":"idOrVar","v":"name"}," kräver en internetanslutning."]},{"$i":"network-error-launching-title","$v":"Ingen internetanslutning"},{"$i":"network-error-launching-message","$v":"Använd Wi-Fi eller mobildata för att ansluta till internet."},{"$i":"server-not-found","$v":"Det gick inte att hitta server"},{"$i":"server-not-found-error","$v":["Det går inte att hitta servern på ",{"t":"idOrVar","v":"name"},"."]},{"$i":"file-not-found","$v":"Filen kunde inte hittas"},{"$i":"file-not-found-error","$v":"Enheten kan inte visa sidan eftersom filen inte kan hittas."},{"$i":"connection-failed","$v":"Det går inte att ansluta"},{"$i":"connection-failed-error","$v":"Ett nätverksfel uppstod vid försök att nå webbplatsen."},{"$i":"invalid-connection","$v":"Det går inte att ansluta"},{"$i":"invalid-connection-error","$v":"Ett nätverksfel uppstod vid försök att nå webbplatsen."},{"$i":"malformed-uri","$v":"Ogiltigt URL"},{"$i":"malformed-uri-error","$v":"Angive URL är inte giltig och kan inte laddas."},{"$i":"redirect-loop","$v":"Det går inte att visa sida"},{"$i":"redirect-loop-error","$v":"Enheten kan inte visa sidan eftersom sidan inte omdirigerar korrekt. Prova sidan vid ett senare tillfälle."},{"$i":"not-cached","$v":"Sidan har förfallit"},{"$i":"not-cached-error","$v":"Som en säkerhetsåtgärd visas inte den här sidan på enheten eftersom den har förfallit."},{"$i":"is-printing","$v":"Åtkomst nekad"},{"$i":"is-printing-error","$v":"Dokumentet kan inte ändras under utskrift eller i vid förhandsgranskning för utskrift."},{"$i":"denied-port-access","$v":"Adress begränsad"},{"$i":"denied-port-access-error","$v":"Den här adressen använder en nätverksport som normalt används till annat än webbsurfing. För din säkerhets skull har enheten avbrutit din begäran."},{"$i":"proxy-resolve-failure","$v":"Proxyserverfel"},{"$i":"proxy-resolve-failure-error","$v":"Enheten är konfigurerad för att använda en proxyserver som inte kan hittas."},{"$i":"proxy-connect-failure","$v":"Proxyserverfel"},{"$i":"proxy-connect-failure-error","$v":"Enheten är konfigurerad för att använda en proxyserver som avvisar anslutningar."},{"$i":"content-encoding","$v":"Det går inte att visa sidan"},{"$i":"content-encoding-error","$v":"Enheten kan inte visa sidan eftersom ett innehållskodningsfel uppstod."},{"$i":"remote-xul","$v":"Sidan stöds inte"},{"$i":"remote-xul-error","$v":"Sidan kan inte visas eftersom den använder teknologi som inte stöds av denna enhet."},{"$i":"phishing-blocked","$v":"Varning"},{"$i":"phishing-blocked-error","$v":"Webbplatsen har rapporterats som en bedrägeriplats med avsikt att lura personer att uppge personlig eller ekonomisk information."},{"$i":"malware-blocked","$v":"Attack från skadlig kod blockerad"},{"$i":"malware-blocked-error","$v":"Webbplatsen har rapporterats som en attackplats. För din säkerhets skull har enheten blockerat begäran."},{"$i":"unsafe-content-type","$v":"Osäkert innehåll"},{"$i":"unsafe-content-type-error","$v":"Sidan kan inte visas eftersom den kanske inte är säker att öppna."},{"$i":"corrupted-content","$v":"Det går inte att ansluta"},{"$i":"corrupted-content-error","$v":"Sidan kan inte visas eftersom ett fel upptäcktes i dataöverföringen."},{"$i":"unknown-protocol-found","$v":"Sidan stöds inte"},{"$i":"unknown-protocol-found-error","$v":"Sidan kan inte visas, den använder teknologi som inte stöds på enheten."},{"$i":"try-again","$v":"Försök igen"},{"$i":"check-settings","$v":"Kontrollera inställningar"},{"$i":"firefox-accounts-title","$v":"KaiOS-konton"},{"$i":"firefox-accounts-title-sign-in","$v":"Logga in"},{"$i":"firefox-accounts-title-create-account","$v":"Skapa konto"},{"$i":"kaios-accounts-title-about-kaios-account","$v":"Om KaiOS-konto"},{"$i":"kaios-accounts-phone-verification","$v":"Telefonverifiering"},{"$i":"kaios-accounts-title-account-info","$v":"Kontoinformation"},{"$i":"fxa-next","$v":"Nästa"},{"$i":"fxa-back","$v":"Tillbaka"},{"$i":"fxa-done","$v":"Klar"},{"$i":"fxa-ok","$v":"OK"},{"$i":"tcl-changessaved","$v":"Ändringar sparade"},{"$i":"tcl-verification-mail-has-been-sent","$v":"En verifieringslänk har skickats till"},{"$i":"fxa-decline","$v":"Avvisa"},{"$i":"fxa-accept","$v":"Acceptera"},{"$i":"fxa-sining-in","$v":"Loggar in..."},{"$i":"not-now","$v":"Inte nu"},{"$i":"send-sms","$v":"Skicka SMS"},{"$i":"resend-sms","$v":"Skicka SMS-meddelandet igen"},{"$i":"fxa-connection-error-title","$v":"Det går inte att ansluta"},{"$i":"fxa-connection-error-message","$v":"Du kan skapa ett konto eller logga in från Inställningar."},{"$i":"fxa-reset-password-error-title","$v":"Återställ lösenord"},{"$i":"fxa-reset-password-error-message","$v":"Du kan återställa ditt lösenord i Inställningar."},{"$i":"fxa-incorrect-email-address-or-password","$v":"fxa incorrect email address or password"},{"$i":"fxa-internet-connection-is-required","$v":"fax internetanslutning krävs"},{"$i":"fxa-server-error","$v":"Serverfel. Försök senare."},{"$i":"fxa-server-error-2","$v":"Fel"},{"$i":"fxa-server-error-message","$v":"Kan inte skapa konto. Försök igen senare."},{"$i":"fxa-server-error-message-2","$v":"Server inte tillgänglig. Försök senare."},{"$i":"fxa-offline-error-title","$v":"Det går inte att ansluta"},{"$i":"fxa-offline-error-message","$v":"Anslut till ett nätverk från Inställningar."},{"$i":"fxa-offline-error-message-1","$v":"Ingen internetanslutning."},{"$i":"fxa-invalid-email-title","$v":"Fel"},{"$i":"fxa-invalid-email-message","$v":"Ange giltig e-post."},{"$i":"fxa-invalid-password-title","$v":"Fel"},{"$i":"fxa-invalid-password-message","$v":"Fel e-postadress eller lösenord"},{"$i":"fxa-invalid-password-message-1","$v":"Fel lösenord."},{"$i":"fxa-unknown-error-title","$v":"Det går inte att ansluta"},{"$i":"fxa-unknown-error-message","$v":"Systemet är inte tillgängligt, försök igen om en stund."},{"$i":"fxa-email-is-taken-title","$v":"Fel"},{"$i":"fxa-email-is-taken-message","$v":"Det finns redan ett konto för den här e-postadressen. Logga in på ditt konto."},{"$i":"fxa-confirm-age-title","$v":"Fel"},{"$i":"fxa-confirm-age-message","$v":"Bekräfta att du är äldre än13 år"},{"$i":"fxa-account-does-not-exist","$v":"Fel"},{"$i":"fxa-account-does-not-exist-message","$v":"Fel e-postadress eller lösenord"},{"$i":"fxa-account-does-not-exist-message-1","$v":"Account does not exist."},{"$i":"fxa-password-dont-match","$v":"Fel"},{"$i":"fxa-password-dont-match-message","$v":"Lösenorden matchar inte."},{"$i":"fxa-password-less","$v":"Fel"},{"$i":"fxa-password-less-message","$v":"Lösenordet är kortare än 8 tecken."},{"$i":"fxa-password-less-message-1","$v":"Lösenordet är kortare än 8 tecken."},{"$i":"fxa-password-more","$v":"Fel"},{"$i":"fxa-password-more-message","$v":"Lösenordet är längre än 20 tecken."},{"$i":"fxa-password-more-message-1","$v":"Lösenordet är längre än 20 tecken."},{"$i":"fxa-password-error","$v":"Fel"},{"$i":"fxa-password-error-message","$v":"Lösenord ska ha 8 och 20 tecken, en kombination av bokstäver och siffror."},{"$i":"fxa-connecting","$v":"Ansluter"},{"$i":"fxa-enter-phone-number-message","$v":"Skriv in ditt telefonnummer. Ett SMS-meddelande skickas och automatisk verifiering startar."},{"$i":"fxa-sms-has-been-sent-message","$v":"SMS-meddelandet har skickats. När det tas emot startar automatisk verifiering. Bara luta dig tillbaka och njut av turen!"},{"$i":"fxa-time-remaining","$v":"Återstående tid:"},{"$i":"fxa-sms-verification-failed-message","$v":"SMS-verifiering misslyckades. Vänligen bekräfta telefonen och tryck på ”Skicka vidare SMS” för att försöka igen."},{"$i":"fxa-phone-number-label","$v":"Telefonnummer"},{"$i":"fxa-enter-your-infomation","$v":"Ange din information."},{"$i":"fxa-birthday-label","$v":"Födelsedag"},{"$i":"fxa-birthday-select","$v":"Välj"},{"$i":"fxa-gender-label","$v":"Kön"},{"$i":"fxa-gender-select","$v":"Välj"},{"$i":"fxa-gender-male","$v":"Man"},{"$i":"fxa-gender-female","$v":"Kvinna"},{"$i":"fxa-gender-confidential","$v":"Konfidentiell"},{"$i":"fxa-enter-email-input","placeholder":"Ange din e-postadress"},{"$i":"fxa-use-email-to-sign-in","$v":"Ange din e-post. Din e-postadress kommer att vara ditt kontonamn."},{"$i":"fxa-notice","$v":["Genom att gå vidare accepterar jag ",{"t":"idOrVar","v":"tos"}," och ",{"t":"idOrVar","v":"pn"}," för KaiOS molntjänster."]},{"$i":"fxa-placeholder","$v":"Din e-post här"},{"$i":"fxa-tos","$v":"Användarvillkor"},{"$i":"fxa-pn","$v":"Sekretessmeddelande"},{"$i":"fxa-create-account-title","$v":"Skapa konto"},{"$i":"fxa-show-age-title","$v":"Jag är äldre än 13"},{"$i":"fxa-enter-password-title","$v":"Ange lösenord. Ditt lösenord måste bestå av 8-20 tecken och innehålla både bokstäver och siffror."},{"$i":"fxa-enter-password-title-1","$v":"Ange ett lösenord. Ditt lösenord måste bestå av 8-20 tecken och innehålla både bokstäver och siffror."},{"$i":"fxa-setup-password-title","$v":"Ange lösenord"},{"$i":"fxa-create-password-title","$v":"Skapa ett lösenord"},{"$i":"fxa-hello-user","$v":["Hello ",{"t":"idOrVar","v":"email"}]},{"$i":"fxa-password-refresh","$v":"Ange lösenordet för ditt KaiOS-konto för att fortsätta."},{"$i":"fxa-password","$v":"Lösenord","placeholder":"Lösenord"},{"$i":"fxa-forgot-your-password","$v":"Glömt ditt lösenord?"},{"$i":"fxa-show-password","$v":"Visa lösenord"},{"$i":"fxa-password-length-requirement","$v":"Ditt lösenord måste bestå av minst 8 tecken."},{"$i":"fxa-confirm-account","$v":"Bekräfta ditt konto"},{"$i":"fxa-will-send-email","$v":"Ditt konto har skapats."},{"$i":"fxa-signup-click-verification-link-in-email","$v":["Vi har skickat ett bekräftelsemeddelande till ",{"t":"idOrVar","v":"email"},". Kontrollera din inkorg och verifiera och aktivera ditt konto."]},{"$i":"fxa-access-manage-account-settings","$v":"Aktiveringslänken förfaller om 24 timmar."},{"$i":"fxa-signup-success-title","$v":"Konto har skapats"},{"$i":"about-kaios-account-text","$v":"Lorem ipsum dolor sit amet, con-sectetur adipiscing elit, sed do eiusmod tempor incididunt ut labore et dolore magna aliqua. Ut enim ad minim veniam, quis nos-trud exercitation ullamco laboris nisi ut aliquip ex ea commodo consequat. Duis aute irure dolor in reprehenderit in voluptate velit esse cillum dolore eu fugiat nulla pariatur. Excepteur sint occaecat cupidatat non proident, sunt in culpa qui officia deserunt mollit anim id est laborum."},{"$i":"about-kaios-account-text1","$v":"KaiOS-konto ger autentisering för KaiOS-tjänster. Kontot identifierar användaren och enheten och ger tillgång till sådana funktioner som fjärrhantering av enheten och ytterligare tjänster."},{"$i":"about-kaios-account-text2","$v":"När ett konto skapas krävs en e-postadress och ett lösenord. Användaren måste bekräfta e-postadressen via en e-postlänk som skickas under skapandet av kontot. Kontot kommer inte att aktiveras förrän dena e-postadress är bekräftad."},{"$i":"about-kaios-account-text3","$v":"Genom att gå vidare och skapa detta konto accepterar du villkoren och sekretessmeddelandet."},{"$i":"fxa-signin-email","$v":"Kontonamn"},{"$i":"fxa-signin-password","$v":"Lösenord"},{"$i":"fxa-signin-success-title","$v":"Ditt konto"},{"$i":"fxa-signin-lsk","$v":"Glömt lösenord"},{"$i":"fxa-signin-rsk","$v":"Logga in"},{"$i":"fxa-change-password-title","$v":"Ändra lösenord"},{"$i":"fxa-change-password-description","$v":"Ange ditt aktuella lösenord och ange ett nytt lösenord."},{"$i":"fxa-new-password","$v":"Nytt lösenord"},{"$i":"fxa-changing-password","$v":"Ändra lösenord ..."},{"$i":"fxa-forgot-password-title","$v":"Glömt lösenord"},{"$i":"fxa-forgot-password","$v":"glömt lösenord"},{"$i":"fxa-forgot-password-sk","$v":"Glömde PWD"},{"$i":"fxa-forgot-password-success-title","$v":"E-postmedd. för lösenordsåterst. skickat"},{"$i":"fxa-reset-password-succcess-content","$v":"E-postmeddelandet för återställning av lösenord har skickats till ditt e-postkonto."},{"$i":"fxa-reset-password-succcess-content-part2","$v":"Kontrollera din e-postinkorg och återställ ditt lösenord."},{"$i":"fxa-sign-out-title","$v":"Stöldskydd är aktiverat"},{"$i":"fxa-sign-out-intro","$v":"bekräfta att du vill stänga av stöldskydd och logga ut."},{"$i":"fxa-sign-out-intro-1","$v":"Bekräfta att du vill stänga av stöldskyddsläget och logga ut."},{"$i":"fxa-signout-email","$v":"Ditt konto"},{"$i":"fxa-confirm-password","$v":"Bekräfta lösenord"},{"$i":"fxa-signing-out","$v":"Loggar ut..."},{"$i":"fxa-sign-out-error-title","$v":"Fel"},{"$i":"fxa-sign-out-error-message","$v":"Det gick inte att logga ut från konto. Försök igen senare"},{"$i":"fxa-sign-out-error-message-1","$v":"Det gick inte att logga ut från konto. Försök igen senare"},{"$i":"fxa-connection-is-required-title","$v":"Fel"},{"$i":"fxa-connection-is-required-message","$v":"Internetanslutning krävs"},{"$i":"fxa-check-password-title","$v":"Inaktivera stöldskydd"},{"$i":"fxa-disable-antitheft-checkpassword-message","$v":"Bekräfta att du vill stänga av stöldskydd."},{"$i":"fxa-reset-factory-checkpassword-message","$v":"För att återställa din enhet måste du ange ditt lösenord och inaktivera stödlskyddet."},{"$i":"fxa-reset-factory-checkpassword-message-1","$v":"För att återställa din enhet måste du ange ditt lösenord och inaktivera stöldskyddsläget."},{"$i":"fxa-enter-email-to-reset-password","$v":"Ange kontots e-post så skickar vi en länk för att återställa lösenordet."},{"$i":"fxa-enter-email-to-reset-password-1","$v":"Ange kontots e-post så skickar vi en länk för att återställa lösenordet."},{"$i":"fxa-account-not-found","$v":"Konto hittades inte. Försök igen."},{"$i":"fxa-multiple-sign-in-attempts-title","$v":"Flera inloggningsförsök"},{"$i":"fxa-multiple-sign-in-attempts-content","$v":"Du har angivit fel lösenord flera gånger"},{"$i":"fxa-multiple-sign-in-attempts-content-1","$v":"Du har angett fel lösenord flera gånger."},{"$i":"fxa-multiple-sign-in-attempts-content-retry","$v":"Försök igen senare"},{"$i":"shortDateFormat","$v":"%B %d, %Y"}]