[{"$i":"brandShortName","$v":"KaiOS"},{"$i":"browserBrandShortName","$v":"Web Browser"},{"$i":"browserBrandFullName","$v":"Mozilla Web Browser"},{"$i":"ringtoneBrandName","$v":"Default"},{"$i":"ringtoneSectionBrandName","$v":"System"},{"$i":"ok","$v":"Tamam"},{"$i":"back","$v":"Geri"},{"$i":"help","$v":"Yardım"},{"$i":"cancel","$v":"İptal"},{"$i":"close","$v":"Kapat"},{"$i":"skip","$v":"Atla"},{"$i":"enable","$v":"Etkinleştir"},{"$i":"turnOn","$v":"Aç"},{"$i":"save","$v":"Kaydet"},{"$i":"select","$v":"Seç"},{"$i":"deselect","$v":"Seçimi kaldır"},{"$i":"go","$v":"Git"},{"$i":"search","$v":"Arama"},{"$i":"options","$v":"Seçenekler"},{"$i":"exit","$v":"Çıkış"},{"$i":"signIn","$v":"Oturum Aç"},{"$i":"dismiss","$v":"Kapat"},{"$i":"dismiss-all","$v":"Tümünü kapat"},{"$i":"undo","ariaLabel":"Geri al"},{"$i":"lockscreenEnterLockCode","$v":"Lütfen 4 haneli kodu girin"},{"$i":"lockscreenCheckLockCode","$v":"Geçersiz kod. Lütfen tekrar deneyin."},{"$i":"lockscreenDeviceLocked","$v":"Cihaz kilitlendi, 30 saniye sonra tekrar deneyin."},{"$i":"pocketmodeLongPress","$v":"Kaydır veya bas"},{"$i":"pocketmodeToUnlock","$v":"kilidi açmak için"},{"$i":"enterPIN","$v":"Kilidi açmak için 6 haneli kodu girin"},{"$i":"mediaPlaybackTrack","$v":"Şarkı adı ve sanatçı"},{"$i":"mediaPlaybackControls","$v":"Oynatma kontrolleri"},{"$i":"mediaPlaybackPrevious","$v":"Önceki"},{"$i":"mediaPlaybackPlay","$v":"Oynat"},{"$i":"mediaPlaybackPause","$v":"Duraklat"},{"$i":"mediaPlaybackNext","$v":"Sonraki"},{"$i":"UnknownTrack","$v":"Bilinmeyen şarkı"},{"$i":"wifiButton-on","$v":"Wi-Fi açık"},{"$i":"wifiButton-on-initializing","$v":"Wi-Fi açık, başlatılıyor"},{"$i":"wifiButton-off","$v":"Wi-Fi Kapalı"},{"$i":"dataButton-on","$v":[{"t":"idOrVar","v":"type"}," mobil veri açık"]},{"$i":"dataButton-off","$v":[{"t":"idOrVar","v":"type"}," mobil veri kapalı"]},{"$i":"bluetoothButton-on","$v":"Bluetooth açık"},{"$i":"bluetoothButton-on-initializing","$v":"Bluetooth açık. başlatılıyor"},{"$i":"bluetoothButton-off","$v":"Bluetooth kapalı"},{"$i":"airplaneMode-on","$v":"Uçuş modu açık"},{"$i":"airplaneMode-off","$v":"Uçak modu kapalı"},{"$i":"airplaneOff","$v":"Uçak modunu kapat"},{"$i":"settingsButton","ariaLabel":"Ayarlar"},{"$i":"simLabel","$v":["SIM ",{"t":"idOrVar","v":"id"}]},{"$i":"statusbarLabel","$v":[{"t":"idOrVar","v":"date"},", ",{"t":"idOrVar","v":"operator"}]},{"$i":"statusbarDateFormat","$v":"%b %e"},{"$i":"statusbar","ariaLabel":"Durum Çubuğu"},{"$i":"statusbarBattery","ariaLabel":["Pil yüzde ",{"t":"idOrVar","v":"level"}]},{"$i":"statusbarBatteryCharging","ariaLabel":["Pil yüzde ",{"t":"idOrVar","v":"level"}," şarj ediliyor."]},{"$i":"statusbarFlightMode","ariaLabel":"Uçuş modu açık"},{"$i":"statusbarWiFiConnecting","$v":"Wi-Fi: bağlanıyor"},{"$i":"statusbarWiFiConnected","$v":["Wi-Fi: ",{"t":"idOrVar","v":"level"}," / 4 çubuk"]},{"$i":"statusbarSignal","$v":[{"t":"idOrVar","v":"operator"}," şebekesi, ",{"t":"idOrVar","v":"level"}," / 5 çubuk"]},{"$i":"statusbarSignalRoaming","$v":["{operator}} şebekesi (dolaşımda), ",{"t":"idOrVar","v":"level"}," / 5 çubuk"]},{"$i":"statusbarSignalNoneSearching","$v":"Aranıyor... Yalnızca acil çağrı"},{"$i":"statusbarHeadphones","ariaLabel":"Kulaklık açık"},{"$i":"statusbarBluetoothHeadphones","ariaLabel":"Bluetooth kulaklık açık"},{"$i":"statusbarBluetoothTransferring","ariaLabel":"Bluetooth aktarımı etkin"},{"$i":"statusbarIconOn-tethering","$v":"İnternet paylaşımı açık"},{"$i":"statusbarIconOnActive-tethering","$v":"İnternet paylaşımı açık, etkin"},{"$i":"statusbarAlarm","ariaLabel":"Alarm açık"},{"$i":"statusbarIME","ariaLabel":"IME açık"},{"$i":"statusbarIconOn-bluetooth","$v":"Bluetooth açık"},{"$i":"statusbarIconOnActive-bluetooth","$v":"Bluetooth açık, etkin"},{"$i":"statusbarIconOn-mute","$v":"Sessiz"},{"$i":"statusbarIconOn-vibration","$v":"Titreşim açık"},{"$i":"statusbarRecording","ariaLabel":"Kayıt açık"},{"$i":"statusbarGeolocation","ariaLabel":"Coğrafi konum açık"},{"$i":"statusbarUsb","ariaLabel":"USB açık"},{"$i":"statusbarForwarding","$v":"Çağrı aktarma açık"},{"$i":"statusbarPlaying","ariaLabel":"Medya oynatılıyor"},{"$i":"statusbarNfc","ariaLabel":"NFC açık"},{"$i":"statusbarDownloads","ariaLabel":"İndiriliyor..."},{"$i":"statusbarNetworkActivity","ariaLabel":"Ağ iletişimi açık"},{"$i":"statusbarEmergencyCBNotification","ariaLabel":"Acil geri arama"},{"$i":"statusbarNotifications","$v":{"few":[{"t":"idOrVar","v":"n"}," Uyarı"],"many":[{"t":"idOrVar","v":"n"}," Uyarı"],"one":[{"t":"idOrVar","v":"n"}," Uyarı"],"other":[{"t":"idOrVar","v":"n"}," Uyarı"],"two":[{"t":"idOrVar","v":"n"}," Uyarı"]},"$x":[{"t":"idOrVar","v":"plural"},"n"]},{"$i":"statusbarNotifications-unread","ariaLabel":{"$x":[{"t":"idOrVar","v":"plural"},"n"],"$v":{"few":["Okunmamış ",{"t":"idOrVar","v":"n"}," bildirim"],"many":["Okunmamış ",{"t":"idOrVar","v":"n"}," bildirim"],"one":["Okunmamış ",{"t":"idOrVar","v":"n"}," bildirim"],"other":["Okunmamış ",{"t":"idOrVar","v":"n"}," bildirim"],"two":["Okunmamış ",{"t":"idOrVar","v":"n"}," bildirim"]}}},{"$i":"clear","$v":"Temizle"},{"$i":"clear-all","$v":"Tümünü Temizle"},{"$i":"notification-title","$v":{"few":[{"t":"idOrVar","v":"n"}," Uyarı"],"many":[{"t":"idOrVar","v":"n"}," Uyarı"],"one":[{"t":"idOrVar","v":"n"}," Uyarı"],"other":[{"t":"idOrVar","v":"n"}," Uyarı"],"two":[{"t":"idOrVar","v":"n"}," Uyarı"],"zero":[{"t":"idOrVar","v":"n"}," Uyarı"]},"$x":[{"t":"idOrVar","v":"plural"},"n"]},{"$i":"notification-dialog-no-notices","$v":"Uyarı Yok"},{"$i":"notification-title-new","$v":{"few":[{"t":"idOrVar","v":"n"}," Uyarı"],"many":[{"t":"idOrVar","v":"n"}," Uyarı"],"other":[{"t":"idOrVar","v":"n"}," Uyarı"],"two":[{"t":"idOrVar","v":"n"}," Uyarı"],"one":[{"t":"idOrVar","v":"n"}," Bildirim"],"zero":[{"t":"idOrVar","v":"n"}," Bildirim"]},"$x":[{"t":"idOrVar","v":"plural"},"n"]},{"$i":"notification-dialog-no-notices-new","$v":"Bildirim Yok"},{"$i":"tcl-ntf-open","$v":"Aç"},{"$i":"tcl-ntf-next_song","$v":"Sonraki"},{"$i":"tcl-ntf_play","$v":"Oynat"},{"$i":"tcl-ntf-pause","$v":"Duraklat"},{"$i":"tcl-ntf-dismiss-all","$v":"Tümünü Kapat"},{"$i":"tcl-ntf-dismiss","$v":"Kapat"},{"$i":"tcl-ntf-toaster-clear","$v":"Bildirimler kapatıldı"},{"$i":"tcl-ntf-toaster-clear-all","$v":"Bildirimler kapatıldı"},{"$i":"attentionScreen-tapToShow","$v":"Göstermek için dokunun"},{"$i":"tcl-cmas-ok","$v":"Tamam"},{"$i":"tcl-cmas-screen-help","$v":"Daha fazla bilgi için Tamam'a basın"},{"$i":"tcl-cmas-title","$v":"Kablosuz Acil Uyarısı"},{"$i":"camera","$v":"Kamera"},{"$i":"tcl-dflt-value-level","$v":"Değer seviyesini belirle"},{"$i":"tcl-dflt-range-value-name","$v":"Seviye"},{"$i":"newVoicemails","$v":{"few":[{"t":"idOrVar","v":"n"}," yeni sesli mesaj"],"many":[{"t":"idOrVar","v":"n"}," yeni sesli mesaj"],"one":"1 yeni sesli mesaj","other":[{"t":"idOrVar","v":"n"}," yeni sesli mesaj"],"two":[{"t":"idOrVar","v":"n"}," yeni sesli mesaj"],"zero":"Yeni sesli mesaj yok"},"$x":[{"t":"idOrVar","v":"plural"},"n"]},{"$i":"newVoicemailsUnknown","$v":"Yeni sesli mesaj"},{"$i":"dialNumber","$v":[{"t":"idOrVar","v":"number"}," numarasını tuşlayın"]},{"$i":"voicemailNotificationMultiSim","$v":["(SIM ",{"t":"idOrVar","v":"n"},") ",{"t":"idOrVar","v":"title"}]},{"$i":"euRoamingNotificationTitle","$v":"EU internet algılandı"},{"$i":"euRoamingNotificationMsg","$v":"Değiştirmek için dokunun"},{"$i":"restart","$v":"Yeniden başlat"},{"$i":"power","$v":"Kapat"},{"$i":"lock","$v":"Kilitle"},{"$i":"cleanup","$v":"Hafızayı Temizle"},{"$i":"no-recent-app-windows","$v":"Son kullanılan uygulamaların pencereleri burada görünür"},{"$i":"no-recent-browser-windows","$v":"Son kullanılan tarayıcı pencereleri burada görünür"},{"$i":"closeCard","ariaLabel":"Kapat"},{"$i":"openCard","ariaLabel":"Aç"},{"$i":"yes","$v":"Evet"},{"$i":"no","$v":"Hayır"},{"$i":"dontallow","$v":"İzin verme"},{"$i":"allow","$v":"İzin Ver"},{"$i":"dontshare-geolocation","$v":"Paylaşma"},{"$i":"share-geolocation","$v":"Paylaş"},{"$i":"dontshare-audio-capture","$v":"Paylaşma"},{"$i":"share-audio-capture","$v":"Paylaş"},{"$i":"dontshare-video-capture","$v":"Paylaşma"},{"$i":"share-video-capture","$v":"Paylaş"},{"$i":"dontshare-media-capture","$v":"Paylaşma"},{"$i":"share-media-capture","$v":"Paylaş"},{"$i":"device-front","$v":"Ön Kamera"},{"$i":"device-back","$v":"Arka Kamera"},{"$i":"front-camera","$v":"Ön kamera"},{"$i":"back-camera","$v":"Arka kamera"},{"$i":"more-info","$v":"Daha fazla bilgi..."},{"$i":"hide-info","$v":"Bilgileri gizle"},{"$i":"tcl-permission","$v":"İzin"},{"$i":"install-app","$v":[{"t":"idOrVar","v":"name"}," yüklensin mi?"]},{"$i":"size","$v":"Boyut"},{"$i":"author","$v":"Yazar"},{"$i":"size-unknown","$v":"Bilinmiyor"},{"$i":"author-unknown","$v":"Bilinmiyor"},{"$i":"install","$v":"Yükle"},{"$i":"bytes","$v":"bayt"},{"$i":"kB","$v":"KB"},{"$i":"MB","$v":"MB"},{"$i":"GB","$v":"GB"},{"$i":"TB","$v":"TB"},{"$i":"PB","$v":"PB"},{"$i":"app-install-generic-error","$v":[{"t":"idOrVar","v":"appName"}," indirme durduruldu"]},{"$i":"app-install-download-failed","$v":[{"t":"idOrVar","v":"appName"}," indirme başarısız oldu"]},{"$i":"app-install-install-failed","$v":[{"t":"idOrVar","v":"appName"}," yükleme başarısız oldu"]},{"$i":"cancelling-will-not-refund","$v":"Satın almayı iptal etme sonrasında para iadesi olmayacak. Satın alınmış içeriklerin para iadeleri esas satıcı tarafından yapılır."},{"$i":"apps-can-be-installed-later","$v":"Uygulamalar orijinal yükleme kaynağından daha sonra yüklenebilir."},{"$i":"are-you-sure-you-want-to-cancel","$v":"Bu yüklemeyi iptal etmek istediğinizden emin misiniz?"},{"$i":"cancel-install","$v":"Yüklemeyi İptal Et"},{"$i":"cancel-install-button","$v":"Yüklemeyi İptal Et"},{"$i":"resume","$v":"Devam et"},{"$i":"continue","$v":"Devam"},{"$i":"stopDownloading","$v":[{"t":"idOrVar","v":"app"}," indirme işlemi durdurulsun mu?"]},{"$i":"app-download-can-be-restarted","$v":"İndirme daha sonra tekrar başlatılabilir."},{"$i":"app-download-stop-button","$v":"İndirme işlemini durdur"},{"$i":"not-enough-space","$v":"Yetersiz alan"},{"$i":"not-enough-space-message","$v":"Bu uygulamayı yüklemek için yeterli alan yok. Eski uygulamaları ve medyaları silerek yer açın ve orijinal kaynaktan tekrar yüklemeye çalışın."},{"$i":"app-install-success","$v":[{"t":"idOrVar","v":"appName"}," yüklendi"]},{"$i":"app-install-update","$v":[{"t":"idOrVar","v":"appName"}," Güncellendi"]},{"$i":"langpack-install-success2","$v":[{"t":"idOrVar","v":"appName"}," yüklendi. Etkinleştirmek için Ayarlar > Dil'e gidin."]},{"$i":"setup","$v":"Kurulum"},{"$i":"ime-addkeyboards","$v":"Klavye ekle"},{"$i":"ime-lowercase","$v":"Küçük harf"},{"$i":"ime-uppercase","$v":"Büyük harf"},{"$i":"ime-number","$v":"Numara"},{"$i":"ime-capitalize","$v":"Büyük harfe çevir"},{"$i":"ime-t9","$v":"T9"},{"$i":"ime-r9","$v":"R9"},{"$i":"ime-predictive","$v":"Tahminî"},{"$i":"ime-insert-word","$v":"Kelime ekle"},{"$i":"ime-voice-input-messsage","$v":"Metin alanında konuşmak için TAMAM öğesine uzun basın."},{"$i":"later","$v":"Daha sonra"},{"$i":"download","$v":"İndir"},{"$i":"wantToDownload","$v":"Güncelleme şimdi indirilsin mi?"},{"$i":"wantToInstallNow","$v":"Güncellemeyi şimdi yüklemek ister misin? Telefonunuzu birkaç dakika boyunca kullanamayacaksınız."},{"$i":"installNow","$v":"Şimdi Yükle"},{"$i":"notNow","$v":"Şimdi Değil"},{"$i":"downloadingUpdateMessage","innerHTML":{"$o":["Güncellemeler indiriliyor... <span>",{"t":"idOrVar","v":"progress"}," indirildi.</span>"]}},{"$i":"downloadingAppMessage","$v":[{"t":"idOrVar","v":"appName"}," indiriliyor"]},{"$i":"downloadingAppProgressNoMax","$v":[{"t":"idOrVar","v":"progress"}," indirildi"]},{"$i":"downloadingAppProgressIndeterminate","$v":"İndiriliyor"},{"$i":"downloadingAppProgress","$v":[{"t":"idOrVar","v":"progress"}," / ",{"t":"idOrVar","v":"max"}," indirildi"]},{"$i":"cancelAllDownloads","$v":"Tüm indirmeleri iptal et"},{"$i":"wantToCancelAll","$v":"Tüm indirmeleri iptal etmek istediğinizden emin misiniz?"},{"$i":"downloadError","$v":"Güncellemeler indirilirken bir hata oluştu."},{"$i":"updateAvailableInfo","innerHTML":{"$x":[{"t":"idOrVar","v":"plural"},"n"],"$v":{"few":{"$o":[{"t":"idOrVar","v":"n"}," güncelleme kullanıma hazır. <span>Daha fazla bilgi için dokun.</span>"]},"many":{"$o":[{"t":"idOrVar","v":"n"}," güncelleme kullanıma hazır. <span>Daha fazla bilgi için dokun.</span>"]},"one":{"$o":[{"t":"idOrVar","v":"n"}," güncelleme kullanıma hazır. <span>Daha fazla bilgi için dokun.</span>"]},"other":{"$o":[{"t":"idOrVar","v":"n"}," güncelleme kullanıma hazır. <span>Daha fazla bilgi için dokun.</span>"]},"two":{"$o":[{"t":"idOrVar","v":"n"}," güncelleme kullanıma hazır. <span>Daha fazla bilgi için dokun.</span>"]}}}},{"$i":"numberOfUpdates","$v":{"few":[{"t":"idOrVar","v":"n"}," Bildirim"],"many":[{"t":"idOrVar","v":"n"}," Bildirim"],"one":[{"t":"idOrVar","v":"n"}," Bildirim"],"other":[{"t":"idOrVar","v":"n"}," Bildirim"],"two":[{"t":"idOrVar","v":"n"}," Bildirim"]},"$x":[{"t":"idOrVar","v":"plural"},"n"]},{"$i":"systemUpdate","$v":"Sistem güncellemesi"},{"$i":"systemUpdateReady","$v":"Sistem Güncellemesi Hazır"},{"$i":"updates","$v":"Güncellemeler"},{"$i":"systemUpdateLowBatteryThreshold","$v":["Güncellemeyi yüklemek için pil seviyenizin en az %",{"t":"idOrVar","v":"threshold"}," olması lazım."]},{"$i":"required","$v":"Gerekli"},{"$i":"uncompressingMessage","innerHTML":{"$o":"Sıkıştırma açılıyor... <span>Bu birkaç dakika alabilir.</span>"}},{"$i":"downloadWifiPrioritizedUsing2G","$v":"Güncellemeler Wi-Fi'ın kullanılamadığı zamanlarda veri bağlantısıyla indirilir. Veri bağlantısı kullanılırken çağrılar engellenebilir ve ek ücretler uygulanabilir."},{"$i":"downloadWifiPrioritized3","$v":"Güncellemeler Wi-Fi'ın kullanılamadığı zamanlarda veri bağlantısıyla indirilir. Veri bağlantısı kullanılırken ek ücretler uygulanabilir."},{"$i":"downloadNoWifiWarning","$v":"Wi-Fi kullanılamıyor. Geçerli bağlantı üzerinden yapılan güncellemeler ek ücrete tabi olabilir."},{"$i":"downloadOfflineWarning2","$v":"Güncellemeleri indirmek için bir ağa bağlanın."},{"$i":"downloadUpdatesViaDataConnection","$v":"Veri bağlantısıyla güncellemeler indirilsin mi?"},{"$i":"downloadUpdatesVia2GForbidden3","$v":"Yavaş bağlantılarda (2G) güncelleştirmeler indirilemez. Wi-Fi veya 3G (varsa) ile bağlanıp tekrar deneyin."},{"$i":"downloadUpdatesViaDataConnectionMessage3","$v":"Veri bağlantısı ek ücretlere tabi olabilir. Devam etmek ister misiniz?"},{"$i":"downloadUpdatesViaDataRoamingConnection","$v":"Veri dolaşımıyla güncellemeler indirilsin mi?"},{"$i":"downloadUpdatesViaDataRoamingConnectionMessage","$v":"Şu an dolaşımdasınız ve ek ücretler uygulanabilir. Devam etmek ister misiniz?"},{"$i":"screenshotSaved","$v":"Ekran Görüntüsü Galeriye kaydedildi"},{"$i":"screenshotFailed","$v":"Ekran görüntüsü kaydedilemedi"},{"$i":"screenshotNoSDCard","$v":"Bellek kartı bulunamadı"},{"$i":"screenshotSDCardInUse","$v":"Bellek kartı kullanımda"},{"$i":"screenshotSDCardLow","$v":"Bellek kartında yeterli boş alan yok"},{"$i":"emergency-call-button","$v":"Acil Çağrı"},{"$i":"emergency-call","$v":"Acil Durum"},{"$i":"unlock-a11y-button","ariaLabel":"Kilit Aç"},{"$i":"camera-a11y-button","ariaLabel":"Kamera"},{"$i":"longDateFormat","$v":"%A, %B %d, %Y"},{"$i":"clockDateFormat","$v":"%a, %e %b"},{"$i":"panel-passcode","ariaLabel":"Parola paneli"},{"$i":"open-notification","$v":"aç"},{"$i":"unlock","$v":"Kilit Aç"},{"$i":"login","$v":"Oturum aç"},{"$i":"sign-in-to-website","$v":"Web sitesinde oturum aç"},{"$i":"username","$v":"Kullanıcı adı"},{"$i":"password","$v":"Parola"},{"$i":"show-password","$v":"Şifreyi göster"},{"$i":"http-authentication-message2","$v":[{"t":"idOrVar","v":"host"}," web sitesi oturum açmanızı gerektiriyor."]},{"$i":"error-message","$v":[{"t":"idOrVar","v":"name"}," düzgün yüklenmiyor"]},{"$i":"error-title","$v":[{"t":"idOrVar","v":"name"}," sorun yaşıyor"]},{"$i":"unable-to-connect","$v":"Bağlanılamıyor"},{"$i":"tap-to-check-settings","$v":"Ayarları kontrol etmek için dokunun"},{"$i":"set","$v":"Ayarla"},{"$i":"delete-title","$v":[{"t":"idOrVar","v":"name"}," adlı kişiyi sil"]},{"$i":"delete-body","$v":[{"t":"idOrVar","v":"name"}," ve tüm verileri silinecek."]},{"$i":"delete","$v":"Kaldır"},{"$i":"delete-desc","$v":"Kaldırmak istediğinizden emin misiniz?"},{"$i":"unrecoverable-error-title","$v":"Uygulama Kaldır"},{"$i":"unrecoverable-error-body","$v":"Uygulama kurtarılamaz hatadan dolayı yüklenemiyor. Lütfen tekrar indirmeyi deneyin. Uygulama kaldırılacak."},{"$i":"unrecoverable-error-action","$v":"Tamam"},{"$i":"instant-settings","$v":"anlık ayarlar"},{"$i":"settings","$v":"Ayarlar"},{"$i":"flashlight","$v":"Fener"},{"$i":"brightness","$v":"Parlaklık"},{"$i":"volume","$v":"Ses düzeyi"},{"$i":"calculator","$v":"Hesap Makinesi"},{"$i":"airplane-mode","$v":"Uçak Modu"},{"$i":"wifi","$v":"Wi-Fi"},{"$i":"bluetooth","$v":"Bluetooth"},{"$i":"cellular-data","$v":"Hücresel Veri"},{"$i":"on","$v":"Açık"},{"$i":"off","$v":"Kapalı"},{"$i":"percentage-number","$v":["%",{"t":"idOrVar","v":"number"}]},{"$i":"select-time","$v":"Saat Seç"},{"$i":"select-date","$v":"Tarih Seç"},{"$i":"tcl-select-day","$v":"Gün Seç"},{"$i":"tcl-add","$v":"Ekle"},{"$i":"battery-almost-empty-plug-in-your-charger","$v":"Düşük pil. Şarj aletinizi takın."},{"$i":"battery-temperature-warning-header","$v":"Uyarı"},{"$i":"battery-temperature-high","$v":"Sıcaklık çok yüksek. Sıcaklık yükselmeye devam ederse telefon kapanacak."},{"$i":"battery-temperature-high-stop-charging","$v":"Sıcaklık çok yüksek. Pil şarj edilmeyi durdurdu. Sıcaklık yükselmeye devam ederse telefon kapanacak."},{"$i":"battery-temperature-low","$v":"Sıcaklık çok düşük. Sıcaklık düşmeye devam ederse telefon kapatılacak."},{"$i":"battery-temperature-low-stop-charging","$v":"Sıcaklık çok düşük. Pil şarj edilmeyi durdurdu. Sıcaklık düşmeye devam ederse telefon kapanacak."},{"$i":"crash-dialog2-os","$v":[{"t":"idOrVar","v":"brandShortName"}," az önce bir kilitlenmeden kurtarıldı"]},{"$i":"crash-dialog-app","$v":[{"t":"idOrVar","v":"name"}," az önce kilitlendi."]},{"$i":"crash-dialog-app-noname","$v":"Bir şey"},{"$i":"crash-dialog-message","$v":"Problemi çözmemize yardımcı olmak için KaiOs'a kilitlenme hakkında rapor göndermek ister misiniz? (Raporlar sadece Wi-Fi üzerinden gönderilir.)"},{"$i":"crash-info-link","$v":"Kilitlenme raporunun içeriğinde neler var?"},{"$i":"crash-always-report","$v":"Kilitlenme olduğunda her zaman KaiOS'a rapor gönder."},{"$i":"crash-dont-send","$v":"Gönderme"},{"$i":"crash-end","$v":"Rapor Gönder"},{"$i":"crashReports","$v":"Kilitlenme Raporları"},{"$i":"done","$v":"Bitti"},{"$i":"crash-reports-description-1","$v":"Kilitlenme raporu cihazınız ve kilitlenme hakkında detaylara ek olarak bir de cihazınızın kilitlenme anındaki anlık durum görüntüsünü içerir."},{"$i":"crash-reports-description-2","$v":"Bu görüntü açık sayfalar ve uygulamalar, formlara girilmiş metinler ve açık mesajların içerikleri, yakın zamandaki arama geçmişi veya bir uygulama tarafından kullanılmış konum bilgisi gibi şeyleri kapsayabilir."},{"$i":"crash-reports-description-3-start","$v":"Kilitlenme raporlarını problemleri çözmek ve ürünümüzü geliştirmek için kullanıyoruz. Bilgilerinizi   içeriğinde belirttiğimiz şekilde işliyoruz."},{"$i":"crash-reports-description-3-privacy","$v":"gizlilik ilkesi"},{"$i":"crash-reports-description-3-end","$v":"."},{"$i":"crash-banner-os2","$v":[{"t":"idOrVar","v":"brandShortName"}," az önce kilitlendi."]},{"$i":"crash-banner-app","$v":[{"t":"idOrVar","v":"name"}," az önce kilitlendi."]},{"$i":"crash-banner-report","$v":"Bildir"},{"$i":"bluetooth-sending-progress","$v":"Dosyalar Bluetooth ile gönderiliyor"},{"$i":"bluetooth-receiving-progress","$v":"Bluetooth ile dosya alınıyor."},{"$i":"acceptFileTransfer","$v":"Aktarım İsteği"},{"$i":"requestToReceive","$v":[{"t":"idOrVar","v":"deviceName"}," dosya aktarmak istiyor. Kabul etmek ister misiniz?"]},{"$i":"wantToReceiveFile","$v":[{"t":"idOrVar","v":"deviceName"},", ",{"t":"idOrVar","v":"fileName"}," (",{"t":"idOrVar","v":"fileSize"},") dosyasını aktarmak istiyor."]},{"$i":"transfer-confirmation-title","$v":[{"t":"idOrVar","v":"deviceName"}]},{"$i":"transfer-confirmation-description","$v":"Aktarma isteğini incele."},{"$i":"byteUnit-B","$v":"Bayt"},{"$i":"byteUnit-KB","$v":"KB"},{"$i":"byteUnit-MB","$v":"MB"},{"$i":"byteUnit-GB","$v":"GB"},{"$i":"byteUnit-TB","$v":"TB"},{"$i":"byteUnit-PB","$v":"PB"},{"$i":"byteUnit-EB","$v":"EB"},{"$i":"byteUnit-ZB","$v":"ZB"},{"$i":"byteUnit-YB","$v":"YB"},{"$i":"fileSize","$v":[{"t":"idOrVar","v":"size"}," ",{"t":"idOrVar","v":"unit"}]},{"$i":"deny","$v":"Reddet"},{"$i":"transfer","$v":"Aktar"},{"$i":"accept","$v":"Kabul et"},{"$i":"stop","$v":"Durdur"},{"$i":"cancelFileTransfer","$v":"Bluetooh dosya aktarımı iptal edilsin mi?"},{"$i":"continueFileTransfer","$v":"Devam"},{"$i":"transfer-has-started-title","$v":"Dosya aktarımı başlamaya hazır"},{"$i":"transfer-has-started-description","$v":"Onay bekleniyor..."},{"$i":"transfer-has-started-toast","$v":"Dosya aktarımı başladı. İlerleme durumunu Bildirimlerden kontrol edin"},{"$i":"transferFinished-sentSuccessful-title","$v":"Dosya gönderildi"},{"$i":"transferFinished-receivedSuccessful-title","$v":"Dosya alındı"},{"$i":"transferFinished-failed-title","$v":"Dosya aktarımı başarısız"},{"$i":"transferFinished-try-again-description","$v":"Dosya şu anda gönderilemiyor. Lütfen daha sonra tekrar deneyin."},{"$i":"transferReport-title","$v":"Aktarma raporu:"},{"$i":"transferReport-description","$v":[{"t":"idOrVar","v":"numSuccessful"}," dosya başarılı, ",{"t":"idOrVar","v":"numUnsuccessful"}," dosya başarısız"]},{"$i":"unknown-file","$v":"Bilinmeyen dosya"},{"$i":"unknown-device","$v":"Bilinmeyen cihaz"},{"$i":"cannotOpenFile","$v":"Alın dosya açılamıyor."},{"$i":"unknownMediaTypeToOpenFile","$v":["Bilinmeyen medya türü açılamıyor: ",{"t":"idOrVar","v":"fileName"}]},{"$i":"cannotReceiveFile","$v":"Dosya alınamıyor"},{"$i":"cannotGetStorageState","$v":"Cihaz depolama biriminin durumu alınamıyor."},{"$i":"sdcard-not-exist2","$v":"Bellek kartı bulunamadı. Lütfen bellek kartı takın."},{"$i":"sdcard-in-use","$v":"Bluetooth telefon kablosu takılıyken kullanılamaz. Dosyaları almak için telefonun kablosunu çıkarın."},{"$i":"sdcard-no-space2","$v":"Aktarma tamamlanamadı: bellek kartı dolu."},{"$i":"unknown-error","$v":"Bilinmeyen hata"},{"$i":"confirm","$v":"Onayla"},{"$i":"stopTransferTitle","$v":"Dosya Aktarımını Durdur"},{"$i":"stopTransferContent","$v":"Bluetooth ile dosya aktarımını durdurmak istiyor musunuz?"},{"$i":"storage","$v":"Depolama birimi"},{"$i":"sdcard-detected-title","$v":"SD kart algılandı"},{"$i":"no-sdcard-title","$v":"SD kart yok"},{"$i":"sdcard-total-size-body","$v":["Toplam boyut: ",{"t":"idOrVar","v":"size"}," ",{"t":"idOrVar","v":"unit"}]},{"$i":"sdcard-unknown-size-then-tap-to-format-body","$v":"Bilinmeyen boyut, biçimlendirmek için dokun"},{"$i":"sdcard-removed-title","$v":"SD kart çıkarıldı"},{"$i":"sdcard-removed-ejected-successfully","$v":"Başarıyla çıkarıldı"},{"$i":"sdcard-removed-not-ejected-properly","$v":"Düzgün çıkarılmadı"},{"$i":"set-sdcard-as-default-media-location","$v":"SD kart algılandı. SD kart varsayılan medya konumu olarak belirlensin mi?"},{"$i":"no-sdcard-content","$v":"Daha fazla yer açmak için SD kart takın."},{"$i":"sim-confirmation-content","$v":["Mobil veri SIM",{"t":"idOrVar","v":"n"}," üzerine atanıyor."]},{"$i":"sim-confirmation-title","$v":"SIM kartlar değişti"},{"$i":"sim-confirmation-notice-title","$v":"SIM kartlar değişti"},{"$i":"sim-confirmation-notice","$v":"Ayrıntıları görmek için seçin."},{"$i":"sim-hot-plug","$v":"Telefon yeniden başlatılacak."},{"$i":"sim-hot-plug-empty","$v":"SIM kartları çıkarıldığı için telefon yeniden başlatılacak."},{"$i":"sim-hot-plug-empty-confirm","$v":"Lütfen SIM kartınızın tamamen çıktığından emin olun, ardından yeniden başlatmak için TAMAM tuşuna basın."},{"$i":"noSimCard","$v":"SIM kart yok"},{"$i":"lockedSim","$v":"Kilitli SIM"},{"$i":"noService","$v":"Servis Yok"},{"$i":"eccOnly","$v":"Emergency calls only"},{"$i":"nocard-eccOnly","$v":"No SIM card-Emergency calls only"},{"$i":"unusablecard-eccOnly","$v":"Unusable SIM card-Emergency calls only"},{"$i":"searching","$v":"Searching"},{"$i":"simPin","$v":"SIM PIN"},{"$i":"pukCode","$v":"PUK kodu"},{"$i":"nckCode","$v":"NCK kodu"},{"$i":"cckCode","$v":"CCK kodu"},{"$i":"spckCode","$v":"SPCK kodu"},{"$i":"nck1code","$v":"NCK1 kodu"},{"$i":"nck2code","$v":"NCK2 kodu"},{"$i":"hnckcode","$v":"HNCK kodu"},{"$i":"rcckcode","$v":"RCCK kodu"},{"$i":"rspckcode","$v":"RSPCK kodu"},{"$i":"ncklockContent","$v":[{"t":"idOrVar","v":"n"}," yuvası nck kilitli."]},{"$i":"whatIsSimPin","$v":"SIM PIN nedir?"},{"$i":"simPinIntro1","$v":"SIM PIN, SIM kartın hücresel veri ağlarına erişmesine engel olur. Etkinleştirildiği zaman SIM kartı içeren her cihaz yeniden başlatılma sırasında PIN kodu ister."},{"$i":"simPinIntro2","$v":"SIM PIN, cihaz kilidini açmak için kullanılan paroladan farklıdır."},{"$i":"changeSimPin","$v":"PIN kodunu değiştir"},{"$i":"pinTitle","$v":"SIM PIN'i girin"},{"$i":"multiSIMpinTitle","$v":["SIM",{"t":"idOrVar","v":"n"}," PIN'i gir"]},{"$i":"multiSIMpukTitle","$v":["SIM",{"t":"idOrVar","v":"n"}," PUK'u gir"]},{"$i":"multiSIMnckTitle","$v":["NCK",{"t":"idOrVar","v":"n"}," kodunu gir"]},{"$i":"multiSIMxckTitle","$v":["SIM",{"t":"idOrVar","v":"n"}," ",{"t":"idOrVar","v":"type"}," girin"]},{"$i":"xckTitle","$v":[{"t":"idOrVar","v":"type"}," kodunu girin"]},{"$i":"xckCode","$v":[{"t":"idOrVar","v":"type"}," kodu"]},{"$i":"xckBlocked","$v":[{"t":"idOrVar","v":"type"}," engellendi"]},{"$i":"pukTitle","$v":"PUK girin"},{"$i":"nckTitle","$v":"NCK kodunu gir"},{"$i":"cckTitle","$v":"CCK kodunu gir"},{"$i":"spckTitle","$v":"SPCK kodunu gir"},{"$i":"nck1Title","$v":"NCK1 kodunu gir"},{"$i":"nck2Title","$v":"NCK2 kodunu gir"},{"$i":"hnckTitle","$v":"HNCK kodunu girin"},{"$i":"rcckTitle","$v":"RCCK kodunu girin"},{"$i":"rspckTitle","$v":"RSPCK kodunu gir"},{"$i":"newpinTitle","$v":"Yeni PIN"},{"$i":"inputCodeRetriesLeft","$v":{"few":[{"t":"idOrVar","v":"n"}," deneme hakkınız kaldı."],"many":[{"t":"idOrVar","v":"n"}," deneme hakkınız kaldı."],"one":"1 deneme hakkınız kaldı.","other":[{"t":"idOrVar","v":"n"}," deneme hakkınız kaldı."],"two":[{"t":"idOrVar","v":"n"}," deneme hakkınız kaldı."]},"$x":[{"t":"idOrVar","v":"plural"},"n"]},{"$i":"pinErrorMsg","$v":"Hatalı PIN"},{"$i":"pinAttemptMsg2","$v":{"few":["SIM kart kilitlenmeden önce doğru kodu girmek için ",{"t":"idOrVar","v":"n"}," deneme hakkınız kaldı."],"many":["SIM kart kilitlenmeden önce doğru kodu girmek için ",{"t":"idOrVar","v":"n"}," deneme hakkınız kaldı."],"one":"SIM kartı kilitlemeden önce doğru şifreyi girmeniz için bir deneme hakkınız kaldı.","other":["SIM kart kilitlenmeden önce doğru kodu girmek için ",{"t":"idOrVar","v":"n"}," deneme hakkınız kaldı."],"two":["SIM kart kilitlenmeden önce doğru kodu girmek için ",{"t":"idOrVar","v":"n"}," deneme hakkınız kaldı."]},"$x":[{"t":"idOrVar","v":"plural"},"n"]},{"$i":"pinLastChanceMsg","$v":"Doğru PIN'i girmek için son şansınız. Aksi takdirde SIM kartı kullanabilmek için PUK kodunu girmelisiniz."},{"$i":"simCardLockedMsg","$v":"SIM kart kilitlendi."},{"$i":"enterPukMsg","$v":"SIM kart PUK kodunu girmelisiniz. Ayrıntılı bilgi için SIM kart belgelerine başvurun veya operatörünüzle temasa geçin."},{"$i":"pukErrorMsg","$v":"Hatalı PUK"},{"$i":"pukAttemptMsg2","$v":{"few":["SIM kartınız kalıcı olarak kullanılamaz hale gelmeden önce doğru kodu girmek için ",{"t":"idOrVar","v":"n"}," deneme hakkınız kaldı. Ayrıntılı bilgi için SIM kart belgelerine başvurun veya operatörünüzle temasa geçin."],"many":["SIM kartınız kalıcı olarak kullanılamaz hale gelmeden önce doğru kodu girmek için ",{"t":"idOrVar","v":"n"}," deneme hakkınız kaldı. Ayrıntılı bilgi için SIM kart belgelerine başvurun veya operatörünüzle temasa geçin."],"one":"SIM kartınız kalıcı olarak kullanılamaz hale gelmeden önce doğru kodu girmek için bir deneme hakkınız kaldı. Ayrıntılı bilgi için SIM kart belgelerine başvurun veya operatörünüzle temasa geçin.","other":["SIM kartınız kalıcı olarak kullanılamaz hale gelmeden önce doğru kodu girmek için ",{"t":"idOrVar","v":"n"}," deneme hakkınız kaldı. Ayrıntılı bilgi için SIM kart belgelerine başvurun veya operatörünüzle temasa geçin."],"two":["SIM kartınız kalıcı olarak kullanılamaz hale gelmeden önce doğru kodu girmek için ",{"t":"idOrVar","v":"n"}," deneme hakkınız kaldı. Ayrıntılı bilgi için SIM kart belgelerine başvurun veya operatörünüzle temasa geçin."]},"$x":[{"t":"idOrVar","v":"plural"},"n"]},{"$i":"pukLastChanceMsg","$v":"Doğru PUK kodunu girmek için son şansınız. Hatalı PUK kodunu girerseniz SIM kartınız kalıcı olarak kullanılmaz hale gelecek. Ayrıntılı bilgi için SIM kart belgelerine başvurun veya operatörünüzle temasa geçin."},{"$i":"cardPermanentlyLockMsg-head","$v":"Hatalı PUK"},{"$i":"cardPermanentlyLockMsg-body","$v":"SIM kartınız süresiz kilitlendi. Daha fazla bilgi için operatörünüzle irtibat kurun."},{"$i":"newSimPinMsg","$v":"PIN oluştur (4 – 8 rakam içermelidir)"},{"$i":"confirmNewSimPinMsg","$v":"Yeni PIN'i onaylayın"},{"$i":"newPinErrorMsg","$v":"PIN'ler eşleşmiyor."},{"$i":"nckErrorMsg","$v":"NCK kodu hatalı."},{"$i":"nckAttemptMsg2","$v":{"few":["Ağ kişiselleştirmesini kaldırma isteği başarısız. Doğru kodu girmek için ",{"t":"idOrVar","v":"n"}," deneme hakkınız kaldı. Ayrıntılı bilgi için cihaz belgelerine başvurun veya operatörünüzle temasa geçin."],"many":["Ağ kişiselleştirmesini kaldırma isteği başarısız. Doğru kodu girmek için ",{"t":"idOrVar","v":"n"}," deneme hakkınız kaldı. Ayrıntılı bilgi için cihaz belgelerine başvurun veya operatörünüzle temasa geçin."],"one":"Ağ kişiselleştirmesini kaldırma isteği başarısız. Doğru kodu girmek için bir deneme hakkınız kaldı. Ayrıntılı bilgi için cihaz belgelerine başvurun veya operatörünüzle temasa geçin.","other":["Ağ kişiselleştirmesini kaldırma isteği başarısız. Doğru kodu girmek için ",{"t":"idOrVar","v":"n"}," deneme hakkınız kaldı. Ayrıntılı bilgi için cihaz belgelerine başvurun veya operatörünüzle temasa geçin."],"two":["Ağ kişiselleştirmesini kaldırma isteği başarısız. Doğru kodu girmek için ",{"t":"idOrVar","v":"n"}," deneme hakkınız kaldı. Ayrıntılı bilgi için cihaz belgelerine başvurun veya operatörünüzle temasa geçin."]},"$x":[{"t":"idOrVar","v":"plural"},"n"]},{"$i":"nckLastChanceMsg","$v":"Ağ kişiselleştirmesini kaldırma isteği başarısız. Doğru NCK kodunu girmek için son şansınız. Ayrıntılı bilgi için cihaz belgelerine başvurun veya operatörünüzle temasa geçin."},{"$i":"sim-attention-header","$v":"SIM kilitli"},{"$i":"multiSIM-attention-header","$v":["SIM",{"t":"idOrVar","v":"n"}," kilitlendi"]},{"$i":"sim-attention-head","$v":"SIM kart kilitlendi."},{"$i":"sim-attention-body","$v":"SIM kilidini açmak için PUK kodunu girmek ister misiniz?"},{"$i":"enter-puk-rsk","$v":"PUK gir"},{"$i":"verify-rsk","$v":"Bitti"},{"$i":"activity-pick","$v":"Buradan Seç"},{"$i":"activity-view","$v":"İle görüntüle"},{"$i":"activity-test","$v":"İle test et"},{"$i":"activity-share","$v":"Paylaş"},{"$i":"activity-new","$v":"İle oluştur"},{"$i":"activity-open","$v":"Birlikte aç"},{"$i":"activity-save-bookmark","$v":"Yer imi"},{"$i":"activity-record","$v":"'dan kaydet"},{"$i":"activity-browse","$v":"İle tara"},{"$i":"activity-configure","$v":"İle yapılandır"},{"$i":"activity-dial","$v":"'dan çevir"},{"$i":"remoteDebuggerMessage","$v":"Uzaktan hata ayıklamaya izin vermek için gelen bir istek algılandı. Bağlantıya izin verilsin mi?"},{"$i":"captive-wifi-available","$v":[{"t":"idOrVar","v":"networkName"}," ağı bulundu. Ağa katılınsın mı?"]},{"$i":"ceWarningtitle","$v":"Ses düzeyi uyarısı"},{"$i":"ceWarningcontent","$v":"İşitme sisteminizin zarar görmemesi için, uzun süre boyunca yüksek seste müzik dinlemeyin."},{"$i":"is-volume-type-notification","$v":{"$o":"Zil Sesleri & Uyarılar"}},{"$i":"is-volume-type-telephony","$v":"Ses düzeyi"},{"$i":"is-volume-type-alarm","$v":"Alarm"},{"$i":"is-volume-type-content","$v":"Medya"},{"$i":"tcl-volume-type-notification","$v":{"$o":"Zil Sesleri & Uyarılar"}},{"$i":"tcl-volume-type-telephony","$v":"Ses düzeyi"},{"$i":"volume-type-alarm","$v":"Alarm"},{"$i":"volume-type-content","$v":"Medya"},{"$i":"vibrate-only","$v":"Yalnızca Titreşim"},{"$i":"silent","$v":"Sessiz"},{"$i":"vibrate-on","$v":"Titreşim:Açık"},{"$i":"vibrate-off","$v":"Titreşim:Kapalı"},{"$i":"vibrate","$v":"Titreşim"},{"$i":"tcl-volume","$v":["Ses Düzeyi: ",{"t":"idOrVar","v":"n"}," / ",{"t":"idOrVar","v":"c"}]},{"$i":"notification-powersaving-mode-on-title","$v":"Güç Tasarrufu Modu"},{"$i":"notification-powersaving-mode-on-description","$v":"Güç tasarrufu modu açık."},{"$i":"low-device-storage","$v":"Cihazda boş alan az.\\n"},{"$i":"storage-alert","$v":"Depolama Uyarısı"},{"$i":"phone-almost-full","$v":"Telefon neredeyse dolu."},{"$i":"free-space","$v":{"few":[{"t":"idOrVar","v":"value"}," ",{"t":"idOrVar","v":"unit"}," değerinden daha az kaldı."],"many":[{"t":"idOrVar","v":"value"}," ",{"t":"idOrVar","v":"unit"}," değerinden daha az kaldı."],"one":[{"t":"idOrVar","v":"value"}," ",{"t":"idOrVar","v":"unit"}," değerinden daha az kaldı."],"other":[{"t":"idOrVar","v":"value"}," ",{"t":"idOrVar","v":"unit"}," değerinden daha az kaldı."],"two":[{"t":"idOrVar","v":"value"}," ",{"t":"idOrVar","v":"unit"}," değerinden daha az kaldı."],"zero":"Boş alan kalmadı."},"$x":[{"t":"idOrVar","v":"plural"},"value"]},{"$i":"unknown-free-space","$v":"Kalan alan bilinmiyor."},{"$i":"can-delete-data-to-get-space","$v":"Daha fazla boş alan elde etmek için bazı medya dosyalarını veya yönetici uygulamalarını silebilirsiniz."},{"$i":"should-delete-data-to-get-space","$v":"Bu cihazı kullanmaya devam etmeden önce daha fazla yer açmak için birkaç medya dosyası silmeniz veya uygulama verilerini yönetmeniz gerekiyor."},{"$i":"storage-full-level-1-title","$v":"Telefon Neredeyse Dolu"},{"$i":"storage-full-level-2-title","$v":"Telefon depolama birimi dolu."},{"$i":"delete-to-get-space","$v":"Yer açmak için medya dosyalarını, uygulama verilerini veya indirilen uygulamaları silin."},{"$i":"delete-to-get-space-level-2","$v":"Yer açmak için medya dosyalarını, uygulama verilerini veya indirilen uygulamaları silin. Aksi takdirde, telefon düzgün çalışmayacaktır."},{"$i":"system-alert","$v":"Sistem Uyarısı"},{"$i":"cb-channel","$v":["Kanal ",{"t":"idOrVar","v":"channel"}]},{"$i":"cell-broadcast-subtitle","$v":"Hücre Yayını"},{"$i":"cb-etws-warningType-earthquake","$v":"Deprem uyarısı!"},{"$i":"cb-etws-warningType-tsunami","$v":"Tsunami uyarısı!"},{"$i":"cb-etws-warningType-earthquake-tsunami","$v":"Deprem-tsunami uyarısı!"},{"$i":"cb-etws-warningType-test","$v":"Uyarı sistemi test ediliyor."},{"$i":"cb-etws-warningType-other","$v":"Acil durum uyarısı!"},{"$i":"icc-message-maintitle","$v":"Operatör Mesajı"},{"$i":"icc-message-subtitle","$v":"SIM"},{"$i":"icc-confirmCall-defaultmessage","$v":[{"t":"idOrVar","v":"number"}," aransın mı?"]},{"$i":"icc-alertMessage-defaultmessage","$v":"Mesaj gönderiliyor"},{"$i":"icc-confirmMessage-defaultmessage","$v":"Mesaj gönderilsin mi?"},{"$i":"icc-notification-title","$v":["SIM ",{"t":"idOrVar","v":"id"}," STK"]},{"$i":"icc-inputbox-maintitle","$v":"STK Sorgusu"},{"$i":"icc-inputbox-subtitle","$v":["SIM ",{"t":"idOrVar","v":"id"}]},{"$i":"emergency-callback-mode","$v":"Acil geri arama modu"},{"$i":"emergency-callback-message","$v":"Acil geri arama modu etkinleştirildiğinden arama yapamaz, mesaj gönderemez ve internet kullanamazsınız. Kapatmak ister misiniz?"},{"$i":"cdma-record-info","$v":"CDMA kayıt bilgisi"},{"$i":"download_started","$v":"İndirme başladı"},{"$i":"download_stopped","$v":"İndirme durduruldu"},{"$i":"download_downloading","$v":["%",{"t":"idOrVar","v":"percentage"}]},{"$i":"download_succeeded","$v":"İndirme tamamlandı"},{"$i":"download_failed","$v":"İndirme başarısız"},{"$i":"update_succeeded","$v":"Güncelleme tamamlandı"},{"$i":"download_text_by_default","$v":[{"t":"idOrVar","v":"name"}]},{"$i":"phone-storage-full-title","$v":"Telefon Hafızası Dolu"},{"$i":"phone-storage-full-warning","$v":"Dosya indirilemiyor. Yer açmak için medya dosyalarını veya uygulama verilerini silin. Medya saklama alanınızı genişletmek için bir SD kartı da takabilirsiniz."},{"$i":"sdcard-storage-full-title","$v":"SD Kart Dolu"},{"$i":"sdcard-storage-full-warning","$v":"Dosya indirilemiyor. Yer açmak için SD kartındaki dosyaları silin."},{"$i":"opt-settings","$v":"Ayarlar"},{"$i":"search-the-web","$v":"Web'de ara"},{"$i":"search-or-enter-address","$v":"Arayın veya adres girin","placeholder":"Arayın veya adres girin"},{"$i":"search-or-enter-url","$v":"Arayın veya URL yazın","placeholder":"Arayın veya URL yazın"},{"$i":"back-button","ariaLabel":"Geri"},{"$i":"forward-button","ariaLabel":"İlet"},{"$i":"reload-button","ariaLabel":"Yeniden yükle"},{"$i":"stop-button","ariaLabel":"Durdur"},{"$i":"windows-button","ariaLabel":"Pencereleri göster"},{"$i":"noHotspotWhenAPMisOnWifiHotspot","$v":"FM Radyoyu kullanmak için Wi-Fi'ı kapatın."},{"$i":"apmActivated","$v":"Uçak modu etkin"},{"$i":"save-image","$v":"Resmi Kaydet"},{"$i":"save-video","$v":"Videoyu Kaydet"},{"$i":"save-audio","$v":"Ses Kaydet"},{"$i":"share-image","$v":"Resim Paylaş"},{"$i":"share-video","$v":"Video Paylaş"},{"$i":"share-audio","$v":"Ses Paylaş"},{"$i":"tcl-cancelButtonId","$v":"İptal"},{"$i":"tcl-not-send","$v":"Gönderme"},{"$i":"tcl-send-report","$v":"Rapor Gönder"},{"$i":"refresh","$v":"Yenile"},{"$i":"goBack","$v":"Geri dön"},{"$i":"goForward","$v":"İlerle"},{"$i":"goToTopSites","$v":"En İyi Sitelere Git"},{"$i":"pinToTopSites","$v":"En İyi Sitelere iğnele"},{"$i":"pinToAllApps","$v":"Tüm Uygulamalara Sabitle"},{"$i":"pinToAppsMenu","$v":"Uygulamalar Menüsüne Sabitle"},{"$i":"viewMessages","$v":"Mesajları Görüntüle"},{"$i":"downloadImage","$v":"Resim indir"},{"$i":"quit","$v":"Çık"},{"$i":"minimizeBrowser","$v":"Tarayıcıyı Simge Durumuna Küçült"},{"$i":"pinSiteCompletely","$v":"Bu web sitesi En İyi Sitelere sabitlendi."},{"$i":"siteWasPinnedBefore","$v":"Bu site daha önce En İyi Sitelere sabitlendi."},{"$i":"pinnedSitesOverLimit","$v":"Maksimum sabitlenmiş web sitesi sayısına ulaştınız."},{"$i":"pressBackAgainToQuitBrowser","$v":"Tarayıcıdan çıkmak için GERİ'ye basın."},{"$i":"pressBackAgainToMinimizeBrowser","$v":"Tarayıcıyı simge durumuna küçültmek için tekrar GERİ seçeneğine basın."},{"$i":"pinSiteToAllAppsCompletely","$v":"Bu web sitesi Tüm Uygulamalar'a sabitlendi."},{"$i":"pinSiteToAppsMenuCompletely","$v":"Bu web sitesi Uygulamalar Menüsü'ne sabitlendi."},{"$i":"siteWasPinnedToAllAppsBefore","$v":"Bu web sitesi daha önce Tüm Uygulamalar'a sabitlenmişti."},{"$i":"siteWasPinnedToAppsMenuBefore","$v":"Bu web sitesi daha önce Uygulamalar Menüsü'ne sabitlenmişti."},{"$i":"ext-bluetooth-req","$v":"Eşleştirme İsteği"},{"$i":"ext-unknown","$v":"BİLİNMİYOR"},{"$i":"ext-new-message","$v":"Yeni Mesaj"},{"$i":"ext-new-mail","$v":"Yeni Posta"},{"$i":"ext-calendar-event","$v":"Takvim Etkinliği"},{"$i":"ext-new-notification","$v":"Yeni Uyarılar"},{"$i":"incoming","$v":"Gelen"},{"$i":"ext-volume-notification","$v":{"$o":"Zil Sesleri & bildirimler"}},{"$i":"ext-volume-content","$v":"Medya"},{"$i":"ext-volume-alarm","$v":"Alarm"},{"$i":"ext-new-cmas","$v":"Acil Durum"},{"$i":"phone-storage-full-body","$v":"Arama kaydı durduruldu. Yer açmak için SD kartındaki dosyaları silin."},{"$i":"sd-card-full-title","$v":"SD Kart Dolu"},{"$i":"sd-card-full-body","$v":"Arama kaydı durduruldu. Yer açmak için SD kartındaki dosyaları silin."},{"$i":"supl-notification-title","$v":"Konum İsteği"},{"$i":"supl-notification-message","$v":"Konumunuz operatöre iletiliyor."},{"$i":"supl-verification-title","$v":"Konum İsteği"},{"$i":"supl-verification-message","$v":"Operatörünüz konumunuzu istiyor. Operatörünüze konum bilginizi vermek ister misiniz?"},{"$i":"supl-verification-message-for-notification","$v":"Onay için buraya tıkla"},{"$i":"supl-verification-confirm","$v":"Evet"},{"$i":"supl-verification-cancel","$v":"Hayır"},{"$i":"supl-more-message","$v":["Mesaj: ",{"t":"idOrVar","v":"id"}," (",{"t":"idOrVar","v":"message"},")"]},{"$i":"confirmPbapMsg","$v":[{"t":"idOrVar","v":"deviceId"}," kişilerinize ve arama geçmişinize erişmek istiyor? Kabul ediyor musunuz?"]},{"$i":"confirmTitle","$v":"Bluetooth İsteği"},{"$i":"initialValue","$v":"Oturum anahtarını gir"},{"$i":"confirmMapMsg","$v":[{"t":"idOrVar","v":"deviceId"}," mesajlarınıza erişmek istiyor. Kabul ediyor musunuz?"]},{"$i":"wifiCallErrorMsg","$v":["Wi-Fi arama hatası: ",{"t":"idOrVar","v":"error"}]},{"$i":"wifiCallMissEccTitle","$v":[{"t":"idOrVar","v":"operator"}," WiFi Calling"]},{"$i":"wifiCallMissEccMsg","$v":"Emergency calls in areas with cellular coverage only"},{"$i":"battery-full-title","$v":"Pil Dolu"},{"$i":"battery-full-body","$v":"Pil tamamen şarj edildi."},{"$i":"sim-config-title","$v":"Yapılandırma"},{"$i":"sim-config-content-init","$v":["Telefonunuzu ",{"t":"idOrVar","v":"carrier"}," için yapılandırmak istiyorsanız BAŞLA seçeneğine basın."]},{"$i":"sim-config-content-change","$v":["Telefonunuzu ",{"t":"idOrVar","v":"carrier"}," için yapılandırmak istiyor musunuz?"]},{"$i":"sim-config-content-line1","$v":"Tebrikler!"},{"$i":"sim-config-content-restart","$v":"Değişiklikleri uygulamak için telefonunuzu yeniden başlatın."},{"$i":"sim-config-content-finish","$v":"Bitirmek için TAMAM seçeneğine basın."},{"$i":"sim-config-content-failed","$v":[{"t":"idOrVar","v":"carrier"}," profili bulunamadı."]},{"$i":"sim-config-button-restart","$v":"Yeniden başlat"},{"$i":"sim-config-button-begin","$v":"Başla"},{"$i":"open-wifi-available","$v":"Kullanılabilir Wi-Fi ağlarını aç"},{"$i":"wifi-available","$v":"Kablosuz ağlar var"},{"$i":"wifi-no-internet-title","$v":"Wi-Fi'ın internet erişimi yok"},{"$i":"wifi-no-internet-body","$v":"Seçenekler için seçenek"},{"$i":"wifi-no-internet-header","$v":"Wi-Fi Ağları"},{"$i":"wifi-no-internet-content","$v":[{"t":"idOrVar","v":"name"}," internet erişimine sahip değil, bağlı kalmak istiyor musunuz?"]},{"$i":"ellipses_char","$v":"…"},{"$i":"fota-title-attention","$v":"Dikkat"},{"$i":"fota-upgrade-success","$v":["Bellenim Yükseltmesi başarılı, Cihazınız şu an ",{"t":"idOrVar","v":"target"}," versiyonunda."]},{"$i":"fota-upgrade-failed","$v":"Yükseltme başarısız. Önceki versiyon geri yüklendi."},{"$i":"fota-title-software-update","$v":"Yazılım Güncelleme"},{"$i":"fota-message-software-update-available","$v":"Güncelleme var."},{"$i":"fota-message-software-download-failed","$v":"İndirme başarısız."},{"$i":"fota-message-software-download-complete","$v":"İndirme tamamlandı."},{"$i":"network-issue-title","$v":"Ağ Hatası"},{"$i":"network-issue-detail","$v":"Lütfen bağlantınızı kontrol edin."},{"$i":"device-issue-title","$v":"Yükleme Hatası"},{"$i":"device-issue-detail","$v":"Bilinmeyen bir hata oluştu."},{"$i":"device-issue-update-title","$v":"Güncelleme Hatası"},{"$i":"install-generic-error","$v":"İndirme durduruldu."},{"$i":"account-authenticator-invaild-grant-notice-title","$v":"Hesap Hatası"},{"$i":"account-authenticator-invaild-grant-notice-text","$v":"Tekrar giriş yap"},{"$i":"account-authenticator-no-network-error","$v":"İnternet bağlantısı yok."},{"$i":"account-authenticator-access-denied-error","$v":"Bilinmeyen bir hata oluştu."},{"$i":"qtn_els_alert_high_vol","$v":"Yük. ses dzy uyrs"},{"$i":"qtn_els_alert_in_call","$v":"Aramada"},{"$i":"GetEmptyUssdPrompt","$v":"Boş yanıt alındı."},{"$i":"message-sent","$v":"Mesaj gönderildi."},{"$i":"send","$v":"Gönder"},{"$i":"confirmation","$v":"Onay"},{"$i":"feedback-dialogview-header","$v":"Geribildirim"},{"$i":"feedback-dialogview-message","$v":"Görüşleriniz HMD Global için önemlidir, lütfen yeni telefonunuz hakkındaki görüşlerinizi bize bildirin. Daha sonra katılmak isterseniz bu anketi Ayarlar'da bulabilirsiniz."},{"$i":"accessibility-enableScreenReaderSteps","$v":"Ekran okuyucusunu açmak için üç kez daha ses yükseltme tuşuna sonra ses kısma tuşuna basın"},{"$i":"accessibility-disableScreenReaderSteps","$v":"Ekran okuyucusunu kapatmak için üç kez daha ses yükseltme tuşuna, sonra ses kısma tuşuna basın"},{"$i":"accessibility-screenReaderStarted","$v":"Ekran okuyucusu başladı"},{"$i":"accessibility-screenReaderStopped","$v":"Ekran okuyucusu durdu"},{"$i":"accessibility-menubar","$v":"menü çubuğu"},{"$i":"accessibility-scrollbar","$v":"kaydırma çubuğu"},{"$i":"accessibility-grip","$v":"kavra"},{"$i":"accessibility-alert","$v":"uyarı"},{"$i":"accessibility-menupopup","$v":"açılır menü"},{"$i":"accessibility-document","$v":"belge"},{"$i":"accessibility-pane","$v":"bölme"},{"$i":"accessibility-dialog","$v":"diyalog"},{"$i":"accessibility-separator","$v":"ayırıcı"},{"$i":"accessibility-toolbar","$v":"araç çubuğu"},{"$i":"accessibility-statusbar","$v":"durum çubuğu"},{"$i":"accessibility-table","$v":"tablo"},{"$i":"accessibility-columnheader","$v":"sütun başlığı"},{"$i":"accessibility-rowheader","$v":"satır başlığı"},{"$i":"accessibility-column","$v":"sütun"},{"$i":"accessibility-row","$v":"satır"},{"$i":"accessibility-cell","$v":"hücre"},{"$i":"accessibility-link","$v":"bağlantı"},{"$i":"accessibility-list","$v":"liste"},{"$i":"accessibility-listitem","$v":"liste öğesi"},{"$i":"accessibility-outline","$v":"ana hat"},{"$i":"accessibility-outlineitem","$v":"ana hat öğesi"},{"$i":"accessibility-pagetab","$v":"sekme"},{"$i":"accessibility-propertypage","$v":"özellik sayfası"},{"$i":"accessibility-graphic","$v":"grafik"},{"$i":"accessibility-pushbutton","$v":"düğme"},{"$i":"accessibility-checkbutton","$v":"işaretleme düğmesi"},{"$i":"accessibility-radiobutton","$v":"radyo düğmesi"},{"$i":"accessibility-combobox","$v":"açılır kutu"},{"$i":"accessibility-progressbar","$v":"ilerleme çubuğu"},{"$i":"accessibility-slider","$v":"kaydırıcı"},{"$i":"accessibility-spinbutton","$v":"değer değiştirme düğmesi"},{"$i":"accessibility-diagram","$v":"diyagram"},{"$i":"accessibility-animation","$v":"animasyon"},{"$i":"accessibility-equation","$v":"denklem"},{"$i":"accessibility-buttonmenu","$v":"düğme menüsü"},{"$i":"accessibility-whitespace","$v":"white space"},{"$i":"accessibility-pagetablist","$v":"sekme listesi"},{"$i":"accessibility-canvas","$v":"kanvas"},{"$i":"accessibility-checkmenuitem","$v":"menü öğesini işaretle"},{"$i":"accessibility-label","$v":"etiket"},{"$i":"accessibility-passwordtext","$v":"şifre metni"},{"$i":"accessibility-radiomenuitem","$v":"radyo menü öğesi"},{"$i":"accessibility-textcontainer","$v":"metin kapsayıcısı"},{"$i":"accessibility-togglebutton","$v":"değiştirme düğmesi"},{"$i":"accessibility-treetable","$v":"ağaç tablosu"},{"$i":"accessibility-header","$v":"üstbilgi"},{"$i":"accessibility-footer","$v":"altbilgi"},{"$i":"accessibility-paragraph","$v":"paragraf"},{"$i":"accessibility-entry","$v":"girdi"},{"$i":"accessibility-caption","$v":"başlık"},{"$i":"accessibility-heading","$v":"başlık"},{"$i":"accessibility-section","$v":"bölüm"},{"$i":"accessibility-form","$v":"form"},{"$i":"accessibility-comboboxlist","$v":"açılır kutu listesi"},{"$i":"accessibility-comboboxoption","$v":"açılır kutu seçeneği"},{"$i":"accessibility-imagemap","$v":"resim haritası"},{"$i":"accessibility-listboxoption","$v":"seçenek"},{"$i":"accessibility-listbox","$v":"liste kutusu"},{"$i":"accessibility-flatequation","$v":"denklem"},{"$i":"accessibility-gridcell","$v":"gridcell"},{"$i":"accessibility-note","$v":"not"},{"$i":"accessibility-figure","$v":"ölçü"},{"$i":"accessibility-definitionlist","$v":"tanım listesi"},{"$i":"accessibility-term","$v":"terim"},{"$i":"accessibility-definition","$v":"tanım"},{"$i":"accessibility-textarea","$v":"metin alanı"},{"$i":"accessibility-textInputType_date","$v":"tarih"},{"$i":"accessibility-textInputType_email","$v":"e-posta"},{"$i":"accessibility-textInputType_search","$v":"arama"},{"$i":"accessibility-textInputType_tel","$v":"telefon"},{"$i":"accessibility-textInputType_url","$v":"URL"},{"$i":"accessibility-headingLevel","$v":["başlık düzeyi ",{"t":"idOrVar","v":"0"}]},{"$i":"accessibility-listStart","$v":"İlk öğe"},{"$i":"accessibility-listEnd","$v":"Son öğe"},{"$i":"accessibility-listItemsCount","$v":{"few":[{"t":"idOrVar","v":"count"}," öğe"],"many":[{"t":"idOrVar","v":"count"}," öğe"],"one":[{"t":"idOrVar","v":"count"}," öğe"],"other":[{"t":"idOrVar","v":"count"}," öğe"],"two":[{"t":"idOrVar","v":"count"}," öğe"],"zero":[{"t":"idOrVar","v":"count"}," öğe"]},"$x":[{"t":"idOrVar","v":"plural"},"count"]},{"$i":"accessibility-objItemOfN","$v":[{"t":"idOrVar","v":"0"}," / ",{"t":"idOrVar","v":"1"}]},{"$i":"accessibility-banner","$v":"banner"},{"$i":"accessibility-complementary","$v":"tamamlayıcı"},{"$i":"accessibility-contentinfo","$v":"içerik bilgisi"},{"$i":"accessibility-main","$v":"ana"},{"$i":"accessibility-navigation","$v":"navigasyon"},{"$i":"accessibility-search","$v":"arama"},{"$i":"accessibility-tblColumnInfo","$v":{"few":[{"t":"idOrVar","v":"count"}," sütun ile"],"many":[{"t":"idOrVar","v":"count"}," sütun ile"],"one":[{"t":"idOrVar","v":"count"}," sütun ile"],"other":[{"t":"idOrVar","v":"count"}," sütun ile"],"two":[{"t":"idOrVar","v":"count"}," sütun ile"],"zero":[{"t":"idOrVar","v":"count"}," sütun ile"]},"$x":[{"t":"idOrVar","v":"plural"},"count"]},{"$i":"accessibility-tblRowInfo","$v":{"few":["ve ",{"t":"idOrVar","v":"count"}," satır"],"many":["ve ",{"t":"idOrVar","v":"count"}," satır"],"one":["ve ",{"t":"idOrVar","v":"count"}," satır"],"other":["ve ",{"t":"idOrVar","v":"count"}," satır"],"two":["ve ",{"t":"idOrVar","v":"count"}," satır"],"zero":["ve ",{"t":"idOrVar","v":"count"}," satır"]},"$x":[{"t":"idOrVar","v":"plural"},"count"]},{"$i":"accessibility-columnInfo","$v":["Sütun ",{"t":"idOrVar","v":"0"}]},{"$i":"accessibility-rowInfo","$v":["Satır ",{"t":"idOrVar","v":"0"}]},{"$i":"accessibility-spansColumns","$v":{"few":["Sütun aralıkları ",{"t":"idOrVar","v":"0"}],"many":["Sütun aralıkları ",{"t":"idOrVar","v":"0"}],"one":["Sütun aralığı ",{"t":"idOrVar","v":"0"}],"other":["Sütun aralıkları ",{"t":"idOrVar","v":"0"}],"two":["Sütun aralıkları ",{"t":"idOrVar","v":"0"}],"zero":["Sütun aralıkları ",{"t":"idOrVar","v":"0"}]},"$x":[{"t":"idOrVar","v":"plural"},"0"]},{"$i":"accessibility-spansRows","$v":{"few":["Satır aralıkları ",{"t":"idOrVar","v":"0"}],"many":["Satır aralıkları ",{"t":"idOrVar","v":"0"}],"one":["Satır aralığı ",{"t":"idOrVar","v":"0"}],"other":["Satır aralıkları ",{"t":"idOrVar","v":"0"}],"two":["Satır aralıkları ",{"t":"idOrVar","v":"0"}],"zero":["Satır aralıkları ",{"t":"idOrVar","v":"0"}]},"$x":[{"t":"idOrVar","v":"plural"},"0"]},{"$i":"accessibility-jumpAction","$v":"atlandı"},{"$i":"accessibility-pressAction","$v":"basıldı"},{"$i":"accessibility-checkAction","$v":"işaretli"},{"$i":"accessibility-uncheckAction","$v":"işaretli değil"},{"$i":"accessibility-selectAction","$v":"seçildi"},{"$i":"accessibility-unselectAction","$v":"seçili değil"},{"$i":"accessibility-openAction","$v":"açıldı"},{"$i":"accessibility-closeAction","$v":"kapatıldı"},{"$i":"accessibility-switchAction","$v":"değiştirildi"},{"$i":"accessibility-clickAction","$v":"tıklandı"},{"$i":"accessibility-collapseAction","$v":"daraltıldı"},{"$i":"accessibility-expandAction","$v":"genişletildi"},{"$i":"accessibility-activateAction","$v":"etkinleştirildi"},{"$i":"accessibility-cycleAction","$v":"tekrarlayan"},{"$i":"accessibility-hidden","$v":"gizli"},{"$i":"accessibility-tabLoading","$v":"yükleniyor"},{"$i":"accessibility-tabLoaded","$v":"yüklendi"},{"$i":"accessibility-tabNew","$v":"yeni sekme"},{"$i":"accessibility-tabLoadStopped","$v":"yükleme durdu"},{"$i":"accessibility-tabReload","$v":"yeniden yükleniyor"},{"$i":"accessibility-stateChecked","$v":"işaretli"},{"$i":"accessibility-stateNotChecked","$v":"işaretli değil"},{"$i":"accessibility-statePressed","$v":"basıldı"},{"$i":"accessibility-stateExpanded","$v":"genişletildi"},{"$i":"accessibility-stateCollapsed","$v":"daraltıldı"},{"$i":"accessibility-stateUnavailable","$v":"kullanılamıyor"},{"$i":"accessibility-stateRequired","$v":"gerekli"},{"$i":"accessibility-stateTraversed","$v":"ziyaret edildi"},{"$i":"accessibility-stateHasPopup","$v":"açılır pencere var"},{"$i":"accessibility-stateSelected","$v":"seçildi"},{"$i":"accessibility-editingMode","$v":"düzenleme"},{"$i":"accessibility-navigationMode","$v":"geziniyor"},{"$i":"accessibility-quicknav_Simple","$v":"Varsayılan"},{"$i":"accessibility-quicknav_Anchor","$v":"Tutturucular"},{"$i":"accessibility-quicknav_Button","$v":"Düğmeler"},{"$i":"accessibility-quicknav_Combobox","$v":"İletişim kutuları"},{"$i":"accessibility-quicknav_Landmark","$v":"Yerler"},{"$i":"accessibility-quicknav_Entry","$v":"Girdiler"},{"$i":"accessibility-quicknav_FormElement","$v":"Form ögeleri"},{"$i":"accessibility-quicknav_Graphic","$v":"Resimler"},{"$i":"accessibility-quicknav_Heading","$v":"Başlıklar"},{"$i":"accessibility-quicknav_ListItem","$v":"Liste öğeleri"},{"$i":"accessibility-quicknav_Link","$v":"Bağlantılar"},{"$i":"accessibility-quicknav_List","$v":"Listeler"},{"$i":"accessibility-quicknav_PageTab","$v":"Sayfa sekmeleri"},{"$i":"accessibility-quicknav_RadioButton","$v":"Radyo düğmeleri"},{"$i":"accessibility-quicknav_Separator","$v":"Ayırıcılar"},{"$i":"accessibility-quicknav_Table","$v":"Tablolar"},{"$i":"accessibility-quicknav_Checkbox","$v":"Onay kutuları"},{"$i":"accessibility-menubarAbbr","$v":"menü çubuğu"},{"$i":"accessibility-scrollbarAbbr","$v":"kaydırma çubuğu"},{"$i":"accessibility-gripAbbr","$v":"kavra"},{"$i":"accessibility-alertAbbr","$v":"uyarı"},{"$i":"accessibility-menupopupAbbr","$v":"açılır menü"},{"$i":"accessibility-documentAbbr","$v":"belge"},{"$i":"accessibility-paneAbbr","$v":"bölme"},{"$i":"accessibility-dialogAbbr","$v":"diyalog"},{"$i":"accessibility-separatorAbbr","$v":"ayırıcı"},{"$i":"accessibility-toolbarAbbr","$v":"araç çubuğu"},{"$i":"accessibility-statusbarAbbr","$v":"durum çubuğu"},{"$i":"accessibility-tableAbbr","$v":"tbl"},{"$i":"accessibility-columnheaderAbbr","$v":"sütun başlığı"},{"$i":"accessibility-rowheaderAbbr","$v":"satır başlığı"},{"$i":"accessibility-columnAbbr","$v":"sütun"},{"$i":"accessibility-rowAbbr","$v":"satır"},{"$i":"accessibility-cellAbbr","$v":"hücre"},{"$i":"accessibility-linkAbbr","$v":"lnk"},{"$i":"accessibility-listAbbr","$v":"liste"},{"$i":"accessibility-listitemAbbr","$v":"liste öğesi"},{"$i":"accessibility-outlineAbbr","$v":"ana hat"},{"$i":"accessibility-outlineitemAbbr","$v":"ana hat öğesi"},{"$i":"accessibility-pagetabAbbr","$v":"sekme"},{"$i":"accessibility-propertypageAbbr","$v":"özellik sayfası"},{"$i":"accessibility-graphicAbbr","$v":"grafik"},{"$i":"accessibility-pushbuttonAbbr","$v":"btn"},{"$i":"accessibility-checkbuttonAbbr","$v":"işaretleme düğmesi"},{"$i":"accessibility-radiobuttonAbbr","$v":"radyo düğmesi"},{"$i":"accessibility-comboboxAbbr","$v":"açılır kutu"},{"$i":"accessibility-progressbarAbbr","$v":"ilerleme çubuğu"},{"$i":"accessibility-sliderAbbr","$v":"kaydırıcı"},{"$i":"accessibility-spinbuttonAbbr","$v":"değer değiştirme düğmesi"},{"$i":"accessibility-diagramAbbr","$v":"diyagram"},{"$i":"accessibility-animationAbbr","$v":"animasyon"},{"$i":"accessibility-equationAbbr","$v":"denklem"},{"$i":"accessibility-buttonmenuAbbr","$v":"düğme menüsü"},{"$i":"accessibility-whitespaceAbbr","$v":"white space"},{"$i":"accessibility-pagetablistAbbr","$v":"sekme listesi"},{"$i":"accessibility-canvasAbbr","$v":"kanvas"},{"$i":"accessibility-checkmenuitemAbbr","$v":"menü öğesini işaretle"},{"$i":"accessibility-labelAbbr","$v":"etiket"},{"$i":"accessibility-passwordtextAbbr","$v":"şifre metni"},{"$i":"accessibility-radiomenuitemAbbr","$v":"radyo menü öğesi"},{"$i":"accessibility-textcontainerAbbr","$v":"metin kapsayıcısı"},{"$i":"accessibility-togglebuttonAbbr","$v":"değiştirme düğmesi"},{"$i":"accessibility-treetableAbbr","$v":"ağaç tablosu"},{"$i":"accessibility-headerAbbr","$v":"üstbilgi"},{"$i":"accessibility-footerAbbr","$v":"altbilgi"},{"$i":"accessibility-paragraphAbbr","$v":"paragraf"},{"$i":"accessibility-entryAbbr","$v":"girdi"},{"$i":"accessibility-captionAbbr","$v":"başlık"},{"$i":"accessibility-headingAbbr","$v":"başlık"},{"$i":"accessibility-sectionAbbr","$v":"bölüm"},{"$i":"accessibility-formAbbr","$v":"form"},{"$i":"accessibility-comboboxlistAbbr","$v":"açılır kutu listesi"},{"$i":"accessibility-comboboxoptionAbbr","$v":"açılır kutu seçeneği"},{"$i":"accessibility-imagemapAbbr","$v":"resim haritası"},{"$i":"accessibility-listboxoptionAbbr","$v":"seçenek"},{"$i":"accessibility-listboxAbbr","$v":"liste kutusu"},{"$i":"accessibility-flatequationAbbr","$v":"denklem"},{"$i":"accessibility-gridcellAbbr","$v":"gridcell"},{"$i":"accessibility-noteAbbr","$v":"not"},{"$i":"accessibility-figureAbbr","$v":"ölçü"},{"$i":"accessibility-definitionlistAbbr","$v":"tanım listesi"},{"$i":"accessibility-termAbbr","$v":"terim"},{"$i":"accessibility-definitionAbbr","$v":"tanım"},{"$i":"accessibility-textareaAbbr","$v":"metin alanı"},{"$i":"accessibility-tblColumnInfoAbbr","$v":{"few":[{"t":"idOrVar","v":"count"},"c"],"many":[{"t":"idOrVar","v":"count"},"c"],"one":[{"t":"idOrVar","v":"count"},"c"],"other":[{"t":"idOrVar","v":"count"},"c"],"two":[{"t":"idOrVar","v":"count"},"c"]},"$x":[{"t":"idOrVar","v":"plural"},"count"]},{"$i":"accessibility-tblRowInfoAbbr","$v":{"few":[{"t":"idOrVar","v":"count"},"r"],"many":[{"t":"idOrVar","v":"count"},"r"],"one":[{"t":"idOrVar","v":"count"},"r"],"other":[{"t":"idOrVar","v":"count"},"r"],"two":[{"t":"idOrVar","v":"count"},"r"]},"$x":[{"t":"idOrVar","v":"plural"},"count"]},{"$i":"accessibility-cellInfoAbbr","$v":["c",{"t":"idOrVar","v":"0"},"r",{"t":"idOrVar","v":"1"}]},{"$i":"accessibility-stateCheckedAbbr","$v":"(x)"},{"$i":"accessibility-stateUncheckedAbbr","$v":"( )"},{"$i":"accessibility-statePressedAbbr","$v":"(x)"},{"$i":"accessibility-stateUnpressedAbbr","$v":"( )"},{"$i":"accessibility-pushbutton-hint","$v":"Etkinleştirmek için iki kez dokunun"},{"$i":"accessibility-checkbutton-hint","$v":"Etkinleştirmek için iki kez dokunun"},{"$i":"accessibility-combobox-hint","$v":"Etkinleştirmek için iki kez dokunun"},{"$i":"accessibility-key-hint","$v":"Etkinleştirmek için basılı tutun"},{"$i":"accessibility-link-hint","$v":"Etkinleştirmek için iki kez dokunun"},{"$i":"accessibility-menuitem-hint","$v":"Etkinleştirmek için iki kez dokunun"},{"$i":"accessibility-option-hint","$v":"Etkinleştirmek için iki kez dokunun"},{"$i":"accessibility-radiobutton-hint","$v":"Etkinleştirmek için iki kez dokunun"},{"$i":"accessibility-slider-hint","$v":"Artırmak için yukarı veya azaltmak için aşağı kaydırın"},{"$i":"accessibility-spinbutton-hint","$v":"Artırmak için yukarı veya azaltmak için aşağı kaydırın"},{"$i":"accessibility-pagetab-hint","$v":"Etkinleştirmek için iki kez dokunun"},{"$i":"accessibility-entry-hint","$v":"Etkinleştirmek için iki kez dokunun"},{"$i":"accessibility-outlineitem-hint","$v":"Etkinleştirmek için iki kez dokunun"},{"$i":"SoftLeft","$v":"Sol ok tuşu"},{"$i":"Enter","$v":"Tamam tuşu"},{"$i":"SoftRight","$v":"Sağ ok tuşu"},{"$i":"weekday-0-long","$v":"Pazar"},{"$i":"weekday-1-long","$v":"Pazartesi"},{"$i":"weekday-2-long","$v":"Salı"},{"$i":"weekday-3-long","$v":"Çarşamba"},{"$i":"weekday-4-long","$v":"Perşembe"},{"$i":"weekday-5-long","$v":"Cuma"},{"$i":"weekday-6-long","$v":"Cumartesi"},{"$i":"weekday-0-short","$v":"Paz"},{"$i":"weekday-1-short","$v":"Pzt"},{"$i":"weekday-2-short","$v":"Sal"},{"$i":"weekday-3-short","$v":"Çrş"},{"$i":"weekday-4-short","$v":"Per"},{"$i":"weekday-5-short","$v":"Cum"},{"$i":"weekday-6-short","$v":"Cmt"},{"$i":"month-0-long","$v":"Ocak"},{"$i":"month-1-long","$v":"Şubat"},{"$i":"month-2-long","$v":"Mart"},{"$i":"month-3-long","$v":"Nisan"},{"$i":"month-4-long","$v":"Mayıs"},{"$i":"month-5-long","$v":"Haziran"},{"$i":"month-6-long","$v":"Temmuz"},{"$i":"month-7-long","$v":"Ağustos"},{"$i":"month-8-long","$v":"Eylül"},{"$i":"month-9-long","$v":"Ekim"},{"$i":"month-10-long","$v":"Kasım"},{"$i":"month-11-long","$v":"Aralık"},{"$i":"month-0-genitive","$v":"Ocak"},{"$i":"month-1-genitive","$v":"Şubat"},{"$i":"month-2-genitive","$v":"Mart"},{"$i":"month-3-genitive","$v":"Nisan"},{"$i":"month-4-genitive","$v":"Mayıs"},{"$i":"month-5-genitive","$v":"Haziran"},{"$i":"month-6-genitive","$v":"Temmuz"},{"$i":"month-7-genitive","$v":"Ağustos"},{"$i":"month-8-genitive","$v":"Eylül"},{"$i":"month-9-genitive","$v":"Ekim"},{"$i":"month-10-genitive","$v":"Kasım"},{"$i":"month-11-genitive","$v":"Aralık"},{"$i":"month-0-short","$v":"Oca"},{"$i":"month-1-short","$v":"Şub"},{"$i":"month-2-short","$v":"Mar"},{"$i":"month-3-short","$v":"Nis"},{"$i":"month-4-short","$v":"Mayıs"},{"$i":"month-5-short","$v":"Haz"},{"$i":"month-6-short","$v":"Tem"},{"$i":"month-7-short","$v":"Ağu"},{"$i":"month-8-short","$v":"Eyl"},{"$i":"month-9-short","$v":"Eki"},{"$i":"month-10-short","$v":"Kas"},{"$i":"month-11-short","$v":"Ara"},{"$i":"minutes-ago-long","$v":{"few":[{"t":"idOrVar","v":"value"}," dakika önce"],"many":[{"t":"idOrVar","v":"value"}," dakika önce"],"one":"bir dakika önce","other":[{"t":"idOrVar","v":"value"}," dakika önce"],"two":[{"t":"idOrVar","v":"value"}," dakika önce"],"zero":"az önce"},"$x":[{"t":"idOrVar","v":"plural"},"value"]},{"$i":"hours-ago-long","$v":{"few":[{"t":"idOrVar","v":"value"}," saat önce"],"many":[{"t":"idOrVar","v":"value"}," saat önce"],"one":"bir saat önce","other":[{"t":"idOrVar","v":"value"}," saat önce"],"two":[{"t":"idOrVar","v":"value"}," saat önce"],"zero":"az önce"},"$x":[{"t":"idOrVar","v":"plural"},"value"]},{"$i":"days-ago-long","$v":{"few":[{"t":"idOrVar","v":"value"}," gün önce"],"many":[{"t":"idOrVar","v":"value"}," gün önce"],"one":"dün","other":[{"t":"idOrVar","v":"value"}," gün önce"],"two":[{"t":"idOrVar","v":"value"}," gün önce"],"zero":"bugün"},"$x":[{"t":"idOrVar","v":"plural"},"value"]},{"$i":"weeks-ago-long","$v":{"few":[{"t":"idOrVar","v":"value"}," hafta önce"],"many":[{"t":"idOrVar","v":"value"}," hafta önce"],"one":"geçen hafta","other":[{"t":"idOrVar","v":"value"}," hafta önce"],"two":[{"t":"idOrVar","v":"value"}," hafta önce"],"zero":"bu hafta"},"$x":[{"t":"idOrVar","v":"plural"},"value"]},{"$i":"months-ago-long","$v":{"few":[{"t":"idOrVar","v":"value"}," ay önce"],"many":[{"t":"idOrVar","v":"value"}," ay önce"],"one":"geçen ay","other":[{"t":"idOrVar","v":"value"}," ay önce"],"two":[{"t":"idOrVar","v":"value"}," ay önce"],"zero":"bu ay"},"$x":[{"t":"idOrVar","v":"plural"},"value"]},{"$i":"years-ago-long","$v":{"few":[{"t":"idOrVar","v":"value"}," yıl önce"],"many":[{"t":"idOrVar","v":"value"}," yıl önce"],"one":"geçen yıl","other":[{"t":"idOrVar","v":"value"}," yıl önce"],"two":[{"t":"idOrVar","v":"value"}," yıl önce"],"zero":"bu yıl"},"$x":[{"t":"idOrVar","v":"plural"},"value"]},{"$i":"minutes-until-long","$v":{"few":[{"t":"idOrVar","v":"value"}," dakika içinde"],"many":[{"t":"idOrVar","v":"value"}," dakika içinde"],"one":"bir dakika içinde","other":[{"t":"idOrVar","v":"value"}," dakika içinde"],"two":[{"t":"idOrVar","v":"value"}," dakika içinde"],"zero":"şimdi"},"$x":[{"t":"idOrVar","v":"plural"},"value"]},{"$i":"hours-until-long","$v":{"few":[{"t":"idOrVar","v":"value"}," saat içinde"],"many":[{"t":"idOrVar","v":"value"}," saat içinde"],"one":"bir saat içinde","other":[{"t":"idOrVar","v":"value"}," saat içinde"],"two":[{"t":"idOrVar","v":"value"}," saat içinde"],"zero":"şimdi"},"$x":[{"t":"idOrVar","v":"plural"},"value"]},{"$i":"days-until-long","$v":{"few":[{"t":"idOrVar","v":"value"}," gün içinde"],"many":[{"t":"idOrVar","v":"value"}," gün içinde"],"one":"yarın","other":[{"t":"idOrVar","v":"value"}," gün içinde"],"two":[{"t":"idOrVar","v":"value"}," gün içinde"],"zero":"bugün"},"$x":[{"t":"idOrVar","v":"plural"},"value"]},{"$i":"weeks-until-long","$v":{"few":[{"t":"idOrVar","v":"value"}," hafta içinde"],"many":[{"t":"idOrVar","v":"value"}," hafta içinde"],"one":"gelecek hafta","other":[{"t":"idOrVar","v":"value"}," hafta içinde"],"two":[{"t":"idOrVar","v":"value"}," hafta içinde"],"zero":"bu hafta"},"$x":[{"t":"idOrVar","v":"plural"},"value"]},{"$i":"months-until-long","$v":{"few":[{"t":"idOrVar","v":"value"}," ay içinde"],"many":[{"t":"idOrVar","v":"value"}," ay içinde"],"one":"gelecek ay","other":[{"t":"idOrVar","v":"value"}," ay içinde"],"two":[{"t":"idOrVar","v":"value"}," ay içinde"],"zero":"bu ay"},"$x":[{"t":"idOrVar","v":"plural"},"value"]},{"$i":"years-until-long","$v":{"few":[{"t":"idOrVar","v":"value"}," yıl içinde"],"many":[{"t":"idOrVar","v":"value"}," yıl içinde"],"one":"gelecek yıl","other":[{"t":"idOrVar","v":"value"}," yıl içinde"],"two":[{"t":"idOrVar","v":"value"}," yıl içinde"],"zero":"bu yıl"},"$x":[{"t":"idOrVar","v":"plural"},"value"]},{"$i":"minutes-ago-short","$v":{"other":[{"t":"idOrVar","v":"value"},"d önce"],"zero":"az önce"},"$x":[{"t":"idOrVar","v":"plural"},"value"]},{"$i":"hours-ago-short","$v":{"other":[{"t":"idOrVar","v":"value"},"s önce"],"zero":"az önce"},"$x":[{"t":"idOrVar","v":"plural"},"value"]},{"$i":"days-ago-short","$v":{"other":[{"t":"idOrVar","v":"value"},"g önce"],"zero":"bugün"},"$x":[{"t":"idOrVar","v":"plural"},"value"]},{"$i":"minutes-until-short","$v":{"other":[{"t":"idOrVar","v":"value"},"d içinde"],"zero":"şimdi"},"$x":[{"t":"idOrVar","v":"plural"},"value"]},{"$i":"hours-until-short","$v":{"other":[{"t":"idOrVar","v":"value"},"s içinde"],"zero":"şimdi"},"$x":[{"t":"idOrVar","v":"plural"},"value"]},{"$i":"days-until-short","$v":{"other":[{"t":"idOrVar","v":"value"},"g içinde"],"zero":"bugün"},"$x":[{"t":"idOrVar","v":"plural"},"value"]},{"$i":"incorrectDate","$v":"(hatalı tarih)"},{"$i":"dateTimeFormat_%c","$v":"%a %b %e %Y %I:%M:%S %p"},{"$i":"dateTimeFormat_%x","$v":"%d/%m/%Y"},{"$i":"dateTimeFormat_%X","$v":"%I:%M:%S %p"},{"$i":"shortTimeFormat","$v":"%I:%M %p"},{"$i":"shortTimeFormat12","$v":"%I:%M %p"},{"$i":"shortTimeFormat24","$v":"%H:%M"},{"$i":"shortDateTimeFormat","$v":"%x %I:%M %p"},{"$i":"weekStartsOnMonday","$v":"0.0"},{"$i":"firstDayOfTheWeek","$v":"1.0"},{"$i":"time_am","$v":"AM"},{"$i":"time_pm","$v":"PM"},{"$i":"title-app","$v":"Uygulama İzni"},{"$i":"title-web","$v":"Web Sitesi İzni"},{"$i":"title-cam","$v":"Kamera Seç"},{"$i":"perm-alarms","$v":"Alarm Kur"},{"$i":"perm-audio-capture","$v":"Mikrofon"},{"$i":"perm-audio-capture-appRequest","$v":["Mikrofonunuzu ",{"t":"idOrVar","v":"app"}," uygulamasıyla paylaşmak ister misiniz?"]},{"$i":"perm-audio-capture-webRequest","$v":["Mikrofonunuzu ",{"t":"idOrVar","v":"site"}," sitesiyle paylaşmak ister misiniz?"]},{"$i":"perm-audio-channel-content","$v":"Sesleri Çal"},{"$i":"perm-audio-channel-notification","$v":"Bildirim Seslerini Çal"},{"$i":"perm-audio-channel-ringer","$v":"Zil Seslerini Çal"},{"$i":"perm-background-sensors","$v":"Sensör Verilerine Eriş"},{"$i":"perm-bluetooth","$v":"Bluetooth"},{"$i":"perm-browser","$v":"Web Sayfalarını İncele"},{"$i":"perm-camera","$v":"Kameralar"},{"$i":"perm-camera-selector-appRequest","$v":[{"t":"idOrVar","v":"app"}," uygulaması için kamera seçin."]},{"$i":"perm-camera-selector-webRequest","$v":[{"t":"idOrVar","v":"site"}," sitesi için kamera seçin."]},{"$i":"perm-camera-appRequest","$v":[{"t":"idOrVar","v":"app"}," kameranızı kullanmak istiyor."]},{"$i":"perm-camera-webRequest","$v":[{"t":"idOrVar","v":"site"}," kameranızı kullanmak istiyor."]},{"$i":"perm-cellbroadcast","$v":"Hücre Yayınları"},{"$i":"perm-contacts","$v":"Kişiler"},{"$i":"perm-contacts-appRequest","$v":[{"t":"idOrVar","v":"app"}," uygulaması kişi listenize erişmek istiyor."]},{"$i":"perm-contacts-webRequest","$v":[{"t":"idOrVar","v":"site"}," sitesi kişi listenize erişmek istiyor."]},{"$i":"perm-desktop-notification","$v":"Bildirimler"},{"$i":"perm-desktop-notification-appRequest","$v":[{"t":"idOrVar","v":"app"}," uygulaması bildirim görüntülemek istiyor."]},{"$i":"perm-desktop-notification-webRequest","$v":[{"t":"idOrVar","v":"site"}," sitesi bildirim görüntülemek istiyor."]},{"$i":"perm-device-storage-apps","$v":"Uygulama Depolama Birimi"},{"$i":"perm-device-storage-music","$v":"Müzik Depolama Birimi"},{"$i":"perm-device-storage-music-appRequest","$v":[{"t":"idOrVar","v":"app"}," uygulaması müziğinize erişmek istiyor."]},{"$i":"perm-device-storage-music-webRequest","$v":[{"t":"idOrVar","v":"site"}," sitesi müziğinize erişmek istiyor."]},{"$i":"perm-device-storage-pictures","$v":"Resim Depolama Birimi"},{"$i":"perm-device-storage-pictures-appRequest","$v":[{"t":"idOrVar","v":"app"}," uygulaması resimlerinize erişmek istiyor."]},{"$i":"perm-device-storage-pictures-webRequest","$v":[{"t":"idOrVar","v":"site"}," sitesi resimlerinize erişmek istiyor."]},{"$i":"perm-device-storage-sdcard","$v":"Bellek Kartı Depolama Birimi"},{"$i":"perm-device-storage-sdcard-appRequest","$v":[{"t":"idOrVar","v":"app"}," uygulaması bellek kartınıza erişmek istiyor."]},{"$i":"perm-device-storage-sdcard-webRequest","$v":[{"t":"idOrVar","v":"site"}," sitesi bellek kartınıza erişmek istiyor."]},{"$i":"perm-device-storage-videos","$v":"Video Depolama Birimi"},{"$i":"perm-device-storage-videos-appRequest","$v":[{"t":"idOrVar","v":"app"}," uygulaması videolarınıza erişmek istiyor."]},{"$i":"perm-device-storage-videos-webRequest","$v":[{"t":"idOrVar","v":"site"}," sitesi videolarınıza erişmek istiyor."]},{"$i":"perm-fullscreen-appRequest","$v":[{"t":"idOrVar","v":"app"}," şimdi tam ekran."]},{"$i":"perm-fullscreen-webRequest","$v":[{"t":"idOrVar","v":"site"}," şimdi tam ekran."]},{"$i":"perm-embed-apps","$v":"Uygulama Ekle"},{"$i":"perm-fmradio","$v":"FM Radyo"},{"$i":"perm-fmradio-appRequest","$v":[{"t":"idOrVar","v":"app"}," uygulaması FM Radyoyu kullanmak istiyor."]},{"$i":"perm-fmradio-webRequest","$v":[{"t":"idOrVar","v":"site"}," sitesi FM Radyoyu kullanmak istiyor."]},{"$i":"perm-geolocation","$v":"Coğrafi Konum"},{"$i":"perm-geolocation-appRequest","$v":[{"t":"idOrVar","v":"app"}," uygulaması konumunuza erişmek istiyor."]},{"$i":"perm-geolocation-more-info","$v":[{"t":"idOrVar","v":"brandShortName"},", konumunuzu yaklaşık olarak belirlemek için GPS'e ilave olarak Wi-Fi ve mobil ağlar gibi tamamlayıcı bilgiler kullanır. Konum verisi, ",{"t":"idOrVar","v":"brandShortName"}," ve servis sağlayıcılar tarafından doğruluğu artırmak ve konum veritabanı kapsamını iyileştirmek için kullanılabilir. Bir uygulamanın cihazınızın konumuna erişmesi gerektiğinde ",{"t":"idOrVar","v":"brandShortName"}," her zaman izin ister."]},{"$i":"perm-geolocation-webRequest","$v":[{"t":"idOrVar","v":"site"}," sitesi konumunuzu bilmek istiyor."]},{"$i":"perm-idle","$v":"Boşta Kalma Durumunu Gör"},{"$i":"perm-indexedDB-chrome-settings","$v":"Ayrıcalıklı IndexedDB"},{"$i":"perm-indexedDB-unlimited","$v":"Sınırsız IndexedDB Depolama Birimi"},{"$i":"perm-input-manage","$v":"Klavyeleri Yönet"},{"$i":"perm-input","$v":"Klavye Görevi Gör"},{"$i":"perm-media-capture","$v":"Kamera ve Mikrofon"},{"$i":"perm-media-capture-appRequest","$v":["Kamera ve mikrofonunuzu ",{"t":"idOrVar","v":"app"}," uygulamasıyla paylaşmak ister misiniz?"]},{"$i":"perm-media-capture-webRequest","$v":["Kamera ve mikrofonunuzu ",{"t":"idOrVar","v":"site"}," sitesiyle paylaşmak ister misiniz?"]},{"$i":"perm-mobileconnection","$v":"Mobil Bağlantı"},{"$i":"perm-mobileid","$v":"Mobil Kimlik"},{"$i":"perm-network-events","$v":"Ağ Olayları"},{"$i":"perm-open-remote-window","$v":"Uygulama Başlat"},{"$i":"perm-permissions","$v":"Uygulama İzinlerini Değiştir"},{"$i":"perm-power","$v":"Güç Ayarları"},{"$i":"perm-settings","$v":"Ayarları Değiştir"},{"$i":"perm-systemXHR","$v":"Kökler Arası İstekler"},{"$i":"perm-telephony","$v":"Telefon"},{"$i":"perm-video-capture","$v":"Kamera"},{"$i":"perm-video-capture-appRequest","$v":["Kameranızı ",{"t":"idOrVar","v":"app"}," uygulamasıyla paylaşmak ister misiniz?"]},{"$i":"perm-video-capture-webRequest","$v":["Kameranızı ",{"t":"idOrVar","v":"site"}," sitesiyle paylaşmak ister misiniz?"]},{"$i":"perm-voicemail","$v":"Sesli Mesajı Kontrol Et"},{"$i":"perm-webapps-manage","$v":"Web Uygulamalarını Kur"},{"$i":"perm-wifi-manage","$v":"Wi-Fi Yönet"},{"$i":"perm-attention","$v":"Yardımcı Açılır Pencereleri Aç"},{"$i":"perm-audio-channel-alarm","$v":"Alarm Seslerini Oynat"},{"$i":"perm-audio-channel-normal","$v":"Sesleri Çal"},{"$i":"perm-audio-channel-publicnotification","$v":"Herkese açık bildirimleri çal"},{"$i":"perm-audio-channel-telephony","$v":"Telefon Seslerini Çal"},{"$i":"perm-backgroundservice","$v":"Arka Plan Hizmeti Görevi Gör"},{"$i":"perm-device-storage-crashes","$v":"Kilitlenme Verisi Depolama Birimi"},{"$i":"perm-downloads","$v":"İndirilenlere Eriş"},{"$i":"perm-embed-widgets","$v":"Widget Ekle"},{"$i":"perm-feature-detection","$v":"Özellik Algılama"},{"$i":"perm-firefox-accounts","$v":"Firefox Hesapları"},{"$i":"perm-mobilenetwork","$v":"Mobil Ağ"},{"$i":"perm-moz-attention","$v":"Yardımcı Açılır Pencereleri Aç (moz)"},{"$i":"perm-moz-audio-channel-ringer","$v":"Zil Seslerini Çal (moz)"},{"$i":"perm-moz-audio-channel-telephony","$v":"Telefon Seslerini Çal (moz)"},{"$i":"perm-moz-firefox-accounts","$v":"Firefox Hesapları (moz)"},{"$i":"perm-networkstats-manage","$v":"Kullanım İstatistiklerini Denetle"},{"$i":"perm-nfc","$v":"NFC"},{"$i":"perm-nfc-hci-events","$v":"NFC HCI Olayları"},{"$i":"perm-nfc-manager","$v":"NFC'yi Yönet"},{"$i":"perm-phonenumberservice","$v":"Telefon Numarası Hizmeti"},{"$i":"perm-push","$v":"Push API"},{"$i":"perm-resourcestats-manage","$v":"Kaynak İstatistikleri"},{"$i":"perm-sms","$v":"SMS Gönder ve Oku"},{"$i":"perm-speaker-control","$v":"Ses Düzeyini Kontrol Et"},{"$i":"perm-storage","$v":"Depolama Birimine Eriş"},{"$i":"perm-tcp-socket","$v":"TCP Soketleri"},{"$i":"perm-test-permission","$v":"Test İzni"},{"$i":"perm-time","$v":"Tarih ve Saati Ayarla"},{"$i":"perm-udp-socket","$v":"UDP Soketleri"},{"$i":"perm-wappush","$v":"WAP Push"},{"$i":"stopped_download_title","$v":"İndirme durduruldu"},{"$i":"tcl-stopped_download_message","$v":"İndirme durduruldu. İndirmeye devam etmek ister misiniz?"},{"$i":"stopped_download_left_button","$v":"İptal"},{"$i":"stopped_download_right_button","$v":"Tekrar deneyin"},{"$i":"failed_download_title","$v":"İndirme başarısız"},{"$i":"failed_download_message","$v":[{"t":"idOrVar","v":"name"}," indirilemedi. Tekrar indirilmeye çalışılsın mı?"]},{"$i":"failed_download_left_button","$v":"İptal"},{"$i":"failed_download_right_button","$v":"Tekrar deneyin"},{"$i":"stop_download_title","$v":"İndirmeyi durdur"},{"$i":"stop_download_message","$v":"İndirmeyi durdurmak istediğinizden emin misiniz?"},{"$i":"stop_download_left_button","$v":"İptal"},{"$i":"stop_download_right_button","$v":"Durdur"},{"$i":"delete_download_title","$v":"Sil"},{"$i":"delete_download_message","$v":["“",{"t":"idOrVar","v":"name"},"” silinsin mi?"]},{"$i":"delete_download_left_button","$v":"İptal"},{"$i":"delete_download_right_button","$v":"Sil"},{"$i":"delete_all_download_title","$v":"Sil"},{"$i":"delete_all_download_left_button","$v":"İptal"},{"$i":"delete_all_download_right_button","$v":"Sil"},{"$i":"delete_all_download_message_ext","$v":"Seçili dosyalar silinsin mi?"},{"$i":"delete_all_download_message","$v":{"few":[{"t":"idOrVar","v":"number"}," dosya silinsin mi?"],"many":[{"t":"idOrVar","v":"number"}," dosya silinsin mi?"],"one":"Dosya silinsin mi?","other":[{"t":"idOrVar","v":"number"}," dosya silinsin mi?"],"two":[{"t":"idOrVar","v":"number"}," dosya silinsin mi?"],"zero":"Hiçbir dosya silinmesin mi?"},"$x":[{"t":"idOrVar","v":"plural"},"number"]},{"$i":"unsupported_file_type_download_title","$v":"Açılamıyor"},{"$i":"unsupported_file_type_download_message","$v":[{"t":"idOrVar","v":"name"}," dosyasını açacak bir uygulama yok. Dosyayı kaydetmek mi silmek mi istersiniz?"]},{"$i":"unsupported_file_type_download_left_button","$v":"Dosyayı Sakla"},{"$i":"unsupported_file_type_download_right_button","$v":"Sil"},{"$i":"file_not_found_download_title","$v":"Dosya bulunamadı"},{"$i":"file_not_found_download_message","$v":"Dosya cihazda bulunamadı."},{"$i":"file_not_found_download_right_button","$v":"Tamam"},{"$i":"unmounted_sdcard_2_download_title","$v":"Bellek kartı kullanımda"},{"$i":"unmounted_sdcard_2_download_message","$v":"Telefonu fişten çıkartın"},{"$i":"unmounted_sdcard_2_download_right_button","$v":"Tamam"},{"$i":"no_provider_download_title","$v":"Açılamıyor"},{"$i":"no_provider_download_message","$v":"Bu dosya biçimi geçersiz veya desteklenmiyor."},{"$i":"no_provider_download_right_button","$v":"Tamam"},{"$i":"no_memory_download_title","$v":"SD kart dolu."},{"$i":"no_memory_download_message","$v":"SD kartınızda indirilenleri kaydedecek yer kalmadı. İndirme işlemini yeniden başlatmadan bazı dosyaları silin."},{"$i":"no_memory_download_right_button","$v":"Tamam"},{"$i":"no_sdcard_found_2_download_title","$v":"Bellek kartı bulunamadı"},{"$i":"no_sdcard_found_2_download_message","$v":"Bellek kartı takın veya Ayarlar'da alternatif bir varsayılan medya konumu seçin."},{"$i":"no_sdcard_found_2_download_right_button","$v":"Tamam"},{"$i":"file_open_error_download_title","$v":"Onay"},{"$i":"file_open_error_download_message","$v":"Bu dosya biçimi geçersiz veya desteklenmiyor. Dosyayı silmek ister misiniz?"},{"$i":"file_open_error_download_left_button","$v":"Dosyayı Sakla"},{"$i":"file_open_error_download_right_button","$v":"Sil"},{"$i":"restart_download_error","$v":"İndirme işlemini yeniden başlatırken bir hata oluştu. Lütfen tekrar indirmeyi deneyin."},{"$i":"no-downloads","$v":"İndirilen yok"},{"$i":"percentage","$v":["%",{"t":"idOrVar","v":"percentage"}]},{"$i":"partialResult","$v":[{"t":"idOrVar","v":"partial"}," / ",{"t":"idOrVar","v":"total"}]},{"$i":"summary","$v":[{"t":"idOrVar","v":"date"}," - ",{"t":"idOrVar","v":"status"}]},{"$i":"download-stopped","$v":"Durduruldu"},{"$i":"download-failed","$v":"İndirme başarısız"},{"$i":"open_downloaded_file","$v":"Aç"},{"$i":"share_downloaded_file","$v":"Paylaş"},{"$i":"wallpaper_downloaded_file","$v":"Duvar kağıdı olarak ayarla"},{"$i":"ringtone_downloaded_file","$v":"Zil sesi olarak ayarla"},{"$i":"cancel_downloaded_file","$v":"İptal"},{"$i":"voicemailNoNumberTitle","$v":"Sesli mesaj numarası kullanılamıyor"},{"$i":"voicemailNoNumberText","$v":"Sesli mesaj aranamıyor. Arama yapmak için sesli mesajı ayarlayın."},{"$i":"voicemailNoNumberSettings","$v":"Ayarlar"},{"$i":"voicemailNoNumberCancel","$v":"İptal"},{"$i":"airplaneMode","$v":"Uçak modu"},{"$i":"noNetwork","$v":"Şebeke yok"},{"$i":"roaming","$v":[{"t":"idOrVar","v":"operator"}," (Dolaşım)"]},{"$i":"operator-info","$v":[{"t":"idOrVar","v":"carrier"}," ",{"t":"idOrVar","v":"region"}]},{"$i":"emergencyCallsOnly","$v":"Yalnızca acil çağrı"},{"$i":"emergencyCallsOnly-unknownSIMState","$v":"(bilinmeyen SIM durumu)"},{"$i":"emergencyCallsOnly-noSIM","$v":"(SIM yok)"},{"$i":"emergencyCallsOnly-pinRequired","$v":"(SIM PIN gerekli)"},{"$i":"emergencyCallsOnly-pukRequired","$v":"(SIM PUK gerekli)"},{"$i":"emergencyCallsOnly-networkLocked","$v":"(ağ kilitli)"},{"$i":"emergencyCallsOnly-serviceProviderLocked","$v":"(hizmet sağlayıcı kilitli)"},{"$i":"emergencyCallsOnly-corporateLocked","$v":"(şirket kilitli)"},{"$i":"emergencyCallsOnly-network1Locked","$v":"(ağ1 kilitli)"},{"$i":"emergencyCallsOnly-network2Locked","$v":"(ağ2 kilitli)"},{"$i":"emergencyCallsOnly-hrpdNetworkLocked","$v":"(hrdp ağı kilitli)"},{"$i":"emergencyCallsOnly-ruimCorporateLocked","$v":"(ruim şirket kilitli)"},{"$i":"emergencyCallsOnly-ruimServiceProviderLocked","$v":"(ruim hizmet sağlayıcı kilitli)"},{"$i":"lockscreen-sim-id","$v":["SIM ",{"t":"idOrVar","v":"n"}]},{"$i":"charging-no-time","$v":["%",{"t":"idOrVar","v":"level"}," şarj edildi"]},{"$i":"charging-minutes","$v":{"few":["%",{"t":"idOrVar","v":"level"}," şarj edildi (Tam dolmasına ",{"t":"idOrVar","v":"minutes"}," dk)"],"many":["%",{"t":"idOrVar","v":"level"}," şarj edildi (Tam dolmasına ",{"t":"idOrVar","v":"minutes"}," dk)"],"one":["%",{"t":"idOrVar","v":"level"}," şarj edildi (Tam dolmasına ",{"t":"idOrVar","v":"minutes"}," dk)"],"other":["%",{"t":"idOrVar","v":"level"}," şarj edildi (Tam dolmasına ",{"t":"idOrVar","v":"minutes"}," dk)"],"two":["%",{"t":"idOrVar","v":"level"}," şarj edildi (Tam dolmasına ",{"t":"idOrVar","v":"minutes"}," dk)"],"zero":["%",{"t":"idOrVar","v":"level"}," şarj edildi (Tam dolmasına ",{"t":"idOrVar","v":"minutes"}," dk)"]},"$x":[{"t":"idOrVar","v":"plural"},"minutes"]},{"$i":"charging-hours","$v":{"few":["%",{"t":"idOrVar","v":"level"}," Şarj Edildi (Tam dolmasına ",{"t":"idOrVar","v":"hours"}," sa ",{"t":"idOrVar","v":"minutes"}," dk)"],"many":["%",{"t":"idOrVar","v":"level"}," Şarj Edildi (Tam dolmasına ",{"t":"idOrVar","v":"hours"}," sa ",{"t":"idOrVar","v":"minutes"}," dk)"],"one":["%",{"t":"idOrVar","v":"level"}," Şarj Edildi (Tam dolmasına ",{"t":"idOrVar","v":"hours"}," sa ",{"t":"idOrVar","v":"minutes"}," dk)"],"other":["%",{"t":"idOrVar","v":"level"}," Şarj Edildi (Tam dolmasına ",{"t":"idOrVar","v":"hours"}," sa ",{"t":"idOrVar","v":"minutes"}," dk)"],"two":["%",{"t":"idOrVar","v":"level"}," Şarj Edildi (Tam dolmasına ",{"t":"idOrVar","v":"hours"}," sa ",{"t":"idOrVar","v":"minutes"}," dk)"],"zero":["%",{"t":"idOrVar","v":"level"}," Şarj Edildi (Tam dolmasına ",{"t":"idOrVar","v":"hours"}," sa ",{"t":"idOrVar","v":"minutes"}," dk)"]},"$x":[{"t":"idOrVar","v":"plural"},"minutes"]},{"$i":"network-error-in-app","$v":"Şu anda internete erişim sağlanamıyor."},{"$i":"network-error-launching","$v":[{"t":"idOrVar","v":"name"}," bir internet bağlantısı gerektiriyor."]},{"$i":"network-error-launching-title","$v":"İnternet bağlantısı yok"},{"$i":"network-error-launching-message","$v":"İnternet bağlantısı yok. İnternete erişmek için Wi-Fi veya hücresel veri kullanın."},{"$i":"server-not-found","$v":"Sunucu bulunamadı"},{"$i":"server-not-found-error","$v":[{"t":"idOrVar","v":"name"}," adlı kişide sunucu bulunamıyor."]},{"$i":"file-not-found","$v":"Dosya bulunamadı"},{"$i":"file-not-found-error","$v":"Cihaz dosya bulunamadığından bu sayfayı görüntüleyemiyor."},{"$i":"connection-failed","$v":"Bağlanılamıyor"},{"$i":"connection-failed-error","$v":"Siteye ulaşmaya çalışırken bir ağ hatası oluştu."},{"$i":"invalid-connection","$v":"Bağlanılamıyor"},{"$i":"invalid-connection-error","$v":"Siteye ulaşmaya çalışırken bir ağ hatası oluştu."},{"$i":"malformed-uri","$v":"URL geçersiz."},{"$i":"malformed-uri-error","$v":"Girilen URL geçersiz ve yüklenemez."},{"$i":"redirect-loop","$v":"Sayfa görüntülenemiyor"},{"$i":"redirect-loop-error","$v":"Sayfa düzgün yönlendirilemediği için cihaz tarafından görüntülenemiyor. Sayfayı sonraki bir zamanda yeniden deneyin."},{"$i":"not-cached","$v":"Sayfa zaman aşımına uğradı"},{"$i":"not-cached-error","$v":"Bir güvenlik önlemi olarak sayfanın süresi dolduğu için sayfa cihaz tarafından görüntülenemez."},{"$i":"is-printing","$v":"Erişim engellendi"},{"$i":"is-printing-error","$v":"Belge Yazdırma veya Baskı Önizleme sırasında değiştirilemez."},{"$i":"denied-port-access","$v":"Adres kısıtlandı"},{"$i":"denied-port-access-error","$v":"Bu adres normalde Web tarama amacı dışında kullanılan bir ağ bağlantı noktası kullanıyor. Cihaz, güvenliğiniz için isteği iptal etti."},{"$i":"proxy-resolve-failure","$v":"Vekil Sunucu Hatası"},{"$i":"proxy-resolve-failure-error","$v":"Cihaz, bulunamayan bir proxy sunucusu kullanmaya yapılandırılmış."},{"$i":"proxy-connect-failure","$v":"Vekil Sunucu Hatası"},{"$i":"proxy-connect-failure-error","$v":"Cihaz, bağlantıları reddeden bir proxy sunucusu kullanmaya yapılandırılmış."},{"$i":"content-encoding","$v":"Sayfa görüntülenemiyor"},{"$i":"content-encoding-error","$v":"Cihaz bu sayfayı görüntüleyemiyor çünkü bir içerik kodlama hatası oluştu."},{"$i":"remote-xul","$v":"Sayfa desteklenmiyor"},{"$i":"remote-xul-error","$v":"Sayfa cihaz tarafından desteklenmeyen bir teknoloji kullandığı için görüntülenemiyor."},{"$i":"phishing-blocked","$v":"Uyarı"},{"$i":"phishing-blocked-error","$v":"Web sitesi kullanıcıların kişisel ve finansal bilgilerini çalmak için tasarlanmış bir web sahteciliği olarak rapor edilmiş."},{"$i":"malware-blocked","$v":"Kötü amaçlı yazılım saldırısı engellendi"},{"$i":"malware-blocked-error","$v":"Site bir saldırı sitesi olarak rapor edilmiş. Cihaz, güvenliğiniz için isteği engelledi."},{"$i":"unsafe-content-type","$v":"Güvenli olmayan içerik"},{"$i":"unsafe-content-type-error","$v":"Sayfanın açılması güvenli olmayabileceği için sayfa gösterilemiyor."},{"$i":"corrupted-content","$v":"Bağlanılamıyor"},{"$i":"corrupted-content-error","$v":"Veri iletiminde bir sorun algılandığı için sayfa görüntülenemiyor."},{"$i":"unknown-protocol-found","$v":"Sayfa desteklenmiyor"},{"$i":"unknown-protocol-found-error","$v":"Sayfa cihaz tarafından desteklenmeyen bir teknoloji kullandığı için görüntülenemiyor."},{"$i":"try-again","$v":"Tekrar deneyin"},{"$i":"check-settings","$v":"Ayarları kontrol et"},{"$i":"firefox-accounts-title","$v":"KaiOS Hesapları"},{"$i":"firefox-accounts-title-sign-in","$v":"Oturum aç"},{"$i":"firefox-accounts-title-create-account","$v":"Hesap oluştur"},{"$i":"kaios-accounts-title-about-kaios-account","$v":"KaiOS Hesabı Hakkında"},{"$i":"kaios-accounts-phone-verification","$v":"Telefon Doğrulama"},{"$i":"kaios-accounts-title-account-info","$v":"Hesap Bilgileri"},{"$i":"fxa-next","$v":"Sonraki"},{"$i":"fxa-back","$v":"Geri"},{"$i":"fxa-done","$v":"Bitti"},{"$i":"fxa-ok","$v":"Tamam"},{"$i":"tcl-changessaved","$v":"Değişiklikler kaydedildi"},{"$i":"tcl-verification-mail-has-been-sent","$v":"Doğrulama bağlantısı gönderildi"},{"$i":"fxa-decline","$v":"Reddet"},{"$i":"fxa-accept","$v":"Kabul et"},{"$i":"fxa-sining-in","$v":"Oturum açılıyor..."},{"$i":"not-now","$v":"Şimdi değil"},{"$i":"send-sms","$v":"SMS gönder"},{"$i":"resend-sms","$v":"Tekrar SMS gönder"},{"$i":"fxa-connection-error-title","$v":"Bağlanılamıyor"},{"$i":"fxa-connection-error-message","$v":"Bir hesap oluşturabilir veya Ayarlar'dan oturum açabilirsiniz."},{"$i":"fxa-reset-password-error-title","$v":"Parolayı Sıfırla"},{"$i":"fxa-reset-password-error-message","$v":"Şifrenizi Ayarlar'dan sıfırlayabilirsiniz."},{"$i":"fxa-incorrect-email-address-or-password","$v":"fxa hatalı e-posta adresi veya şifre"},{"$i":"fxa-internet-connection-is-required","$v":"fxa internet bağlantısı gerekli"},{"$i":"fxa-server-error","$v":"Sunucu hatası. Daha sonra tekrar deneyin."},{"$i":"fxa-server-error-2","$v":"Hata"},{"$i":"fxa-server-error-message","$v":"Hesap oluşturulamıyor. Lütfen daha sonra tekrar deneyin."},{"$i":"fxa-server-error-message-2","$v":"Sunucu kullanılamıyor. Lütfen daha sonra tekrar deneyin."},{"$i":"fxa-offline-error-title","$v":"Bağlanılamıyor"},{"$i":"fxa-offline-error-message","$v":"Ayarlar'dan bir ağa bağlanın."},{"$i":"fxa-offline-error-message-1","$v":"İnternet bağlantısı yok."},{"$i":"fxa-invalid-email-title","$v":"Hata"},{"$i":"fxa-invalid-email-message","$v":"Lütfen geçerli bir e-posta adresi girin."},{"$i":"fxa-invalid-password-title","$v":"Hata"},{"$i":"fxa-invalid-password-message","$v":"Hatalı e-posta adresi veya şifre"},{"$i":"fxa-invalid-password-message-1","$v":"Şifre hatalı."},{"$i":"fxa-unknown-error-title","$v":"Bağlanılamıyor"},{"$i":"fxa-unknown-error-message","$v":"Sistem kullanılamıyor, kısa bir süre sonra tekrar deneyin."},{"$i":"fxa-email-is-taken-title","$v":"Hata"},{"$i":"fxa-email-is-taken-message","$v":"Bu e-posta adresine ait bir hesap mevcut. Lütfen hesabınıza giriş yapın."},{"$i":"fxa-confirm-age-title","$v":"Hata"},{"$i":"fxa-confirm-age-message","$v":"13 yaşından büyük olduğunuzu onaylayın"},{"$i":"fxa-account-does-not-exist","$v":"Hata"},{"$i":"fxa-account-does-not-exist-message","$v":"Hatalı e-posta adresi veya şifre"},{"$i":"fxa-account-does-not-exist-message-1","$v":"Hesap mevcut değil."},{"$i":"fxa-password-dont-match","$v":"Hata"},{"$i":"fxa-password-dont-match-message","$v":"Şifreler eşleşmiyor"},{"$i":"fxa-password-less","$v":"Hata"},{"$i":"fxa-password-less-message","$v":"Şifreniz 8 karakterden kısa."},{"$i":"fxa-password-less-message-1","$v":"Şifre 8 karakterden kısa."},{"$i":"fxa-password-more","$v":"Hata"},{"$i":"fxa-password-more-message","$v":"Şifreniz 20 karakterden fazla."},{"$i":"fxa-password-more-message-1","$v":"Şifre 20 karakterden uzun."},{"$i":"fxa-password-error","$v":"Hata"},{"$i":"fxa-password-error-message","$v":"Şifreler harf ve rakam kombinasyonunu içeren 8-20 karakterden oluşmalıdır."},{"$i":"fxa-connecting","$v":"Bağlanıyor"},{"$i":"fxa-enter-phone-number-message","$v":"Lütfen telefon numaranızı girin. Gönderilen SMS'in ardından otomatik doğrulama başlayacak."},{"$i":"fxa-sms-has-been-sent-message","$v":"SMS gönderildi, alındığında otomatik doğrulama başlayacak. Arkanıza yaslanın ve tadını çıkarın!"},{"$i":"fxa-time-remaining","$v":"Kalan süre:"},{"$i":"fxa-sms-verification-failed-message","$v":"SMS doğrulaması başarısız. Lütfen telefonunuzu onaylayın ve yeniden denemek için \"SMS'i tekrar gönder\"e basın."},{"$i":"fxa-phone-number-label","$v":"Telefon numarası"},{"$i":"fxa-enter-your-infomation","$v":"Lütfen bilgilerinizi girin."},{"$i":"fxa-birthday-label","$v":"Doğum günü"},{"$i":"fxa-birthday-select","$v":"Seç"},{"$i":"fxa-gender-label","$v":"Cinsiyet"},{"$i":"fxa-gender-select","$v":"Seç"},{"$i":"fxa-gender-male","$v":"Erkek"},{"$i":"fxa-gender-female","$v":"Kadın"},{"$i":"fxa-gender-confidential","$v":"Gizli"},{"$i":"fxa-enter-email-input","placeholder":"E-posta adresinizi girin"},{"$i":"fxa-use-email-to-sign-in","$v":"Lütfen e-posta adresinizi girin. E-posta adresiniz hesap adınız olacak."},{"$i":"fxa-notice","$v":["Devam ederek KaiOS bulut hizmetlerinin ",{"t":"idOrVar","v":"tos"}," ve ",{"t":"idOrVar","v":"pn"}," koşullarını kabul ediyorum."]},{"$i":"fxa-placeholder","$v":"E-posta adresinizi buraya girin"},{"$i":"fxa-tos","$v":"Hizmet Koşulları"},{"$i":"fxa-pn","$v":"Gizlilik Bildirimleri"},{"$i":"fxa-create-account-title","$v":"Hesap oluştur"},{"$i":"fxa-show-age-title","$v":"13 yaşından büyüğüm"},{"$i":"fxa-enter-password-title","$v":"Lütfen şifre girin. Şifreniz 8-20 karakter olmalı ve harf ve rakamdan oluşmalıdır."},{"$i":"fxa-enter-password-title-1","$v":"Lütfen şifre girin. Şifreniz 8 - 20 karakter arasında olmalı, harf ve rakamlardan oluşmalıdır."},{"$i":"fxa-setup-password-title","$v":"Şifre Oluştur"},{"$i":"fxa-create-password-title","$v":"Şifre Oluştur"},{"$i":"fxa-hello-user","$v":["Merhaba, ",{"t":"idOrVar","v":"email"}]},{"$i":"fxa-password-refresh","$v":"Devam etmek için KaiOS hesap şifrenizi girin."},{"$i":"fxa-password","$v":"Parola","placeholder":"Parola"},{"$i":"fxa-forgot-your-password","$v":"Parolanızı mı unuttunuz?"},{"$i":"fxa-show-password","$v":"Şifreyi göster"},{"$i":"fxa-password-length-requirement","$v":"Şifreniz en az 8 karakter uzunluğunda olmalıdır."},{"$i":"fxa-confirm-account","$v":"Hesabınızı Onaylayın"},{"$i":"fxa-will-send-email","$v":"Hesabınız oluşturuldu."},{"$i":"fxa-signup-click-verification-link-in-email","$v":[{"t":"idOrVar","v":"email"}," adresine onay e-postası gönderdik. Gelen kutunuzu kontrol edin ve hesabınızı doğrulayıp etkinleştirin."]},{"$i":"fxa-access-manage-account-settings","$v":"Aktivasyon bağlantısının süresi 24 saat sonra dolacak."},{"$i":"fxa-signup-success-title","$v":"Hesap Oluşturuldu"},{"$i":"about-kaios-account-text","$v":"Lorem ipsum dolor sit amet, con-sectetur adipiscing elit, sed do eiusmod tempor incididunt ut labore et dolore magna aliqua. Ut enim ad minim veniam, quis nos-trud exercitation ullamco laboris nisi ut aliquip ex ea commodo consequat. Duis aute irure dolor in reprehenderit in voluptate velit esse cillum dolore eu fugiat nulla pariatur. Excepteur sint occaecat cupidatat non proident, sunt in culpa qui officia deserunt mollit anim id est laborum."},{"$i":"about-kaios-account-text1","$v":"KaiOs Hesabı KaiOS hizmetleri için kimlik doğrulama sağlar. Hesap kullanıcıyı ve cihazı tanımlayarak uzaktan yönetim ve ek hizmetler gibi özellikleri erişime izin verir."},{"$i":"about-kaios-account-text2","$v":"Hesap oluşturmak için bir e-posta adresi ve bir şifre gereklidir. Kullanıcı e-posta adresini hesap oluşturma sırasında gönderilen bir e-posta aracılığıyla doğrulamak zorundadır. Hesap e-posta adresi doğrulanmadan oluşturulmayacaktır."},{"$i":"about-kaios-account-text3","$v":"Hesap oluşumuna devam ederek şartları ve gizlilik bildirimlerini kabul etmiş olursunuz."},{"$i":"fxa-signin-email","$v":"Hesap Adı"},{"$i":"fxa-signin-password","$v":"Parola"},{"$i":"fxa-signin-success-title","$v":"Hesabınız"},{"$i":"fxa-signin-lsk","$v":"Şifremi Unuttum"},{"$i":"fxa-signin-rsk","$v":"Oturum Aç"},{"$i":"fxa-change-password-title","$v":"Şifre Değiştir"},{"$i":"fxa-change-password-description","$v":"Geçerli şifrenizi girin ve yeni bir şifre belirleyin."},{"$i":"fxa-new-password","$v":"Yeni Şifre"},{"$i":"fxa-changing-password","$v":"Şifre değiştiriliyor..."},{"$i":"fxa-forgot-password-title","$v":"Şifremi Unuttum"},{"$i":"fxa-forgot-password","$v":"Şifremi unuttum"},{"$i":"fxa-forgot-password-sk","$v":"Şifremi unuttum"},{"$i":"fxa-forgot-password-success-title","$v":"Şifre Sıfırlama E-postası Gönderildi"},{"$i":"fxa-reset-password-succcess-content","$v":"E-posta hesabınıza şifre sıfırlama e-postası gönderildi."},{"$i":"fxa-reset-password-succcess-content-part2","$v":"Lütfen e-postanızın gelen kutusunu kontrol edin ve şifrenizi sıfırlayın."},{"$i":"fxa-sign-out-title","$v":"Hırsızlık önleme etkin"},{"$i":"fxa-sign-out-intro","$v":"hırsızlık önleme özelliğini devre dışı bırakmayı ve oturumu kapatmayı onaylayın."},{"$i":"fxa-sign-out-intro-1","$v":"lütfen hırsızlık önleme özelliğini kapatmak istediğinizi onaylayın ve oturumu kapatın."},{"$i":"fxa-signout-email","$v":"Hesabınız"},{"$i":"fxa-confirm-password","$v":"Parolayı Onayla"},{"$i":"fxa-signing-out","$v":"Oturum kapatılıyor..."},{"$i":"fxa-sign-out-error-title","$v":"Hata"},{"$i":"fxa-sign-out-error-message","$v":"Oturum kapatma başarısız. Lütfen daha sonra tekrar deneyin."},{"$i":"fxa-sign-out-error-message-1","$v":"Hesap oturumu kapatma başarısız, lütfen daha sonra tekrar deneyin."},{"$i":"fxa-connection-is-required-title","$v":"Hata"},{"$i":"fxa-connection-is-required-message","$v":"İnternet bağlantısı gerekli"},{"$i":"fxa-check-password-title","$v":"Hırsızlık önleme özelliğini kapat"},{"$i":"fxa-disable-antitheft-checkpassword-message","$v":"Hırsızlık önleme özelliğini kapatmak istediğinizi onaylayın."},{"$i":"fxa-reset-factory-checkpassword-message","$v":"Cihazınızı sıfırlamak için şifrenizi girmeli ve hırsızlık önleme özelliğini kapatmalısınız."},{"$i":"fxa-reset-factory-checkpassword-message-1","$v":"Cihazınızı sıfırlamak için şifrenizi girip hırsızlık önleme özelliğini devre dışı bırakmanız gerekiyor."},{"$i":"fxa-enter-email-to-reset-password","$v":"Lütfen hesap e-postanızı girin, şifrenizi sıfırlamanız için bir bağlantı göndereceğiz."},{"$i":"fxa-enter-email-to-reset-password-1","$v":"Lütfen hesap e-postanızı girin, şifrenizi sıfırlamanız için bir bağlantı göndereceğiz."},{"$i":"fxa-account-not-found","$v":"Hesap bulunamadı. Lütfen yeniden deneyin."},{"$i":"fxa-multiple-sign-in-attempts-title","$v":"Birden Fazla Oturum Açma Denemesi"},{"$i":"fxa-multiple-sign-in-attempts-content","$v":"Birkaç kez hatalı şifre girdiniz"},{"$i":"fxa-multiple-sign-in-attempts-content-1","$v":"Birden çok defa hatalı şifre girdiniz."},{"$i":"fxa-multiple-sign-in-attempts-content-retry","$v":"Lütfen daha sonra tekrar deneyin"},{"$i":"shortDateFormat","$v":"%B %d, %Y"}]