[{"$i":"brandShortName","$v":"KaiOS"},{"$i":"browserBrandShortName","$v":"Web Browser"},{"$i":"browserBrandFullName","$v":"Mozilla Web Browser"},{"$i":"ringtoneBrandName","$v":"Default"},{"$i":"ringtoneSectionBrandName","$v":"System"},{"$i":"ok","$v":"KULUNGILE"},{"$i":"back","$v":"Umva"},{"$i":"help","$v":"Help"},{"$i":"cancel","$v":"Rhoxisa"},{"$i":"close","$v":"Vala"},{"$i":"skip","$v":"Tsiba"},{"$i":"enable","$v":"Ivulelwe"},{"$i":"turnOn","$v":"Layita"},{"$i":"save","$v":"Gcina"},{"$i":"select","$v":"Khetha"},{"$i":"deselect","$v":"Yekisa ukukhetha"},{"$i":"go","$v":"Hamba"},{"$i":"search","$v":"Phendla"},{"$i":"options","$v":"Iinketho"},{"$i":"exit","$v":"Phuma"},{"$i":"signIn","$v":"Ngena"},{"$i":"dismiss","$v":"Gxotha"},{"$i":"dismiss-all","$v":"Gxotha zonke"},{"$i":"undo","ariaLabel":"Yekisa"},{"$i":"lockscreenEnterLockCode","$v":"Nceda faka 4-amanani ekhodi"},{"$i":"lockscreenCheckLockCode","$v":"Akuyiyo ikhodi. Nceda zama kwakhona."},{"$i":"lockscreenDeviceLocked","$v":"Isixhobo sivalelwe, phinda uzame emva kwemizuzwana engama-30."},{"$i":"pocketmodeLongPress","$v":"Tyibilikisa okanye cinezela"},{"$i":"pocketmodeToUnlock","$v":"Ukuvula ngesitshixo"},{"$i":"enterPIN","$v":"Faka ikhodi engamani eyi 6 ukuvula"},{"$i":"mediaPlaybackTrack","$v":"Igama lengoma nemvumi"},{"$i":"mediaPlaybackControls","$v":"Izilawulo zodlalo mva"},{"$i":"mediaPlaybackPrevious","$v":"Imbono kuqala"},{"$i":"mediaPlaybackPlay","$v":"Dlala"},{"$i":"mediaPlaybackPause","$v":"Misa"},{"$i":"mediaPlaybackNext","$v":"Olandelayo"},{"$i":"UnknownTrack","$v":"Ingoma engaziwayo"},{"$i":"wifiButton-on","$v":"I-Wi-Fi ivuliwe"},{"$i":"wifiButton-on-initializing","$v":"I-Wi-Fi ivuliwe, iyaziqala"},{"$i":"wifiButton-off","$v":"I-Wi-Fi icinyiwe"},{"$i":"dataButton-on","$v":["Idata ",{"t":"idOrVar","v":"type"}," ilayitile"]},{"$i":"dataButton-off","$v":["Idata ",{"t":"idOrVar","v":"type"}," icimile"]},{"$i":"bluetoothButton-on","$v":"IBluetooth ivuliwe"},{"$i":"bluetoothButton-on-initializing","$v":"IBluetooth ilayitiwe, iyaqalisa"},{"$i":"bluetoothButton-off","$v":"IBluetooth icinyiwe"},{"$i":"airplaneMode-on","$v":"Imodi yenqwelo-moya ilayitiwe"},{"$i":"airplaneMode-off","$v":"Imodi yenqwelo-moya icinyiwe"},{"$i":"airplaneOff","$v":"Cima imo yeepleyini"},{"$i":"settingsButton","ariaLabel":"Iisethingi"},{"$i":"simLabel","$v":["I-SIM ",{"t":"idOrVar","v":"id"}]},{"$i":"statusbarLabel","$v":[{"t":"idOrVar","v":"date"},", ",{"t":"idOrVar","v":"operator"}]},{"$i":"statusbarDateFormat","$v":"%b %e"},{"$i":"statusbar","ariaLabel":"I-Status Bar"},{"$i":"statusbarBattery","ariaLabel":["Ipesenti ",{"t":"idOrVar","v":"level"}," yebhetri"]},{"$i":"statusbarBatteryCharging","ariaLabel":["Ipesenti ",{"t":"idOrVar","v":"level"}," yebhetri, iyatshaja"]},{"$i":"statusbarFlightMode","ariaLabel":"Imodi yenqwelo-moya ilayitiwe"},{"$i":"statusbarWiFiConnecting","$v":"I-Wi-Fi: iyanxibelelana"},{"$i":"statusbarWiFiConnected","$v":["I-Wi-Fi: ",{"t":"idOrVar","v":"level"}," yeebha ezi-4"]},{"$i":"statusbarSignal","$v":[{"t":"idOrVar","v":"operator"}," inethiwekhi, ",{"t":"idOrVar","v":"level"}," yeebar eziyi 5"]},{"$i":"statusbarSignalRoaming","$v":[{"t":"idOrVar","v":"operator"}," inethiwekhi (iyazula), ",{"t":"idOrVar","v":"level"}," yeebar eziyi 5"]},{"$i":"statusbarSignalNoneSearching","$v":"Iyakhangela… Ifowuni ezikhawulezayo kuphela"},{"$i":"statusbarHeadphones","ariaLabel":"Headphones on"},{"$i":"statusbarBluetoothHeadphones","ariaLabel":"Iiziphulaphuli zeBluetooth zivuliwe"},{"$i":"statusbarBluetoothTransferring","ariaLabel":"Ukusebenza ngokuthumela ngeBluetooth"},{"$i":"statusbarIconOn-tethering","$v":"I-tethering ivuliwe"},{"$i":"statusbarIconOnActive-tethering","$v":"I-tethering ivuliwe, iyasebenza"},{"$i":"statusbarAlarm","ariaLabel":"Ilam ivuliwe"},{"$i":"statusbarIME","ariaLabel":"IME ivuliwe"},{"$i":"statusbarIconOn-bluetooth","$v":"IBluetooth ivuliwe"},{"$i":"statusbarIconOnActive-bluetooth","$v":"IBluetooth ilayitiwe, iyasebenza"},{"$i":"statusbarIconOn-mute","$v":"Ithuliso luvuliwe"},{"$i":"statusbarIconOn-vibration","$v":"Ukudidizela kulayitiwe"},{"$i":"statusbarRecording","ariaLabel":"Ushicilelo luvuliwe"},{"$i":"statusbarGeolocation","ariaLabel":"Indawo yendiyoloji ivuliwe"},{"$i":"statusbarUsb","ariaLabel":"I-USB ivuliwe"},{"$i":"statusbarForwarding","$v":"Uvuliwe umnxeba othunyelwe phambili"},{"$i":"statusbarPlaying","ariaLabel":"Indlala Lonwabo"},{"$i":"statusbarNfc","ariaLabel":"NFC on"},{"$i":"statusbarDownloads","ariaLabel":"Iyakhuphela..."},{"$i":"statusbarNetworkActivity","ariaLabel":"Unethiwekho luvuliwe"},{"$i":"statusbarEmergencyCBNotification","ariaLabel":"Ukufowunelwa-mva kongxamiseko"},{"$i":"statusbarNotifications","$v":{"few":[{"t":"idOrVar","v":"n"}," Izaziso"],"many":[{"t":"idOrVar","v":"n"}," Izaziso"],"one":[{"t":"idOrVar","v":"n"}," Izaziso"],"other":[{"t":"idOrVar","v":"n"}," Izaziso"],"two":[{"t":"idOrVar","v":"n"}," Izaziso"]},"$x":[{"t":"idOrVar","v":"plural"},"n"]},{"$i":"statusbarNotifications-unread","ariaLabel":{"$x":[{"t":"idOrVar","v":"plural"},"n"],"$v":{"few":[{"t":"idOrVar","v":"n"}," ezingafundwanga izazisi"],"many":[{"t":"idOrVar","v":"n"}," ezingafundwanga izazisi"],"one":[{"t":"idOrVar","v":"n"}," esingafundwanga isazisi"],"other":[{"t":"idOrVar","v":"n"}," ezingafundwanga izazisi"],"two":[{"t":"idOrVar","v":"n"}," ezingafundwanga izazisi"]}}},{"$i":"clear","$v":"Susa"},{"$i":"clear-all","$v":"Susa Zonke"},{"$i":"notification-title","$v":{"few":[{"t":"idOrVar","v":"n"}," Izaziso"],"many":[{"t":"idOrVar","v":"n"}," Izaziso"],"one":[{"t":"idOrVar","v":"n"}," Izaziso"],"other":[{"t":"idOrVar","v":"n"}," Izaziso"],"two":[{"t":"idOrVar","v":"n"}," Izaziso"],"zero":[{"t":"idOrVar","v":"n"}," Izaziso"]},"$x":[{"t":"idOrVar","v":"plural"},"n"]},{"$i":"notification-dialog-no-notices","$v":"Akukho Zaziso"},{"$i":"notification-title-new","$v":{"few":[{"t":"idOrVar","v":"n"}," Izaziso"],"many":[{"t":"idOrVar","v":"n"}," Izaziso"],"other":[{"t":"idOrVar","v":"n"}," Izaziso"],"two":[{"t":"idOrVar","v":"n"}," Izaziso"],"one":[{"t":"idOrVar","v":"n"}," Izaziso"],"zero":[{"t":"idOrVar","v":"n"}," Izaziso"]},"$x":[{"t":"idOrVar","v":"plural"},"n"]},{"$i":"notification-dialog-no-notices-new","$v":"Isaziso"},{"$i":"tcl-ntf-open","$v":"Vula"},{"$i":"tcl-ntf-next_song","$v":"Olandelayo"},{"$i":"tcl-ntf_play","$v":"Dlala"},{"$i":"tcl-ntf-pause","$v":"Misa"},{"$i":"tcl-ntf-dismiss-all","$v":"Gxotha Zonke"},{"$i":"tcl-ntf-dismiss","$v":"Gxotha"},{"$i":"tcl-ntf-toaster-clear","$v":"Isazisi sixiniwe"},{"$i":"tcl-ntf-toaster-clear-all","$v":"Izazisi i zixiniwe"},{"$i":"attentionScreen-tapToShow","$v":"Chwetha ukuze ubonise"},{"$i":"tcl-cmas-ok","$v":"KULUNGILE"},{"$i":"tcl-cmas-screen-help","$v":"Cofa OK ukubona ulwazi olungakumbi"},{"$i":"tcl-cmas-title","$v":"Isaziso Se-SMAS"},{"$i":"camera","$v":"Ikhamera"},{"$i":"tcl-dflt-value-level","$v":"Seta umlinganiselo wenani"},{"$i":"tcl-dflt-range-value-name","$v":"Inqanaba"},{"$i":"newVoicemails","$v":{"few":[{"t":"idOrVar","v":"n"}," amazwi amatsha"],"many":[{"t":"idOrVar","v":"n"}," amazwi amatsha"],"one":"Omnye omtsha umyalezo lizwi","other":[{"t":"idOrVar","v":"n"}," amazwi amatsha"],"two":[{"t":"idOrVar","v":"n"}," amazwi amatsha"],"zero":"Akukho myalezo lizwi umtsha"},"$x":[{"t":"idOrVar","v":"plural"},"n"]},{"$i":"newVoicemailsUnknown","$v":"Ivoysmeyle entsha"},{"$i":"dialNumber","$v":["Fowuna ",{"t":"idOrVar","v":"number"}]},{"$i":"voicemailNotificationMultiSim","$v":["(I-SIM ",{"t":"idOrVar","v":"n"},") ",{"t":"idOrVar","v":"title"}]},{"$i":"euRoamingNotificationTitle","$v":"Kufunyaniswe i-intanethi ye-EU"},{"$i":"euRoamingNotificationMsg","$v":"Chwetha ukuze utshintshe."},{"$i":"restart","$v":"Qala ngokutsha"},{"$i":"power","$v":"Yicime"},{"$i":"lock","$v":"Khiya"},{"$i":"cleanup","$v":"Hlaziya iMemori"},{"$i":"no-recent-app-windows","$v":"Iifestile ze-app yakho yakutshanje ziboniswe apha"},{"$i":"no-recent-browser-windows","$v":"Iifestile zebhrawuza yakho yakutshanje ziboniswe apha"},{"$i":"closeCard","ariaLabel":"Vala"},{"$i":"openCard","ariaLabel":"Vula"},{"$i":"yes","$v":"Ewe"},{"$i":"no","$v":"Hayi"},{"$i":"dontallow","$v":"Ungavumi"},{"$i":"allow","$v":"Vumela"},{"$i":"dontshare-geolocation","$v":"Ungabelani"},{"$i":"share-geolocation","$v":"Yabelana"},{"$i":"dontshare-audio-capture","$v":"Ungabelani"},{"$i":"share-audio-capture","$v":"Yabelana"},{"$i":"dontshare-video-capture","$v":"Ungabelani"},{"$i":"share-video-capture","$v":"Yabelana"},{"$i":"dontshare-media-capture","$v":"Ungabelani"},{"$i":"share-media-capture","$v":"Yabelana"},{"$i":"device-front","$v":"Ikhamera Engaphambili"},{"$i":"device-back","$v":"Ikhamera Esemva"},{"$i":"front-camera","$v":"Ikhamera engaphambili"},{"$i":"back-camera","$v":"Ikhamera yasemva"},{"$i":"more-info","$v":"Ulwazi olungakumbi …"},{"$i":"hide-info","$v":"Fihla ulwazi"},{"$i":"tcl-permission","$v":"Imvume"},{"$i":"install-app","$v":["Faka ",{"t":"idOrVar","v":"name"},"?"]},{"$i":"size","$v":"Umlinganiselo"},{"$i":"author","$v":"Umbhali"},{"$i":"size-unknown","$v":"Ayaziwa"},{"$i":"author-unknown","$v":"Ayaziwa"},{"$i":"install","$v":"Faka"},{"$i":"bytes","$v":"iibhayithi"},{"$i":"kB","$v":"iKB"},{"$i":"MB","$v":"iMB"},{"$i":"GB","$v":"GB"},{"$i":"TB","$v":"I-TB"},{"$i":"PB","$v":"PB"},{"$i":"app-install-generic-error","$v":[{"t":"idOrVar","v":"appName"}," ukhuphelo lumisiweyo"]},{"$i":"app-install-download-failed","$v":[{"t":"idOrVar","v":"appName"}," ukuphelo lusilele"]},{"$i":"app-install-install-failed","$v":[{"t":"idOrVar","v":"appName"}," ufakelo lusilele"]},{"$i":"cancelling-will-not-refund","$v":"Ukurhoxiswa akusayi kubuyisela ukuthengwa. Ukubuyiselwa kwezinto ezithengiwe kulungiselelwa ngumthengisi wokuqala."},{"$i":"apps-can-be-installed-later","$v":"Ii-App zinokufakwa kwamva ngokusuka kumthombo wokufakela wokuqala."},{"$i":"are-you-sure-you-want-to-cancel","$v":"Uqinisekile ufuna ukurhoxisa konke oku kufakela?"},{"$i":"cancel-install","$v":"Rhoxisa Ukufakela"},{"$i":"cancel-install-button","$v":"Rhoxisa Ukufakela"},{"$i":"resume","$v":"Qala kwakhona"},{"$i":"continue","$v":"Qhubeka"},{"$i":"stopDownloading","$v":["Yeka ukukhuphela ",{"t":"idOrVar","v":"app"},"?"]},{"$i":"app-download-can-be-restarted","$v":"Ukhuphelo lungaphinda luqaliswe kamva."},{"$i":"app-download-stop-button","$v":"Misa uKhuphelo"},{"$i":"not-enough-space","$v":"Akukho sithuba saneleyo"},{"$i":"not-enough-space-message","$v":"Akukho ndawo yaneleyo ukuze u-instole le app. Vula indawo ngokucima ii-app ezindala okanye imidiya, uze uzame uku-instola kwakhona ukusuka kumthombo woqobo."},{"$i":"app-install-success","$v":[{"t":"idOrVar","v":"appName"}," ifakiwe."]},{"$i":"app-install-update","$v":[{"t":"idOrVar","v":"appName"}," Ihlaziyiwe"]},{"$i":"langpack-install-success2","$v":[{"t":"idOrVar","v":"appName"}," ifakiwe. Ukuyivulela, yiya kwii Sethingi > Ulwimi."]},{"$i":"setup","$v":"Umiselo"},{"$i":"ime-addkeyboards","$v":"Faka iikhibhodi"},{"$i":"ime-lowercase","$v":"Umbhalo omcinane"},{"$i":"ime-uppercase","$v":"Oonobumba Abakhulu"},{"$i":"ime-number","$v":"Inombolo"},{"$i":"ime-capitalize","$v":"Ngonobumba"},{"$i":"ime-t9","$v":"I-T9"},{"$i":"ime-r9","$v":"R9"},{"$i":"ime-predictive","$v":"Qikelela"},{"$i":"ime-insert-word","$v":"Faka igama"},{"$i":"ime-voice-input-messsage","$v":"Cofa ungayeki KULUNGILE ukuthethe kwibhokisi lokubhala field."},{"$i":"later","$v":"Kamva"},{"$i":"download","$v":"Ukhuphelo"},{"$i":"wantToDownload","$v":"Ukhuphelo lohlaziyo ngoku?"},{"$i":"wantToInstallNow","$v":"Ufunda ukufakela uhlaziyo ngoku? Ukunakukwazi ukusebenzisa ifowuni imizuzwana embalwa."},{"$i":"installNow","$v":"Faka ngoku"},{"$i":"notNow","$v":"Hayi Ngoku"},{"$i":"downloadingUpdateMessage","innerHTML":{"$o":["Ikhuphela uhlaziyo… <span>",{"t":"idOrVar","v":"progress"}," ikhutshelwe.</span>"]}},{"$i":"downloadingAppMessage","$v":["Iyakhuphela ",{"t":"idOrVar","v":"appName"}]},{"$i":"downloadingAppProgressNoMax","$v":[{"t":"idOrVar","v":"progress"}," ikhutshelwe"]},{"$i":"downloadingAppProgressIndeterminate","$v":"Iyakhuphela"},{"$i":"downloadingAppProgress","$v":[{"t":"idOrVar","v":"progress"}," / ",{"t":"idOrVar","v":"max"}," ikhutshelwe"]},{"$i":"cancelAllDownloads","$v":"Rhoxisa konke ukukhuphela"},{"$i":"wantToCancelAll","$v":"Uqinisekile ufuna ukurhoxisa konke ukukhuphela?"},{"$i":"downloadError","$v":"Kubekho impazamo ngeli xesha kukhutshelwa uhlaziyo."},{"$i":"updateAvailableInfo","innerHTML":{"$x":[{"t":"idOrVar","v":"plural"},"n"],"$v":{"few":{"$o":[{"t":"idOrVar","v":"n"}," iintlaziyo ziyafumaneka. <span> Thinta ngolwazi olungakumbi.</span>"]},"many":{"$o":[{"t":"idOrVar","v":"n"}," iintlaziyo ziyafumaneka. <span> Thinta ngolwazi olungakumbi.</span>"]},"one":{"$o":[{"t":"idOrVar","v":"n"}," uhlaziyo luyafumaneka. <span>Thinta ngolwazi olungakumbi.</span>"]},"other":{"$o":[{"t":"idOrVar","v":"n"}," iintlaziyo ziyafumaneka. <span> Thinta ngolwazi olungakumbi.</span>"]},"two":{"$o":[{"t":"idOrVar","v":"n"}," iintlaziyo ziyafumaneka. <span> Thinta ngolwazi olungakumbi.</span>"]}}}},{"$i":"numberOfUpdates","$v":{"few":[{"t":"idOrVar","v":"n"}," Izaziso"],"many":[{"t":"idOrVar","v":"n"}," Izaziso"],"one":[{"t":"idOrVar","v":"n"}," Izaziso"],"other":[{"t":"idOrVar","v":"n"}," Izaziso"],"two":[{"t":"idOrVar","v":"n"}," Izaziso"]},"$x":[{"t":"idOrVar","v":"plural"},"n"]},{"$i":"systemUpdate","$v":"Uhlaziyo lwesistimu"},{"$i":"systemUpdateReady","$v":"Uhlaziyo lweNkqubo luLungile"},{"$i":"updates","$v":"Uhlaziyo"},{"$i":"systemUpdateLowBatteryThreshold","$v":["Udinga ubuncinane i- ",{"t":"idOrVar","v":"threshold"},"% yomlinganiselo webhetri ukuze u-instole uhlaziyo."]},{"$i":"required","$v":"Iyadingeka"},{"$i":"uncompressingMessage","innerHTML":{"$o":"Iyekisa ukucinezela… <span>Oku kungathatha imizuzu eliqela.</span>"}},{"$i":"downloadWifiPrioritizedUsing2G","$v":"Uhlaziyo lukhutshelwa ngonxibelelwano lwedatha xa i-Wi-Fi ingafumaneki. Xa usebenzise unxibelelwano lwedatha, iminxeba yefowuni ingabhlokwa kwaye kusenokubakho neentlawulo ezongezelelweyo."},{"$i":"downloadWifiPrioritized3","$v":"Uhlaziyo lukhutshelwa ngonxibelelwano lwedatha xa i-Wi-Fi ingafumaneki. Xa usebenzise unxibelelwano lwedatha, kusenokubakho iintlawulo ezongezelelweyo."},{"$i":"downloadNoWifiWarning","$v":"I-Wi-Fi ayifumaneki. Ukuhlaziya ngolu nxibelelwano lwangoku kusenokudala iindleko ezongezelelekileyo."},{"$i":"downloadOfflineWarning2","$v":"Qhagamshela kwinethiweki ukukhuphela uhlaziyo."},{"$i":"downloadUpdatesViaDataConnection","$v":"Khuphele uhlaziyo ngeqhagamshelo lwedatha?"},{"$i":"downloadUpdatesVia2GForbidden3","$v":"Ikhuphelo lohlaziyo alwenzeki kuqhagamshelo oluhamba kancinci (2G). Nceda uqhagamshele ngeWi-Fi okanye i-3G (ukuba iyafumaneka) uzame kwakhona."},{"$i":"downloadUpdatesViaDataConnectionMessage3","$v":"Xa usebenzisa unxibelelwano lwedatha, kusenokubakho iindleko ezongezelelekileyo. Ufuna ukuqhubeka?"},{"$i":"downloadUpdatesViaDataRoamingConnection","$v":"Khuphele uhlaziyo ngokurowuma kwedatha?"},{"$i":"downloadUpdatesViaDataRoamingConnectionMessage","$v":"Ngoku unyuk’ usehla kwaye kusenokubakho iindleko ezongezelelekileyo. Unqwenela ukuqhubeka?"},{"$i":"screenshotSaved","$v":"Ifoto yeskrini igcinwe keiGalari"},{"$i":"screenshotFailed","$v":"Iskrinshothi asikwazanga kuseyivwa"},{"$i":"screenshotNoSDCard","$v":"Akukho memori khadi ifumanekayo"},{"$i":"screenshotSDCardInUse","$v":"Imemori khadi iyasebenza"},{"$i":"screenshotSDCardLow","$v":"Akukho sithuba saneleyo kwikhadi lememori"},{"$i":"emergency-call-button","$v":"Ukufowunela Ingxamiseko"},{"$i":"emergency-call","$v":"Ungxamiseko"},{"$i":"unlock-a11y-button","ariaLabel":"Vula"},{"$i":"camera-a11y-button","ariaLabel":"Ikhamera"},{"$i":"longDateFormat","$v":"%a, %B %d, %Y"},{"$i":"clockDateFormat","$v":"%a, %e %b"},{"$i":"panel-passcode","ariaLabel":"Ipanel yekhodi yodlulo"},{"$i":"open-notification","$v":"Vula"},{"$i":"unlock","$v":"Vula"},{"$i":"login","$v":"Ngena"},{"$i":"sign-in-to-website","$v":"Ngena kwiwebhusayithi"},{"$i":"username","$v":"Igama lomsebenzisi"},{"$i":"password","$v":"Ipasiwedi"},{"$i":"show-password","$v":"Bonisa ipaswedi"},{"$i":"http-authentication-message2","$v":["Le webhusayithi ",{"t":"idOrVar","v":"host"}," ifuna ukuba ungene."]},{"$i":"error-message","$v":[{"t":"idOrVar","v":"name"}," ayilayishi kakuhle"]},{"$i":"error-title","$v":[{"t":"idOrVar","v":"name"}," ifumanisa ingxaki"]},{"$i":"unable-to-connect","$v":"Ayinakho ukunxibelelana"},{"$i":"tap-to-check-settings","$v":"Chwetha ukue ukhangele iisethingi"},{"$i":"set","$v":"Seta"},{"$i":"delete-title","$v":["Icime ",{"t":"idOrVar","v":"name"}]},{"$i":"delete-body","$v":[{"t":"idOrVar","v":"name"}," kwaye yonke idatha yayo izakucinywa."]},{"$i":"delete","$v":"Khupha ufakelo"},{"$i":"delete-desc","$v":"Uqinisekile ufuna ukuyikhupha?"},{"$i":"unrecoverable-error-title","$v":"Susa isishicileli"},{"$i":"unrecoverable-error-body","$v":"Ayikwazi ukufaka usetyenziso kuba impazamo ayilungiseki. Nceda uzame ukukhuphela kwakhona. Usetyenziso luza kususwa."},{"$i":"unrecoverable-error-action","$v":"KULUNGILE"},{"$i":"instant-settings","$v":"iisethingi zangoku"},{"$i":"settings","$v":"Iisethingi"},{"$i":"flashlight","$v":"Isikhanyiso Sefleshi"},{"$i":"brightness","$v":"Ukukhanya"},{"$i":"volume","$v":"Ivolyum"},{"$i":"calculator","$v":"Ikhaltyuleyitha"},{"$i":"airplane-mode","$v":"Kwimodi Yenqwelo-moya"},{"$i":"wifi","$v":"I-Wi-Fi"},{"$i":"bluetooth","$v":"I-IBluetooth"},{"$i":"cellular-data","$v":"Idatha kaNomyayi"},{"$i":"on","$v":"Ivuliwe"},{"$i":"off","$v":"Icinyiwe"},{"$i":"percentage-number","$v":[{"t":"idOrVar","v":"number"},"%"]},{"$i":"select-time","$v":"Khetha iXesha"},{"$i":"select-date","$v":"Khetha uMhla"},{"$i":"tcl-select-day","$v":"Khetha uSuku"},{"$i":"tcl-add","$v":"Faka"},{"$i":"battery-almost-empty-plug-in-your-charger","$v":"Ibhetri yakho isezantsi. Nceda uplage itshaja yakho."},{"$i":"battery-temperature-warning-header","$v":"Isilumkiso"},{"$i":"battery-temperature-high","$v":"Iqondo lobushushu liphakame kakhulu. Ifowuni iza kucima ukuba iqondo lobushushu limana linyuka."},{"$i":"battery-temperature-high-stop-charging","$v":"Iqondo lobushushu liphakame kakhulu. Ibhetri iyekile ukutshaja. Ifowuni iza kucima ukuba iqondo lobushushu limana linyuka."},{"$i":"battery-temperature-low","$v":"Iqondo lobushushu liphantsi gqitha. Ifowuni iza kucima ukuba iqondo lobushushu limana lisehla."},{"$i":"battery-temperature-low-stop-charging","$v":"Iqondo lobushushu liphantsi gqitha. Ibhetri iyekile ukutshaja. Ifowuni iza kucima ukuba iqondo lobushushu limana lisehla."},{"$i":"crash-dialog2-os","$v":[{"t":"idOrVar","v":"brandShortName"}," isanda kuvuka ekufeni"]},{"$i":"crash-dialog-app","$v":[{"t":"idOrVar","v":"name"}," Isanda kufa"]},{"$i":"crash-dialog-app-noname","$v":"Into"},{"$i":"crash-dialog-message","$v":"Ungathanda ukuthumela i-KaiOS ingxelo malunga nekhreshi ukuze usincede silungise ingxaki? (Iingxelo zithunyelwa nge-Wi-Fi kuphela.)"},{"$i":"crash-info-link","$v":"Yintoni ekwingxelo yekhreshi?"},{"$i":"crash-always-report","$v":"Thumela ingxelo ye-KaiOS xa kukrasha lonke ixesha."},{"$i":"crash-dont-send","$v":"Ungathumeli"},{"$i":"crash-end","$v":"Thumela iNgxelo"},{"$i":"crashReports","$v":"Ingxelo Yokuphelelwa"},{"$i":"done","$v":"Ugqibile"},{"$i":"crash-reports-description-1","$v":"Ingxelo iqulethe iinkcukacha malunga nokuphazamiseka kunye nesiskrini sakho, kwakunye nesitrato esisimo sefowuni yakho xa saphazamiseka."},{"$i":"crash-reports-description-2","$v":"Oku kungaquka izinto ezifana neepheyiji nee-apps ezivuliweyo, imibhalo etayitshwe kwiifomu kunye neziqulatho zemiyalezo evuliweyo, imbali yokubhrawuza kwamvanje, okanye indawo okuyo evulwe yi-app."},{"$i":"crash-reports-description-3-start","$v":"Sisebenzisa iingxelo zokukhresha ukuzama ukulungisa iingxaki nokuphucula iimveliso zethu. Siphatha iinkcukacha zakho njengoko sichazile kwi kwi- "},{"$i":"crash-reports-description-3-privacy","$v":"inkqubo yabucala"},{"$i":"crash-reports-description-3-end","$v":"."},{"$i":"crash-banner-os2","$v":[{"t":"idOrVar","v":"brandShortName"}," Isanda kufa."]},{"$i":"crash-banner-app","$v":[{"t":"idOrVar","v":"name"}," isanda kufa."]},{"$i":"crash-banner-report","$v":"Ingxelo"},{"$i":"bluetooth-sending-progress","$v":"Ukuthumela ifayile nge-Bluetooth"},{"$i":"bluetooth-receiving-progress","$v":"Ifumana ifayile nge Bluetooth"},{"$i":"acceptFileTransfer","$v":"Isicelo sokuGqithisela"},{"$i":"requestToReceive","$v":[{"t":"idOrVar","v":"deviceName"}," ingathanda ukuthumela iifayile. Ufuna ukwamnkela?"]},{"$i":"wantToReceiveFile","$v":[{"t":"idOrVar","v":"deviceName"}," ingathanda ukuthumela",{"t":"idOrVar","v":"fileName"}," (",{"t":"idOrVar","v":"fileSize"},")."]},{"$i":"transfer-confirmation-title","$v":[{"t":"idOrVar","v":"deviceName"}]},{"$i":"transfer-confirmation-description","$v":"Qwalaselisa isicelo sothunyelo."},{"$i":"byteUnit-B","$v":"Iibhayithi"},{"$i":"byteUnit-KB","$v":"iKB"},{"$i":"byteUnit-MB","$v":"iMB"},{"$i":"byteUnit-GB","$v":"GB"},{"$i":"byteUnit-TB","$v":"I-TB"},{"$i":"byteUnit-PB","$v":"PB"},{"$i":"byteUnit-EB","$v":"EB"},{"$i":"byteUnit-ZB","$v":"I-ZB"},{"$i":"byteUnit-YB","$v":"I-YB"},{"$i":"fileSize","$v":[{"t":"idOrVar","v":"size"}," ",{"t":"idOrVar","v":"unit"}]},{"$i":"deny","$v":"Phika"},{"$i":"transfer","$v":"Gqithisela"},{"$i":"accept","$v":"Yamkela"},{"$i":"stop","$v":"Yima"},{"$i":"cancelFileTransfer","$v":"Rhoxisa ukuthumela kweefayile ngeBluetooth?"},{"$i":"continueFileTransfer","$v":"Qhubeka"},{"$i":"transfer-has-started-title","$v":"Ukuthunyelwa kwefayile kuza kuqala"},{"$i":"transfer-has-started-description","$v":"Kulindwe isiqinisekiso"},{"$i":"transfer-has-started-toast","$v":"Ukuthunyelwa kwefayile kuqalile. Hlola inkqubela Yesaziso"},{"$i":"transferFinished-sentSuccessful-title","$v":"Ifayile ithunyelwe"},{"$i":"transferFinished-receivedSuccessful-title","$v":"Ifayile ifunyenwe"},{"$i":"transferFinished-failed-title","$v":"Ukuthunyelwa kwefayile kusilele"},{"$i":"transferFinished-try-again-description","$v":"Ayikwazi ukuthumela ifayile ngoku. Nceda uzame kwakhona kamva."},{"$i":"transferReport-title","$v":"Ingxelo yokugqithisela:"},{"$i":"transferReport-description","$v":[{"t":"idOrVar","v":"numSuccessful"}," iifayile ziphumelele, ",{"t":"idOrVar","v":"numUnsuccessful"}," iifayile ziphumelele"]},{"$i":"unknown-file","$v":"Ifayile engaziwayo"},{"$i":"unknown-device","$v":"Isixhobo esingaziwayo"},{"$i":"cannotOpenFile","$v":"Ayikwazi ukuvula ifayile evuliweyo"},{"$i":"unknownMediaTypeToOpenFile","$v":["Ayikwazi ukuvula uhlobo lwemidiya olungaziwayo: ",{"t":"idOrVar","v":"fileName"}]},{"$i":"cannotReceiveFile","$v":"Ayikwazi ukufumana ifayile"},{"$i":"cannotGetStorageState","$v":"Ayifumani ukugcinwa kwesixhobo."},{"$i":"sdcard-not-exist2","$v":"Akukho memori khadi ifumanekayo. Nceda faka imemori khadi."},{"$i":"sdcard-in-use","$v":"IBluetooth ayikwazi ukusebenza xa ifowuni iplagiwe. Nceda khupha ifowuni kwiplagi ukufumana iifayile."},{"$i":"sdcard-no-space2","$v":"Ayikwazi ukugqibela ukuthumela: ikhadi lememori ligcwele."},{"$i":"unknown-error","$v":"Impazamo engaziwayo"},{"$i":"confirm","$v":"Qinisekisa"},{"$i":"stopTransferTitle","$v":"Misa ukuHanjiswa kweFayile"},{"$i":"stopTransferContent","$v":"Ngaba ufuna ukuyeka ukuthumela ifayile ngeBluetooth?"},{"$i":"storage","$v":"Ugcino"},{"$i":"sdcard-detected-title","$v":"iSD khadi ifunyenwe"},{"$i":"no-sdcard-title","$v":"Akukho SDhadi"},{"$i":"sdcard-total-size-body","$v":["Umlinganiselo uphelele: ",{"t":"idOrVar","v":"size"}," ",{"t":"idOrVar","v":"unit"}]},{"$i":"sdcard-unknown-size-then-tap-to-format-body","$v":"Ubukhulu obungaziwayo, chwetha ukuze ufomathe"},{"$i":"sdcard-removed-title","$v":"iSD Khadi isusiwe"},{"$i":"sdcard-removed-ejected-successfully","$v":"Ikhutshwe ngempumelelo"},{"$i":"sdcard-removed-not-ejected-properly","$v":"Ayikhutshwanga kakuhle"},{"$i":"set-sdcard-as-default-media-location","$v":"iSD khadi ifunyenwe. Seta iSD khadi njengeyesiqelo ukufumana indawo yendaba?"},{"$i":"no-sdcard-content","$v":"Faka ikhadi le-SD ukuze uthole indawo engaphezulu."},{"$i":"sim-confirmation-content","$v":["Idatha kaNomyayi idityaniswe kwi SIM",{"t":"idOrVar","v":"n"},"."]},{"$i":"sim-confirmation-title","$v":"I-SIM khadi itshintshiwe"},{"$i":"sim-confirmation-notice-title","$v":"I-SIM khadi itshintshiwe"},{"$i":"sim-confirmation-notice","$v":"Khetha ukubona iinkcukacha."},{"$i":"sim-hot-plug","$v":"Iifowuni ziya kuqaliswa"},{"$i":"sim-hot-plug-empty","$v":"Ifowuni iya kuqaliswa kwakhona emva kokuba amakhadi e-SIM akhishwe."},{"$i":"sim-hot-plug-empty-confirm","$v":"Nceda uqinisekise ukuba iSIM khadi ikhutshwe ngokupheleleyo, uze emva koko ucofe uOK ukuze uqalise kwakhona."},{"$i":"noSimCard","$v":"Akukho SIM khadi"},{"$i":"lockedSim","$v":"Itshixiwe iSIM"},{"$i":"noService","$v":"Akukho ziiNkonzo"},{"$i":"eccOnly","$v":"Emergency calls only"},{"$i":"nocard-eccOnly","$v":"No SIM card-Emergency calls only"},{"$i":"unusablecard-eccOnly","$v":"Unusable SIM card-Emergency calls only"},{"$i":"searching","$v":"Searching"},{"$i":"simPin","$v":"I-PIN ye-SIM"},{"$i":"pukCode","$v":"ikhodi yePUK"},{"$i":"nckCode","$v":"NCK khodi"},{"$i":"cckCode","$v":"Ikhowudi ye-CCK"},{"$i":"spckCode","$v":"Ikhowudi i-SPCK"},{"$i":"nck1code","$v":"NCK1 khodi"},{"$i":"nck2code","$v":"NCK2 khodi"},{"$i":"hnckcode","$v":"ikhowudi HNCK"},{"$i":"rcckcode","$v":"ikhodi ye RCCK"},{"$i":"rspckcode","$v":"Ikhodi yeRSPCK"},{"$i":"ncklockContent","$v":["Umngxunya",{"t":"idOrVar","v":"n"}," nck uvaliwe."]},{"$i":"whatIsSimPin","$v":"Yintoni i-PIN ye-SIM?"},{"$i":"simPinIntro1","$v":"I-PIN ye-SIM ithintela ukufikelela kumanethiwekhi wedatha yeselula ye-SIM khadi. Xa kunikwe amandla, nayiphina ifowuni equle i-SIM khadi iya kucela i-PIN xa iqalisa kwakhona."},{"$i":"simPinIntro2","$v":"I-PIN ye-SIM ayifani neefayile yepasipoti esetyenziswa ukuvula ifowuni."},{"$i":"changeSimPin","$v":"Tshintsha i-PIN"},{"$i":"pinTitle","$v":"Faka i-PIN yeSIM"},{"$i":"multiSIMpinTitle","$v":["Faka i-PIN ",{"t":"idOrVar","v":"n"}," yeSIM"]},{"$i":"multiSIMpukTitle","$v":["Faka i-PIN ye-PUK",{"t":"idOrVar","v":"n"}]},{"$i":"multiSIMnckTitle","$v":["Faka i-PIN ye-NCK",{"t":"idOrVar","v":"n"}]},{"$i":"multiSIMxckTitle","$v":["Faka i-SIM",{"t":"idOrVar","v":"n"}," ",{"t":"idOrVar","v":"type"}]},{"$i":"xckTitle","$v":["Faka ",{"t":"idOrVar","v":"type"}," khowudi"]},{"$i":"xckCode","$v":[{"t":"idOrVar","v":"type"}," khowudi"]},{"$i":"xckBlocked","$v":[{"t":"idOrVar","v":"type"}," ivalelwe"]},{"$i":"pukTitle","$v":"Faka ikhowudi ye-PUK"},{"$i":"nckTitle","$v":"Faka ikhowudi ye-NCK"},{"$i":"cckTitle","$v":"Faka ikhowudi ye-CCK"},{"$i":"spckTitle","$v":"Faka ikhowudi ye-SPCK"},{"$i":"nck1Title","$v":"Faka ikhowudi ye-NCK1"},{"$i":"nck2Title","$v":"Faka ikhowudi ye-NCK2"},{"$i":"hnckTitle","$v":"Faka ikhowudi ye-HNCK"},{"$i":"rcckTitle","$v":"Faka ikhowudi ye-RCCK"},{"$i":"rspckTitle","$v":"Faka ikhowudi ye-RSPCK"},{"$i":"newpinTitle","$v":"Entsha iPIN"},{"$i":"inputCodeRetriesLeft","$v":{"few":[{"t":"idOrVar","v":"n"}," zizama ekhohlo."],"many":[{"t":"idOrVar","v":"n"}," zizama ekhohlo."],"one":"1 umzamo oseleyo.","other":[{"t":"idOrVar","v":"n"}," zizama ekhohlo."],"two":[{"t":"idOrVar","v":"n"}," zizama ekhohlo."]},"$x":[{"t":"idOrVar","v":"plural"},"n"]},{"$i":"pinErrorMsg","$v":"Akuyiyo i-PIN."},{"$i":"pinAttemptMsg2","$v":{"few":["Ushiyekelwe zizihlandlo ezi ",{"t":"idOrVar","v":"n"}," zokuzama ukufaka ikhowudi echanekileyo ngaphambi kokuba i-SIM khadi itshixwe."],"many":["Ushiyekelwe zizihlandlo ezi ",{"t":"idOrVar","v":"n"}," zokuzama ukufaka ikhowudi echanekileyo ngaphambi kokuba i-SIM khadi itshixwe."],"one":"Ushiyekelwe sisihlandlo esinye sokuzama ukufaka ikhowudi echanekileyo ngaphambi kokuba i-SIM khadi itshixwe.","other":["Ushiyekelwe zizihlandlo ezi ",{"t":"idOrVar","v":"n"}," zokuzama ukufaka ikhowudi echanekileyo ngaphambi kokuba i-SIM khadi itshixwe."],"two":["Ushiyekelwe zizihlandlo ezi ",{"t":"idOrVar","v":"n"}," zokuzama ukufaka ikhowudi echanekileyo ngaphambi kokuba i-SIM khadi itshixwe."]},"$x":[{"t":"idOrVar","v":"plural"},"n"]},{"$i":"pinLastChanceMsg","$v":"Lithuba lakho lokugqibela lokuba ufake i-PIN echanekileyo. Kungenjalo kumele ufake ikhowudi ye-PUK ukuze usebenzise le SIM khadi."},{"$i":"simCardLockedMsg","$v":"I-SIM khadi itshixiwe."},{"$i":"enterPukMsg","$v":"Kumele ufake ikhowudi ye-Personal Unlocking Key (PUK) yale SIM khadi. Jonga kumaxwebhu e-SIM khadi yakho okanye qhagamshelana nomboneleli wakho ngenkcazelo ethe vetshe."},{"$i":"pukErrorMsg","$v":"IPUK ekungeyiyo."},{"$i":"pukAttemptMsg2","$v":{"few":["Ushiyekelwe zizihlandlo ezi ",{"t":"idOrVar","v":"n"}," zokuzama ukufaka ikhowudi echanekileyo ngaphambi kokuba i-SIM khadi yakho ingasebenzi kwaphela. Jonga kumaxwebhu e-SIM khadi yakho okanye qhagamshelana nomboneleli wakho ngenkcazelo ethe vetshe."],"many":["Ushiyekelwe zizihlandlo ezi ",{"t":"idOrVar","v":"n"}," zokuzama ukufaka ikhowudi echanekileyo ngaphambi kokuba i-SIM khadi yakho ingasebenzi kwaphela. Jonga kumaxwebhu e-SIM khadi yakho okanye qhagamshelana nomboneleli wakho ngenkcazelo ethe vetshe."],"one":"Ushiyekelwe sisihlandlo esinye sokuzama ukufaka ikhowudi echanekileyo ngaphambi kokuba i-SIM khadi yakho ingasebenzi kwaphela. Jonga kumaxwebhu e-SIM khadi yakho okanye qhagamshelana nomboneleli wakho ngenkcazelo ethe vetshe.","other":["Ushiyekelwe zizihlandlo ezi ",{"t":"idOrVar","v":"n"}," zokuzama ukufaka ikhowudi echanekileyo ngaphambi kokuba i-SIM khadi yakho ingasebenzi kwaphela. Jonga kumaxwebhu e-SIM khadi yakho okanye qhagamshelana nomboneleli wakho ngenkcazelo ethe vetshe."],"two":["Ushiyekelwe zizihlandlo ezi ",{"t":"idOrVar","v":"n"}," zokuzama ukufaka ikhowudi echanekileyo ngaphambi kokuba i-SIM khadi yakho ingasebenzi kwaphela. Jonga kumaxwebhu e-SIM khadi yakho okanye qhagamshelana nomboneleli wakho ngenkcazelo ethe vetshe."]},"$x":[{"t":"idOrVar","v":"plural"},"n"]},{"$i":"pukLastChanceMsg","$v":"Ithiuba lokugqibela lokufaka eyona PUK khowudo. Eyakho SIM khadi ayizusebenziseka ngonaphakade ukuba ufaka iPUK khowudi ekungeyiyo. Jolisa kwixwebhu le SIM khadi yakho okanye uqhakamshelane nomzisi wakho ngolwazi olongeziweyo."},{"$i":"cardPermanentlyLockMsg-head","$v":"IPUK ekungeyiyo."},{"$i":"cardPermanentlyLockMsg-body","$v":"I-SIM khadi yakho itshixwe unaphakade. Qhagamshelana nomboneleli wakho ngenkcazelo ethe vetshe."},{"$i":"newSimPinMsg","$v":"Yila i-PIN (kufuneka iqulathe amanani 4-8)"},{"$i":"confirmNewSimPinMsg","$v":"Qinisekisa i-PIN entsha"},{"$i":"newPinErrorMsg","$v":"IiPIN azihambelani."},{"$i":"nckErrorMsg","$v":"Ikhowudi ye-NCK ayichanekanga."},{"$i":"nckAttemptMsg2","$v":{"few":["Isicelo sokususa umntwiso kwinethiwekhi sisilele. Une ",{"t":"idOrVar","v":"n"}," mizamo eseleyo ukufaka ikhodi ekuyiyo. Bhekisa kwixwebhu lesixhobo sakho okanye uqhakamshelane nomzisi wakho ngolwazi olungakumbi."],"many":["Isicelo sokususa ubumntwiso sisilele. Una ",{"t":"idOrVar","v":"n"}," yamathuma aseleyo okufaka ikhodi ekuyiyo. Jolisa kwixwebhu lesixhobo sakho okanye uqhakamshelane nomzisi ngolwazi olongeziweyo."],"one":"Isicelo sokususa ubumntwiso sisilele. Ithuba lokugqibela lokufaka ikhowudi ye NCK elungileyo. Jolisa kwixwebhu lesixhobo sakho okanye uqhakamshelane nomzisi ngolwazi olongeziweyo.","other":["Isicelo sokususa umntwiso kwinethiwekhi sisilele. Une ",{"t":"idOrVar","v":"n"}," mizamo eseleyo ukufaka ikhodi ekuyiyo. Bhekisa kwixwebhu lesixhobo sakho okanye uqhakamshelane nomzisi wakho ngolwazi olungakumbi."],"two":["Isicelo sokususa umntwiso kwinethiwekhi sisilele. Une ",{"t":"idOrVar","v":"n"}," mizamo eseleyo ukufaka ikhodi ekuyiyo. Bhekisa kwixwebhu lesixhobo sakho okanye uqhakamshelane nomzisi wakho ngolwazi olungakumbi."]},"$x":[{"t":"idOrVar","v":"plural"},"n"]},{"$i":"nckLastChanceMsg","$v":"Isicelo sokususa ubumntwiso sisilele. Ithuba lokugqibela lokufaka ikhowudi ye NCK elungileyo. Jolisa kwixwebhu lesixhobo sakho okanye uqhakamshelane nomzisi ngolwazi olongeziweyo."},{"$i":"sim-attention-header","$v":"I-SIM iTshixiwe"},{"$i":"multiSIM-attention-header","$v":["I-SIM",{"t":"idOrVar","v":"n"}," itshixiwe"]},{"$i":"sim-attention-head","$v":"I-SIM khadi itshixiwe."},{"$i":"sim-attention-body","$v":"Ungathanda ukufaka ikhowudi ye-PUK ukuze uvule i-SIM khadi ngesitshixi?"},{"$i":"enter-puk-rsk","$v":"Faka i-PUK"},{"$i":"verify-rsk","$v":"Ugqibile"},{"$i":"activity-pick","$v":"Khetha kwezi"},{"$i":"activity-view","$v":"Bona nge"},{"$i":"activity-test","$v":"Vavanya nge-"},{"$i":"activity-share","$v":"Yabela"},{"$i":"activity-new","$v":"Yila nge-"},{"$i":"activity-open","$v":"Vula nge"},{"$i":"activity-save-bookmark","$v":"Ukuphawula nge-"},{"$i":"activity-record","$v":"Ushicilelo ukusuka"},{"$i":"activity-browse","$v":"Brawuza nge-"},{"$i":"activity-configure","$v":"Yila kunye"},{"$i":"activity-dial","$v":"Fowuna usuka"},{"$i":"remoteDebuggerMessage","$v":"Isicelo esizayo sivumea ukudebhaga kude uqhagamshelo olufunyenweyo. Luvunyelwe uqhagamshelo?"},{"$i":"captive-wifi-available","$v":["Inetwekhi ",{"t":"idOrVar","v":"networkName"}," ifunyenwe. Ndijoyine le netwekhi?"]},{"$i":"ceWarningtitle","$v":"Isilumkiso sevolyum"},{"$i":"ceWarningcontent","$v":"Ukuthintela ukonakala kweendlebe okunokwenzeka, musa ukumamela ngevolyum ephezulu amaxesha amade."},{"$i":"is-volume-type-notification","$v":{"$o":"Iiringithoni & Zazisi"}},{"$i":"is-volume-type-telephony","$v":"Ivolyum"},{"$i":"is-volume-type-alarm","$v":"Ialam"},{"$i":"is-volume-type-content","$v":"Lonwabo"},{"$i":"tcl-volume-type-notification","$v":{"$o":"Iiringithoni & Zazisi"}},{"$i":"tcl-volume-type-telephony","$v":"Ivolyum"},{"$i":"volume-type-alarm","$v":"Ialam"},{"$i":"volume-type-content","$v":"Lonwabo"},{"$i":"vibrate-only","$v":"Iyadidizela Kuphela"},{"$i":"silent","$v":"Thulileyo"},{"$i":"vibrate-on","$v":"Ukudidizela:Layitiwe"},{"$i":"vibrate-off","$v":"Ukudidizela:Cinyiwe"},{"$i":"vibrate","$v":"Didizela"},{"$i":"tcl-volume","$v":["Ivolyum:",{"t":"idOrVar","v":"n"},"/",{"t":"idOrVar","v":"c"}]},{"$i":"notification-powersaving-mode-on-title","$v":"Imo ecina umbane"},{"$i":"notification-powersaving-mode-on-description","$v":"Imodi yokugcina amandla ivuliwe."},{"$i":"low-device-storage","$v":"Isithuba kwisixhobo siyaphela."},{"$i":"storage-alert","$v":"Isaziso soLondolozo"},{"$i":"phone-almost-full","$v":"Ifowuni lele izocwala"},{"$i":"free-space","$v":{"few":["Ngaphantsi kwe ",{"t":"idOrVar","v":"value"}," ",{"t":"idOrVar","v":"unit"}," eshiyekileyo."],"many":["Ngaphantsi kwe ",{"t":"idOrVar","v":"value"}," ",{"t":"idOrVar","v":"unit"}," eshiyekileyo."],"one":["Ngaphantsi kwe ",{"t":"idOrVar","v":"value"}," ",{"t":"idOrVar","v":"unit"}," eshiyekileyo."],"other":["Ngaphantsi kwe ",{"t":"idOrVar","v":"value"}," ",{"t":"idOrVar","v":"unit"}," eshiyekileyo."],"two":["Ngaphantsi kwe ",{"t":"idOrVar","v":"value"}," ",{"t":"idOrVar","v":"unit"}," eshiyekileyo."],"zero":"Akukho sithuba siseleyo."},"$x":[{"t":"idOrVar","v":"plural"},"value"]},{"$i":"unknown-free-space","$v":"Indawo eseleyo engaziwayo."},{"$i":"can-delete-data-to-get-space","$v":"Ungacima ezinye iifayile zemidiya okanye idatha ye-aplikheshini ephetheyo ukuze ufumane izikhewu ezivulekileyo ezongezelelekileyo."},{"$i":"should-delete-data-to-get-space","$v":"Ungacima ezinye iifayile zemidiya okanye idatha ye-aplikheshini ephetheyo ukuze ufumane izikhewu ezivulekileyo ezongezelelekileyo."},{"$i":"storage-full-level-1-title","$v":"Ifowuni Epheleleyo"},{"$i":"storage-full-level-2-title","$v":"Uvumba wefowuni ugcwele"},{"$i":"delete-to-get-space","$v":"Cima iifayile zemidiya, idatha ye-aplikeyishini okanye ii-aplikeyishini ezidownlowudiweyo ukuze uvule isithuba. "},{"$i":"delete-to-get-space-level-2","$v":"Cima iifayile zemidiya, idatha ye-aplikeyishini okanye ii-apps ezidownlowudiweyo ukuze uvule isithuba. Kungenjalo, ifowuni ayizukusebenza kakuhle."},{"$i":"system-alert","$v":"Isilumkiso seNkqubo"},{"$i":"cb-channel","$v":["Isitishi ",{"t":"idOrVar","v":"channel"}]},{"$i":"cell-broadcast-subtitle","$v":"Ukwazisa Ngeseli"},{"$i":"cb-etws-warningType-earthquake","$v":"Isilumkiso senyikima!"},{"$i":"cb-etws-warningType-tsunami","$v":"Isilumkiso seTsunami!"},{"$i":"cb-etws-warningType-earthquake-tsunami","$v":"Isilumkiso senyikima ye-Tsunami!"},{"$i":"cb-etws-warningType-test","$v":"Inkqubo yesaziso iyavavanywa."},{"$i":"cb-etws-warningType-other","$v":"Isilumkiso songxamiseko!"},{"$i":"icc-message-maintitle","$v":"Umyalezo womsebenzisi"},{"$i":"icc-message-subtitle","$v":"I-SIM"},{"$i":"icc-confirmCall-defaultmessage","$v":["Fowuna ",{"t":"idOrVar","v":"number"},"?"]},{"$i":"icc-alertMessage-defaultmessage","$v":"Ukuthumela umyalezo"},{"$i":"icc-confirmMessage-defaultmessage","$v":"Thumele umyalezo?"},{"$i":"icc-notification-title","$v":["I-SIM ",{"t":"idOrVar","v":"id"}," STK"]},{"$i":"icc-inputbox-maintitle","$v":"Umbuzo we-STK"},{"$i":"icc-inputbox-subtitle","$v":["I-SIM ",{"t":"idOrVar","v":"id"}]},{"$i":"emergency-callback-mode","$v":"Imodi yokufowunelwa-mva kongxamiseko"},{"$i":"emergency-callback-message","$v":"Awunakutsala iminxeba, uthumele imiyalezo okanye ungene kwi-intanethi kuba imo yokufowunelwa ngamaxesha kaxakeka ivuliwe. Ungathanda ukuyicima?"},{"$i":"cdma-record-info","$v":"Faka inkcazelo ye-CDMA"},{"$i":"download_started","$v":"Ukhuphelo luqalile"},{"$i":"download_stopped","$v":"Ukhuphelo luyekile"},{"$i":"download_downloading","$v":[{"t":"idOrVar","v":"percentage"},"%"]},{"$i":"download_succeeded","$v":"Ukhuphelo lugqityiwe"},{"$i":"download_failed","$v":"Ukhuphelo lusilele"},{"$i":"update_succeeded","$v":"Uhlaziyo lugqibile"},{"$i":"download_text_by_default","$v":[{"t":"idOrVar","v":"name"}]},{"$i":"phone-storage-full-title","$v":"Uvimba weFowuni Ugcwele"},{"$i":"phone-storage-full-warning","$v":"Ayikwazi ukhuphela ifayile. Cima ifayile yeendaba okanye idatha yesicelo ukukhulula isikhala. Unokufaka kwakhona ikhadi le-SD ukwandisa ukugcinwa kweendaba"},{"$i":"sdcard-storage-full-title","$v":"I-SD khadi igcwele."},{"$i":"sdcard-storage-full-warning","$v":"Ayikwazi ukulanda ifayile. Cima iifayile kwikhadi le-SD ukukhulula isikhala."},{"$i":"opt-settings","$v":"Iisethingi"},{"$i":"search-the-web","$v":"Khangela iWeb"},{"$i":"search-or-enter-address","$v":"Khangela okanye faka idilesi","placeholder":"Khangela okanye faka idilesi"},{"$i":"search-or-enter-url","$v":"Khangela okanye faka iURL","placeholder":"Khangela okanye faka iURL"},{"$i":"back-button","ariaLabel":"Umva"},{"$i":"forward-button","ariaLabel":"Dlulisa"},{"$i":"reload-button","ariaLabel":"Ulayisho kwakhona"},{"$i":"stop-button","ariaLabel":"Yima"},{"$i":"windows-button","ariaLabel":"Bonisa iifestile"},{"$i":"noHotspotWhenAPMisOnWifiHotspot","$v":"Cima imo yeepleyini ukuze usebenzise i-Wi-Fi hotspot."},{"$i":"apmActivated","$v":"Imodi yenqwelo-moya ivuliwe"},{"$i":"save-image","$v":"Gcina umfanekiso"},{"$i":"save-video","$v":"Gcina iVidiyo"},{"$i":"save-audio","$v":"Gcina lizwi"},{"$i":"share-image","$v":"Yabelana ngoMfanekiso"},{"$i":"share-video","$v":"Yabelana ngeVidiyo"},{"$i":"share-audio","$v":"Yabelana ngeSandi"},{"$i":"tcl-cancelButtonId","$v":"Rhoxisa"},{"$i":"tcl-not-send","$v":"Ungathumeli"},{"$i":"tcl-send-report","$v":"Thumela iNgxelo"},{"$i":"refresh","$v":"Qala ngokutsha"},{"$i":"goBack","$v":"Buyela emva"},{"$i":"goForward","$v":"Yiya phambili"},{"$i":"goToTopSites","$v":"Yiya kwisayithi ephambili"},{"$i":"pinToTopSites","$v":"Yiqhoshele kwisayithi eziphezulu"},{"$i":"pinToAllApps","$v":"Bamba kuzo zonke iiNkqubo"},{"$i":"pinToAppsMenu","$v":"Bamba kwiiNkqubo zeMenyu"},{"$i":"viewMessages","$v":"Bona imiYalezo"},{"$i":"downloadImage","$v":"Khuphela umfanekiso"},{"$i":"quit","$v":"Phuma"},{"$i":"minimizeBrowser","$v":"Hlisela isikhangeli"},{"$i":"pinSiteCompletely","$v":"Le webhusayithi iqhotyoshelwe kwii-Top Sites."},{"$i":"siteWasPinnedBefore","$v":"Le webhusayithi ibiqhotyoshelwe kwii-Top Sites ngaphambili."},{"$i":"pinnedSitesOverLimit","$v":"Ufikelele kwelona nani likhulu leewebhusayithi eziqhotyoshelweyo."},{"$i":"pressBackAgainToQuitBrowser","$v":"Cinezela MVA kwakhona ukuphuma kwisikhangeli."},{"$i":"pressBackAgainToMinimizeBrowser","$v":"Cinezela MVA kwakhona ukuphuma kwisikhangeli."},{"$i":"pinSiteToAllAppsCompletely","$v":"Le webhsayithi ibanjelwe kuzo zonke iiNkqubo."},{"$i":"pinSiteToAppsMenuCompletely","$v":"Le webhsayithi ibanjelwe kwiNkqubo yeMenyu."},{"$i":"siteWasPinnedToAllAppsBefore","$v":"Lewebhu ibanjelwe kuzo zonke iiNkqubo ngaphambili."},{"$i":"siteWasPinnedToAppsMenuBefore","$v":"Lewebhu ibanjelwe kwiMenyu yeMenyu ngaphambi."},{"$i":"ext-bluetooth-req","$v":"Isicelo sodibaniso"},{"$i":"ext-unknown","$v":"AYAZIWA"},{"$i":"ext-new-message","$v":"Omtsha uMyalezo"},{"$i":"ext-new-mail","$v":"Entsha iMeyile"},{"$i":"ext-calendar-event","$v":"Ikhalenda Yeziganeko"},{"$i":"ext-new-notification","$v":"Ezitsha Izaziso"},{"$i":"incoming","$v":"Iyangena"},{"$i":"ext-volume-notification","$v":{"$o":"Iiringithoni & iizaziso"}},{"$i":"ext-volume-content","$v":"Lonwabo"},{"$i":"ext-volume-alarm","$v":"Ialam"},{"$i":"ext-new-cmas","$v":"Ungxamiseko"},{"$i":"phone-storage-full-body","$v":"Lumile ushicilelo Cima iifayile zemidiya okanye ulawule idatha ye-aplikheshini ukuze uvule indawo."},{"$i":"sd-card-full-title","$v":"I-SD khadi igcwele."},{"$i":"sd-card-full-body","$v":"Ukushicilelwa komnxeba kumisiwe. Cima iifayile kwikhadi le-SD ukukhulula isikhala."},{"$i":"supl-notification-title","$v":"Isicelo seNdawo"},{"$i":"supl-notification-message","$v":"Indawo okuyo igqithiselwa kumboneleli."},{"$i":"supl-verification-title","$v":"Isicelo seNdawo"},{"$i":"supl-verification-message","$v":"Umniki-nkonzo ucela indawo okuyo. Uyafuna ukunikezela ngenkcazelo yndawo okuyo kumniki-nkonzo?"},{"$i":"supl-verification-message-for-notification","$v":"Cinezela apha ukuqinisekisa"},{"$i":"supl-verification-confirm","$v":"Ewe"},{"$i":"supl-verification-cancel","$v":"Hayi"},{"$i":"supl-more-message","$v":["UMyalezo: ",{"t":"idOrVar","v":"id"}," (",{"t":"idOrVar","v":"message"},")"]},{"$i":"confirmPbapMsg","$v":[{"t":"idOrVar","v":"deviceId"}," Ingathanda ukufikelela kukuqhakamshelwa nembali yofowuno. Ngaba uyamkela?"]},{"$i":"confirmTitle","$v":"Isicelo Se-Bluetooth"},{"$i":"initialValue","$v":"Faka isitshixo seseshoni"},{"$i":"confirmMapMsg","$v":[{"t":"idOrVar","v":"deviceId"}," ingathanda ukufikelela kweyakho imiyalezo. Ufuna ukwamnkela?"]},{"$i":"wifiCallErrorMsg","$v":["Impazamo yomnxeba we-Wifi: ",{"t":"idOrVar","v":"error"}]},{"$i":"wifiCallMissEccTitle","$v":[{"t":"idOrVar","v":"operator"}," WiFi Calling"]},{"$i":"wifiCallMissEccMsg","$v":"Emergency calls in areas with cellular coverage only"},{"$i":"battery-full-title","$v":"Ibhetri iGcwele"},{"$i":"battery-full-body","$v":"Ibhetri itshajwe ngokupheleleyo."},{"$i":"sim-config-title","$v":"Uqwalaselo"},{"$i":"sim-config-content-init","$v":["Cofa QALA ukulungiselela ifowuni yakho ",{"t":"idOrVar","v":"carrier"},"."]},{"$i":"sim-config-content-change","$v":["Uyafuna ukulungiselela ifowuni yakho ",{"t":"idOrVar","v":"carrier"},"?"]},{"$i":"sim-config-content-line1","$v":"Wenze kakuhle!"},{"$i":"sim-config-content-restart","$v":"Vula ifowuni yakho wakhona ukufaka iintshintsho"},{"$i":"sim-config-content-finish","$v":"Cofa \"OK\" ukuqhakamshela"},{"$i":"sim-config-content-failed","$v":["Ayiyifumani iprofayile ye ",{"t":"idOrVar","v":"carrier"}]},{"$i":"sim-config-button-restart","$v":"Qala ngokutsha"},{"$i":"sim-config-button-begin","$v":"Qala"},{"$i":"open-wifi-available","$v":"Iinetwekhi ezivulekileyo ze-WiFi ziyafumaneka"},{"$i":"wifi-available","$v":"Iinetwekhi ze-WiFi ziyafumaneka"},{"$i":"wifi-no-internet-title","$v":"IWifi ayinafikelelo lwe-intanethi"},{"$i":"wifi-no-internet-body","$v":"Tap for options"},{"$i":"wifi-no-internet-header","$v":"I-Wi-Fi"},{"$i":"wifi-no-internet-content","$v":[{"t":"idOrVar","v":"name"}," akafikeleli kwi-intanethi, ngaba uya kuhlala uqhagamshele?"]},{"$i":"ellipses_char","$v":"…"},{"$i":"fota-title-attention","$v":"Ibhekisa"},{"$i":"fota-upgrade-success","$v":["Unyuselo lweFirmware luphumelele, Isixhobo sakho ngoku sikwinguqulelo ",{"t":"idOrVar","v":"target"},"."]},{"$i":"fota-upgrade-failed","$v":"Unyuselolusilele, Ingugulelo yamandulo ibuyiselwe."},{"$i":"fota-title-software-update","$v":"Uhlaziyo llweSishicileli"},{"$i":"fota-message-software-update-available","$v":"Uhlaziyo lweSishicileli luyafumaneka."},{"$i":"fota-message-software-download-failed","$v":"Uhlaziyo lwesishicileli lusilele."},{"$i":"fota-message-software-download-complete","$v":"Ukhuphelo hlaziyo lwesishicileli lugqibile."},{"$i":"network-issue-title","$v":"Iphutha leNethiwekhi"},{"$i":"network-issue-detail","$v":"Nceda uhlole uqhagamshelo lwakho."},{"$i":"device-issue-title","$v":"Faka Iphutha"},{"$i":"device-issue-detail","$v":"Kwenzeke impazamo engaziwayo."},{"$i":"device-issue-update-title","$v":"Hlaziya Impazamo"},{"$i":"install-generic-error","$v":"Ukhuphelo luyekile."},{"$i":"account-authenticator-invaild-grant-notice-title","$v":"Iphutha le Akhawunti"},{"$i":"account-authenticator-invaild-grant-notice-text","$v":"Ngena kwakhona"},{"$i":"account-authenticator-no-network-error","$v":"Akukho qhakamshelo lwa-intanethi."},{"$i":"account-authenticator-access-denied-error","$v":"Impazamo yenzekile."},{"$i":"qtn_els_alert_high_vol","$v":"Isiphakamiso somqulu ophezulu"},{"$i":"qtn_els_alert_in_call","$v":"kumnxeba"},{"$i":"GetEmptyUssdPrompt","$v":"Impendulo yeNull ifumaneka."},{"$i":"message-sent","$v":"UMyalezo uthunyelwe"},{"$i":"send","$v":"Thumela"},{"$i":"confirmation","$v":"Isiqinisekiso"},{"$i":"feedback-dialogview-header","$v":"Izimvo"},{"$i":"feedback-dialogview-message","$v":"Uluvo lwakho lubaluleke kakhulu ku-HMD Global, ngoko nceda usixelele ukuba ucinga ntoni ngefowuni yakho entsha. Ukuba ungathanda ukuthatha inxaxheba kolu phononongo ekuhambeni kwexesha, ungalufumana kwiiSethingi."},{"$i":"accessibility-enableScreenReaderSteps","$v":"To enable screen reader, press the volume up and then volume down buttons three more times"},{"$i":"accessibility-disableScreenReaderSteps","$v":"To disable screen reader, press the volume up and then volume down buttons three more times"},{"$i":"accessibility-screenReaderStarted","$v":"Screen reader started"},{"$i":"accessibility-screenReaderStopped","$v":"Screen reader stopped"},{"$i":"accessibility-menubar","$v":"menu bar"},{"$i":"accessibility-scrollbar","$v":"scroll bar"},{"$i":"accessibility-grip","$v":"grip"},{"$i":"accessibility-alert","$v":"alert"},{"$i":"accessibility-menupopup","$v":"menu popup"},{"$i":"accessibility-document","$v":"document"},{"$i":"accessibility-pane","$v":"pane"},{"$i":"accessibility-dialog","$v":"dialogue"},{"$i":"accessibility-separator","$v":"separator"},{"$i":"accessibility-toolbar","$v":"toolbar"},{"$i":"accessibility-statusbar","$v":"status bar"},{"$i":"accessibility-table","$v":"table"},{"$i":"accessibility-columnheader","$v":"column header"},{"$i":"accessibility-rowheader","$v":"row header"},{"$i":"accessibility-column","$v":"column"},{"$i":"accessibility-row","$v":"row"},{"$i":"accessibility-cell","$v":"cell"},{"$i":"accessibility-link","$v":"link"},{"$i":"accessibility-list","$v":"list"},{"$i":"accessibility-listitem","$v":"list item"},{"$i":"accessibility-outline","$v":"outline"},{"$i":"accessibility-outlineitem","$v":"outline item"},{"$i":"accessibility-pagetab","$v":"tab"},{"$i":"accessibility-propertypage","$v":"property page"},{"$i":"accessibility-graphic","$v":"graphic"},{"$i":"accessibility-pushbutton","$v":"button"},{"$i":"accessibility-checkbutton","$v":"check button"},{"$i":"accessibility-radiobutton","$v":"radio button"},{"$i":"accessibility-combobox","$v":"combo box"},{"$i":"accessibility-progressbar","$v":"progress bar"},{"$i":"accessibility-slider","$v":"slider"},{"$i":"accessibility-spinbutton","$v":"spin button"},{"$i":"accessibility-diagram","$v":"diagram"},{"$i":"accessibility-animation","$v":"animation"},{"$i":"accessibility-equation","$v":"equation"},{"$i":"accessibility-buttonmenu","$v":"button menu"},{"$i":"accessibility-whitespace","$v":"white space"},{"$i":"accessibility-pagetablist","$v":"tab list"},{"$i":"accessibility-canvas","$v":"canvas"},{"$i":"accessibility-checkmenuitem","$v":"jonga into yemenyu"},{"$i":"accessibility-label","$v":"label"},{"$i":"accessibility-passwordtext","$v":"password text"},{"$i":"accessibility-radiomenuitem","$v":"into yemenyu kanomathotholo"},{"$i":"accessibility-textcontainer","$v":"text container"},{"$i":"accessibility-togglebutton","$v":"toggle button"},{"$i":"accessibility-treetable","$v":"tree table"},{"$i":"accessibility-header","$v":"header"},{"$i":"accessibility-footer","$v":"footer"},{"$i":"accessibility-paragraph","$v":"paragraph"},{"$i":"accessibility-entry","$v":"entry"},{"$i":"accessibility-caption","$v":"caption"},{"$i":"accessibility-heading","$v":"heading"},{"$i":"accessibility-section","$v":"section"},{"$i":"accessibility-form","$v":"form"},{"$i":"accessibility-comboboxlist","$v":"combo box list"},{"$i":"accessibility-comboboxoption","$v":"combo box option"},{"$i":"accessibility-imagemap","$v":"image map"},{"$i":"accessibility-listboxoption","$v":"option"},{"$i":"accessibility-listbox","$v":"list box"},{"$i":"accessibility-flatequation","$v":"flat equation"},{"$i":"accessibility-gridcell","$v":"gridcell"},{"$i":"accessibility-note","$v":"note"},{"$i":"accessibility-figure","$v":"figure"},{"$i":"accessibility-definitionlist","$v":"definition list"},{"$i":"accessibility-term","$v":"term"},{"$i":"accessibility-definition","$v":"definition"},{"$i":"accessibility-textarea","$v":"text area"},{"$i":"accessibility-textInputType_date","$v":"date"},{"$i":"accessibility-textInputType_email","$v":"e-mail"},{"$i":"accessibility-textInputType_search","$v":"search"},{"$i":"accessibility-textInputType_tel","$v":"telephone"},{"$i":"accessibility-textInputType_url","$v":"URL"},{"$i":"accessibility-headingLevel","$v":["heading level ",{"t":"idOrVar","v":"0"}]},{"$i":"accessibility-listStart","$v":"First item"},{"$i":"accessibility-listEnd","$v":"Last item"},{"$i":"accessibility-listItemsCount","$v":{"few":[{"t":"idOrVar","v":"count"}," items"],"many":[{"t":"idOrVar","v":"count"}," items"],"one":[{"t":"idOrVar","v":"count"}," item"],"other":[{"t":"idOrVar","v":"count"}," items"],"two":[{"t":"idOrVar","v":"count"}," items"],"zero":[{"t":"idOrVar","v":"count"}," items"]},"$x":[{"t":"idOrVar","v":"plural"},"count"]},{"$i":"accessibility-objItemOfN","$v":[{"t":"idOrVar","v":"0"}," of ",{"t":"idOrVar","v":"1"}]},{"$i":"accessibility-banner","$v":"banner"},{"$i":"accessibility-complementary","$v":"complementary"},{"$i":"accessibility-contentinfo","$v":"content info"},{"$i":"accessibility-main","$v":"main"},{"$i":"accessibility-navigation","$v":"navigation"},{"$i":"accessibility-search","$v":"search"},{"$i":"accessibility-tblColumnInfo","$v":{"few":["with ",{"t":"idOrVar","v":"count"}," columns"],"many":["with ",{"t":"idOrVar","v":"count"}," columns"],"one":["with ",{"t":"idOrVar","v":"count"}," column"],"other":["with ",{"t":"idOrVar","v":"count"}," columns"],"two":["with ",{"t":"idOrVar","v":"count"}," columns"],"zero":["with ",{"t":"idOrVar","v":"count"}," columns"]},"$x":[{"t":"idOrVar","v":"plural"},"count"]},{"$i":"accessibility-tblRowInfo","$v":{"few":["and ",{"t":"idOrVar","v":"count"}," rows"],"many":["and ",{"t":"idOrVar","v":"count"}," rows"],"one":["and ",{"t":"idOrVar","v":"count"}," row"],"other":["and ",{"t":"idOrVar","v":"count"}," rows"],"two":["and ",{"t":"idOrVar","v":"count"}," rows"],"zero":["and ",{"t":"idOrVar","v":"count"}," rows"]},"$x":[{"t":"idOrVar","v":"plural"},"count"]},{"$i":"accessibility-columnInfo","$v":["Column ",{"t":"idOrVar","v":"0"}]},{"$i":"accessibility-rowInfo","$v":["Row ",{"t":"idOrVar","v":"0"}]},{"$i":"accessibility-spansColumns","$v":{"few":["spans ",{"t":"idOrVar","v":"0"}," columns"],"many":["spans ",{"t":"idOrVar","v":"0"}," columns"],"one":["spans ",{"t":"idOrVar","v":"0"}," column"],"other":["spans ",{"t":"idOrVar","v":"0"}," columns"],"two":["spans ",{"t":"idOrVar","v":"0"}," columns"],"zero":["spans ",{"t":"idOrVar","v":"0"}," columns"]},"$x":[{"t":"idOrVar","v":"plural"},"0"]},{"$i":"accessibility-spansRows","$v":{"few":["spans ",{"t":"idOrVar","v":"0"}," rows"],"many":["spans ",{"t":"idOrVar","v":"0"}," rows"],"one":["spans ",{"t":"idOrVar","v":"0"}," row"],"other":["spans ",{"t":"idOrVar","v":"0"}," rows"],"two":["spans ",{"t":"idOrVar","v":"0"}," rows"],"zero":["spans ",{"t":"idOrVar","v":"0"}," rows"]},"$x":[{"t":"idOrVar","v":"plural"},"0"]},{"$i":"accessibility-jumpAction","$v":"jumped"},{"$i":"accessibility-pressAction","$v":"pressed"},{"$i":"accessibility-checkAction","$v":"checked"},{"$i":"accessibility-uncheckAction","$v":"unchecked"},{"$i":"accessibility-selectAction","$v":"selected"},{"$i":"accessibility-unselectAction","$v":"unselected"},{"$i":"accessibility-openAction","$v":"opened"},{"$i":"accessibility-closeAction","$v":"closed"},{"$i":"accessibility-switchAction","$v":"switched"},{"$i":"accessibility-clickAction","$v":"clicked"},{"$i":"accessibility-collapseAction","$v":"collapsed"},{"$i":"accessibility-expandAction","$v":"expanded"},{"$i":"accessibility-activateAction","$v":"activated"},{"$i":"accessibility-cycleAction","$v":"cycled"},{"$i":"accessibility-hidden","$v":"hidden"},{"$i":"accessibility-tabLoading","$v":"loading"},{"$i":"accessibility-tabLoaded","$v":"loaded"},{"$i":"accessibility-tabNew","$v":"new tab"},{"$i":"accessibility-tabLoadStopped","$v":"loading stopped"},{"$i":"accessibility-tabReload","$v":"reloading"},{"$i":"accessibility-stateChecked","$v":"checked"},{"$i":"accessibility-stateNotChecked","$v":"not checked"},{"$i":"accessibility-statePressed","$v":"pressed"},{"$i":"accessibility-stateExpanded","$v":"expanded"},{"$i":"accessibility-stateCollapsed","$v":"collapsed"},{"$i":"accessibility-stateUnavailable","$v":"unavailable"},{"$i":"accessibility-stateRequired","$v":"required"},{"$i":"accessibility-stateTraversed","$v":"visited"},{"$i":"accessibility-stateHasPopup","$v":"has pop up"},{"$i":"accessibility-stateSelected","$v":"selected"},{"$i":"accessibility-editingMode","$v":"editing"},{"$i":"accessibility-navigationMode","$v":"navigating"},{"$i":"accessibility-quicknav_Simple","$v":"Default"},{"$i":"accessibility-quicknav_Anchor","$v":"Anchors"},{"$i":"accessibility-quicknav_Button","$v":"Buttons"},{"$i":"accessibility-quicknav_Combobox","$v":"Combo boxes"},{"$i":"accessibility-quicknav_Landmark","$v":"Landmarks"},{"$i":"accessibility-quicknav_Entry","$v":"Entries"},{"$i":"accessibility-quicknav_FormElement","$v":"Form elements"},{"$i":"accessibility-quicknav_Graphic","$v":"Images"},{"$i":"accessibility-quicknav_Heading","$v":"Headings"},{"$i":"accessibility-quicknav_ListItem","$v":"List items"},{"$i":"accessibility-quicknav_Link","$v":"Links"},{"$i":"accessibility-quicknav_List","$v":"Lists"},{"$i":"accessibility-quicknav_PageTab","$v":"Page tabs"},{"$i":"accessibility-quicknav_RadioButton","$v":"Radio buttons"},{"$i":"accessibility-quicknav_Separator","$v":"Separators"},{"$i":"accessibility-quicknav_Table","$v":"Tables"},{"$i":"accessibility-quicknav_Checkbox","$v":"Check boxes"},{"$i":"accessibility-menubarAbbr","$v":"menu bar"},{"$i":"accessibility-scrollbarAbbr","$v":"scroll bar"},{"$i":"accessibility-gripAbbr","$v":"grip"},{"$i":"accessibility-alertAbbr","$v":"alert"},{"$i":"accessibility-menupopupAbbr","$v":"menu popup"},{"$i":"accessibility-documentAbbr","$v":"document"},{"$i":"accessibility-paneAbbr","$v":"pane"},{"$i":"accessibility-dialogAbbr","$v":"dialogue"},{"$i":"accessibility-separatorAbbr","$v":"separator"},{"$i":"accessibility-toolbarAbbr","$v":"toolbar"},{"$i":"accessibility-statusbarAbbr","$v":"status bar"},{"$i":"accessibility-tableAbbr","$v":"tbl"},{"$i":"accessibility-columnheaderAbbr","$v":"column header"},{"$i":"accessibility-rowheaderAbbr","$v":"row header"},{"$i":"accessibility-columnAbbr","$v":"column"},{"$i":"accessibility-rowAbbr","$v":"row"},{"$i":"accessibility-cellAbbr","$v":"cell"},{"$i":"accessibility-linkAbbr","$v":"lnk"},{"$i":"accessibility-listAbbr","$v":"list"},{"$i":"accessibility-listitemAbbr","$v":"list item"},{"$i":"accessibility-outlineAbbr","$v":"outline"},{"$i":"accessibility-outlineitemAbbr","$v":"outline item"},{"$i":"accessibility-pagetabAbbr","$v":"tab"},{"$i":"accessibility-propertypageAbbr","$v":"property page"},{"$i":"accessibility-graphicAbbr","$v":"graphic"},{"$i":"accessibility-pushbuttonAbbr","$v":"btn"},{"$i":"accessibility-checkbuttonAbbr","$v":"check button"},{"$i":"accessibility-radiobuttonAbbr","$v":"radio button"},{"$i":"accessibility-comboboxAbbr","$v":"combo box"},{"$i":"accessibility-progressbarAbbr","$v":"progress bar"},{"$i":"accessibility-sliderAbbr","$v":"slider"},{"$i":"accessibility-spinbuttonAbbr","$v":"spin button"},{"$i":"accessibility-diagramAbbr","$v":"diagram"},{"$i":"accessibility-animationAbbr","$v":"animation"},{"$i":"accessibility-equationAbbr","$v":"equation"},{"$i":"accessibility-buttonmenuAbbr","$v":"button menu"},{"$i":"accessibility-whitespaceAbbr","$v":"white space"},{"$i":"accessibility-pagetablistAbbr","$v":"tab list"},{"$i":"accessibility-canvasAbbr","$v":"canvas"},{"$i":"accessibility-checkmenuitemAbbr","$v":"check menu item"},{"$i":"accessibility-labelAbbr","$v":"label"},{"$i":"accessibility-passwordtextAbbr","$v":"passwdtxt"},{"$i":"accessibility-radiomenuitemAbbr","$v":"radio menu item"},{"$i":"accessibility-textcontainerAbbr","$v":"text container"},{"$i":"accessibility-togglebuttonAbbr","$v":"toggle button"},{"$i":"accessibility-treetableAbbr","$v":"tree table"},{"$i":"accessibility-headerAbbr","$v":"header"},{"$i":"accessibility-footerAbbr","$v":"footer"},{"$i":"accessibility-paragraphAbbr","$v":"paragraph"},{"$i":"accessibility-entryAbbr","$v":"entry"},{"$i":"accessibility-captionAbbr","$v":"caption"},{"$i":"accessibility-headingAbbr","$v":"heading"},{"$i":"accessibility-sectionAbbr","$v":"section"},{"$i":"accessibility-formAbbr","$v":"form"},{"$i":"accessibility-comboboxlistAbbr","$v":"combo box list"},{"$i":"accessibility-comboboxoptionAbbr","$v":"combo box option"},{"$i":"accessibility-imagemapAbbr","$v":"imgmap"},{"$i":"accessibility-listboxoptionAbbr","$v":"option"},{"$i":"accessibility-listboxAbbr","$v":"list box"},{"$i":"accessibility-flatequationAbbr","$v":"flat equation"},{"$i":"accessibility-gridcellAbbr","$v":"gridcell"},{"$i":"accessibility-noteAbbr","$v":"note"},{"$i":"accessibility-figureAbbr","$v":"fig"},{"$i":"accessibility-definitionlistAbbr","$v":"definition list"},{"$i":"accessibility-termAbbr","$v":"term"},{"$i":"accessibility-definitionAbbr","$v":"definition"},{"$i":"accessibility-textareaAbbr","$v":"txtarea"},{"$i":"accessibility-tblColumnInfoAbbr","$v":{"few":[{"t":"idOrVar","v":"count"},"c"],"many":[{"t":"idOrVar","v":"count"},"c"],"one":[{"t":"idOrVar","v":"count"},"c"],"other":[{"t":"idOrVar","v":"count"},"c"],"two":[{"t":"idOrVar","v":"count"},"c"]},"$x":[{"t":"idOrVar","v":"plural"},"count"]},{"$i":"accessibility-tblRowInfoAbbr","$v":{"few":[{"t":"idOrVar","v":"count"},"r"],"many":[{"t":"idOrVar","v":"count"},"r"],"one":[{"t":"idOrVar","v":"count"},"r"],"other":[{"t":"idOrVar","v":"count"},"r"],"two":[{"t":"idOrVar","v":"count"},"r"]},"$x":[{"t":"idOrVar","v":"plural"},"count"]},{"$i":"accessibility-cellInfoAbbr","$v":["c",{"t":"idOrVar","v":"0"},"r",{"t":"idOrVar","v":"1"}]},{"$i":"accessibility-stateCheckedAbbr","$v":"(x)"},{"$i":"accessibility-stateUncheckedAbbr","$v":"( )"},{"$i":"accessibility-statePressedAbbr","$v":"(x)"},{"$i":"accessibility-stateUnpressedAbbr","$v":"( )"},{"$i":"accessibility-pushbutton-hint","$v":"Double tap to activate"},{"$i":"accessibility-checkbutton-hint","$v":"Double tap to activate"},{"$i":"accessibility-combobox-hint","$v":"Double tap to activate"},{"$i":"accessibility-key-hint","$v":"Tap and hold to activate"},{"$i":"accessibility-link-hint","$v":"Double tap to activate"},{"$i":"accessibility-menuitem-hint","$v":"Double tap to activate"},{"$i":"accessibility-option-hint","$v":"Double tap to activate"},{"$i":"accessibility-radiobutton-hint","$v":"Double tap to activate"},{"$i":"accessibility-slider-hint","$v":"Swipe up to increase or down to decrease"},{"$i":"accessibility-spinbutton-hint","$v":"Swipe up to increase or down to decrease"},{"$i":"accessibility-pagetab-hint","$v":"Double tap to activate"},{"$i":"accessibility-entry-hint","$v":"Double tap to activate"},{"$i":"accessibility-outlineitem-hint","$v":"Double tap to activate"},{"$i":"SoftLeft","$v":"Iqosha lasekhohlo elithambileyo"},{"$i":"Enter","$v":"KULUNGILE iqosha"},{"$i":"SoftRight","$v":"Iqosha lasekunene elithambileyo"},{"$i":"weekday-0-long","$v":"Ngecawe"},{"$i":"weekday-1-long","$v":"NgoMvulo"},{"$i":"weekday-2-long","$v":"Lwesibini"},{"$i":"weekday-3-long","$v":"Lwesithathu"},{"$i":"weekday-4-long","$v":"Lwesine"},{"$i":"weekday-5-long","$v":"Lwesihlanu"},{"$i":"weekday-6-long","$v":"Mgqibelo"},{"$i":"weekday-0-short","$v":"Ca"},{"$i":"weekday-1-short","$v":"Mvu"},{"$i":"weekday-2-short","$v":"Lb"},{"$i":"weekday-3-short","$v":"Lt"},{"$i":"weekday-4-short","$v":"Ln"},{"$i":"weekday-5-short","$v":"Lh"},{"$i":"weekday-6-short","$v":"Mg"},{"$i":"month-0-long","$v":"EyoMqungu"},{"$i":"month-1-long","$v":"EyoMdumba"},{"$i":"month-2-long","$v":"EyoKwindla"},{"$i":"month-3-long","$v":"Tshazimpuzi"},{"$i":"month-4-long","$v":"UCanzibe"},{"$i":"month-5-long","$v":"Isilimela"},{"$i":"month-6-long","$v":"EyeKhala"},{"$i":"month-7-long","$v":"EyeThupha"},{"$i":"month-8-long","$v":"EyoMsintsi"},{"$i":"month-9-long","$v":"EyeDwarha"},{"$i":"month-10-long","$v":"EyeNkanga"},{"$i":"month-11-long","$v":"EyoMnga"},{"$i":"month-0-genitive","$v":"Januwari"},{"$i":"month-1-genitive","$v":"Februwari"},{"$i":"month-2-genitive","$v":"Matshi"},{"$i":"month-3-genitive","$v":"Tshazimpuzi"},{"$i":"month-4-genitive","$v":"Meyi"},{"$i":"month-5-genitive","$v":"Juni"},{"$i":"month-6-genitive","$v":"Julayi"},{"$i":"month-7-genitive","$v":"Agasti"},{"$i":"month-8-genitive","$v":"Septemba"},{"$i":"month-9-genitive","$v":"Oktobha"},{"$i":"month-10-genitive","$v":"Novemba"},{"$i":"month-11-genitive","$v":"Disemba"},{"$i":"month-0-short","$v":"Jan"},{"$i":"month-1-short","$v":"Feb"},{"$i":"month-2-short","$v":"Mat"},{"$i":"month-3-short","$v":"Tshaz"},{"$i":"month-4-short","$v":"Meyi"},{"$i":"month-5-short","$v":"Juni"},{"$i":"month-6-short","$v":"Julayi"},{"$i":"month-7-short","$v":"Agasti"},{"$i":"month-8-short","$v":"Sep"},{"$i":"month-9-short","$v":"Okto"},{"$i":"month-10-short","$v":"Nov"},{"$i":"month-11-short","$v":"Dis"},{"$i":"minutes-ago-long","$v":{"few":[{"t":"idOrVar","v":"value"}," imizuzu edlileyo"],"many":[{"t":"idOrVar","v":"value"}," imizuzu edlileyo"],"one":"Umzuzu odluleyo","other":[{"t":"idOrVar","v":"value"}," imizuzu edlileyo"],"two":[{"t":"idOrVar","v":"value"}," imizuzu edlileyo"],"zero":"nje ngoku"},"$x":[{"t":"idOrVar","v":"izininzi"},"inani"]},{"$i":"hours-ago-long","$v":{"few":[{"t":"idOrVar","v":"value"}," iiyure ezidluleyo"],"many":[{"t":"idOrVar","v":"value"}," iiyure ezidluleyo"],"one":"kwiyure edluleyo","other":[{"t":"idOrVar","v":"value"}," iiyure ezidluleyo"],"two":[{"t":"idOrVar","v":"value"}," iiyure ezidluleyo"],"zero":"nje ngoku"},"$x":[{"t":"idOrVar","v":"izininzi"},"inani"]},{"$i":"days-ago-long","$v":{"few":[{"t":"idOrVar","v":"value"}," iintsuku ezidluleyo"],"many":[{"t":"idOrVar","v":"value"}," iintsuku ezidluleyo"],"one":"izolo","other":[{"t":"idOrVar","v":"value"}," iintsuku ezidluleyo"],"two":[{"t":"idOrVar","v":"value"}," iintsuku ezidluleyo"],"zero":"namhlanje"},"$x":[{"t":"idOrVar","v":"izininzi"},"inani"]},{"$i":"weeks-ago-long","$v":{"few":[{"t":"idOrVar","v":"value"}," iiveki ezidluleyo"],"many":[{"t":"idOrVar","v":"value"}," iiveki ezidluleyo"],"one":"kwiveki edluleyo","other":[{"t":"idOrVar","v":"value"}," iiveki ezidluleyo"],"two":[{"t":"idOrVar","v":"value"}," iiveki ezidluleyo"],"zero":"kule veki"},"$x":[{"t":"idOrVar","v":"izininzi"},"inani"]},{"$i":"months-ago-long","$v":{"few":[{"t":"idOrVar","v":"value"}," iinyanga ezidluyo"],"many":[{"t":"idOrVar","v":"value"}," iinyanga ezidluyo"],"one":"Kwinyanga edluleyo","other":[{"t":"idOrVar","v":"value"}," iinyanga ezidluyo"],"two":[{"t":"idOrVar","v":"value"}," iinyanga ezidluyo"],"zero":"kule nyanga"},"$x":[{"t":"idOrVar","v":"izininzi"},"inani"]},{"$i":"years-ago-long","$v":{"few":[{"t":"idOrVar","v":"value"}," iiminyak edluleyo"],"many":[{"t":"idOrVar","v":"value"}," iiminyak edluleyo"],"one":"kunyaka odluleyo","other":[{"t":"idOrVar","v":"value"}," iiminyak edluleyo"],"two":[{"t":"idOrVar","v":"value"}," iiminyak edluleyo"],"zero":"kulo nyaka"},"$x":[{"t":"idOrVar","v":"izininzi"},"inani"]},{"$i":"minutes-until-long","$v":{"few":["in ",{"t":"idOrVar","v":"value"}," imizuzu"],"many":["in ",{"t":"idOrVar","v":"value"}," imizuzu"],"one":"kumzuzu","other":["in ",{"t":"idOrVar","v":"value"}," imizuzu"],"two":["in ",{"t":"idOrVar","v":"value"}," imizuzu"],"zero":"Ngoku"},"$x":[{"t":"idOrVar","v":"izininzi"},"inani"]},{"$i":"hours-until-long","$v":{"few":["in ",{"t":"idOrVar","v":"value"}," iiyure"],"many":["in ",{"t":"idOrVar","v":"value"}," iiyure"],"one":"kwiyure","other":["in ",{"t":"idOrVar","v":"value"}," iiyure"],"two":["in ",{"t":"idOrVar","v":"value"}," iiyure"],"zero":"Ngoku"},"$x":[{"t":"idOrVar","v":"izininzi"},"inani"]},{"$i":"days-until-long","$v":{"few":["in ",{"t":"idOrVar","v":"value"}," iintsuku"],"many":["in ",{"t":"idOrVar","v":"value"}," iintsuku"],"one":"ngomso","other":["in ",{"t":"idOrVar","v":"value"}," iintsuku"],"two":["in ",{"t":"idOrVar","v":"value"}," iintsuku"],"zero":"namhlanje"},"$x":[{"t":"idOrVar","v":"izininzi"},"inani"]},{"$i":"weeks-until-long","$v":{"few":["in ",{"t":"idOrVar","v":"value"}," iiveki"],"many":["in ",{"t":"idOrVar","v":"value"}," iiveki"],"one":"iveki ezayo","other":["in ",{"t":"idOrVar","v":"value"}," iiveki"],"two":["in ",{"t":"idOrVar","v":"value"}," iiveki"],"zero":"kule veki"},"$x":[{"t":"idOrVar","v":"izininzi"},"inani"]},{"$i":"months-until-long","$v":{"few":["in ",{"t":"idOrVar","v":"value"}," iinyanga"],"many":["in ",{"t":"idOrVar","v":"value"}," iinyanga"],"one":"inyanga ezayo","other":["in ",{"t":"idOrVar","v":"value"}," iinyanga"],"two":["in ",{"t":"idOrVar","v":"value"}," iinyanga"],"zero":"kule nyanga"},"$x":[{"t":"idOrVar","v":"izininzi"},"inani"]},{"$i":"years-until-long","$v":{"few":["in ",{"t":"idOrVar","v":"value"}," iiminyaka"],"many":["in ",{"t":"idOrVar","v":"value"}," iiminyaka"],"one":"unyaka ozayou","other":["in ",{"t":"idOrVar","v":"value"}," iiminyaka"],"two":["in ",{"t":"idOrVar","v":"value"}," iiminyaka"],"zero":"kulo nyaka"},"$x":[{"t":"idOrVar","v":"izininzi"},"inani"]},{"$i":"minutes-ago-short","$v":{"other":[{"t":"idOrVar","v":"value"},"m dluleyo"],"zero":"nje ngoku"},"$x":[{"t":"idOrVar","v":"izininzi"},"inani"]},{"$i":"hours-ago-short","$v":{"other":[{"t":"idOrVar","v":"value"},"y dluleyo"],"zero":"nje ngoku"},"$x":[{"t":"idOrVar","v":"izininzi"},"inani"]},{"$i":"days-ago-short","$v":{"other":[{"t":"idOrVar","v":"value"},"s dluleyo"],"zero":"namhlanje"},"$x":[{"t":"idOrVar","v":"izininzi"},"inani"]},{"$i":"minutes-until-short","$v":{"other":["in ",{"t":"idOrVar","v":"value"},"m"],"zero":"Ngoku"},"$x":[{"t":"idOrVar","v":"izininzi"},"inani"]},{"$i":"hours-until-short","$v":{"other":["in ",{"t":"idOrVar","v":"value"},"h"],"zero":"Ngoku"},"$x":[{"t":"idOrVar","v":"izininzi"},"inani"]},{"$i":"days-until-short","$v":{"other":["in ",{"t":"idOrVar","v":"value"},"d"],"zero":"namhlanje"},"$x":[{"t":"idOrVar","v":"izininzi"},"inani"]},{"$i":"incorrectDate","$v":"(umhla awulunganga)"},{"$i":"dateTimeFormat_%c","$v":"%a %b %e %Y %I:%M:%S %p"},{"$i":"dateTimeFormat_%x","$v":"%m/%d/%Y"},{"$i":"dateTimeFormat_%X","$v":"%I:%M:%S %p"},{"$i":"shortTimeFormat","$v":"%I:%M %p"},{"$i":"shortTimeFormat12","$v":"%I:%M %p"},{"$i":"shortTimeFormat24","$v":"%H:%M"},{"$i":"shortDateTimeFormat","$v":"%x %I:%M %p"},{"$i":"weekStartsOnMonday","$v":"0.0"},{"$i":"firstDayOfTheWeek","$v":"0.0"},{"$i":"time_am","$v":"AM"},{"$i":"time_pm","$v":"PM"},{"$i":"title-app","$v":"Imvume Ye-App"},{"$i":"title-web","$v":"Imvume yeWebhusayithi"},{"$i":"title-cam","$v":"Khetha iKhamera"},{"$i":"perm-alarms","$v":"Ucwangciso zikhumbuzi"},{"$i":"perm-audio-capture","$v":"Umbhobo wokuthetha"},{"$i":"perm-audio-capture-appRequest","$v":["Ungathanda ukwabelana ngemayikhrofowuni yakho no- ",{"t":"idOrVar","v":"app"},"?"]},{"$i":"perm-audio-capture-webRequest","$v":["Ungathanda ukwabelana ngemayikhrofowuni yakho no- ",{"t":"idOrVar","v":"site"},"?"]},{"$i":"perm-audio-channel-content","$v":"Dlala izandi"},{"$i":"perm-audio-channel-notification","$v":"Dlala izandi zezazisi"},{"$i":"perm-audio-channel-ringer","$v":"Play Ringtone Sounds"},{"$i":"perm-background-sensors","$v":"Fikelela kwiDatha ye Sensor"},{"$i":"perm-bluetooth","$v":"I-IBluetooth"},{"$i":"perm-browser","$v":"Hlola amaphepha eWeb"},{"$i":"perm-camera","$v":"Iikhamera"},{"$i":"perm-camera-selector-appRequest","$v":["Khetha ikhamera ukwenzela ",{"t":"idOrVar","v":"app"},"."]},{"$i":"perm-camera-selector-webRequest","$v":["Khetha ikhamera ukwenzela ",{"t":"idOrVar","v":"site"},"."]},{"$i":"perm-camera-appRequest","$v":[{"t":"idOrVar","v":"app"},"ithanda ukusebenzisa ikhamera yakho."]},{"$i":"perm-camera-webRequest","$v":[{"t":"idOrVar","v":"site"},"ingathanda ukusebenzisa ikhamera yakho."]},{"$i":"perm-cellbroadcast","$v":"Izaziso Zeseli"},{"$i":"perm-contacts","$v":"Abafownelwa"},{"$i":"perm-contacts-appRequest","$v":[{"t":"idOrVar","v":"app"}," ithanda ukufikelela kuluhlu lomqhakamshelwa wakho."]},{"$i":"perm-contacts-webRequest","$v":[{"t":"idOrVar","v":"site"}," ingathanda ukufikelela kuluhlu lwabaqhakamshelwa bakho."]},{"$i":"perm-desktop-notification","$v":"Izaziso"},{"$i":"perm-desktop-notification-appRequest","$v":[{"t":"idOrVar","v":"app"}," ithanda ukubonisa izaziso."]},{"$i":"perm-desktop-notification-webRequest","$v":[{"t":"idOrVar","v":"site"}," ingathanda ukubonisa izaziso."]},{"$i":"perm-device-storage-apps","$v":"Ugcino Lwee-App"},{"$i":"perm-device-storage-music","$v":"Isigcini Mculo"},{"$i":"perm-device-storage-music-appRequest","$v":[{"t":"idOrVar","v":"app"}," ithanda ukufikelela kumculo wakho."]},{"$i":"perm-device-storage-music-webRequest","$v":[{"t":"idOrVar","v":"site"}," ingathanda ukufikelela kumculo wakho."]},{"$i":"perm-device-storage-pictures","$v":"Ugcino mfanekiso"},{"$i":"perm-device-storage-pictures-appRequest","$v":[{"t":"idOrVar","v":"app"}," ithanda ukufikelela kwimifaneksio yakho."]},{"$i":"perm-device-storage-pictures-webRequest","$v":[{"t":"idOrVar","v":"site"}," ingathanda ukufikelela kwimifaneksio yakho."]},{"$i":"perm-device-storage-sdcard","$v":"Isigcini kwimemori khadi"},{"$i":"perm-device-storage-sdcard-appRequest","$v":[{"t":"idOrVar","v":"app"}," ithanda ukufikelela kwikhadi eslisisgcini lakho."]},{"$i":"perm-device-storage-sdcard-webRequest","$v":[{"t":"idOrVar","v":"site"}," ingathanda ukufikelela kwikhadi eslisisgcini lakho."]},{"$i":"perm-device-storage-videos","$v":"Uvimba weeVidiyo"},{"$i":"perm-device-storage-videos-appRequest","$v":[{"t":"idOrVar","v":"app"}," ithanda ukufikelela kwividiyo zakho."]},{"$i":"perm-device-storage-videos-webRequest","$v":[{"t":"idOrVar","v":"site"}," ingathanda ukufikelela kwividiyo zakho."]},{"$i":"perm-fullscreen-appRequest","$v":[{"t":"idOrVar","v":"app"}," ngoku ikwiskrini esipheleleyo."]},{"$i":"perm-fullscreen-webRequest","$v":[{"t":"idOrVar","v":"site"}," ngoku ikwiskrini esipheleleyo."]},{"$i":"perm-embed-apps","$v":"Usetyenziso Olufihliweyo"},{"$i":"perm-fmradio","$v":"Irediyo ye-FM"},{"$i":"perm-fmradio-appRequest","$v":[{"t":"idOrVar","v":"app"}," ithanda ukusebenzisa uNomathotholo."]},{"$i":"perm-fmradio-webRequest","$v":[{"t":"idOrVar","v":"site"}," ingathanda ukusebenzisa uNomathotholo."]},{"$i":"perm-geolocation","$v":"Indawo yejiyoloji"},{"$i":"perm-geolocation-appRequest","$v":[{"t":"idOrVar","v":"app"}," ithanda ukwazi indawo yakho."]},{"$i":"perm-geolocation-more-info","$v":[{"t":"idOrVar","v":"brandShortName"}," isebenzisa i-GPS, kunye nolwazi olongezelelweyo olongezelelweyo olunjenge-WiFi kunye namanethiwekhi omnxeba ukufikelela kwindawo yakho. Idata yendawo ingasetyenziswe ngu ",{"t":"idOrVar","v":"brandShortName"}," kunye nabanikezeli benkonzo ukuphucula ukuchaneka kunye nokukhawulwa kweendawo zolwazi. ",{"t":"idOrVar","v":"brandShortName"}," Uya kuhlala ecela imvume xa isicelo sifuna ukufikelela kwindawo yakho yefowuni."]},{"$i":"perm-geolocation-webRequest","$v":[{"t":"idOrVar","v":"site"}," ingathanda ukwazi indawo yakho."]},{"$i":"perm-idle","$v":"Bona isimo sokuhamba"},{"$i":"perm-indexedDB-chrome-settings","$v":"I-IndexedDB Ilungelweyo"},{"$i":"perm-indexedDB-unlimited","$v":"Uvimba we-IndexedDB ongasikelwanga"},{"$i":"perm-input-manage","$v":"Lawula iikhibhodi"},{"$i":"perm-input","$v":"Yenza njenge khibhodi"},{"$i":"perm-media-capture","$v":"Ikhamera Nesandisi-lizwi"},{"$i":"perm-media-capture-appRequest","$v":["Ungathanda ukwabelana ngekhamera nemayikhrofowuni yakho no- ",{"t":"idOrVar","v":"app"},"?"]},{"$i":"perm-media-capture-webRequest","$v":["Ungathanda ukwabelana ngekhamera nemayikhrofowuni yakho no- ",{"t":"idOrVar","v":"site"},"?"]},{"$i":"perm-mobileconnection","$v":"Uqhakamshelo Nomyayi"},{"$i":"perm-mobileid","$v":"Uboniso lukaNomyayi"},{"$i":"perm-network-events","$v":"Iziganeko zeNethiwekhi"},{"$i":"perm-open-remote-window","$v":"Qalisa i-App"},{"$i":"perm-permissions","$v":"Lungelelanisa Iimvume ze-App"},{"$i":"perm-power","$v":"Iisethingi zamandla"},{"$i":"perm-settings","$v":"Lungelelanisa Iisethingi"},{"$i":"perm-systemXHR","$v":"Krwela Isicelo Sokuqala"},{"$i":"perm-telephony","$v":"I-telephony"},{"$i":"perm-video-capture","$v":"Ikhamera"},{"$i":"perm-video-capture-appRequest","$v":["Ungathanda ukwabelana ngekhamera yakho no- ",{"t":"idOrVar","v":"app"},"?"]},{"$i":"perm-video-capture-webRequest","$v":["Ungathanda ukwabelana ngekhamera yakho no- ",{"t":"idOrVar","v":"site"},"?"]},{"$i":"perm-voicemail","$v":"Ukulawula Umyalezo Welizwi"},{"$i":"perm-webapps-manage","$v":"Faka iWebapps"},{"$i":"perm-wifi-manage","$v":"Lawula iWi-Fi"},{"$i":"perm-attention","$v":"Vula eZongeziweyo zithi ngqi"},{"$i":"perm-audio-channel-alarm","$v":"Dlala Izandi zezazisi"},{"$i":"perm-audio-channel-normal","$v":"Dlala izandi"},{"$i":"perm-audio-channel-publicnotification","$v":"Dlala izandi zesazisi soluntu"},{"$i":"perm-audio-channel-telephony","$v":"Dlala izandi zemfonomfono"},{"$i":"perm-backgroundservice","$v":"Yenza njengenkonzo Yangasemva"},{"$i":"perm-device-storage-crashes","$v":"Ukugcina Kwedatha Kuphelelwe"},{"$i":"perm-downloads","$v":"Fikelela kwiIzphutshelwa"},{"$i":"perm-embed-widgets","$v":"Ii-Widgets Ezifihliweyo"},{"$i":"perm-feature-detection","$v":"Iinkalo Zifunyenwe"},{"$i":"perm-firefox-accounts","$v":"Iakhawunti Ye-Firefox"},{"$i":"perm-mobilenetwork","$v":"Inethiwekhi kaNomyayi"},{"$i":"perm-moz-attention","$v":"Vula eZongeziweyo zithi ngqi (moz)"},{"$i":"perm-moz-audio-channel-ringer","$v":"Play Ringtone Sounds (moz)"},{"$i":"perm-moz-audio-channel-telephony","$v":"Dlala izandi zemfonomfono (moz)"},{"$i":"perm-moz-firefox-accounts","$v":"Iakhawunti Ye-Firefox (moz)"},{"$i":"perm-networkstats-manage","$v":"Ulawulo Lokusebenzisa Isicangca"},{"$i":"perm-nfc","$v":"NFC"},{"$i":"perm-nfc-hci-events","$v":"iziganeko ze NFC HCI"},{"$i":"perm-nfc-manager","$v":"Lawula iNFC"},{"$i":"perm-phonenumberservice","$v":"Inombolo yeFowuni yenkonzo"},{"$i":"perm-push","$v":"Dudula API"},{"$i":"perm-resourcestats-manage","$v":"Imo yesixhobo"},{"$i":"perm-sms","$v":"Thumela kwaye uFunde i-SMS"},{"$i":"perm-speaker-control","$v":"Ukulawula Isandi"},{"$i":"perm-storage","$v":"Fikelela kwiSigcini"},{"$i":"perm-tcp-socket","$v":"Iisokethi ze-TCP"},{"$i":"perm-test-permission","$v":"Test Permission"},{"$i":"perm-time","$v":"Seta uMhla neXesha"},{"$i":"perm-udp-socket","$v":"Iisokethi ze-UDP"},{"$i":"perm-wappush","$v":"I-WAP Push"},{"$i":"stopped_download_title","$v":"Ukhuphelo luyekile"},{"$i":"tcl-stopped_download_message","$v":"Olu khuphelo luyekisiwe. Ungathanda ukuphinda uqalise ukukhuphela?"},{"$i":"stopped_download_left_button","$v":"Rhoxisa"},{"$i":"stopped_download_right_button","$v":"Zama kwakhona"},{"$i":"failed_download_title","$v":"Ukhuphelo aluphumelelanga"},{"$i":"failed_download_message","$v":[{"t":"idOrVar","v":"name"}," isilele ukukhuphela. Zama ukhuphele kwakhona?"]},{"$i":"failed_download_left_button","$v":"Rhoxisa"},{"$i":"failed_download_right_button","$v":"Zama kwakhona"},{"$i":"stop_download_title","$v":"Misa ukhuphelo"},{"$i":"stop_download_message","$v":"Uqinisekile ufuna yekisa ukukhuphela?"},{"$i":"stop_download_left_button","$v":"Rhoxisa"},{"$i":"stop_download_right_button","$v":"Yeka"},{"$i":"delete_download_title","$v":"Cima"},{"$i":"delete_download_message","$v":["Cima \"",{"t":"idOrVar","v":"name"},"\"?"]},{"$i":"delete_download_left_button","$v":"Rhoxisa"},{"$i":"delete_download_right_button","$v":"Cima"},{"$i":"delete_all_download_title","$v":"Cima"},{"$i":"delete_all_download_left_button","$v":"Rhoxisa"},{"$i":"delete_all_download_right_button","$v":"Cima"},{"$i":"delete_all_download_message_ext","$v":"Cima iifayile ezikhethiweyo?"},{"$i":"delete_all_download_message","$v":{"few":["Cima ",{"t":"idOrVar","v":"number"}," iifayile?"],"many":["Cima ",{"t":"idOrVar","v":"number"}," iifayile?"],"one":"Ungacimi ifayile?","other":["Cima ",{"t":"idOrVar","v":"number"}," iifayile?"],"two":["Cima ",{"t":"idOrVar","v":"number"}," iifayile?"],"zero":"Ungacimi iifayile?"},"$x":[{"t":"idOrVar","v":"izininzi"},"inani"]},{"$i":"unsupported_file_type_download_title","$v":"Ayinakho ukuvula"},{"$i":"unsupported_file_type_download_message","$v":["There isn’t an app that can open ",{"t":"idOrVar","v":"name"},". Would you like to save the file or delete it?"]},{"$i":"unsupported_file_type_download_left_button","$v":"Gcina Ifayile"},{"$i":"unsupported_file_type_download_right_button","$v":"Cima"},{"$i":"file_not_found_download_title","$v":"Ifayile ayifumaneki"},{"$i":"file_not_found_download_message","$v":"Ifayile ayifunywanwanga kwisisxhobo"},{"$i":"file_not_found_download_right_button","$v":"Lungile"},{"$i":"unmounted_sdcard_2_download_title","$v":"Imemori khadi iyasebenza"},{"$i":"unmounted_sdcard_2_download_message","$v":"Khupha ifowuni eplagini"},{"$i":"unmounted_sdcard_2_download_right_button","$v":"Lungile"},{"$i":"no_provider_download_title","$v":"Ayinakho ukuvula"},{"$i":"no_provider_download_message","$v":"Ifomathi yefayile akuyiyo okanye ayixhaswanga."},{"$i":"no_provider_download_right_button","$v":"Lungile"},{"$i":"no_memory_download_title","$v":"iSD Khadi icwelel"},{"$i":"no_memory_download_message","$v":"Akukho ndawo kwi-SD khadi yakho yokuseyiva okukhupheleyo. Nceda ususe ezinye iifayile ngapambi kokuba uqalise ukukhuphela."},{"$i":"no_memory_download_right_button","$v":"Lungile"},{"$i":"no_sdcard_found_2_download_title","$v":"Akukho memori khadi ifumanekayo"},{"$i":"no_sdcard_found_2_download_message","$v":"Faka imemori khadi okanye ukhethe enye indawo yesiqelo yendaba kwisethingi"},{"$i":"no_sdcard_found_2_download_right_button","$v":"Lungile"},{"$i":"file_open_error_download_title","$v":"Isiqinisekiso"},{"$i":"file_open_error_download_message","$v":"Ifomathi yale fayile ayilunganga kwaye ayixhaswa. Ufuna ukuyicima le fayile ?"},{"$i":"file_open_error_download_left_button","$v":"Gcina Ifayile"},{"$i":"file_open_error_download_right_button","$v":"Cima"},{"$i":"restart_download_error","$v":"Kubekho impazamo ngeli xesha kuqaliswa ukukhuphela. Nceda uzame ukukhuphela kwakhona."},{"$i":"no-downloads","$v":"Akukho zikhutshelo"},{"$i":"percentage","$v":[{"t":"idOrVar","v":"percentage"}," %"]},{"$i":"partialResult","$v":[{"t":"idOrVar","v":"partial"}," / ",{"t":"idOrVar","v":"total"}]},{"$i":"summary","$v":[{"t":"idOrVar","v":"date"}," - ",{"t":"idOrVar","v":"status"}]},{"$i":"download-stopped","$v":"Imile"},{"$i":"download-failed","$v":"Ukhuphelo aluphumelelanga"},{"$i":"open_downloaded_file","$v":"Vula"},{"$i":"share_downloaded_file","$v":"Yabela"},{"$i":"wallpaper_downloaded_file","$v":"Seta njengewolpeyipa"},{"$i":"ringtone_downloaded_file","$v":"Seta njngtwn.ykhlso"},{"$i":"cancel_downloaded_file","$v":"Rhoxisa"},{"$i":"voicemailNoNumberTitle","$v":"Inombolo yevoysmeyili ayifumaneki"},{"$i":"voicemailNoNumberText","$v":"Awunakho ukufowunela ivoysmeyili. Misela inombolo yevoysmeyili ukuze utsale umnxeba."},{"$i":"voicemailNoNumberSettings","$v":"Iisetingi"},{"$i":"voicemailNoNumberCancel","$v":"Rhoxisa"},{"$i":"airplaneMode","$v":"Imo yenqwelo moya"},{"$i":"noNetwork","$v":"Akukho nethiwekhi"},{"$i":"roaming","$v":[{"t":"idOrVar","v":"operator"}," (Roaming)"]},{"$i":"operator-info","$v":[{"t":"idOrVar","v":"carrier"}," ",{"t":"idOrVar","v":"region"}]},{"$i":"emergencyCallsOnly","$v":"Iminxeba yongxamiseko kuphela"},{"$i":"emergencyCallsOnly-unknownSIMState","$v":"(asaziwa isimo se SIM)"},{"$i":"emergencyCallsOnly-noSIM","$v":"(akukho SIM)"},{"$i":"emergencyCallsOnly-pinRequired","$v":"(IPIN ye SIM iyadingeka)"},{"$i":"emergencyCallsOnly-pukRequired","$v":"(IPUK ye SIM iyadingeka)"},{"$i":"emergencyCallsOnly-networkLocked","$v":"(inethiwekhi ivaliwe)"},{"$i":"emergencyCallsOnly-serviceProviderLocked","$v":"(yominikezeli nkonzo ovaliweyo)"},{"$i":"emergencyCallsOnly-corporateLocked","$v":"(iqumrhu elivaliweyo)"},{"$i":"emergencyCallsOnly-network1Locked","$v":"(inethiwekhi1 ivaliwe)"},{"$i":"emergencyCallsOnly-network2Locked","$v":"(inethiwekhi2 ivaliwe)"},{"$i":"emergencyCallsOnly-hrpdNetworkLocked","$v":"(inethiwekhi ye hrpd ivalwe)"},{"$i":"emergencyCallsOnly-ruimCorporateLocked","$v":"(iruim yequmrhu elivaliweyo)"},{"$i":"emergencyCallsOnly-ruimServiceProviderLocked","$v":"(iruim yominikezeli nkonzo ovaliweyo)"},{"$i":"lockscreen-sim-id","$v":["I-SIM ",{"t":"idOrVar","v":"n"}]},{"$i":"charging-no-time","$v":[{"t":"idOrVar","v":"level"},"% Ukucwala"]},{"$i":"charging-minutes","$v":{"few":[{"t":"idOrVar","v":"level"},"% Ukucwala (",{"t":"idOrVar","v":"minutes"}," mizuz ide icwale)"],"many":[{"t":"idOrVar","v":"level"},"% Ukucwala (",{"t":"idOrVar","v":"minutes"}," mizuz ide icwale)"],"one":[{"t":"idOrVar","v":"level"},"% Ukucwala (",{"t":"idOrVar","v":"minutes"}," mzu ide icwale)"],"other":[{"t":"idOrVar","v":"level"},"% Ukucwala (",{"t":"idOrVar","v":"minutes"}," mizuz ide icwale)"],"two":[{"t":"idOrVar","v":"level"},"% Ukucwala (",{"t":"idOrVar","v":"minutes"}," mizuz ide icwale)"],"zero":[{"t":"idOrVar","v":"level"},"% Ukucwala (",{"t":"idOrVar","v":"minutes"}," mizuz ide icwale)"]},"$x":[{"t":"idOrVar","v":"izininzi"},"minutes"]},{"$i":"charging-hours","$v":{"few":[{"t":"idOrVar","v":"level"},"% Ukucwala (",{"t":"idOrVar","v":"hours"},"y ",{"t":"idOrVar","v":"minutes"}," mizuz ide icwale)"],"many":[{"t":"idOrVar","v":"level"},"% Ukucwala (",{"t":"idOrVar","v":"hours"},"y ",{"t":"idOrVar","v":"minutes"}," mizuz ide icwale)"],"one":[{"t":"idOrVar","v":"level"},"% Ukucwala (",{"t":"idOrVar","v":"hours"},"y ",{"t":"idOrVar","v":"minutes"}," mzu ide icwale)"],"other":[{"t":"idOrVar","v":"level"},"% Ukucwala (",{"t":"idOrVar","v":"hours"},"y ",{"t":"idOrVar","v":"minutes"}," mizuz ide icwale)"],"two":[{"t":"idOrVar","v":"level"},"% Ukucwala (",{"t":"idOrVar","v":"hours"},"y ",{"t":"idOrVar","v":"minutes"}," mizuz ide icwale)"],"zero":[{"t":"idOrVar","v":"level"},"% Ukucwala (",{"t":"idOrVar","v":"hours"},"y ",{"t":"idOrVar","v":"minutes"}," mizuz ide icwale)"]},"$x":[{"t":"idOrVar","v":"izininzi"},"minutes"]},{"$i":"network-error-in-app","$v":"Nakukhofikelelo kwiIntanethi njengangoku."},{"$i":"network-error-launching","$v":[{"t":"idOrVar","v":"name"}," Idinga uqhakamshelo kwiIntanethi."]},{"$i":"network-error-launching-title","$v":"Akukho qhakamshelo kwiIntanethi"},{"$i":"network-error-launching-message","$v":"Sebenzisa i-Wi-Fi okanye idatha yeselfowuni ukuze ungene kwi-intanethi."},{"$i":"server-not-found","$v":"Iseva ayifunyanwa"},{"$i":"server-not-found-error","$v":["Ayikwazi ukufumana iseva ",{"t":"idOrVar","v":"name"},"."]},{"$i":"file-not-found","$v":"Ifayile ayifumaneki"},{"$i":"file-not-found-error","$v":"Isixhobo asinakubonisa le pheyiji kuba le fayile ayifumaneki."},{"$i":"connection-failed","$v":"Ayinakho ukunxibelelana"},{"$i":"connection-failed-error","$v":"Impazamo yenethiwekhi yenzekile ngelixa lizama ukufikelela kwisiza."},{"$i":"invalid-connection","$v":"Ayinakho ukunxibelelana"},{"$i":"invalid-connection-error","$v":"Impazamo yenethiwekhi yenzekile ngelixa lizama ukufikelela kwisiza."},{"$i":"malformed-uri","$v":"I-URL ayilunganga"},{"$i":"malformed-uri-error","$v":"Le URL ifakiweyo ayifanelekanga kwaye ayinakulowudwa."},{"$i":"redirect-loop","$v":"Ayikwazi ukubonisa iphepha"},{"$i":"redirect-loop-error","$v":"Isixhobo asinakubonisa le pheyiji kuba le pheyiji ayaphindi igqithisele ngokufanelekileyo. Phinda uyizame le pheyiji ekuhambeni kwexesha."},{"$i":"not-cached","$v":"Iphepha liphelelwe"},{"$i":"not-cached-error","$v":"Ngenxa yokhuseleko, eli phepha alinakuboniswa sisixhobo kuba liphelelwe."},{"$i":"is-printing","$v":"Fikelela luvalelwe"},{"$i":"is-printing-error","$v":"Uxwebhu alunakulungiswa ngeli xesha uPrinta okanye uku-ukuKrotyiswa ukuPrinta."},{"$i":"denied-port-access","$v":"Idilesi ithintelwe"},{"$i":"denied-port-access-error","$v":"Le dilesi isebenzisa isikhululo senetwekhi esiqhele ukusebenziselwa iinjongo ezingezizo ezokubhrawuza iwebhu. Isixhobo sisirhoxisile isicelo sokhuselo lwakho."},{"$i":"proxy-resolve-failure","$v":"Impazamo yeProxy Seva"},{"$i":"proxy-resolve-failure-error","$v":"Isixhobo sakhelwe ukusebenzisa iseva yeproksi engafumanekiyo."},{"$i":"proxy-connect-failure","$v":"Impazamo yeProxy Seva"},{"$i":"proxy-connect-failure-error","$v":"Isixhobo sakhelwe ukusebenzisa iseva yeproksi eyala unxibelelwano."},{"$i":"content-encoding","$v":"Alibonakali iphepha"},{"$i":"content-encoding-error","$v":"Isixhobo asinakubonisa le pheyiji kuba kubekho impazamo yokukhowudwa kwesiqulatho."},{"$i":"remote-xul","$v":"Iphepha alixhaswanga"},{"$i":"remote-xul-error","$v":"Le pheyiji ayinakuboniswa kuba isebenzisa itekhnoloji engaxhaswayo kwesi sixhobo."},{"$i":"phishing-blocked","$v":"Isilumkiso"},{"$i":"phishing-blocked-error","$v":"Le webhusayithi iye yaxelwa njengewebhu yobuvuvu eyilelwe ukuqhatha abasebenzisi ukuba babelane ngolwazi lokobuqu okanye lwezemali."},{"$i":"malware-blocked","$v":"Uhlaselo yintsholongwane luvalelwe"},{"$i":"malware-blocked-error","$v":"Le sayithi iye yaxelwa njengesayithi ehlaselayo. Isixhobo sisibhlokile isicelo sokhuselo lwakho."},{"$i":"unsafe-content-type","$v":"Iziqulatho ezingakhuselekanga"},{"$i":"unsafe-content-type-error","$v":"Ipheyiji ayinakuboniswa kuba isenokuba ayikhuselekanga ukuba ingavulwa."},{"$i":"corrupted-content","$v":"Ayinakho ukunxibelelana"},{"$i":"corrupted-content-error","$v":"Ipheyiji ayinakuboniswa kuba kufunyaniswe impazamo kugqithiselo lwedatha."},{"$i":"unknown-protocol-found","$v":"Iphepha alixhaswanga"},{"$i":"unknown-protocol-found-error","$v":"Iphepha alinakuboniswa ngoba lisebenzisa ubucwepheshe obungaxhaswanga kiwisxhobo."},{"$i":"try-again","$v":"Zama kwakhona"},{"$i":"check-settings","$v":"Hlola iisethingi"},{"$i":"firefox-accounts-title","$v":"Ii-Akhawunti zeKaiOS"},{"$i":"firefox-accounts-title-sign-in","$v":"Ngena"},{"$i":"firefox-accounts-title-create-account","$v":"Yila Iakhawunti"},{"$i":"kaios-accounts-title-about-kaios-account","$v":"Malunga ne-Akhawunti ye KaiOS"},{"$i":"kaios-accounts-phone-verification","$v":"Ungqinisiso lweFowuni"},{"$i":"kaios-accounts-title-account-info","$v":"Ulwazi lwe-Akhawunti"},{"$i":"fxa-next","$v":"Olandelayo"},{"$i":"fxa-back","$v":"Umva"},{"$i":"fxa-done","$v":"Ugqibile"},{"$i":"fxa-ok","$v":"KULUNGILE"},{"$i":"tcl-changessaved","$v":"Utshintsho Lugciniwe"},{"$i":"tcl-verification-mail-has-been-sent","$v":"Ilinki lokuqinisekisa ithunyelwe"},{"$i":"fxa-decline","$v":"Mayikhatywe"},{"$i":"fxa-accept","$v":"Yamkela"},{"$i":"fxa-sining-in","$v":"Uyangena..."},{"$i":"not-now","$v":"Hayi Ngoku"},{"$i":"send-sms","$v":"Thumela i-SMS"},{"$i":"resend-sms","$v":"Phinda uthumele i-SMS"},{"$i":"fxa-connection-error-title","$v":"Awunakho ukuNxibelelana"},{"$i":"fxa-connection-error-message","$v":"Ungadala i-akhawunti okanye ungene ukwiiSethingi."},{"$i":"fxa-reset-password-error-title","$v":"Seta kwakhona iPasiwedi"},{"$i":"fxa-reset-password-error-message","$v":"Ungariseta ipaswedi yakho."},{"$i":"fxa-incorrect-email-address-or-password","$v":"fxa incorrect email address or password"},{"$i":"fxa-internet-connection-is-required","$v":"fxa kufuneka uqhagamshelo lwe-intanethi"},{"$i":"fxa-server-error","$v":"Impazamo yeseva, nceda uzame kwakhona kamva"},{"$i":"fxa-server-error-2","$v":"Impazamo"},{"$i":"fxa-server-error-message","$v":"Atyikwazi ukwakha i-akhawunti. Nceda zama kwakhona kamva."},{"$i":"fxa-server-error-message-2","$v":"Iseva ayifumaneki. Nceda zama kwakhona kamva."},{"$i":"fxa-offline-error-title","$v":"Awunakho ukuNxibelelana"},{"$i":"fxa-offline-error-message","$v":"Nceda qhakamshela inethiwekhi ukusuka kwiSethingi."},{"$i":"fxa-offline-error-message-1","$v":"Akukho qhakamshelo lwa-intanethi."},{"$i":"fxa-invalid-email-title","$v":"Impazamo"},{"$i":"fxa-invalid-email-message","$v":"Nceda faka imeyile elungileyo."},{"$i":"fxa-invalid-password-title","$v":"Impazamo"},{"$i":"fxa-invalid-password-message","$v":"Idilesi yemeyile ekungeyiyo okanye ipasiwedi"},{"$i":"fxa-invalid-password-message-1","$v":"Ipasiwedi ayilunganga."},{"$i":"fxa-unknown-error-title","$v":"Awunakho ukuNxibelelana"},{"$i":"fxa-unknown-error-message","$v":"Isistimu ayifumaneki, zama kwakhona kungekudala."},{"$i":"fxa-email-is-taken-title","$v":"Impazamo"},{"$i":"fxa-email-is-taken-message","$v":"Sele kukho i-akhawunti ngale-imeyili. Nceda ungene kwi-akhawunti yakho."},{"$i":"fxa-confirm-age-title","$v":"Impazamo"},{"$i":"fxa-confirm-age-message","$v":"Nceda qinisekisa iminyaka yakho ingaphezu kwe 13"},{"$i":"fxa-account-does-not-exist","$v":"Impazamo"},{"$i":"fxa-account-does-not-exist-message","$v":"Idilesi yemeyile ekungeyiyo okanye ipasiwedi"},{"$i":"fxa-account-does-not-exist-message-1","$v":"Account does not exist."},{"$i":"fxa-password-dont-match","$v":"Impazamo"},{"$i":"fxa-password-dont-match-message","$v":"Iipasiwedi azihambelani."},{"$i":"fxa-password-less","$v":"Impazamo"},{"$i":"fxa-password-less-message","$v":"Le paswedi ingaphantsi kweekharektha ezisi-8."},{"$i":"fxa-password-less-message-1","$v":"Le paswedi ingaphantsi kweekharektha ezisi-8."},{"$i":"fxa-password-more","$v":"Impazamo"},{"$i":"fxa-password-more-message","$v":"Le paswedi ingaphezu kweekharektha ezingama-20."},{"$i":"fxa-password-more-message-1","$v":"Le paswedi ingaphezu kweekharektha ezingama-20."},{"$i":"fxa-password-error","$v":"Impazamo"},{"$i":"fxa-password-error-message","$v":"Ipasiwedi mayibe phakathi kwe 8-20 yoonobumba eyindibanisela yoonobumba namanani."},{"$i":"fxa-connecting","$v":"Iqhagamshelene"},{"$i":"fxa-enter-phone-number-message","$v":"Nceda ufake inombolo yefowuni yakhe. I-SMS iya kuthunyelwa kwaye ungqinisiso luza kuqalisa."},{"$i":"fxa-sms-has-been-sent-message","$v":"I-SMS ithunyelwe. Yakuba yamkelwe, ungqinisiso oluzenzekelayo luza kuqalisa. Vela uhlale uze wonwabele ireyi!"},{"$i":"fxa-time-remaining","$v":"Ixesha eliseleyo:"},{"$i":"fxa-sms-verification-failed-message","$v":"Ungqinisiso lwe-SMS luphanzile. Nceda uqinisekise inombolo yakho yefowuni uze ucofe u-“Phinde uthumele i-SMS” ukuze uzame kwakhona."},{"$i":"fxa-phone-number-label","$v":"Inombolo yefowuni"},{"$i":"fxa-enter-your-infomation","$v":"Nceda faka olwakho ulwazi"},{"$i":"fxa-birthday-label","$v":"Usuku lokuzalwa"},{"$i":"fxa-birthday-select","$v":"Khetha"},{"$i":"fxa-gender-label","$v":"Isini"},{"$i":"fxa-gender-select","$v":"Khetha"},{"$i":"fxa-gender-male","$v":"Yindoda"},{"$i":"fxa-gender-female","$v":"Libhinqa"},{"$i":"fxa-gender-confidential","$v":"Imfihlelo"},{"$i":"fxa-enter-email-input","placeholder":"Faka imeyile yakho"},{"$i":"fxa-use-email-to-sign-in","$v":"Nceda faka imeyile yakho. Imeyile yakho izakubaligama le-akhawunti yakho."},{"$i":"fxa-notice","$v":["Ngokuqhubeka, ndiyavumelana ",{"t":"idOrVar","v":"tos"}," kunye ",{"t":"idOrVar","v":"pn"}," ye-KaiOS yeenkonzo zelifu."]},{"$i":"fxa-placeholder","$v":"I-Imeyili yakho apha"},{"$i":"fxa-tos","$v":"Imimiselo yeeNkonzo"},{"$i":"fxa-pn","$v":"Isaziso Sabucala"},{"$i":"fxa-create-account-title","$v":"Yila Iakhawunti"},{"$i":"fxa-show-age-title","$v":"Ndineminyaka engaphezu kwe 13"},{"$i":"fxa-enter-password-title","$v":"Nceda faka ipasiwedi. Ipasiwedi yakho idinga ukubane 8 – 20 yoonobumbakwaye ibenonobumba namanani."},{"$i":"fxa-enter-password-title-1","$v":"Nceda faka iphasiwedi. Iphasiwedi Yakho idinga ukubane 8 - 20 yonobumba kwaye mayinako kokubini oonobumba kunye namanani."},{"$i":"fxa-setup-password-title","$v":"Misela iPaswedi"},{"$i":"fxa-create-password-title","$v":"Yila Iphasiwedi"},{"$i":"fxa-hello-user","$v":["Hello, ",{"t":"idOrVar","v":"email"}]},{"$i":"fxa-password-refresh","$v":"Nceda faka eyakho ipasiwedi ye-Akhawunti ye KaiOS ukuqhubeka."},{"$i":"fxa-password","$v":"Ipasiwedi","placeholder":"Ipasiwedi"},{"$i":"fxa-forgot-your-password","$v":"Libala iphasiwedi yakho?"},{"$i":"fxa-show-password","$v":"Bonisa ipaswedi"},{"$i":"fxa-password-length-requirement","$v":"Ipaswedi kumele ubuncinane ibe ziikharektha ezisi-8 ubude."},{"$i":"fxa-confirm-account","$v":"Qinisekisa Iakhawunti Yakho"},{"$i":"fxa-will-send-email","$v":"I-akhawunti yakho idaliwe."},{"$i":"fxa-signup-click-verification-link-in-email","$v":["Siye sathumela i-imeyili yesiqinisekiso ku- ",{"t":"idOrVar","v":"email"},". Nceda ujonge i-inbhoksi yakho uze uqinisekise kwaye uvuselele i-akhawunti yakho."]},{"$i":"fxa-access-manage-account-settings","$v":"Ilinki yokuvuselela iza kuphelelwa kwiiyure ezingama-24."},{"$i":"fxa-signup-success-title","$v":"Yakhiwe i-Akhawunti"},{"$i":"about-kaios-account-text","$v":"Lorem ipsum dolor sit amet, con-sectetur adipiscing elit, sed do eiusmod tempor incididunt ut labore et dolore magna aliqua. Ut enim ad minim veniam, quis nos-trud exercitation ullamco laboris nisi ut aliquip ex ea commodo consequat. Duis aute irure dolor in reprehenderit in voluptate velit esse cillum dolore eu fugiat nulla pariatur. Excepteur sint occaecat cupidatat non proident, sunt in culpa qui officia deserunt mollit anim id est laborum."},{"$i":"about-kaios-account-text1","$v":"I-Akawunti yeKaiOS inikezela ngoqinisekiso lweenkonzo zeKaiOS services. I-akhawunti ibonisa umsebenzisi nesixhobo kwaye ivumela ufikelelo kwiifitsha ezifana nolawulo kude lwezixhobo nezinye iinkonzo ezongezelelweyo."},{"$i":"about-kaios-account-text2","$v":"Ukuyila iakhawunti efuna idilesi yemeyile nephasiwedi. Umsebenzisi ubhekisela ukuqinisekisa idilesi yemeyile ngelinki yemeyile uthumela ebudeni bokuyila kwe-akhawunti. Ikhawunti iza kuyilwa de idilesi yemeyile iqinisekiswe."},{"$i":"about-kaios-account-text3","$v":"Ngokuqhubeka nokuyila iakhawunti, uyavumelana nemiqathango nesaziso sabucala."},{"$i":"fxa-signin-email","$v":"Igama le-Akhawunti"},{"$i":"fxa-signin-password","$v":"Ipasiwedi"},{"$i":"fxa-signin-success-title","$v":"I-akhawunti yakho"},{"$i":"fxa-signin-lsk","$v":"Libala Iphasiwedi"},{"$i":"fxa-signin-rsk","$v":"Ngena"},{"$i":"fxa-change-password-title","$v":"Tshintsha iphasiwedi"},{"$i":"fxa-change-password-description","$v":"Faka iphasiwedi yakho yangoku ukwaye usete entsha iphasiwedi."},{"$i":"fxa-new-password","$v":"Entsha Ipasiwedi"},{"$i":"fxa-changing-password","$v":"Itshintsha iphasiwedi…"},{"$i":"fxa-forgot-password-title","$v":"Libala Iphasiwedi"},{"$i":"fxa-forgot-password","$v":"Libala iphasiwedi"},{"$i":"fxa-forgot-password-sk","$v":"Ulibele i-PWD"},{"$i":"fxa-forgot-password-success-title","$v":"Seta kwakhona iPasiwedi yeMeyile ethunyelweyo"},{"$i":"fxa-reset-password-succcess-content","$v":"I-imeyili yokuriseta ipasweti yakho iye yathunyelwa kwi-akhawunti yakho ye-imeyili."},{"$i":"fxa-reset-password-succcess-content-part2","$v":"Nceda jonga imyeyile yakho kwibhokisi kwaye usete ipasiwedi yakho."},{"$i":"fxa-sign-out-title","$v":"I-Anti-theft iyekisiwe"},{"$i":"fxa-sign-out-intro","$v":"nceda qinisekisa ukuba ungathanda ukucima ekhusela ukwebiwa kwaye uphume."},{"$i":"fxa-sign-out-intro-1","$v":"Nceda ngqinisisa ukuba ungathanda ukucima imo yokungebiwa kwaye uphume."},{"$i":"fxa-signout-email","$v":"I-akhawunti yakho"},{"$i":"fxa-confirm-password","$v":"Qinisekisa Iphaswedi"},{"$i":"fxa-signing-out","$v":"Uyaphuma..."},{"$i":"fxa-sign-out-error-title","$v":"Impazamo"},{"$i":"fxa-sign-out-error-message","$v":"Ukuphumela kwi-akhawunti ukuphemelelanga. Nceda zama kwakhona kamva."},{"$i":"fxa-sign-out-error-message-1","$v":"I-Akhawunti ayiphumanga ngempumelelo. Nceda zama kwakhona kamva."},{"$i":"fxa-connection-is-required-title","$v":"Impazamo"},{"$i":"fxa-connection-is-required-message","$v":"Uqhakamshelo lwe-Intanethi luyadingeka"},{"$i":"fxa-check-password-title","$v":"Yekisa i-Anti-theft"},{"$i":"fxa-disable-antitheft-checkpassword-message","$v":"Nceda qinisekisa ukuba ungathanda ukucima ekhusela ukwebiwa."},{"$i":"fxa-reset-factory-checkpassword-message","$v":"Ukuze urisete isixhobo sakho, kufuneka ufake ipaswedi yakho uze uze uvale isilwi sokuba."},{"$i":"fxa-reset-factory-checkpassword-message-1","$v":"Ukuseta kwakhona isixhobo sakho, udinga ukufaka eyakho iphasiwedi kwaye uvalalele imo yokungebiwa."},{"$i":"fxa-enter-email-to-reset-password","$v":"Nceda faka eyakho i-akhawunti yemeyilel, sizakukuthumelela ilinki yokuseta kwakhona ipasiwedi."},{"$i":"fxa-enter-email-to-reset-password-1","$v":"Nceda faka i-akhawunti yakho yemeyile. Sizakukuthumelela ilinki yokuseta kwakhona iphasiwedi."},{"$i":"fxa-account-not-found","$v":"I-Akhawunti ayifunyanwanga. Nceda zama kwakhona."},{"$i":"fxa-multiple-sign-in-attempts-title","$v":"Iinzame ezininzi zokuNgena Sign-In Attempts"},{"$i":"fxa-multiple-sign-in-attempts-content","$v":"Ufake ipaswedi engachanekanga izihlandlo ezininzi"},{"$i":"fxa-multiple-sign-in-attempts-content-1","$v":"Ufake ipaswedi engachanekanga izihlandlo ezininzi"},{"$i":"fxa-multiple-sign-in-attempts-content-retry","$v":"Nceda zama kwakhona kamva"},{"$i":"shortDateFormat","$v":"%B %d, %Y"}]