[{"$i":"brandShortName","$v":"KaiOS"},{"$i":"browserBrandShortName","$v":"Web Browser"},{"$i":"browserBrandFullName","$v":"Mozilla Web Browser"},{"$i":"ringtoneBrandName","$v":"Default"},{"$i":"ringtoneSectionBrandName","$v":"System"},{"$i":"ok","$v":"确定"},{"$i":"back","$v":"返回"},{"$i":"help","$v":"帮助"},{"$i":"cancel","$v":"取消"},{"$i":"close","$v":"关闭"},{"$i":"skip","$v":"跳过"},{"$i":"enable","$v":"启用"},{"$i":"turnOn","$v":"开启"},{"$i":"save","$v":"保存"},{"$i":"select","$v":"选择"},{"$i":"deselect","$v":"取消选择"},{"$i":"go","$v":"开始"},{"$i":"search","$v":"搜索"},{"$i":"options","$v":"选项"},{"$i":"exit","$v":"退出"},{"$i":"signIn","$v":"登录"},{"$i":"dismiss","$v":"关闭"},{"$i":"dismiss-all","$v":"忽略全部"},{"$i":"undo","ariaLabel":"撤消"},{"$i":"lockscreenEnterLockCode","$v":"请输入 4 位密码"},{"$i":"lockscreenCheckLockCode","$v":"无效码。请重试。"},{"$i":"lockscreenDeviceLocked","$v":"设备已锁定，30秒后重试。"},{"$i":"pocketmodeLongPress","$v":"滑动或按下"},{"$i":"pocketmodeToUnlock","$v":"以解锁"},{"$i":"enterPIN","$v":"请输入6位数解锁"},{"$i":"mediaPlaybackTrack","$v":"曲目标题和艺术家"},{"$i":"mediaPlaybackControls","$v":"回放控件"},{"$i":"mediaPlaybackPrevious","$v":"上一曲"},{"$i":"mediaPlaybackPlay","$v":"播放"},{"$i":"mediaPlaybackPause","$v":"暂停"},{"$i":"mediaPlaybackNext","$v":"下一曲"},{"$i":"UnknownTrack","$v":"未知曲目"},{"$i":"wifiButton-on","$v":"WLAN 已开启"},{"$i":"wifiButton-on-initializing","$v":"Wi-Fi 打开，正在初始化"},{"$i":"wifiButton-off","$v":"WLAN：关闭"},{"$i":"dataButton-on","$v":["数据 ",{"t":"idOrVar","v":"type"}," 打开"]},{"$i":"dataButton-off","$v":["数据 ",{"t":"idOrVar","v":"type"}," 关闭"]},{"$i":"bluetoothButton-on","$v":"蓝牙打开"},{"$i":"bluetoothButton-on-initializing","$v":"蓝牙已打开，正在初始化"},{"$i":"bluetoothButton-off","$v":"蓝牙关闭"},{"$i":"airplaneMode-on","$v":"飞行模式已启用"},{"$i":"airplaneMode-off","$v":"飞行模式关闭"},{"$i":"airplaneOff","$v":"关闭飞行模式"},{"$i":"settingsButton","ariaLabel":"设置"},{"$i":"simLabel","$v":["SIM ",{"t":"idOrVar","v":"id"}]},{"$i":"statusbarLabel","$v":[{"t":"idOrVar","v":"date"},", ",{"t":"idOrVar","v":"operator"}]},{"$i":"statusbarDateFormat","$v":"%b %e"},{"$i":"statusbar","ariaLabel":"状态栏"},{"$i":"statusbarBattery","ariaLabel":["电池剩余 ",{"t":"idOrVar","v":"level"},"%"]},{"$i":"statusbarBatteryCharging","ariaLabel":["电池剩余 ",{"t":"idOrVar","v":"level"},"%，正在充电"]},{"$i":"statusbarFlightMode","ariaLabel":"飞行模式已启用"},{"$i":"statusbarWiFiConnecting","$v":"Wi-Fi：正在连接"},{"$i":"statusbarWiFiConnected","$v":["Wi-Fi：",{"t":"idOrVar","v":"level"}," / 4 格"]},{"$i":"statusbarSignal","$v":[{"t":"idOrVar","v":"operator"}," 网络，",{"t":"idOrVar","v":"level"}," / 5 格"]},{"$i":"statusbarSignalRoaming","$v":[{"t":"idOrVar","v":"operator"}," 网络（漫游中），",{"t":"idOrVar","v":"level"}," / 5 格"]},{"$i":"statusbarSignalNoneSearching","$v":"正在搜索… 只可紧急呼叫"},{"$i":"statusbarHeadphones","ariaLabel":"耳机打开"},{"$i":"statusbarBluetoothHeadphones","ariaLabel":"蓝牙耳机打开"},{"$i":"statusbarBluetoothTransferring","ariaLabel":"蓝牙传输激活"},{"$i":"statusbarIconOn-tethering","$v":"网络共享打开"},{"$i":"statusbarIconOnActive-tethering","$v":"网络共享打开，激活"},{"$i":"statusbarAlarm","ariaLabel":"提醒打开"},{"$i":"statusbarIME","ariaLabel":"IME 打开"},{"$i":"statusbarIconOn-bluetooth","$v":"蓝牙打开"},{"$i":"statusbarIconOnActive-bluetooth","$v":"蓝牙打开，激活"},{"$i":"statusbarIconOn-mute","$v":"静音打开"},{"$i":"statusbarIconOn-vibration","$v":"震动打开"},{"$i":"statusbarRecording","ariaLabel":"正在录音"},{"$i":"statusbarGeolocation","ariaLabel":"地理位置打开"},{"$i":"statusbarUsb","ariaLabel":"USB 打开"},{"$i":"statusbarForwarding","$v":"呼叫转移打开"},{"$i":"statusbarPlaying","ariaLabel":"媒体播放中"},{"$i":"statusbarNfc","ariaLabel":"NFC 打开"},{"$i":"statusbarDownloads","ariaLabel":"正在下载…"},{"$i":"statusbarNetworkActivity","ariaLabel":"网络连接打开"},{"$i":"statusbarEmergencyCBNotification","ariaLabel":"紧急回拨"},{"$i":"statusbarNotifications","$v":{"few":[{"t":"idOrVar","v":"n"}," 条通知"],"many":[{"t":"idOrVar","v":"n"}," 条通知"],"one":[{"t":"idOrVar","v":"n"}," 条通知"],"other":[{"t":"idOrVar","v":"n"}," 条通知"],"two":[{"t":"idOrVar","v":"n"}," 条通知"]},"$x":[{"t":"idOrVar","v":"plural"},"n"]},{"$i":"statusbarNotifications-unread","ariaLabel":{"$x":[{"t":"idOrVar","v":"plural"},"n"],"$v":{"few":[{"t":"idOrVar","v":"n"}," 条未读通知"],"many":[{"t":"idOrVar","v":"n"}," 条未读通知"],"one":[{"t":"idOrVar","v":"n"}," 条未读通知"],"other":[{"t":"idOrVar","v":"n"}," 条未读通知"],"two":[{"t":"idOrVar","v":"n"}," 条未读通知"]}}},{"$i":"clear","$v":"清除"},{"$i":"clear-all","$v":"全部清除"},{"$i":"notification-title","$v":{"few":[{"t":"idOrVar","v":"n"}," 条通知"],"many":[{"t":"idOrVar","v":"n"}," 条通知"],"one":[{"t":"idOrVar","v":"n"}," 条通知"],"other":[{"t":"idOrVar","v":"n"}," 条通知"],"two":[{"t":"idOrVar","v":"n"}," 条通知"],"zero":[{"t":"idOrVar","v":"n"}," 条通知"]},"$x":[{"t":"idOrVar","v":"plural"},"n"]},{"$i":"notification-dialog-no-notices","$v":"无通知"},{"$i":"notification-title-new","$v":{"few":[{"t":"idOrVar","v":"n"}," 条通知"],"many":[{"t":"idOrVar","v":"n"}," 条通知"],"other":[{"t":"idOrVar","v":"n"}," 条通知"],"two":[{"t":"idOrVar","v":"n"}," 条通知"],"one":[{"t":"idOrVar","v":"n"}," 通知"],"zero":[{"t":"idOrVar","v":"n"}," 通知"]},"$x":[{"t":"idOrVar","v":"plural"},"n"]},{"$i":"notification-dialog-no-notices-new","$v":"无通知"},{"$i":"tcl-ntf-open","$v":"打开"},{"$i":"tcl-ntf-next_song","$v":"下一曲"},{"$i":"tcl-ntf_play","$v":"播放"},{"$i":"tcl-ntf-pause","$v":"暂停"},{"$i":"tcl-ntf-dismiss-all","$v":"忽略全部"},{"$i":"tcl-ntf-dismiss","$v":"关闭"},{"$i":"tcl-ntf-toaster-clear","$v":"通知已被忽略"},{"$i":"tcl-ntf-toaster-clear-all","$v":"通知已被忽略"},{"$i":"attentionScreen-tapToShow","$v":"点击以显示"},{"$i":"tcl-cmas-ok","$v":"确定"},{"$i":"tcl-cmas-screen-help","$v":"点击“确认”查看更多信息"},{"$i":"tcl-cmas-title","$v":"紧急警报"},{"$i":"camera","$v":"相机"},{"$i":"tcl-dflt-value-level","$v":"设置数值级别"},{"$i":"tcl-dflt-range-value-name","$v":"级别"},{"$i":"newVoicemails","$v":{"few":[{"t":"idOrVar","v":"n"}," 封新语音邮件"],"many":[{"t":"idOrVar","v":"n"}," 封新语音邮件"],"one":"一封新的语音邮件","other":[{"t":"idOrVar","v":"n"}," 封新语音邮件"],"two":[{"t":"idOrVar","v":"n"}," 封新语音邮件"],"zero":"无新的语音邮件"},"$x":[{"t":"idOrVar","v":"plural"},"n"]},{"$i":"newVoicemailsUnknown","$v":"新语音邮件"},{"$i":"dialNumber","$v":["拨打 ",{"t":"idOrVar","v":"number"}]},{"$i":"voicemailNotificationMultiSim","$v":["(SIM ",{"t":"idOrVar","v":"n"},") ",{"t":"idOrVar","v":"title"}]},{"$i":"euRoamingNotificationTitle","$v":"检测到 EU 互联网"},{"$i":"euRoamingNotificationMsg","$v":"点击更改。"},{"$i":"restart","$v":"重新启动"},{"$i":"power","$v":"关机"},{"$i":"lock","$v":"锁定"},{"$i":"cleanup","$v":"清理内存"},{"$i":"no-recent-app-windows","$v":"您最近使用的应用窗口在此处显示"},{"$i":"no-recent-browser-windows","$v":"您最近使用的浏览器窗口在此处显示"},{"$i":"closeCard","ariaLabel":"关闭"},{"$i":"openCard","ariaLabel":"打开"},{"$i":"yes","$v":"是"},{"$i":"no","$v":"否"},{"$i":"dontallow","$v":"不允许"},{"$i":"allow","$v":"允许"},{"$i":"dontshare-geolocation","$v":"不共享"},{"$i":"share-geolocation","$v":"分享"},{"$i":"dontshare-audio-capture","$v":"不共享"},{"$i":"share-audio-capture","$v":"分享"},{"$i":"dontshare-video-capture","$v":"不共享"},{"$i":"share-video-capture","$v":"分享"},{"$i":"dontshare-media-capture","$v":"不共享"},{"$i":"share-media-capture","$v":"分享"},{"$i":"device-front","$v":"前置相机"},{"$i":"device-back","$v":"后置相机"},{"$i":"front-camera","$v":"前置相机"},{"$i":"back-camera","$v":"后摄像头"},{"$i":"more-info","$v":"更多信息…"},{"$i":"hide-info","$v":"隐藏信息"},{"$i":"tcl-permission","$v":"允许"},{"$i":"install-app","$v":["安装 ",{"t":"idOrVar","v":"name"},"？"]},{"$i":"size","$v":"大小"},{"$i":"author","$v":"作者"},{"$i":"size-unknown","$v":"未知"},{"$i":"author-unknown","$v":"未知"},{"$i":"install","$v":"安装"},{"$i":"bytes","$v":"字节"},{"$i":"kB","$v":"KB"},{"$i":"MB","$v":"MB"},{"$i":"GB","$v":"GB"},{"$i":"TB","$v":"TB"},{"$i":"PB","$v":"PB"},{"$i":"app-install-generic-error","$v":[{"t":"idOrVar","v":"appName"}," 下载已停止"]},{"$i":"app-install-download-failed","$v":[{"t":"idOrVar","v":"appName"}," 下载失败"]},{"$i":"app-install-install-failed","$v":[{"t":"idOrVar","v":"appName"},"安装失败"]},{"$i":"cancelling-will-not-refund","$v":"如果取消，已付费内容不退款。已付费内容的退款由原始销售商负责。"},{"$i":"apps-can-be-installed-later","$v":"稍后可从原始安装源安装应用。"},{"$i":"are-you-sure-you-want-to-cancel","$v":"确定要取消安装？"},{"$i":"cancel-install","$v":"取消安装"},{"$i":"cancel-install-button","$v":"取消安装"},{"$i":"resume","$v":"恢复"},{"$i":"continue","$v":"继续"},{"$i":"stopDownloading","$v":["停止下载 ",{"t":"idOrVar","v":"app"},"？"]},{"$i":"app-download-can-be-restarted","$v":"可稍后重新开始下载。"},{"$i":"app-download-stop-button","$v":"停止下载"},{"$i":"not-enough-space","$v":"空间不足"},{"$i":"not-enough-space-message","$v":"空间不足，无法安装此应用。删除旧应用或媒体以释放空间，并尝试从原始来源再次安装。"},{"$i":"app-install-success","$v":["已安装 ",{"t":"idOrVar","v":"appName"}]},{"$i":"app-install-update","$v":["已更新 ",{"t":"idOrVar","v":"appName"}," "]},{"$i":"langpack-install-success2","$v":[{"t":"idOrVar","v":"appName"}," 已安装。前往“设置”>“语言”将其启用。"]},{"$i":"setup","$v":"设置"},{"$i":"ime-addkeyboards","$v":"添加键盘"},{"$i":"ime-lowercase","$v":"小写"},{"$i":"ime-uppercase","$v":"大写"},{"$i":"ime-number","$v":"号码"},{"$i":"ime-capitalize","$v":"大写"},{"$i":"ime-t9","$v":"T9"},{"$i":"ime-r9","$v":"R9"},{"$i":"ime-predictive","$v":"预测性"},{"$i":"ime-insert-word","$v":"插入字"},{"$i":"ime-voice-input-messsage","$v":"长按“确定”在文本区域说话。"},{"$i":"later","$v":"稍后"},{"$i":"download","$v":"下载"},{"$i":"wantToDownload","$v":"立即下载更新？"},{"$i":"wantToInstallNow","$v":"是否立即安装更新？您将数分钟无法使用手机。"},{"$i":"installNow","$v":"立刻安裝"},{"$i":"notNow","$v":"暂不保存"},{"$i":"downloadingUpdateMessage","innerHTML":{"$o":["正在下载更新… <span>已下载 ",{"t":"idOrVar","v":"progress"},"。</span>"]}},{"$i":"downloadingAppMessage","$v":["正在下载 ",{"t":"idOrVar","v":"appName"}]},{"$i":"downloadingAppProgressNoMax","$v":["已下载 ",{"t":"idOrVar","v":"progress"}]},{"$i":"downloadingAppProgressIndeterminate","$v":"下载中"},{"$i":"downloadingAppProgress","$v":["已下载 ",{"t":"idOrVar","v":"progress"}," / ",{"t":"idOrVar","v":"max"}]},{"$i":"cancelAllDownloads","$v":"取消所有下载"},{"$i":"wantToCancelAll","$v":"确定删除全部下载？"},{"$i":"downloadError","$v":"下载更新时出错。"},{"$i":"updateAvailableInfo","innerHTML":{"$x":[{"t":"idOrVar","v":"plural"},"n"],"$v":{"few":{"$o":[{"t":"idOrVar","v":"n"}," 个更新可用。<span>点击获取更多信息。</span>"]},"many":{"$o":[{"t":"idOrVar","v":"n"}," 个更新可用。<span>点击获取更多信息。</span>"]},"one":{"$o":[{"t":"idOrVar","v":"n"}," 个更新可用。<span>点击获取更多信息。</span>"]},"other":{"$o":[{"t":"idOrVar","v":"n"}," 个更新可用。<span>点击获取更多信息。</span>"]},"two":{"$o":[{"t":"idOrVar","v":"n"}," 个更新可用。<span>点击获取更多信息。</span>"]}}}},{"$i":"numberOfUpdates","$v":{"few":["有 ",{"t":"idOrVar","v":"n"}," 个更新可用"],"many":["有 ",{"t":"idOrVar","v":"n"}," 个更新可用"],"one":["有 ",{"t":"idOrVar","v":"n"}," 个更新可用"],"other":["有 ",{"t":"idOrVar","v":"n"}," 个更新可用"],"two":["有 ",{"t":"idOrVar","v":"n"}," 个更新可用"]},"$x":[{"t":"idOrVar","v":"plural"},"n"]},{"$i":"systemUpdate","$v":"系统更新"},{"$i":"systemUpdateReady","$v":"系统更新就绪"},{"$i":"updates","$v":"最新动态"},{"$i":"systemUpdateLowBatteryThreshold","$v":["安装此更新需要至少 ",{"t":"idOrVar","v":"threshold"},"% 的电池电量。"]},{"$i":"required","$v":"必需"},{"$i":"uncompressingMessage","innerHTML":{"$o":"正在解压… <span>需要数分钟。</span>"}},{"$i":"downloadWifiPrioritizedUsing2G","$v":"Wi-Fi 不可用时通过数据连接下载更新。使用数据连接时，手机通话可能被阻止，且可能产生额外费用。"},{"$i":"downloadWifiPrioritized3","$v":"Wi-Fi 不可用时通过数据连接下载更新。使用数据连接时可能产生额外费用。"},{"$i":"downloadNoWifiWarning","$v":"Wi-Fi 不可用。通过当前连接进行更新可能产生额外费用。"},{"$i":"downloadOfflineWarning2","$v":"连接网络以下载更新。"},{"$i":"downloadUpdatesViaDataConnection","$v":"通过数据连接下载更新？"},{"$i":"downloadUpdatesVia2GForbidden3","$v":"低速连接 (2G) 无法下载更新。请通过 Wi-Fi 或 3G（如有）连接并重试。"},{"$i":"downloadUpdatesViaDataConnectionMessage3","$v":"使用数据连接时可能产生额外费用。是否继续？"},{"$i":"downloadUpdatesViaDataRoamingConnection","$v":"通过数据漫游下载更新？"},{"$i":"downloadUpdatesViaDataRoamingConnectionMessage","$v":"当前正在漫游，可能产生额外费用。是否继续？"},{"$i":"screenshotSaved","$v":"截屏保存至图库"},{"$i":"screenshotFailed","$v":"截屏无法保存"},{"$i":"screenshotNoSDCard","$v":"未发现存储卡"},{"$i":"screenshotSDCardInUse","$v":"存储卡被占用"},{"$i":"screenshotSDCardLow","$v":"存储卡空间不足"},{"$i":"emergency-call-button","$v":"紧急电话"},{"$i":"emergency-call","$v":"紧急呼救"},{"$i":"unlock-a11y-button","ariaLabel":"解锁"},{"$i":"camera-a11y-button","ariaLabel":"相机"},{"$i":"longDateFormat","$v":"%A, %B %d日, %Y年"},{"$i":"clockDateFormat","$v":"%a, %e %b"},{"$i":"panel-passcode","ariaLabel":"密码面板"},{"$i":"open-notification","$v":"打开"},{"$i":"unlock","$v":"解锁"},{"$i":"login","$v":"登录"},{"$i":"sign-in-to-website","$v":"登入网站"},{"$i":"username","$v":"用户名"},{"$i":"password","$v":"密码"},{"$i":"show-password","$v":"显示密码"},{"$i":"http-authentication-message2","$v":["网站 ",{"t":"idOrVar","v":"host"}," 需要您登录。"]},{"$i":"error-message","$v":[{"t":"idOrVar","v":"name"}," 未妥善加载"]},{"$i":"error-title","$v":[{"t":"idOrVar","v":"name"}," 出现问题"]},{"$i":"unable-to-connect","$v":"无法连接"},{"$i":"tap-to-check-settings","$v":"点击以检查设置"},{"$i":"set","$v":"设置"},{"$i":"delete-title","$v":["删除 ",{"t":"idOrVar","v":"name"}]},{"$i":"delete-body","$v":[{"t":"idOrVar","v":"name"}," 及其全部数据将被删除。"]},{"$i":"delete","$v":"卸载"},{"$i":"delete-desc","$v":"是否将其卸载？"},{"$i":"unrecoverable-error-title","$v":"移除应用"},{"$i":"unrecoverable-error-body","$v":"出现不可恢复的错误，无法安装应用。请重新尝试下载。应用将被移除。"},{"$i":"unrecoverable-error-action","$v":"确定"},{"$i":"instant-settings","$v":"即时设置"},{"$i":"settings","$v":"设置"},{"$i":"flashlight","$v":"手电筒"},{"$i":"brightness","$v":"亮度"},{"$i":"volume","$v":"音量"},{"$i":"calculator","$v":"计算器"},{"$i":"airplane-mode","$v":"飞行模式"},{"$i":"wifi","$v":"WLAN"},{"$i":"bluetooth","$v":"蓝牙"},{"$i":"cellular-data","$v":"移动数据网络"},{"$i":"on","$v":"开启"},{"$i":"off","$v":"关闭"},{"$i":"percentage-number","$v":[{"t":"idOrVar","v":"number"},"%"]},{"$i":"select-time","$v":"选择时间"},{"$i":"select-date","$v":"选择日期"},{"$i":"tcl-select-day","$v":"选择日期"},{"$i":"tcl-add","$v":"添加"},{"$i":"battery-almost-empty-plug-in-your-charger","$v":"电池电量低。请插入充电器。"},{"$i":"battery-temperature-warning-header","$v":"警告"},{"$i":"battery-temperature-high","$v":"温度过高。如温度持续飙升，手机将关机。"},{"$i":"battery-temperature-high-stop-charging","$v":"温度过高。电池已停止充电。如温度持续飙升，手机将关机。"},{"$i":"battery-temperature-low","$v":"温度过低。如温度持续下降，手机将关机。"},{"$i":"battery-temperature-low-stop-charging","$v":"温度过低。电池已停止充电。如温度持续下降，手机将关机。"},{"$i":"crash-dialog2-os","$v":[{"t":"idOrVar","v":"brandShortName"}," 刚从崩溃恢复"]},{"$i":"crash-dialog-app","$v":[{"t":"idOrVar","v":"name"}," 刚刚崩溃"]},{"$i":"crash-dialog-app-noname","$v":"有程序"},{"$i":"crash-dialog-message","$v":"是否向 KaiOS 发送崩溃报告以协助我们解决问题？（报告仅通过 Wi-Fi 发送。）"},{"$i":"crash-info-link","$v":"崩溃报告包括哪些内容？"},{"$i":"crash-always-report","$v":"总是在发生崩溃时向 KaiOS 发送报告。"},{"$i":"crash-dont-send","$v":"不要发送"},{"$i":"crash-end","$v":"发送报告"},{"$i":"crashReports","$v":"崩溃报告"},{"$i":"done","$v":"完成"},{"$i":"crash-reports-description-1","$v":"崩溃报告含有关于崩溃和设备的一些详细信息，以及设备崩溃时的截图。"},{"$i":"crash-reports-description-2","$v":"它可能包含打开的页面和应用、表格中键入的文本、打开的消息中的内容、近期浏览记录或打开的应用使用过的地理位置信息。"},{"$i":"crash-reports-description-3-start","$v":"我们利用崩溃报告解决问题并改进产品。我们将依据   中阐述的方式处理您的信息"},{"$i":"crash-reports-description-3-privacy","$v":"隐私权政策"},{"$i":"crash-reports-description-3-end","$v":"."},{"$i":"crash-banner-os2","$v":[{"t":"idOrVar","v":"brandShortName"}," 刚刚崩溃。"]},{"$i":"crash-banner-app","$v":[{"t":"idOrVar","v":"name"}," 刚刚崩溃。"]},{"$i":"crash-banner-report","$v":"报告"},{"$i":"bluetooth-sending-progress","$v":"通过蓝牙发送文件"},{"$i":"bluetooth-receiving-progress","$v":"通过蓝牙接收文件"},{"$i":"acceptFileTransfer","$v":"传输请求"},{"$i":"requestToReceive","$v":[{"t":"idOrVar","v":"deviceName"}," 想要传输文件。是否接受？"]},{"$i":"wantToReceiveFile","$v":[{"t":"idOrVar","v":"deviceName"}," 想要传送文件 ",{"t":"idOrVar","v":"fileName"}," (",{"t":"idOrVar","v":"fileSize"},")。"]},{"$i":"transfer-confirmation-title","$v":[{"t":"idOrVar","v":"deviceName"}]},{"$i":"transfer-confirmation-description","$v":"审核传送请求。"},{"$i":"byteUnit-B","$v":"字节"},{"$i":"byteUnit-KB","$v":"KB"},{"$i":"byteUnit-MB","$v":"MB"},{"$i":"byteUnit-GB","$v":"GB"},{"$i":"byteUnit-TB","$v":"TB"},{"$i":"byteUnit-PB","$v":"PB"},{"$i":"byteUnit-EB","$v":"EB"},{"$i":"byteUnit-ZB","$v":"ZB"},{"$i":"byteUnit-YB","$v":"YB"},{"$i":"fileSize","$v":[{"t":"idOrVar","v":"size"}," ",{"t":"idOrVar","v":"unit"}]},{"$i":"deny","$v":"拒绝"},{"$i":"transfer","$v":"传输"},{"$i":"accept","$v":"接受"},{"$i":"stop","$v":"停止"},{"$i":"cancelFileTransfer","$v":"取消蓝牙文件传输？"},{"$i":"continueFileTransfer","$v":"继续"},{"$i":"transfer-has-started-title","$v":"文件传输可开始"},{"$i":"transfer-has-started-description","$v":"等待确认"},{"$i":"transfer-has-started-toast","$v":"文件传输已经开始。检查通知中的进度"},{"$i":"transferFinished-sentSuccessful-title","$v":"已发送文件"},{"$i":"transferFinished-receivedSuccessful-title","$v":"已接收文件"},{"$i":"transferFinished-failed-title","$v":"文件传输失败"},{"$i":"transferFinished-try-again-description","$v":"无法立即发送文件。请稍后再试。"},{"$i":"transferReport-title","$v":"传送报告："},{"$i":"transferReport-description","$v":[{"t":"idOrVar","v":"numSuccessful"}," 个文件成功；",{"t":"idOrVar","v":"numUnsuccessful"}," 个文件失败"]},{"$i":"unknown-file","$v":"未知文件"},{"$i":"unknown-device","$v":"未知设备"},{"$i":"cannotOpenFile","$v":"无法打开接收的文件"},{"$i":"unknownMediaTypeToOpenFile","$v":["无法打开未知媒体类型：",{"t":"idOrVar","v":"fileName"}]},{"$i":"cannotReceiveFile","$v":"无法接收文件"},{"$i":"cannotGetStorageState","$v":"无法获取设备存储状态。"},{"$i":"sdcard-not-exist2","$v":"未发现存储卡。请插入存储卡。"},{"$i":"sdcard-in-use","$v":"手机连接至电脑时无法使用蓝牙。请拔下手机方可接收文件。"},{"$i":"sdcard-no-space2","$v":"无法完成传输：存储卡已满。"},{"$i":"unknown-error","$v":"未知错误"},{"$i":"confirm","$v":"确认"},{"$i":"stopTransferTitle","$v":"停止文件传输"},{"$i":"stopTransferContent","$v":"停止通过蓝牙的文件传输？"},{"$i":"storage","$v":"存储空间"},{"$i":"sdcard-detected-title","$v":"检测到 SD 卡"},{"$i":"no-sdcard-title","$v":"无 SD 卡"},{"$i":"sdcard-total-size-body","$v":["总大小:",{"t":"idOrVar","v":"size"}," ",{"t":"idOrVar","v":"unit"}]},{"$i":"sdcard-unknown-size-then-tap-to-format-body","$v":"大小未知，点击以格式化"},{"$i":"sdcard-removed-title","$v":"SD 卡已拔出"},{"$i":"sdcard-removed-ejected-successfully","$v":"成功弹出"},{"$i":"sdcard-removed-not-ejected-properly","$v":"未适当弹出"},{"$i":"set-sdcard-as-default-media-location","$v":"检测到 SD 卡。是否将 SD 卡设置为默认媒体位置？"},{"$i":"no-sdcard-content","$v":"插入 SD 卡以扩展空间。"},{"$i":"sim-confirmation-content","$v":["移动数据分配至 SIM",{"t":"idOrVar","v":"n"},"。"]},{"$i":"sim-confirmation-title","$v":"SIM 卡已更改"},{"$i":"sim-confirmation-notice-title","$v":"SIM 卡已更改"},{"$i":"sim-confirmation-notice","$v":"选择并查看详细内容。"},{"$i":"sim-hot-plug","$v":"手机将重启"},{"$i":"sim-hot-plug-empty","$v":"SIM 卡已被取出，手机将重启。"},{"$i":"sim-hot-plug-empty-confirm","$v":"请确保手机卡完全被取出，然后按OK键重启。"},{"$i":"noSimCard","$v":"没有 SIM 卡"},{"$i":"lockedSim","$v":"已锁 SIM"},{"$i":"noService","$v":"无服务"},{"$i":"eccOnly","$v":"Emergency calls only"},{"$i":"nocard-eccOnly","$v":"No SIM card-Emergency calls only"},{"$i":"unusablecard-eccOnly","$v":"Unusable SIM card-Emergency calls only"},{"$i":"searching","$v":"Searching"},{"$i":"simPin","$v":"SIM卡PIN码"},{"$i":"pukCode","$v":"PUK码"},{"$i":"nckCode","$v":"NCK 码"},{"$i":"cckCode","$v":"CCK 码"},{"$i":"spckCode","$v":"SPCK 码"},{"$i":"nck1code","$v":"NCK1 码"},{"$i":"nck2code","$v":"NCK2 码"},{"$i":"hnckcode","$v":"HNCK 码"},{"$i":"rcckcode","$v":"RCCK 码"},{"$i":"rspckcode","$v":"RSPCK 码"},{"$i":"ncklockContent","$v":["插槽 ",{"t":"idOrVar","v":"n"}," 已 nck 锁定。"]},{"$i":"whatIsSimPin","$v":"SIM PIN 码是什么？"},{"$i":"simPinIntro1","$v":"SIM PIN 码可阻止访问 SIM 卡蜂窝数据网络。此功能启用后，任何插入 SIM 卡的设备重启后都将要求输入 PIN 码。"},{"$i":"simPinIntro2","$v":"SIM PIN 码与设备解锁密码不同。"},{"$i":"changeSimPin","$v":"更改PIN码"},{"$i":"pinTitle","$v":"输入SIM卡PIN码"},{"$i":"multiSIMpinTitle","$v":["输入 SIM",{"t":"idOrVar","v":"n"}," PIN"]},{"$i":"multiSIMpukTitle","$v":["输入 PUK",{"t":"idOrVar","v":"n"}," PIN"]},{"$i":"multiSIMnckTitle","$v":["输入 NCK",{"t":"idOrVar","v":"n"}," PIN"]},{"$i":"multiSIMxckTitle","$v":["输入SIM",{"t":"idOrVar","v":"n"}," PIN"]},{"$i":"xckTitle","$v":["输入",{"t":"idOrVar","v":"type"},"码"]},{"$i":"xckCode","$v":[{"t":"idOrVar","v":"type"},"码"]},{"$i":"xckBlocked","$v":[{"t":"idOrVar","v":"type"}," 被限制"]},{"$i":"pukTitle","$v":"输入PUK码"},{"$i":"nckTitle","$v":"输入 NCK 码"},{"$i":"cckTitle","$v":"输入CCK码"},{"$i":"spckTitle","$v":"输入 SPCK 码"},{"$i":"nck1Title","$v":"输入 NCK1 码"},{"$i":"nck2Title","$v":"输入 NCK2 码"},{"$i":"hnckTitle","$v":"输入 HNCK 码"},{"$i":"rcckTitle","$v":"输入 RCCK 码"},{"$i":"rspckTitle","$v":"输入 RSPCK 码"},{"$i":"newpinTitle","$v":"新PIN码"},{"$i":"inputCodeRetriesLeft","$v":{"few":["还可重试 ",{"t":"idOrVar","v":"n"}," 次。"],"many":["还可重试 ",{"t":"idOrVar","v":"n"}," 次。"],"one":"还可再试 1 次。","other":["还可重试 ",{"t":"idOrVar","v":"n"}," 次。"],"two":["还可重试 ",{"t":"idOrVar","v":"n"}," 次。"]},"$x":[{"t":"idOrVar","v":"plural"},"n"]},{"$i":"pinErrorMsg","$v":"PIN 码错误。"},{"$i":"pinAttemptMsg2","$v":{"few":["您还有 ",{"t":"idOrVar","v":"n"}," 次机会可以输入正确密码，如一直输入错误密码，SIM 卡将被锁定。"],"many":["您还有 ",{"t":"idOrVar","v":"n"}," 次机会可以输入正确密码，如一直输入错误密码，SIM 卡将被锁定。"],"one":"您还有最后 1 次输入正确密码的机会，如输入的密码仍旧错误，SIM 卡将被锁定。","other":["您还有 ",{"t":"idOrVar","v":"n"}," 次机会可以输入正确密码，如一直输入错误密码，SIM 卡将被锁定。"],"two":["您还有 ",{"t":"idOrVar","v":"n"}," 次机会可以输入正确密码，如一直输入错误密码，SIM 卡将被锁定。"]},"$x":[{"t":"idOrVar","v":"plural"},"n"]},{"$i":"pinLastChanceMsg","$v":"最后一次输入正确 PIN 码的机会。否则必须输入 PUK 码方可使用 SIM 卡。"},{"$i":"simCardLockedMsg","$v":"SIM 卡被锁。"},{"$i":"enterPukMsg","$v":"您必须输入 SIM 卡的个人解锁密钥 (PUK) 码。请参阅 SIM 卡说明书或联系运营商，获取更多信息。"},{"$i":"pukErrorMsg","$v":"PUK 码有误。"},{"$i":"pukAttemptMsg2","$v":{"few":["您还有",{"t":"idOrVar","v":"n"}," 次机会可以输入正确密码，如一直输入错误密码，此 SIM 卡将永久失效。请参阅 SIM 卡说明书或联系运营商，获取更多信息。"],"many":["您还有",{"t":"idOrVar","v":"n"}," 次机会可以输入正确密码，如一直输入错误密码，此 SIM 卡将永久失效。请参阅 SIM 卡说明书或联系运营商，获取更多信息。"],"one":"您只剩最后 1 次输入正确密码的机会，如输入的密码仍旧错误，此 SIM 卡将永久失效。请参阅 SIM 卡说明书或联系运营商，获取更多信息。","other":["您还有",{"t":"idOrVar","v":"n"}," 次机会可以输入正确密码，如一直输入错误密码，此 SIM 卡将永久失效。请参阅 SIM 卡说明书或联系运营商，获取更多信息。"],"two":["您还有",{"t":"idOrVar","v":"n"}," 次机会可以输入正确密码，如一直输入错误密码，此 SIM 卡将永久失效。请参阅 SIM 卡说明书或联系运营商，获取更多信息。"]},"$x":[{"t":"idOrVar","v":"plural"},"n"]},{"$i":"pukLastChanceMsg","$v":"只剩一次输入正确 PUK 码的机会。如输入的 PUK 码仍旧错误，SIM 卡将永久失效。请参阅 SIM 卡说明书或联系运营商，获取更多信息。"},{"$i":"cardPermanentlyLockMsg-head","$v":"PUK 码有误。"},{"$i":"cardPermanentlyLockMsg-body","$v":"您的 SIM 卡已永久锁定。联系运营商获取更多信息。"},{"$i":"newSimPinMsg","$v":"创建 PIN 码（必须为 4 - 8 位）"},{"$i":"confirmNewSimPinMsg","$v":"确认新PIN码"},{"$i":"newPinErrorMsg","$v":"PIN 码不匹配。"},{"$i":"nckErrorMsg","$v":"NCK 码有误。"},{"$i":"nckAttemptMsg2","$v":{"few":["请求网络解锁失败。您还有 ",{"t":"idOrVar","v":"n"}," 次机会输入正确密码。请查阅设备说明书或联系运营商以获取更多信息。"],"many":["请求网络解锁失败。您还有 ",{"t":"idOrVar","v":"n"}," 次机会输入正确密码。请查阅设备说明书或联系运营商以获取更多信息。"],"one":"请求网络解锁失败。您还有 1 次机会输入正确密码。请查阅设备说明书或联系运营商以获取更多信息。","other":["请求网络解锁失败。您还有 ",{"t":"idOrVar","v":"n"}," 次机会输入正确密码。请查阅设备说明书或联系运营商以获取更多信息。"],"two":["请求网络解锁失败。您还有 ",{"t":"idOrVar","v":"n"}," 次机会输入正确密码。请查阅设备说明书或联系运营商以获取更多信息。"]},"$x":[{"t":"idOrVar","v":"plural"},"n"]},{"$i":"nckLastChanceMsg","$v":"请求网络解锁失败。最后一次输入正确 NCK 码的机会。请查阅设备说明书或联系运营商以获取更多信息。"},{"$i":"sim-attention-header","$v":"SIM 已锁"},{"$i":"multiSIM-attention-header","$v":["SIM",{"t":"idOrVar","v":"n"}," 被锁"]},{"$i":"sim-attention-head","$v":"SIM卡已被锁定。"},{"$i":"sim-attention-body","$v":"是否输入 PUK 码，以解锁 SIM 卡？"},{"$i":"enter-puk-rsk","$v":"输入 PUK 码"},{"$i":"verify-rsk","$v":"完成"},{"$i":"activity-pick","$v":"自下列项目选择"},{"$i":"activity-view","$v":"使用下列项目查看"},{"$i":"activity-test","$v":"使用下列项目测试"},{"$i":"activity-share","$v":"分享"},{"$i":"activity-new","$v":"使用下列项目创建"},{"$i":"activity-open","$v":"打开方式"},{"$i":"activity-save-bookmark","$v":"添加书签至"},{"$i":"activity-record","$v":"使用下列项目录制"},{"$i":"activity-browse","$v":"使用下列项目浏览"},{"$i":"activity-configure","$v":"使用下列项目配置"},{"$i":"activity-dial","$v":"使用下列项目拨号"},{"$i":"remoteDebuggerMessage","$v":"系统检测到远程调试连接的请求。允许连接？"},{"$i":"captive-wifi-available","$v":["已找到网络 ",{"t":"idOrVar","v":"networkName"},"。加入网络？"]},{"$i":"ceWarningtitle","$v":"音量预警"},{"$i":"ceWarningcontent","$v":"为防止可能的听力受损，请勿长时间以高音量收听。"},{"$i":"is-volume-type-notification","$v":"铃声和提示音"},{"$i":"is-volume-type-telephony","$v":"音量"},{"$i":"is-volume-type-alarm","$v":"闹钟"},{"$i":"is-volume-type-content","$v":"媒体"},{"$i":"tcl-volume-type-notification","$v":"铃声和提示音"},{"$i":"tcl-volume-type-telephony","$v":"音量"},{"$i":"volume-type-alarm","$v":"闹钟"},{"$i":"volume-type-content","$v":"媒体"},{"$i":"vibrate-only","$v":"仅振动"},{"$i":"silent","$v":"静音"},{"$i":"vibrate-on","$v":"震动：打开"},{"$i":"vibrate-off","$v":"震动：关闭"},{"$i":"vibrate","$v":"振动"},{"$i":"tcl-volume","$v":["音量：",{"t":"idOrVar","v":"n"},"/",{"t":"idOrVar","v":"c"}]},{"$i":"notification-powersaving-mode-on-title","$v":"节电模式"},{"$i":"notification-powersaving-mode-on-description","$v":"节电模式打开。"},{"$i":"low-device-storage","$v":"设备空间不足。\\n"},{"$i":"storage-alert","$v":"存储警告"},{"$i":"phone-almost-full","$v":"手机几乎已满。"},{"$i":"free-space","$v":{"few":["剩余空间不足 ",{"t":"idOrVar","v":"value"}," ",{"t":"idOrVar","v":"unit"},"。"],"many":["剩余空间不足 ",{"t":"idOrVar","v":"value"}," ",{"t":"idOrVar","v":"unit"},"。"],"one":["剩余空间不足 ",{"t":"idOrVar","v":"value"}," ",{"t":"idOrVar","v":"unit"},"。"],"other":["剩余空间不足 ",{"t":"idOrVar","v":"value"}," ",{"t":"idOrVar","v":"unit"},"。"],"two":["剩余空间不足 ",{"t":"idOrVar","v":"value"}," ",{"t":"idOrVar","v":"unit"},"。"],"zero":"无剩余可用空间。"},"$x":[{"t":"idOrVar","v":"plural"},"value"]},{"$i":"unknown-free-space","$v":"剩余空间未知。"},{"$i":"can-delete-data-to-get-space","$v":"您可删除部分媒体文件或管理应用数据，从而获取更多可用空间。"},{"$i":"should-delete-data-to-get-space","$v":"必须删除部分媒体文件或清理应用数据释放更多可用空间，才能继续使用此设备。"},{"$i":"storage-full-level-1-title","$v":"手机几乎已满"},{"$i":"storage-full-level-2-title","$v":"手机存储满。"},{"$i":"delete-to-get-space","$v":"删除媒体文件、应用数据或已下载的应用以释放空间。"},{"$i":"delete-to-get-space-level-2","$v":"删除媒体文件、应用数据或已下载的应用以释放空间。否则，手机将无法正常工作。"},{"$i":"system-alert","$v":"系统提示"},{"$i":"cb-channel","$v":["频道 ",{"t":"idOrVar","v":"channel"}]},{"$i":"cell-broadcast-subtitle","$v":"小区广播"},{"$i":"cb-etws-warningType-earthquake","$v":"地震预警！"},{"$i":"cb-etws-warningType-tsunami","$v":"海啸预警！"},{"$i":"cb-etws-warningType-earthquake-tsunami","$v":"地震海啸预警！"},{"$i":"cb-etws-warningType-test","$v":"正在测试警报系统。"},{"$i":"cb-etws-warningType-other","$v":"紧急预警！"},{"$i":"icc-message-maintitle","$v":"运营商信息"},{"$i":"icc-message-subtitle","$v":"SIM 卡"},{"$i":"icc-confirmCall-defaultmessage","$v":["呼叫 ",{"t":"idOrVar","v":"number"},"？"]},{"$i":"icc-alertMessage-defaultmessage","$v":"正在发送消息"},{"$i":"icc-confirmMessage-defaultmessage","$v":"发送信息？"},{"$i":"icc-notification-title","$v":["SIM ",{"t":"idOrVar","v":"id"}," STK"]},{"$i":"icc-inputbox-maintitle","$v":"STK 查询"},{"$i":"icc-inputbox-subtitle","$v":["SIM ",{"t":"idOrVar","v":"id"}]},{"$i":"emergency-callback-mode","$v":"紧急回拨模式"},{"$i":"emergency-callback-message","$v":"由于启用了紧急回拨模式，您无法拨打电话、发送信息或上网。是否将其关闭？"},{"$i":"cdma-record-info","$v":"CDMA 记录信息"},{"$i":"download_started","$v":"已开始下载"},{"$i":"download_stopped","$v":"下载已停止"},{"$i":"download_downloading","$v":[{"t":"idOrVar","v":"percentage"},"%"]},{"$i":"download_succeeded","$v":"下载完成"},{"$i":"download_failed","$v":"下载失败"},{"$i":"update_succeeded","$v":"完全更新"},{"$i":"download_text_by_default","$v":[{"t":"idOrVar","v":"name"}]},{"$i":"phone-storage-full-title","$v":"手机存储已满。"},{"$i":"phone-storage-full-warning","$v":"无法下载文件。删除媒体文件或应用数据以释放空间。可以插入 SD 卡扩展媒体存储空间。"},{"$i":"sdcard-storage-full-title","$v":"SD 卡已满"},{"$i":"sdcard-storage-full-warning","$v":"无法下载文件。删除 SD 卡中的文件以释放空间。"},{"$i":"opt-settings","$v":"设置"},{"$i":"search-the-web","$v":"搜索网页"},{"$i":"search-or-enter-address","$v":"搜索或输入地址","placeholder":"搜索或输入地址"},{"$i":"search-or-enter-url","$v":"搜索或输入 URL","placeholder":"搜索或输入 URL"},{"$i":"back-button","ariaLabel":"上一步"},{"$i":"forward-button","ariaLabel":"转发"},{"$i":"reload-button","ariaLabel":"重新加载"},{"$i":"stop-button","ariaLabel":"停止"},{"$i":"windows-button","ariaLabel":"显示窗口"},{"$i":"noHotspotWhenAPMisOnWifiHotspot","$v":"关闭飞行模式以使用 Wi-Fi 热点。"},{"$i":"apmActivated","$v":"飞行模式已启用"},{"$i":"save-image","$v":"保存图片"},{"$i":"save-video","$v":"保存视频"},{"$i":"save-audio","$v":"保存音频"},{"$i":"share-image","$v":"分享图片"},{"$i":"share-video","$v":"分享视频"},{"$i":"share-audio","$v":"分享音频"},{"$i":"tcl-cancelButtonId","$v":"取消"},{"$i":"tcl-not-send","$v":"请勿发送"},{"$i":"tcl-send-report","$v":"发送报告"},{"$i":"refresh","$v":"刷新"},{"$i":"goBack","$v":"返回"},{"$i":"goForward","$v":"前进"},{"$i":"goToTopSites","$v":"前往热门网站"},{"$i":"pinToTopSites","$v":"添加到热门网站"},{"$i":"pinToAllApps","$v":"固定到所有应用"},{"$i":"pinToAppsMenu","$v":"固定到应用菜单"},{"$i":"viewMessages","$v":"查看信息"},{"$i":"downloadImage","$v":"下载图片"},{"$i":"quit","$v":"退出"},{"$i":"minimizeBrowser","$v":"最小化浏览器"},{"$i":"pinSiteCompletely","$v":"此网站已归为热门网站。"},{"$i":"siteWasPinnedBefore","$v":"此网站之前已添加至热门网站。"},{"$i":"pinnedSitesOverLimit","$v":"收藏网站数量已达到最大值。"},{"$i":"pressBackAgainToQuitBrowser","$v":"请再次点按“返回”，退出浏览器。"},{"$i":"pressBackAgainToMinimizeBrowser","$v":"再按“返回”最小化浏览器。"},{"$i":"pinSiteToAllAppsCompletely","$v":"此网站已被固定到所有应用。"},{"$i":"pinSiteToAppsMenuCompletely","$v":"此网站已被固定到应用菜单。"},{"$i":"siteWasPinnedToAllAppsBefore","$v":"此网站之前曾被固定到所有应用。"},{"$i":"siteWasPinnedToAppsMenuBefore","$v":"此网站之前曾被固定到应用菜单。"},{"$i":"ext-bluetooth-req","$v":"配对请求"},{"$i":"ext-unknown","$v":"未知"},{"$i":"ext-new-message","$v":"新信息"},{"$i":"ext-new-mail","$v":"新邮件"},{"$i":"ext-calendar-event","$v":"日历事项"},{"$i":"ext-new-notification","$v":"新通知"},{"$i":"incoming","$v":"来电"},{"$i":"ext-volume-notification","$v":"铃声和通知"},{"$i":"ext-volume-content","$v":"媒体"},{"$i":"ext-volume-alarm","$v":"闹钟"},{"$i":"ext-new-cmas","$v":"紧急呼救"},{"$i":"phone-storage-full-body","$v":"通话录音停止。删除媒体文件或应用数据以释放空间。"},{"$i":"sd-card-full-title","$v":"SD 卡已满"},{"$i":"sd-card-full-body","$v":"通话录音停止。删除 SD 卡中的文件以释放空间。"},{"$i":"supl-notification-title","$v":"定位请求"},{"$i":"supl-notification-message","$v":"正在将您的位置发送至运营商。"},{"$i":"supl-verification-title","$v":"定位请求"},{"$i":"supl-verification-message","$v":"运营商正在请求您的位置。是否将您的位置信息提供给运营商？"},{"$i":"supl-verification-message-for-notification","$v":"点击此处确认"},{"$i":"supl-verification-confirm","$v":"是"},{"$i":"supl-verification-cancel","$v":"否"},{"$i":"supl-more-message","$v":["信息：",{"t":"idOrVar","v":"id"}," (",{"t":"idOrVar","v":"message"},")"]},{"$i":"confirmPbapMsg","$v":[{"t":"idOrVar","v":"deviceId"},"想访问您的联系人和通话记录，是否同意？"]},{"$i":"confirmTitle","$v":"蓝牙请求"},{"$i":"initialValue","$v":"输入会话密钥"},{"$i":"confirmMapMsg","$v":[{"t":"idOrVar","v":"deviceId"},"想访问您的信息，是否同意？"]},{"$i":"wifiCallErrorMsg","$v":["Wifi 呼叫错误：",{"t":"idOrVar","v":"error"}]},{"$i":"wifiCallMissEccTitle","$v":[{"t":"idOrVar","v":"operator"}," WiFi Calling"]},{"$i":"wifiCallMissEccMsg","$v":"Emergency calls in areas with cellular coverage only"},{"$i":"battery-full-title","$v":"电池充满"},{"$i":"battery-full-body","$v":"电池已充满。"},{"$i":"sim-config-title","$v":"配置"},{"$i":"sim-config-content-init","$v":["按“开始”，将手机配置成适用于",{"t":"idOrVar","v":"carrier"},"。"]},{"$i":"sim-config-content-change","$v":["要将手机配置成适用于",{"t":"idOrVar","v":"carrier"},"吗？"]},{"$i":"sim-config-content-line1","$v":"完成！"},{"$i":"sim-config-content-restart","$v":"重新启动手机以应用更改。"},{"$i":"sim-config-content-finish","$v":"按“确定”完成。"},{"$i":"sim-config-content-failed","$v":["无法找到",{"t":"idOrVar","v":"carrier"},"的配置文件。"]},{"$i":"sim-config-button-restart","$v":"重新启动"},{"$i":"sim-config-button-begin","$v":"开始"},{"$i":"open-wifi-available","$v":"开放 WiFi 网络可用"},{"$i":"wifi-available","$v":"Wifi 网络可用"},{"$i":"wifi-no-internet-title","$v":"Wi-Fi 无法访问互联网"},{"$i":"wifi-no-internet-body","$v":"选择一个选项"},{"$i":"wifi-no-internet-header","$v":"Wi-Fi 网络"},{"$i":"wifi-no-internet-content","$v":[{"t":"idOrVar","v":"name"},"无法访问互联网，保持连接？"]},{"$i":"ellipses_char","$v":"…"},{"$i":"fota-title-attention","$v":"注意"},{"$i":"fota-upgrade-success","$v":["固件更新成功，设备当前版本为 ",{"t":"idOrVar","v":"target"},"。"]},{"$i":"fota-upgrade-failed","$v":"更新失败，恢复为之前版本。"},{"$i":"fota-title-software-update","$v":"软件更新"},{"$i":"fota-message-software-update-available","$v":"更新可用。"},{"$i":"fota-message-software-download-failed","$v":"下载失败"},{"$i":"fota-message-software-download-complete","$v":"下载完成。"},{"$i":"network-issue-title","$v":"网络错误"},{"$i":"network-issue-detail","$v":"请检查您的连接。"},{"$i":"device-issue-title","$v":"安装错误"},{"$i":"device-issue-detail","$v":"发生了未知错误。"},{"$i":"device-issue-update-title","$v":"更新错误"},{"$i":"install-generic-error","$v":"下载已停止"},{"$i":"account-authenticator-invaild-grant-notice-title","$v":"账户出错"},{"$i":"account-authenticator-invaild-grant-notice-text","$v":"重新登录"},{"$i":"account-authenticator-no-network-error","$v":"无网络连接"},{"$i":"account-authenticator-access-denied-error","$v":"发生了未知错误。"},{"$i":"qtn_els_alert_high_vol","$v":"高音量提示"},{"$i":"qtn_els_alert_in_call","$v":"通话中"},{"$i":"GetEmptyUssdPrompt","$v":"收到无效回复。"},{"$i":"message-sent","$v":"消息已发送。"},{"$i":"send","$v":"发送"},{"$i":"confirmation","$v":"确认"},{"$i":"feedback-dialogview-header","$v":"反馈"},{"$i":"feedback-dialogview-message","$v":"您的意见对HMD Global非常宝贵，所以请告诉我们您对新手机的看法。要想稍后再参加此调查，可从“设置”中找到它。"},{"$i":"accessibility-enableScreenReaderSteps","$v":"如需启用屏幕朗读，请按音量增加键，再按音量减小键，重复三次以上"},{"$i":"accessibility-disableScreenReaderSteps","$v":"如需禁用屏幕朗读，请按音量增加键，再按音量减小键，重复三次以上"},{"$i":"accessibility-screenReaderStarted","$v":"屏幕朗读已启用"},{"$i":"accessibility-screenReaderStopped","$v":"屏幕朗读已停止"},{"$i":"accessibility-menubar","$v":"菜单栏"},{"$i":"accessibility-scrollbar","$v":"滚动条"},{"$i":"accessibility-grip","$v":"手柄"},{"$i":"accessibility-alert","$v":"警示"},{"$i":"accessibility-menupopup","$v":"弹出菜单"},{"$i":"accessibility-document","$v":"文档"},{"$i":"accessibility-pane","$v":"窗格"},{"$i":"accessibility-dialog","$v":"对话"},{"$i":"accessibility-separator","$v":"分隔符"},{"$i":"accessibility-toolbar","$v":"工具栏"},{"$i":"accessibility-statusbar","$v":"状态栏"},{"$i":"accessibility-table","$v":"表格"},{"$i":"accessibility-columnheader","$v":"列标题"},{"$i":"accessibility-rowheader","$v":"行标题"},{"$i":"accessibility-column","$v":"列"},{"$i":"accessibility-row","$v":"行"},{"$i":"accessibility-cell","$v":"单元格"},{"$i":"accessibility-link","$v":"链接"},{"$i":"accessibility-list","$v":"列表"},{"$i":"accessibility-listitem","$v":"列表项"},{"$i":"accessibility-outline","$v":"轮廓"},{"$i":"accessibility-outlineitem","$v":"框线项目"},{"$i":"accessibility-pagetab","$v":"选项卡"},{"$i":"accessibility-propertypage","$v":"属性页"},{"$i":"accessibility-graphic","$v":"图片"},{"$i":"accessibility-pushbutton","$v":"按钮"},{"$i":"accessibility-checkbutton","$v":"复选按钮"},{"$i":"accessibility-radiobutton","$v":"单选按钮"},{"$i":"accessibility-combobox","$v":"组合框"},{"$i":"accessibility-progressbar","$v":"进度条"},{"$i":"accessibility-slider","$v":"滑块"},{"$i":"accessibility-spinbutton","$v":"调节按钮"},{"$i":"accessibility-diagram","$v":"示意图"},{"$i":"accessibility-animation","$v":"动画"},{"$i":"accessibility-equation","$v":"方程"},{"$i":"accessibility-buttonmenu","$v":"按钮菜单"},{"$i":"accessibility-whitespace","$v":"空格"},{"$i":"accessibility-pagetablist","$v":"选项卡列表"},{"$i":"accessibility-canvas","$v":"画板"},{"$i":"accessibility-checkmenuitem","$v":"check menu item"},{"$i":"accessibility-label","$v":"标签"},{"$i":"accessibility-passwordtext","$v":"密码文本"},{"$i":"accessibility-radiomenuitem","$v":"单选菜单项"},{"$i":"accessibility-textcontainer","$v":"文本容器"},{"$i":"accessibility-togglebutton","$v":"切换按钮"},{"$i":"accessibility-treetable","$v":"树形表"},{"$i":"accessibility-header","$v":"页眉"},{"$i":"accessibility-footer","$v":"页脚"},{"$i":"accessibility-paragraph","$v":"段落"},{"$i":"accessibility-entry","$v":"进入"},{"$i":"accessibility-caption","$v":"标题"},{"$i":"accessibility-heading","$v":"标题"},{"$i":"accessibility-section","$v":"章节"},{"$i":"accessibility-form","$v":"表格"},{"$i":"accessibility-comboboxlist","$v":"组合框列表"},{"$i":"accessibility-comboboxoption","$v":"组合框选项"},{"$i":"accessibility-imagemap","$v":"图像映射"},{"$i":"accessibility-listboxoption","$v":"选项"},{"$i":"accessibility-listbox","$v":"列表框"},{"$i":"accessibility-flatequation","$v":"方程"},{"$i":"accessibility-gridcell","$v":"网格"},{"$i":"accessibility-note","$v":"备注"},{"$i":"accessibility-figure","$v":"数字"},{"$i":"accessibility-definitionlist","$v":"定义列表"},{"$i":"accessibility-term","$v":"词条"},{"$i":"accessibility-definition","$v":"定义"},{"$i":"accessibility-textarea","$v":"文本区"},{"$i":"accessibility-textInputType_date","$v":"日期"},{"$i":"accessibility-textInputType_email","$v":"邮箱"},{"$i":"accessibility-textInputType_search","$v":"搜索"},{"$i":"accessibility-textInputType_tel","$v":"电话"},{"$i":"accessibility-textInputType_url","$v":"网址"},{"$i":"accessibility-headingLevel","$v":["标题级别 ",{"t":"idOrVar","v":"0"}]},{"$i":"accessibility-listStart","$v":"首项"},{"$i":"accessibility-listEnd","$v":"末项"},{"$i":"accessibility-listItemsCount","$v":{"few":[{"t":"idOrVar","v":"count"}," 项"],"many":[{"t":"idOrVar","v":"count"}," 项"],"one":[{"t":"idOrVar","v":"count"}," 项"],"other":[{"t":"idOrVar","v":"count"}," 项"],"two":[{"t":"idOrVar","v":"count"}," 项"],"zero":[{"t":"idOrVar","v":"count"}," 项"]},"$x":[{"t":"idOrVar","v":"plural"},"count"]},{"$i":"accessibility-objItemOfN","$v":[{"t":"idOrVar","v":"0"}," / ",{"t":"idOrVar","v":"1"}]},{"$i":"accessibility-banner","$v":"banner"},{"$i":"accessibility-complementary","$v":"补充"},{"$i":"accessibility-contentinfo","$v":"内容信息"},{"$i":"accessibility-main","$v":"主入口"},{"$i":"accessibility-navigation","$v":"导航"},{"$i":"accessibility-search","$v":"搜索"},{"$i":"accessibility-tblColumnInfo","$v":{"few":["有 ",{"t":"idOrVar","v":"count"}," 列"],"many":["有 ",{"t":"idOrVar","v":"count"}," 列"],"one":["有 ",{"t":"idOrVar","v":"count"}," 列"],"other":["有 ",{"t":"idOrVar","v":"count"}," 列"],"two":["有 ",{"t":"idOrVar","v":"count"}," 列"],"zero":["有 ",{"t":"idOrVar","v":"count"}," 列"]},"$x":[{"t":"idOrVar","v":"plural"},"count"]},{"$i":"accessibility-tblRowInfo","$v":{"few":["和 ",{"t":"idOrVar","v":"count"}," 行"],"many":["和 ",{"t":"idOrVar","v":"count"}," 行"],"one":["和 ",{"t":"idOrVar","v":"count"}," 行"],"other":["和 ",{"t":"idOrVar","v":"count"}," 行"],"two":["和 ",{"t":"idOrVar","v":"count"}," 行"],"zero":["和 ",{"t":"idOrVar","v":"count"}," 行"]},"$x":[{"t":"idOrVar","v":"plural"},"count"]},{"$i":"accessibility-columnInfo","$v":["第 ",{"t":"idOrVar","v":"0"}," 列"]},{"$i":"accessibility-rowInfo","$v":["第 ",{"t":"idOrVar","v":"0"}," 行"]},{"$i":"accessibility-spansColumns","$v":{"few":["跨越 ",{"t":"idOrVar","v":"0"}," 列"],"many":["跨越 ",{"t":"idOrVar","v":"0"}," 列"],"one":["跨越 ",{"t":"idOrVar","v":"0"}," 列"],"other":["跨越 ",{"t":"idOrVar","v":"0"}," 列"],"two":["跨越 ",{"t":"idOrVar","v":"0"}," 列"],"zero":["跨越 ",{"t":"idOrVar","v":"0"}," 列"]},"$x":[{"t":"idOrVar","v":"plural"},"0"]},{"$i":"accessibility-spansRows","$v":{"few":["跨越 ",{"t":"idOrVar","v":"0"}," 行"],"many":["跨越 ",{"t":"idOrVar","v":"0"}," 行"],"one":["跨越 ",{"t":"idOrVar","v":"0"}," 行"],"other":["跨越 ",{"t":"idOrVar","v":"0"}," 行"],"two":["跨越 ",{"t":"idOrVar","v":"0"}," 行"],"zero":["跨越 ",{"t":"idOrVar","v":"0"}," 行"]},"$x":[{"t":"idOrVar","v":"plural"},"0"]},{"$i":"accessibility-jumpAction","$v":"跳过"},{"$i":"accessibility-pressAction","$v":"已按下"},{"$i":"accessibility-checkAction","$v":"已选"},{"$i":"accessibility-uncheckAction","$v":"未选中"},{"$i":"accessibility-selectAction","$v":"选中"},{"$i":"accessibility-unselectAction","$v":"未选择"},{"$i":"accessibility-openAction","$v":"已打开"},{"$i":"accessibility-closeAction","$v":"已关闭"},{"$i":"accessibility-switchAction","$v":"已切换"},{"$i":"accessibility-clickAction","$v":"clicked"},{"$i":"accessibility-collapseAction","$v":"已折叠"},{"$i":"accessibility-expandAction","$v":"已展开"},{"$i":"accessibility-activateAction","$v":"已激活"},{"$i":"accessibility-cycleAction","$v":"重复"},{"$i":"accessibility-hidden","$v":"隐藏"},{"$i":"accessibility-tabLoading","$v":"正在加载"},{"$i":"accessibility-tabLoaded","$v":"已加载"},{"$i":"accessibility-tabNew","$v":"新标签页"},{"$i":"accessibility-tabLoadStopped","$v":"已停止加载"},{"$i":"accessibility-tabReload","$v":"正在重新加载"},{"$i":"accessibility-stateChecked","$v":"已选"},{"$i":"accessibility-stateNotChecked","$v":"未选中"},{"$i":"accessibility-statePressed","$v":"已按下"},{"$i":"accessibility-stateExpanded","$v":"已展开"},{"$i":"accessibility-stateCollapsed","$v":"已折叠"},{"$i":"accessibility-stateUnavailable","$v":"无法得到"},{"$i":"accessibility-stateRequired","$v":"必需"},{"$i":"accessibility-stateTraversed","$v":"已访问"},{"$i":"accessibility-stateHasPopup","$v":"已弹出"},{"$i":"accessibility-stateSelected","$v":"选中"},{"$i":"accessibility-editingMode","$v":"正在编辑"},{"$i":"accessibility-navigationMode","$v":"正在导航"},{"$i":"accessibility-quicknav_Simple","$v":"默认"},{"$i":"accessibility-quicknav_Anchor","$v":"锚点"},{"$i":"accessibility-quicknav_Button","$v":"按钮"},{"$i":"accessibility-quicknav_Combobox","$v":"组合框"},{"$i":"accessibility-quicknav_Landmark","$v":"陆标"},{"$i":"accessibility-quicknav_Entry","$v":"条目"},{"$i":"accessibility-quicknav_FormElement","$v":"表格要素"},{"$i":"accessibility-quicknav_Graphic","$v":"图片"},{"$i":"accessibility-quicknav_Heading","$v":"标题"},{"$i":"accessibility-quicknav_ListItem","$v":"列表项"},{"$i":"accessibility-quicknav_Link","$v":"链接"},{"$i":"accessibility-quicknav_List","$v":"列表"},{"$i":"accessibility-quicknav_PageTab","$v":"页面选项卡"},{"$i":"accessibility-quicknav_RadioButton","$v":"单选按钮"},{"$i":"accessibility-quicknav_Separator","$v":"分隔符"},{"$i":"accessibility-quicknav_Table","$v":"表格"},{"$i":"accessibility-quicknav_Checkbox","$v":"复选框"},{"$i":"accessibility-menubarAbbr","$v":"菜单栏"},{"$i":"accessibility-scrollbarAbbr","$v":"滚动条"},{"$i":"accessibility-gripAbbr","$v":"手柄"},{"$i":"accessibility-alertAbbr","$v":"警示"},{"$i":"accessibility-menupopupAbbr","$v":"弹出菜单"},{"$i":"accessibility-documentAbbr","$v":"文档"},{"$i":"accessibility-paneAbbr","$v":"窗格"},{"$i":"accessibility-dialogAbbr","$v":"对话"},{"$i":"accessibility-separatorAbbr","$v":"分隔符"},{"$i":"accessibility-toolbarAbbr","$v":"工具栏"},{"$i":"accessibility-statusbarAbbr","$v":"状态栏"},{"$i":"accessibility-tableAbbr","$v":"表格"},{"$i":"accessibility-columnheaderAbbr","$v":"列标题"},{"$i":"accessibility-rowheaderAbbr","$v":"行标题"},{"$i":"accessibility-columnAbbr","$v":"列"},{"$i":"accessibility-rowAbbr","$v":"行"},{"$i":"accessibility-cellAbbr","$v":"单元格"},{"$i":"accessibility-linkAbbr","$v":"lnk"},{"$i":"accessibility-listAbbr","$v":"列表"},{"$i":"accessibility-listitemAbbr","$v":"列表项"},{"$i":"accessibility-outlineAbbr","$v":"轮廓"},{"$i":"accessibility-outlineitemAbbr","$v":"框线项目"},{"$i":"accessibility-pagetabAbbr","$v":"标签页"},{"$i":"accessibility-propertypageAbbr","$v":"属性页"},{"$i":"accessibility-graphicAbbr","$v":"图片"},{"$i":"accessibility-pushbuttonAbbr","$v":"btn"},{"$i":"accessibility-checkbuttonAbbr","$v":"复选按钮"},{"$i":"accessibility-radiobuttonAbbr","$v":"单选按钮"},{"$i":"accessibility-comboboxAbbr","$v":"组合框"},{"$i":"accessibility-progressbarAbbr","$v":"进度条"},{"$i":"accessibility-sliderAbbr","$v":"滑块"},{"$i":"accessibility-spinbuttonAbbr","$v":"调节按钮"},{"$i":"accessibility-diagramAbbr","$v":"示意图"},{"$i":"accessibility-animationAbbr","$v":"动画"},{"$i":"accessibility-equationAbbr","$v":"方程"},{"$i":"accessibility-buttonmenuAbbr","$v":"按钮菜单"},{"$i":"accessibility-whitespaceAbbr","$v":"空格"},{"$i":"accessibility-pagetablistAbbr","$v":"选项卡列表"},{"$i":"accessibility-canvasAbbr","$v":"画板"},{"$i":"accessibility-checkmenuitemAbbr","$v":"check menu item"},{"$i":"accessibility-labelAbbr","$v":"标签"},{"$i":"accessibility-passwordtextAbbr","$v":"密码文本"},{"$i":"accessibility-radiomenuitemAbbr","$v":"单选菜单项"},{"$i":"accessibility-textcontainerAbbr","$v":"文本容器"},{"$i":"accessibility-togglebuttonAbbr","$v":"切换按钮"},{"$i":"accessibility-treetableAbbr","$v":"树形表"},{"$i":"accessibility-headerAbbr","$v":"页眉"},{"$i":"accessibility-footerAbbr","$v":"页脚"},{"$i":"accessibility-paragraphAbbr","$v":"段落"},{"$i":"accessibility-entryAbbr","$v":"进入"},{"$i":"accessibility-captionAbbr","$v":"标题"},{"$i":"accessibility-headingAbbr","$v":"标题"},{"$i":"accessibility-sectionAbbr","$v":"章节"},{"$i":"accessibility-formAbbr","$v":"表格"},{"$i":"accessibility-comboboxlistAbbr","$v":"组合框列表"},{"$i":"accessibility-comboboxoptionAbbr","$v":"组合框选项"},{"$i":"accessibility-imagemapAbbr","$v":"图像映射"},{"$i":"accessibility-listboxoptionAbbr","$v":"选项"},{"$i":"accessibility-listboxAbbr","$v":"列表框"},{"$i":"accessibility-flatequationAbbr","$v":"方程"},{"$i":"accessibility-gridcellAbbr","$v":"网格"},{"$i":"accessibility-noteAbbr","$v":"备注"},{"$i":"accessibility-figureAbbr","$v":"数字"},{"$i":"accessibility-definitionlistAbbr","$v":"定义列表"},{"$i":"accessibility-termAbbr","$v":"词条"},{"$i":"accessibility-definitionAbbr","$v":"定义"},{"$i":"accessibility-textareaAbbr","$v":"txtarea"},{"$i":"accessibility-tblColumnInfoAbbr","$v":{"few":[{"t":"idOrVar","v":"count"},"c"],"many":[{"t":"idOrVar","v":"count"},"c"],"one":[{"t":"idOrVar","v":"count"},"c"],"other":[{"t":"idOrVar","v":"count"},"c"],"two":[{"t":"idOrVar","v":"count"},"c"]},"$x":[{"t":"idOrVar","v":"plural"},"count"]},{"$i":"accessibility-tblRowInfoAbbr","$v":{"few":[{"t":"idOrVar","v":"count"},"r"],"many":[{"t":"idOrVar","v":"count"},"r"],"one":[{"t":"idOrVar","v":"count"},"r"],"other":[{"t":"idOrVar","v":"count"},"r"],"two":[{"t":"idOrVar","v":"count"},"r"]},"$x":[{"t":"idOrVar","v":"plural"},"count"]},{"$i":"accessibility-cellInfoAbbr","$v":["c",{"t":"idOrVar","v":"0"},"r",{"t":"idOrVar","v":"1"}]},{"$i":"accessibility-stateCheckedAbbr","$v":"(x)"},{"$i":"accessibility-stateUncheckedAbbr","$v":"( )"},{"$i":"accessibility-statePressedAbbr","$v":"(x)"},{"$i":"accessibility-stateUnpressedAbbr","$v":"( )"},{"$i":"accessibility-pushbutton-hint","$v":"双击以激活"},{"$i":"accessibility-checkbutton-hint","$v":"双击以激活"},{"$i":"accessibility-combobox-hint","$v":"双击以激活"},{"$i":"accessibility-key-hint","$v":"点击并按住以激活"},{"$i":"accessibility-link-hint","$v":"双击以激活"},{"$i":"accessibility-menuitem-hint","$v":"双击以激活"},{"$i":"accessibility-option-hint","$v":"双击以激活"},{"$i":"accessibility-radiobutton-hint","$v":"双击以激活"},{"$i":"accessibility-slider-hint","$v":"向上滑动增加；向下滑动减少"},{"$i":"accessibility-spinbutton-hint","$v":"向上滑动增加；向下滑动减少"},{"$i":"accessibility-pagetab-hint","$v":"双击以激活"},{"$i":"accessibility-entry-hint","$v":"双击以激活"},{"$i":"accessibility-outlineitem-hint","$v":"双击以激活"},{"$i":"SoftLeft","$v":"左软键"},{"$i":"Enter","$v":"确定键"},{"$i":"SoftRight","$v":"右软键"},{"$i":"weekday-0-long","$v":"周日"},{"$i":"weekday-1-long","$v":"周一"},{"$i":"weekday-2-long","$v":"周二"},{"$i":"weekday-3-long","$v":"周三"},{"$i":"weekday-4-long","$v":"周四"},{"$i":"weekday-5-long","$v":"周五"},{"$i":"weekday-6-long","$v":"周六"},{"$i":"weekday-0-short","$v":"周日"},{"$i":"weekday-1-short","$v":"周一"},{"$i":"weekday-2-short","$v":"周二"},{"$i":"weekday-3-short","$v":"周三"},{"$i":"weekday-4-short","$v":"周四"},{"$i":"weekday-5-short","$v":"周五"},{"$i":"weekday-6-short","$v":"周六"},{"$i":"month-0-long","$v":"一月"},{"$i":"month-1-long","$v":"二月"},{"$i":"month-2-long","$v":"三月"},{"$i":"month-3-long","$v":"四月"},{"$i":"month-4-long","$v":"五月"},{"$i":"month-5-long","$v":"六月"},{"$i":"month-6-long","$v":"七月"},{"$i":"month-7-long","$v":"八月"},{"$i":"month-8-long","$v":"九月"},{"$i":"month-9-long","$v":"十月"},{"$i":"month-10-long","$v":"十一月"},{"$i":"month-11-long","$v":"十二月"},{"$i":"month-0-genitive","$v":"一月"},{"$i":"month-1-genitive","$v":"二月"},{"$i":"month-2-genitive","$v":"三月"},{"$i":"month-3-genitive","$v":"四月"},{"$i":"month-4-genitive","$v":"五月"},{"$i":"month-5-genitive","$v":"六月"},{"$i":"month-6-genitive","$v":"七月"},{"$i":"month-7-genitive","$v":"八月"},{"$i":"month-8-genitive","$v":"九月"},{"$i":"month-9-genitive","$v":"十月"},{"$i":"month-10-genitive","$v":"十一月"},{"$i":"month-11-genitive","$v":"十二月"},{"$i":"month-0-short","$v":"1 月"},{"$i":"month-1-short","$v":"2 月"},{"$i":"month-2-short","$v":"3 月"},{"$i":"month-3-short","$v":"4 月"},{"$i":"month-4-short","$v":"5 月"},{"$i":"month-5-short","$v":"6 月"},{"$i":"month-6-short","$v":"7 月"},{"$i":"month-7-short","$v":"8 月"},{"$i":"month-8-short","$v":"9 月"},{"$i":"month-9-short","$v":"10 月"},{"$i":"month-10-short","$v":"11 月"},{"$i":"month-11-short","$v":"12 月"},{"$i":"minutes-ago-long","$v":{"few":[{"t":"idOrVar","v":"value"}," 分钟前"],"many":[{"t":"idOrVar","v":"value"}," 分钟前"],"one":"一分钟前","other":[{"t":"idOrVar","v":"value"}," 分钟前"],"two":[{"t":"idOrVar","v":"value"}," 分钟前"],"zero":"刚刚"},"$x":[{"t":"idOrVar","v":"plural"},"value"]},{"$i":"hours-ago-long","$v":{"few":[{"t":"idOrVar","v":"value"}," 小时前"],"many":[{"t":"idOrVar","v":"value"}," 小时前"],"one":"一小时前","other":[{"t":"idOrVar","v":"value"}," 小时前"],"two":[{"t":"idOrVar","v":"value"}," 小时前"],"zero":"刚刚"},"$x":[{"t":"idOrVar","v":"plural"},"value"]},{"$i":"days-ago-long","$v":{"few":[{"t":"idOrVar","v":"value"}," 天前"],"many":[{"t":"idOrVar","v":"value"}," 天前"],"one":"昨天","other":[{"t":"idOrVar","v":"value"}," 天前"],"two":[{"t":"idOrVar","v":"value"}," 天前"],"zero":"今天"},"$x":[{"t":"idOrVar","v":"plural"},"value"]},{"$i":"weeks-ago-long","$v":{"few":[{"t":"idOrVar","v":"value"}," 周前"],"many":[{"t":"idOrVar","v":"value"}," 周前"],"one":"最近一周","other":[{"t":"idOrVar","v":"value"}," 周前"],"two":[{"t":"idOrVar","v":"value"}," 周前"],"zero":"本周"},"$x":[{"t":"idOrVar","v":"plural"},"value"]},{"$i":"months-ago-long","$v":{"few":[{"t":"idOrVar","v":"value"}," 月前"],"many":[{"t":"idOrVar","v":"value"}," 月前"],"one":"上月","other":[{"t":"idOrVar","v":"value"}," 月前"],"two":[{"t":"idOrVar","v":"value"}," 月前"],"zero":"本月"},"$x":[{"t":"idOrVar","v":"plural"},"value"]},{"$i":"years-ago-long","$v":{"few":[{"t":"idOrVar","v":"value"}," 年前"],"many":[{"t":"idOrVar","v":"value"}," 年前"],"one":"去年","other":[{"t":"idOrVar","v":"value"}," 年前"],"two":[{"t":"idOrVar","v":"value"}," 年前"],"zero":"今年"},"$x":[{"t":"idOrVar","v":"plural"},"value"]},{"$i":"minutes-until-long","$v":{"few":[{"t":"idOrVar","v":"value"}," 分钟内"],"many":[{"t":"idOrVar","v":"value"}," 分钟内"],"one":"一分钟内","other":[{"t":"idOrVar","v":"value"}," 分钟内"],"two":[{"t":"idOrVar","v":"value"}," 分钟内"],"zero":"現在"},"$x":[{"t":"idOrVar","v":"plural"},"value"]},{"$i":"hours-until-long","$v":{"few":[{"t":"idOrVar","v":"value"}," 小时内"],"many":[{"t":"idOrVar","v":"value"}," 小时内"],"one":"一小时内","other":[{"t":"idOrVar","v":"value"}," 小时内"],"two":[{"t":"idOrVar","v":"value"}," 小时内"],"zero":"現在"},"$x":[{"t":"idOrVar","v":"plural"},"value"]},{"$i":"days-until-long","$v":{"few":[{"t":"idOrVar","v":"value"}," 天内"],"many":[{"t":"idOrVar","v":"value"}," 天内"],"one":"明天","other":[{"t":"idOrVar","v":"value"}," 天内"],"two":[{"t":"idOrVar","v":"value"}," 天内"],"zero":"今天"},"$x":[{"t":"idOrVar","v":"plural"},"value"]},{"$i":"weeks-until-long","$v":{"few":[{"t":"idOrVar","v":"value"}," 周内"],"many":[{"t":"idOrVar","v":"value"}," 周内"],"one":"下周","other":[{"t":"idOrVar","v":"value"}," 周内"],"two":[{"t":"idOrVar","v":"value"}," 周内"],"zero":"本周"},"$x":[{"t":"idOrVar","v":"plural"},"value"]},{"$i":"months-until-long","$v":{"few":[{"t":"idOrVar","v":"value"}," 个月内"],"many":[{"t":"idOrVar","v":"value"}," 个月内"],"one":"下个月","other":[{"t":"idOrVar","v":"value"}," 个月内"],"two":[{"t":"idOrVar","v":"value"}," 个月内"],"zero":"本月"},"$x":[{"t":"idOrVar","v":"plural"},"value"]},{"$i":"years-until-long","$v":{"few":[{"t":"idOrVar","v":"value"}," 年内"],"many":[{"t":"idOrVar","v":"value"}," 年内"],"one":"明年","other":[{"t":"idOrVar","v":"value"}," 年内"],"two":[{"t":"idOrVar","v":"value"}," 年内"],"zero":"今年"},"$x":[{"t":"idOrVar","v":"plural"},"value"]},{"$i":"minutes-ago-short","$v":{"other":[{"t":"idOrVar","v":"value"}," 分钟前"],"zero":"刚刚"},"$x":[{"t":"idOrVar","v":"plural"},"value"]},{"$i":"hours-ago-short","$v":{"other":[{"t":"idOrVar","v":"value"}," 小时前"],"zero":"刚刚"},"$x":[{"t":"idOrVar","v":"plural"},"value"]},{"$i":"days-ago-short","$v":{"other":[{"t":"idOrVar","v":"value"}," 天前"],"zero":"今天"},"$x":[{"t":"idOrVar","v":"plural"},"value"]},{"$i":"minutes-until-short","$v":{"other":[{"t":"idOrVar","v":"value"}," 分內"],"zero":"現在"},"$x":[{"t":"idOrVar","v":"plural"},"value"]},{"$i":"hours-until-short","$v":{"other":[{"t":"idOrVar","v":"value"}," 小时内"],"zero":"現在"},"$x":[{"t":"idOrVar","v":"plural"},"value"]},{"$i":"days-until-short","$v":{"other":[{"t":"idOrVar","v":"value"}," 天内"],"zero":"今天"},"$x":[{"t":"idOrVar","v":"plural"},"value"]},{"$i":"incorrectDate","$v":"（日期有误）"},{"$i":"dateTimeFormat_%c","$v":"%Y年%b%d日 %a %I:%M:%S %p"},{"$i":"dateTimeFormat_%x","$v":"%Y/%m/%d"},{"$i":"dateTimeFormat_%X","$v":"%I:%M:%S %p"},{"$i":"shortTimeFormat","$v":"%p %I:%M"},{"$i":"shortTimeFormat12","$v":"%p %I:%M"},{"$i":"shortTimeFormat24","$v":"%H:%M"},{"$i":"shortDateTimeFormat","$v":"%p %x %I:%M"},{"$i":"weekStartsOnMonday","$v":"0.0"},{"$i":"firstDayOfTheWeek","$v":"0.0"},{"$i":"time_am","$v":"上午"},{"$i":"time_pm","$v":"下午"},{"$i":"title-app","$v":"应用权限"},{"$i":"title-web","$v":"网站权限"},{"$i":"title-cam","$v":"选择相机"},{"$i":"perm-alarms","$v":"安排提醒"},{"$i":"perm-audio-capture","$v":"麦克风"},{"$i":"perm-audio-capture-appRequest","$v":["是否与 ",{"t":"idOrVar","v":"app"}," 共享麦克风？"]},{"$i":"perm-audio-capture-webRequest","$v":["是否与 ",{"t":"idOrVar","v":"site"}," 共享麦克风？"]},{"$i":"perm-audio-channel-content","$v":"播放声音"},{"$i":"perm-audio-channel-notification","$v":"播放通知声音"},{"$i":"perm-audio-channel-ringer","$v":"播放铃声"},{"$i":"perm-background-sensors","$v":"访问传感器数据"},{"$i":"perm-bluetooth","$v":"蓝牙"},{"$i":"perm-browser","$v":"检查网页"},{"$i":"perm-camera","$v":"相机"},{"$i":"perm-camera-selector-appRequest","$v":["为 ",{"t":"idOrVar","v":"app"}," 选择相机。"]},{"$i":"perm-camera-selector-webRequest","$v":["为 ",{"t":"idOrVar","v":"site"}," 选择相机。"]},{"$i":"perm-camera-appRequest","$v":[{"t":"idOrVar","v":"app"}," 想使用您的相机。"]},{"$i":"perm-camera-webRequest","$v":[{"t":"idOrVar","v":"site"}," 想使用您的相机。"]},{"$i":"perm-cellbroadcast","$v":"小区广播"},{"$i":"perm-contacts","$v":"通讯录"},{"$i":"perm-contacts-appRequest","$v":[{"t":"idOrVar","v":"app"}," 想访问您的联系人列表。"]},{"$i":"perm-contacts-webRequest","$v":[{"t":"idOrVar","v":"site"}," 想访问您的联系人列表。"]},{"$i":"perm-desktop-notification","$v":"通知"},{"$i":"perm-desktop-notification-appRequest","$v":[{"t":"idOrVar","v":"app"}," 想要显示通知。"]},{"$i":"perm-desktop-notification-webRequest","$v":[{"t":"idOrVar","v":"site"}," 想要显示通知。"]},{"$i":"perm-device-storage-apps","$v":"应用存储空间"},{"$i":"perm-device-storage-music","$v":"音乐存储"},{"$i":"perm-device-storage-music-appRequest","$v":[{"t":"idOrVar","v":"app"}," 想要访问您的音乐。"]},{"$i":"perm-device-storage-music-webRequest","$v":[{"t":"idOrVar","v":"site"}," 想要访问您的音乐。"]},{"$i":"perm-device-storage-pictures","$v":"图片存储"},{"$i":"perm-device-storage-pictures-appRequest","$v":[{"t":"idOrVar","v":"app"}," 想要访问您的图片。"]},{"$i":"perm-device-storage-pictures-webRequest","$v":[{"t":"idOrVar","v":"site"}," 想要访问您的图片。"]},{"$i":"perm-device-storage-sdcard","$v":"存储卡存储"},{"$i":"perm-device-storage-sdcard-appRequest","$v":[{"t":"idOrVar","v":"app"}," 想要访问您的存储卡。"]},{"$i":"perm-device-storage-sdcard-webRequest","$v":[{"t":"idOrVar","v":"site"}," 想要访问您的存储卡。"]},{"$i":"perm-device-storage-videos","$v":"视频存储"},{"$i":"perm-device-storage-videos-appRequest","$v":[{"t":"idOrVar","v":"app"}," 想要访问您的视频。"]},{"$i":"perm-device-storage-videos-webRequest","$v":[{"t":"idOrVar","v":"site"}," 想要访问您的视频。"]},{"$i":"perm-fullscreen-appRequest","$v":[{"t":"idOrVar","v":"app"}," 现在是满屏。"]},{"$i":"perm-fullscreen-webRequest","$v":[{"t":"idOrVar","v":"site"}," 现在是满屏。"]},{"$i":"perm-embed-apps","$v":"嵌入应用"},{"$i":"perm-fmradio","$v":"FM 电台"},{"$i":"perm-fmradio-appRequest","$v":[{"t":"idOrVar","v":"app"}," 想使用调频收音机。"]},{"$i":"perm-fmradio-webRequest","$v":[{"t":"idOrVar","v":"site"}," 想使用调频收音机。"]},{"$i":"perm-geolocation","$v":"地理位置"},{"$i":"perm-geolocation-appRequest","$v":[{"t":"idOrVar","v":"app"}," 想知道您的位置。"]},{"$i":"perm-geolocation-more-info","$v":[{"t":"idOrVar","v":"brandShortName"}," 通过 GPS 和其他补充信息（例如 WiFi 和移动网络）估测您的位置。",{"t":"idOrVar","v":"brandShortName"}," 和服务提供商可能会利用位置数据改进位置数据库的准确性和覆盖范围。每当有应用需要获取您的设备位置时，",{"t":"idOrVar","v":"brandShortName"}," 都将征得您的同意。"]},{"$i":"perm-geolocation-webRequest","$v":[{"t":"idOrVar","v":"site"}," 想知道您的位置。"]},{"$i":"perm-idle","$v":"查看空闲状态"},{"$i":"perm-indexedDB-chrome-settings","$v":"优先 IndexedDB"},{"$i":"perm-indexedDB-unlimited","$v":"不受限 IndexedDB 存储"},{"$i":"perm-input-manage","$v":"管理键盘"},{"$i":"perm-input","$v":"作为键盘"},{"$i":"perm-media-capture","$v":"相机和麦克风"},{"$i":"perm-media-capture-appRequest","$v":["是否与 ",{"t":"idOrVar","v":"app"}," 共享相机和麦克风？"]},{"$i":"perm-media-capture-webRequest","$v":["是否与 ",{"t":"idOrVar","v":"site"}," 共享相机和麦克风？"]},{"$i":"perm-mobileconnection","$v":"手机连接"},{"$i":"perm-mobileid","$v":"手机标识符"},{"$i":"perm-network-events","$v":"网络事件"},{"$i":"perm-open-remote-window","$v":"启动应用"},{"$i":"perm-permissions","$v":"修改应用权限"},{"$i":"perm-power","$v":"电源设置"},{"$i":"perm-settings","$v":"修改设置"},{"$i":"perm-systemXHR","$v":"跨域请求"},{"$i":"perm-telephony","$v":"电话"},{"$i":"perm-video-capture","$v":"相机"},{"$i":"perm-video-capture-appRequest","$v":["是否与 ",{"t":"idOrVar","v":"app"}," 共享相机？"]},{"$i":"perm-video-capture-webRequest","$v":["是否与 ",{"t":"idOrVar","v":"site"}," 共享相机？"]},{"$i":"perm-voicemail","$v":"控制语音邮件"},{"$i":"perm-webapps-manage","$v":"安装 Web 应用"},{"$i":"perm-wifi-manage","$v":"管理 Wi-Fi"},{"$i":"perm-attention","$v":"打开叠加弹窗"},{"$i":"perm-audio-channel-alarm","$v":"播放提示音"},{"$i":"perm-audio-channel-normal","$v":"播放声音"},{"$i":"perm-audio-channel-publicnotification","$v":"播放公共通知声音"},{"$i":"perm-audio-channel-telephony","$v":"播放电话声音"},{"$i":"perm-backgroundservice","$v":"后台运行"},{"$i":"perm-device-storage-crashes","$v":"崩溃数据存储"},{"$i":"perm-downloads","$v":"访问下载文件"},{"$i":"perm-embed-widgets","$v":"嵌入小工具"},{"$i":"perm-feature-detection","$v":"功能检测"},{"$i":"perm-firefox-accounts","$v":"Firefox 账户"},{"$i":"perm-mobilenetwork","$v":"移动网络"},{"$i":"perm-moz-attention","$v":"打开叠加弹窗 (moz)"},{"$i":"perm-moz-audio-channel-ringer","$v":"播放铃声 (moz)"},{"$i":"perm-moz-audio-channel-telephony","$v":"播放电话声 (moz)"},{"$i":"perm-moz-firefox-accounts","$v":"Firefox 账户 (moz)"},{"$i":"perm-networkstats-manage","$v":"控件使用状态"},{"$i":"perm-nfc","$v":"NFC"},{"$i":"perm-nfc-hci-events","$v":"NFC HCI 事件"},{"$i":"perm-nfc-manager","$v":"管理 NFC"},{"$i":"perm-phonenumberservice","$v":"手机号码服务"},{"$i":"perm-push","$v":"推送 API"},{"$i":"perm-resourcestats-manage","$v":"资源状态"},{"$i":"perm-sms","$v":"发送和阅读短信"},{"$i":"perm-speaker-control","$v":"控制音量"},{"$i":"perm-storage","$v":"访问存储"},{"$i":"perm-tcp-socket","$v":"TCP 套接字"},{"$i":"perm-test-permission","$v":"Test Permission"},{"$i":"perm-time","$v":"设置日期和时间"},{"$i":"perm-udp-socket","$v":"UDP 套接字"},{"$i":"perm-wappush","$v":"WAP 推送"},{"$i":"stopped_download_title","$v":"下载已停止"},{"$i":"tcl-stopped_download_message","$v":"此次下载已停止。是否继续下载？"},{"$i":"stopped_download_left_button","$v":"取消"},{"$i":"stopped_download_right_button","$v":"重试"},{"$i":"failed_download_title","$v":"下载失败"},{"$i":"failed_download_message","$v":[{"t":"idOrVar","v":"name"}," 下载失败。是否尝试重新下载？"]},{"$i":"failed_download_left_button","$v":"取消"},{"$i":"failed_download_right_button","$v":"重试"},{"$i":"stop_download_title","$v":"停止下载"},{"$i":"stop_download_message","$v":"确定停止下载？"},{"$i":"stop_download_left_button","$v":"取消"},{"$i":"stop_download_right_button","$v":"停止"},{"$i":"delete_download_title","$v":"删除"},{"$i":"delete_download_message","$v":["删除\"",{"t":"idOrVar","v":"name"},"\"？"]},{"$i":"delete_download_left_button","$v":"取消"},{"$i":"delete_download_right_button","$v":"删除"},{"$i":"delete_all_download_title","$v":"删除"},{"$i":"delete_all_download_left_button","$v":"取消"},{"$i":"delete_all_download_right_button","$v":"删除"},{"$i":"delete_all_download_message_ext","$v":"删除选中的文件？"},{"$i":"delete_all_download_message","$v":{"few":["删除 ",{"t":"idOrVar","v":"number"}," 个文件？"],"many":["删除 ",{"t":"idOrVar","v":"number"}," 个文件？"],"one":"删除 1 个文件？","other":["删除 ",{"t":"idOrVar","v":"number"}," 个文件？"],"two":["删除 ",{"t":"idOrVar","v":"number"}," 个文件？"],"zero":"不删除任何文件？"},"$x":[{"t":"idOrVar","v":"plural"},"number"]},{"$i":"unsupported_file_type_download_title","$v":"无法打开"},{"$i":"unsupported_file_type_download_message","$v":["没有可打开 ",{"t":"idOrVar","v":"name"}," 的应用。您想要保存此文件或将其删除？"]},{"$i":"unsupported_file_type_download_left_button","$v":"保留文件"},{"$i":"unsupported_file_type_download_right_button","$v":"删除"},{"$i":"file_not_found_download_title","$v":"未找到文件"},{"$i":"file_not_found_download_message","$v":"未在设备上找到此文件"},{"$i":"file_not_found_download_right_button","$v":"确定"},{"$i":"unmounted_sdcard_2_download_title","$v":"存储卡被占用"},{"$i":"unmounted_sdcard_2_download_message","$v":"拔下手机"},{"$i":"unmounted_sdcard_2_download_right_button","$v":"确定"},{"$i":"no_provider_download_title","$v":"无法打开"},{"$i":"no_provider_download_message","$v":"文件格式无效或不支持。"},{"$i":"no_provider_download_right_button","$v":"确定"},{"$i":"no_memory_download_title","$v":"SD 卡已满"},{"$i":"no_memory_download_message","$v":"您的 SD 卡没有剩余空间可以保存下载文件。请先删除部分文件再重新下载。"},{"$i":"no_memory_download_right_button","$v":"确定"},{"$i":"no_sdcard_found_2_download_title","$v":"未发现存储卡"},{"$i":"no_sdcard_found_2_download_message","$v":"请插入存储卡或在“设置”中选择其他默认媒体位置。"},{"$i":"no_sdcard_found_2_download_right_button","$v":"确定"},{"$i":"file_open_error_download_title","$v":"确认"},{"$i":"file_open_error_download_message","$v":"文件格式无效或不支持。是否删除此文件？"},{"$i":"file_open_error_download_left_button","$v":"保留文件"},{"$i":"file_open_error_download_right_button","$v":"删除"},{"$i":"restart_download_error","$v":"重新下载时出错。请再次尝试下载。"},{"$i":"no-downloads","$v":"没有下载文件"},{"$i":"percentage","$v":[{"t":"idOrVar","v":"percentage"}," %"]},{"$i":"partialResult","$v":[{"t":"idOrVar","v":"partial"}," / ",{"t":"idOrVar","v":"total"}]},{"$i":"summary","$v":[{"t":"idOrVar","v":"date"}," - ",{"t":"idOrVar","v":"status"}]},{"$i":"download-stopped","$v":"已停止"},{"$i":"download-failed","$v":"下载失败"},{"$i":"open_downloaded_file","$v":"打开"},{"$i":"share_downloaded_file","$v":"分享"},{"$i":"wallpaper_downloaded_file","$v":"设为壁纸"},{"$i":"ringtone_downloaded_file","$v":"设为铃声"},{"$i":"cancel_downloaded_file","$v":"取消"},{"$i":"voicemailNoNumberTitle","$v":"语音信箱号码不可用"},{"$i":"voicemailNoNumberText","$v":"无法呼叫语音信箱。设置语音信箱号码以呼叫。"},{"$i":"voicemailNoNumberSettings","$v":"设置"},{"$i":"voicemailNoNumberCancel","$v":"取消"},{"$i":"airplaneMode","$v":"飞行模式"},{"$i":"noNetwork","$v":"无网络"},{"$i":"roaming","$v":[{"t":"idOrVar","v":"operator"},"（漫游）"]},{"$i":"operator-info","$v":[{"t":"idOrVar","v":"carrier"}," ",{"t":"idOrVar","v":"region"}]},{"$i":"emergencyCallsOnly","$v":"只能拨打紧急呼救电话"},{"$i":"emergencyCallsOnly-unknownSIMState","$v":"（SIM 卡状态未知）"},{"$i":"emergencyCallsOnly-noSIM","$v":"（无 SIM 卡）"},{"$i":"emergencyCallsOnly-pinRequired","$v":"（需输入 SIM PIN 码）"},{"$i":"emergencyCallsOnly-pukRequired","$v":"（需输入 SIM PUK 码）"},{"$i":"emergencyCallsOnly-networkLocked","$v":"（网络锁定）"},{"$i":"emergencyCallsOnly-serviceProviderLocked","$v":"（服务提供商锁定）"},{"$i":"emergencyCallsOnly-corporateLocked","$v":"（企业锁定）"},{"$i":"emergencyCallsOnly-network1Locked","$v":"（网络 1 锁定）"},{"$i":"emergencyCallsOnly-network2Locked","$v":"（网络 2 锁定）"},{"$i":"emergencyCallsOnly-hrpdNetworkLocked","$v":"（hrpd 网络锁定）"},{"$i":"emergencyCallsOnly-ruimCorporateLocked","$v":"（RUIM 企业锁定）"},{"$i":"emergencyCallsOnly-ruimServiceProviderLocked","$v":"（RUIM 服务提供商锁定）"},{"$i":"lockscreen-sim-id","$v":["SIM ",{"t":"idOrVar","v":"n"}]},{"$i":"charging-no-time","$v":["已充电 ",{"t":"idOrVar","v":"level"},"%"]},{"$i":"charging-minutes","$v":{"few":["已充电 ",{"t":"idOrVar","v":"level"},"%（还需 ",{"t":"idOrVar","v":"minutes"}," 分钟即可充满）"],"many":["已充电 ",{"t":"idOrVar","v":"level"},"%（还需 ",{"t":"idOrVar","v":"minutes"}," 分钟即可充满）"],"one":["已充电 ",{"t":"idOrVar","v":"level"},"%（还需 ",{"t":"idOrVar","v":"minutes"}," 分钟即可充满）"],"other":["已充电 ",{"t":"idOrVar","v":"level"},"%（还需 ",{"t":"idOrVar","v":"minutes"}," 分钟即可充满）"],"two":["已充电 ",{"t":"idOrVar","v":"level"},"%（还需 ",{"t":"idOrVar","v":"minutes"}," 分钟即可充满）"],"zero":["已充电 ",{"t":"idOrVar","v":"level"},"%（还需 ",{"t":"idOrVar","v":"minutes"}," 分钟即可充满）"]},"$x":[{"t":"idOrVar","v":"plural"},"minutes"]},{"$i":"charging-hours","$v":{"few":["已充电 ",{"t":"idOrVar","v":"level"},"%（还需 ",{"t":"idOrVar","v":"hours"}," 小时 ",{"t":"idOrVar","v":"minutes"}," 分钟即可充满）"],"many":["已充电 ",{"t":"idOrVar","v":"level"},"%（还需 ",{"t":"idOrVar","v":"hours"}," 小时 ",{"t":"idOrVar","v":"minutes"}," 分钟即可充满）"],"one":["已充电 ",{"t":"idOrVar","v":"level"},"%（还需 ",{"t":"idOrVar","v":"hours"}," 小时 ",{"t":"idOrVar","v":"minutes"}," 分钟即可充满）"],"other":["已充电 ",{"t":"idOrVar","v":"level"},"%（还需 ",{"t":"idOrVar","v":"hours"}," 小时 ",{"t":"idOrVar","v":"minutes"}," 分钟即可充满）"],"two":["已充电 ",{"t":"idOrVar","v":"level"},"%（还需 ",{"t":"idOrVar","v":"hours"}," 小时 ",{"t":"idOrVar","v":"minutes"}," 分钟即可充满）"],"zero":["已充电 ",{"t":"idOrVar","v":"level"},"%（还需 ",{"t":"idOrVar","v":"hours"}," 小时 ",{"t":"idOrVar","v":"minutes"}," 分钟即可充满）"]},"$x":[{"t":"idOrVar","v":"plural"},"minutes"]},{"$i":"network-error-in-app","$v":"目前无法访问网络。"},{"$i":"network-error-launching","$v":[{"t":"idOrVar","v":"name"}," 要求连接网络。"]},{"$i":"network-error-launching-title","$v":"无网络连接"},{"$i":"network-error-launching-message","$v":"请通过 Wi-Fi 或移动数据访问网络。"},{"$i":"server-not-found","$v":"未找到服务器"},{"$i":"server-not-found-error","$v":["无法在 ",{"t":"idOrVar","v":"name"}," 找到服务器。"]},{"$i":"file-not-found","$v":"未找到文件"},{"$i":"file-not-found-error","$v":"由于找不到文件，此设备无法显示该页面。"},{"$i":"connection-failed","$v":"无法连接"},{"$i":"connection-failed-error","$v":"试图访问此网站时发生网络错误。"},{"$i":"invalid-connection","$v":"无法连接"},{"$i":"invalid-connection-error","$v":"试图访问此网站时发生网络错误。"},{"$i":"malformed-uri","$v":"URL 无效"},{"$i":"malformed-uri-error","$v":"输入的 URL 无效，无法加载。"},{"$i":"redirect-loop","$v":"页面无法显示"},{"$i":"redirect-loop-error","$v":"由于页面重定向不当，此设备无法显示该页面。请稍后重试。"},{"$i":"not-cached","$v":"页面已过期"},{"$i":"not-cached-error","$v":"作为安全预防措施，由于页面已过期，设备无法显示该页面。"},{"$i":"is-printing","$v":"访问被拒"},{"$i":"is-printing-error","$v":"正在打印或打印预览时无法更改文档。"},{"$i":"denied-port-access","$v":"地址受限"},{"$i":"denied-port-access-error","$v":"此地址采用的网络端口通常是用于除网页浏览以外的目的。此设备已取消保护请求。"},{"$i":"proxy-resolve-failure","$v":"代理服务器出错"},{"$i":"proxy-resolve-failure-error","$v":"无法找到设备配置的代理服务器。"},{"$i":"proxy-connect-failure","$v":"代理服务器出错"},{"$i":"proxy-connect-failure-error","$v":"设备配置的代理服务器拒绝连接。"},{"$i":"content-encoding","$v":"页面无法显示"},{"$i":"content-encoding-error","$v":"由于发生了内容编码错误，此设备无法显示该网页。"},{"$i":"remote-xul","$v":"不支持此页面"},{"$i":"remote-xul-error","$v":"由于采用了设备不支持的技术，此页面无法显示。"},{"$i":"phishing-blocked","$v":"警告"},{"$i":"phishing-blocked-error","$v":"此网站已被报告为欺骗用户分享个人或财务信息的诈骗网站。"},{"$i":"malware-blocked","$v":"恶意软件攻击被阻止"},{"$i":"malware-blocked-error","$v":"此站点已被报告为攻击站点。设备已阻止您的保护请求。"},{"$i":"unsafe-content-type","$v":"内容不安全"},{"$i":"unsafe-content-type-error","$v":"由于打开后可能不安全，此页面无法显示。"},{"$i":"corrupted-content","$v":"无法连接"},{"$i":"corrupted-content-error","$v":"由于检测到数据传输错误，此网页无法显示。"},{"$i":"unknown-protocol-found","$v":"不支持此页面"},{"$i":"unknown-protocol-found-error","$v":"由于采用了设备不支持的技术，此页面无法显示。"},{"$i":"try-again","$v":"重试"},{"$i":"check-settings","$v":"检查设置"},{"$i":"firefox-accounts-title","$v":"KaiOS 账户"},{"$i":"firefox-accounts-title-sign-in","$v":"登录"},{"$i":"firefox-accounts-title-create-account","$v":"创建账户"},{"$i":"kaios-accounts-title-about-kaios-account","$v":"关于 KaiOS 账户"},{"$i":"kaios-accounts-phone-verification","$v":"手机验证"},{"$i":"kaios-accounts-title-account-info","$v":"账户信息"},{"$i":"fxa-next","$v":"下一步"},{"$i":"fxa-back","$v":"上一步"},{"$i":"fxa-done","$v":"完成"},{"$i":"fxa-ok","$v":"确定"},{"$i":"tcl-changessaved","$v":"更改已保存"},{"$i":"tcl-verification-mail-has-been-sent","$v":"验证链接已发送至"},{"$i":"fxa-decline","$v":"拒绝"},{"$i":"fxa-accept","$v":"接受"},{"$i":"fxa-sining-in","$v":"正在登入..."},{"$i":"not-now","$v":"暂不保存"},{"$i":"send-sms","$v":"发送短信"},{"$i":"resend-sms","$v":"重新发送短信"},{"$i":"fxa-connection-error-title","$v":"无法连接"},{"$i":"fxa-connection-error-message","$v":"您可以创建账户或通过“设置”登入。"},{"$i":"fxa-reset-password-error-title","$v":"重置密码"},{"$i":"fxa-reset-password-error-message","$v":"可通过“设置”重置密码。"},{"$i":"fxa-incorrect-email-address-or-password","$v":"fxa 邮件地址或密码有误"},{"$i":"fxa-internet-connection-is-required","$v":"fxa 需要联网"},{"$i":"fxa-server-error","$v":"服务器错误，请稍候重试"},{"$i":"fxa-server-error-2","$v":"错误"},{"$i":"fxa-server-error-message","$v":"无法创建账户，请稍后重试。"},{"$i":"fxa-server-error-message-2","$v":"服务器不可用，请稍后重试。"},{"$i":"fxa-offline-error-title","$v":"无法连接"},{"$i":"fxa-offline-error-message","$v":"通过“设置”连接网络。"},{"$i":"fxa-offline-error-message-1","$v":"无网络连接"},{"$i":"fxa-invalid-email-title","$v":"错误"},{"$i":"fxa-invalid-email-message","$v":"请输入有效的邮件地址。"},{"$i":"fxa-invalid-password-title","$v":"错误"},{"$i":"fxa-invalid-password-message","$v":"邮件地址或密码有误"},{"$i":"fxa-invalid-password-message-1","$v":"密码错误。"},{"$i":"fxa-unknown-error-title","$v":"无法连接"},{"$i":"fxa-unknown-error-message","$v":"系统不可用，请稍后重试。"},{"$i":"fxa-email-is-taken-title","$v":"错误"},{"$i":"fxa-email-is-taken-message","$v":"此邮件地址已有账户。请登入您的账户。"},{"$i":"fxa-confirm-age-title","$v":"错误"},{"$i":"fxa-confirm-age-message","$v":"请确认你已满 13 周岁"},{"$i":"fxa-account-does-not-exist","$v":"错误"},{"$i":"fxa-account-does-not-exist-message","$v":"邮件地址或密码有误"},{"$i":"fxa-account-does-not-exist-message-1","$v":"账户不存在。"},{"$i":"fxa-password-dont-match","$v":"错误"},{"$i":"fxa-password-dont-match-message","$v":"密码不匹配。"},{"$i":"fxa-password-less","$v":"错误"},{"$i":"fxa-password-less-message","$v":"密码不足 8 个字符。"},{"$i":"fxa-password-less-message-1","$v":"密码少于8个字符。"},{"$i":"fxa-password-more","$v":"错误"},{"$i":"fxa-password-more-message","$v":"密码超过 20 个字符。"},{"$i":"fxa-password-more-message-1","$v":"密码超过20个字符。"},{"$i":"fxa-password-error","$v":"错误"},{"$i":"fxa-password-error-message","$v":"密码必须有 8 - 20 个字符，且包含字母和数字。"},{"$i":"fxa-connecting","$v":"正在连接"},{"$i":"fxa-enter-phone-number-message","$v":"请输入您的手机号码。系统将向您发送短信并开始自动验证。"},{"$i":"fxa-sms-has-been-sent-message","$v":"短信已发出，收到后将开始自动验证。请耐心等待！"},{"$i":"fxa-time-remaining","$v":"剩余时间："},{"$i":"fxa-sms-verification-failed-message","$v":"短信验证失败。请确认您的手机，并点按“重新发送短信”再试一次。"},{"$i":"fxa-phone-number-label","$v":"电话号码"},{"$i":"fxa-enter-your-infomation","$v":"请输入您的信息。"},{"$i":"fxa-birthday-label","$v":"生日"},{"$i":"fxa-birthday-select","$v":"选择"},{"$i":"fxa-gender-label","$v":"性别"},{"$i":"fxa-gender-select","$v":"选择"},{"$i":"fxa-gender-male","$v":"男"},{"$i":"fxa-gender-female","$v":"女"},{"$i":"fxa-gender-confidential","$v":"保密"},{"$i":"fxa-enter-email-input","placeholder":"输入邮件地址"},{"$i":"fxa-use-email-to-sign-in","$v":"请输入邮件地址。您的邮件地址即是您的账户名称。"},{"$i":"fxa-notice","$v":["继续操作意味着我同意 KaiOS 云服务的 ",{"t":"idOrVar","v":"tos"}," 和 ",{"t":"idOrVar","v":"pn"},"。"]},{"$i":"fxa-placeholder","$v":"此处为您的电子邮件"},{"$i":"fxa-tos","$v":"服务条款"},{"$i":"fxa-pn","$v":"隐私声明"},{"$i":"fxa-create-account-title","$v":"创建账户"},{"$i":"fxa-show-age-title","$v":"我已满 13 周岁"},{"$i":"fxa-enter-password-title","$v":"请输入密码。密码必须由 8 - 20 个字符组成，并同时包含字母和数字。"},{"$i":"fxa-enter-password-title-1","$v":"请输入密码，密码是8-20个字符，且必须包含字母和数字。"},{"$i":"fxa-setup-password-title","$v":"设置密码"},{"$i":"fxa-create-password-title","$v":"创建密码"},{"$i":"fxa-hello-user","$v":["您好，",{"t":"idOrVar","v":"email"}]},{"$i":"fxa-password-refresh","$v":"输入 KaiOS 账户密码方可继续。"},{"$i":"fxa-password","$v":"密码","placeholder":"密码"},{"$i":"fxa-forgot-your-password","$v":"忘记密码？"},{"$i":"fxa-show-password","$v":"显示密码"},{"$i":"fxa-password-length-requirement","$v":"密码至少要有 8 个字符。"},{"$i":"fxa-confirm-account","$v":"确认您的账户"},{"$i":"fxa-will-send-email","$v":"您的账户已创建。"},{"$i":"fxa-signup-click-verification-link-in-email","$v":["已向 ",{"t":"idOrVar","v":"email"}," 发送确认邮件。请检查收件箱并验证和激活账户。"]},{"$i":"fxa-access-manage-account-settings","$v":"激活链接将在 24 小时后失效。"},{"$i":"fxa-signup-success-title","$v":"账户已创建"},{"$i":"about-kaios-account-text","$v":"Lorem ipsum dolor sit amet, con-sectetur adipiscing elit, sed do eiusmod tempor incididunt ut labore et dolore magna aliqua.Ut enim ad minim veniam, quis nos-trud exercitation ullamco laboris nisi ut aliquip ex ea commodo consequat.Duis aute irure dolor in reprehenderit in voluptate velit esse cillum dolore eu fugiat nulla pariatur.Excepteur sint occaecat cupidatat non proident, sunt in culpa qui officia deserunt mollit anim id est laborum."},{"$i":"about-kaios-account-text1","$v":"KaiOS 账户可为 KaiOS 服务提供验证。此账户可验证用户和设备，并允许访问诸如设备远程管理等功能及其他服务。"},{"$i":"about-kaios-account-text2","$v":"创建账户需提供邮件地址和密码。用户必须通过创建账户时发送的邮件链接验证邮件地址。如邮件地址未验证，此账户将无法激活。"},{"$i":"about-kaios-account-text3","$v":"继续创建账户意味着您同意条款和隐私声明。"},{"$i":"fxa-signin-email","$v":"帐户名称"},{"$i":"fxa-signin-password","$v":"密码"},{"$i":"fxa-signin-success-title","$v":"您的账户"},{"$i":"fxa-signin-lsk","$v":"忘记密码"},{"$i":"fxa-signin-rsk","$v":"登录"},{"$i":"fxa-change-password-title","$v":"更改密码"},{"$i":"fxa-change-password-description","$v":"输入您当前密码，并设置一个新密码。"},{"$i":"fxa-new-password","$v":"新密码"},{"$i":"fxa-changing-password","$v":"正在更改密码……"},{"$i":"fxa-forgot-password-title","$v":"忘记密码"},{"$i":"fxa-forgot-password","$v":"忘记密码"},{"$i":"fxa-forgot-password-sk","$v":"忘记密码"},{"$i":"fxa-forgot-password-success-title","$v":"重置密码邮件已发出"},{"$i":"fxa-reset-password-succcess-content","$v":"用于重置密码的邮件已发至您的邮件账户。"},{"$i":"fxa-reset-password-succcess-content-part2","$v":"请检查电子邮件收件箱并重置密码。"},{"$i":"fxa-sign-out-title","$v":"防盗功能已启用"},{"$i":"fxa-sign-out-intro","$v":"请确认您要关闭防盗功能并登出。"},{"$i":"fxa-sign-out-intro-1","$v":"请确认您要退出并关闭防盗功能。"},{"$i":"fxa-signout-email","$v":"您的账户"},{"$i":"fxa-confirm-password","$v":"确认密码"},{"$i":"fxa-signing-out","$v":"正在登出..."},{"$i":"fxa-sign-out-error-title","$v":"错误"},{"$i":"fxa-sign-out-error-message","$v":"账户登出失败，请稍候重试"},{"$i":"fxa-sign-out-error-message-1","$v":"退出账户失败，请稍后重试"},{"$i":"fxa-connection-is-required-title","$v":"错误"},{"$i":"fxa-connection-is-required-message","$v":"需要联接网络"},{"$i":"fxa-check-password-title","$v":"禁用防盗功能"},{"$i":"fxa-disable-antitheft-checkpassword-message","$v":"请确认您要关闭防盗功能。"},{"$i":"fxa-reset-factory-checkpassword-message","$v":"如需重置设备，请输入密码并禁用防盗功能。"},{"$i":"fxa-reset-factory-checkpassword-message-1","$v":"重置您的手机,需要输入密码，以及关闭防盗功能。"},{"$i":"fxa-enter-email-to-reset-password","$v":"请输入你的邮箱帐户，我们将发送密码重置的链接给您。"},{"$i":"fxa-enter-email-to-reset-password-1","$v":"请输入你的邮箱帐户，我们将发送密码重置的链接给您。"},{"$i":"fxa-account-not-found","$v":"未发现帐户，请重试。"},{"$i":"fxa-multiple-sign-in-attempts-title","$v":"尝试登入多次"},{"$i":"fxa-multiple-sign-in-attempts-content","$v":"您已多次输入错误的密码"},{"$i":"fxa-multiple-sign-in-attempts-content-1","$v":"您已多次输入错误密码。"},{"$i":"fxa-multiple-sign-in-attempts-content-retry","$v":"请稍后重试"},{"$i":"shortDateFormat","$v":"%Y年%b%d日"}]