[{"$i":"brandShortName","$v":"KaiOS"},{"$i":"browserBrandShortName","$v":"Web Browser"},{"$i":"browserBrandFullName","$v":"Mozilla Web Browser"},{"$i":"ringtoneBrandName","$v":"Default"},{"$i":"ringtoneSectionBrandName","$v":"System"},{"$i":"ok","$v":"確認"},{"$i":"back","$v":"返回"},{"$i":"help","$v":"說明"},{"$i":"cancel","$v":"取消"},{"$i":"close","$v":"關閉"},{"$i":"skip","$v":"忽略"},{"$i":"enable","$v":"啟用"},{"$i":"turnOn","$v":"開啟"},{"$i":"save","$v":"儲存"},{"$i":"select","$v":"選取"},{"$i":"deselect","$v":"取消選取"},{"$i":"go","$v":"開始"},{"$i":"search","$v":"搜尋"},{"$i":"options","$v":"選項"},{"$i":"exit","$v":"退出"},{"$i":"signIn","$v":"登入"},{"$i":"dismiss","$v":"解除"},{"$i":"dismiss-all","$v":"全部解除"},{"$i":"undo","ariaLabel":"復原"},{"$i":"lockscreenEnterLockCode","$v":"請輸入4位數密碼"},{"$i":"lockscreenCheckLockCode","$v":"代碼無效。請再試一次。"},{"$i":"lockscreenDeviceLocked","$v":"設備已鎖定，30秒後重試。"},{"$i":"pocketmodeLongPress","$v":"滑動或按"},{"$i":"pocketmodeToUnlock","$v":"解鎖"},{"$i":"enterPIN","$v":"輸入6位數代碼以解鎖"},{"$i":"mediaPlaybackTrack","$v":"曲目名稱與演出者"},{"$i":"mediaPlaybackControls","$v":"播放控制"},{"$i":"mediaPlaybackPrevious","$v":"先前"},{"$i":"mediaPlaybackPlay","$v":"播放"},{"$i":"mediaPlaybackPause","$v":"暫停"},{"$i":"mediaPlaybackNext","$v":"下一步"},{"$i":"UnknownTrack","$v":"不明曲目"},{"$i":"wifiButton-on","$v":"Wi-Fi已開"},{"$i":"wifiButton-on-initializing","$v":"Wi-Fi已開(正在初始化)"},{"$i":"wifiButton-off","$v":"Wi-Fi已關"},{"$i":"dataButton-on","$v":["數據",{"t":"idOrVar","v":"type"},"開啟"]},{"$i":"dataButton-off","$v":["數據",{"t":"idOrVar","v":"type"},"關閉"]},{"$i":"bluetoothButton-on","$v":"藍牙開啟"},{"$i":"bluetoothButton-on-initializing","$v":"藍牙開啟(正在初始化)"},{"$i":"bluetoothButton-off","$v":"藍牙關閉"},{"$i":"airplaneMode-on","$v":"飛航模式開啟"},{"$i":"airplaneMode-off","$v":"飛航模式關閉"},{"$i":"airplaneOff","$v":"關閉飛航模式"},{"$i":"settingsButton","ariaLabel":"設定"},{"$i":"simLabel","$v":["SIM ",{"t":"idOrVar","v":"id"}]},{"$i":"statusbarLabel","$v":[{"t":"idOrVar","v":"date"},", ",{"t":"idOrVar","v":"operator"}]},{"$i":"statusbarDateFormat","$v":"%b %e"},{"$i":"statusbar","ariaLabel":"狀態列"},{"$i":"statusbarBattery","ariaLabel":[{"t":"idOrVar","v":"level"},"%電池"]},{"$i":"statusbarBatteryCharging","ariaLabel":[{"t":"idOrVar","v":"level"},"%電池(充電中)"]},{"$i":"statusbarFlightMode","ariaLabel":"飛航模式開啟"},{"$i":"statusbarWiFiConnecting","$v":"Wi-Fi：連線中"},{"$i":"statusbarWiFiConnected","$v":["Wi-Fi：",{"t":"idOrVar","v":"level"},"/4格訊號"]},{"$i":"statusbarSignal","$v":[{"t":"idOrVar","v":"operator"},"網路，",{"t":"idOrVar","v":"level"},"/5格訊號"]},{"$i":"statusbarSignalRoaming","$v":[{"t":"idOrVar","v":"operator"},"網路(漫遊)，",{"t":"idOrVar","v":"level"},"/5格訊號"]},{"$i":"statusbarSignalNoneSearching","$v":"正在搜尋...只能撥出緊急電話"},{"$i":"statusbarHeadphones","ariaLabel":"耳機開啟"},{"$i":"statusbarBluetoothHeadphones","ariaLabel":"藍牙耳機開啟"},{"$i":"statusbarBluetoothTransferring","ariaLabel":"藍牙傳輸(使用中)"},{"$i":"statusbarIconOn-tethering","$v":"網路共用開啟"},{"$i":"statusbarIconOnActive-tethering","$v":"網路共用開啟(使用中)"},{"$i":"statusbarAlarm","ariaLabel":"鬧鐘開啟"},{"$i":"statusbarIME","ariaLabel":"IME開"},{"$i":"statusbarIconOn-bluetooth","$v":"藍牙開啟"},{"$i":"statusbarIconOnActive-bluetooth","$v":"藍牙開啟(使用中)"},{"$i":"statusbarIconOn-mute","$v":"靜音開啟"},{"$i":"statusbarIconOn-vibration","$v":"震動開啟"},{"$i":"statusbarRecording","ariaLabel":"錄音開啟"},{"$i":"statusbarGeolocation","ariaLabel":"地理位置開啟"},{"$i":"statusbarUsb","ariaLabel":"USB開"},{"$i":"statusbarForwarding","$v":"來電轉接開啟"},{"$i":"statusbarPlaying","ariaLabel":"媒體播放中"},{"$i":"statusbarNfc","ariaLabel":"NFC開"},{"$i":"statusbarDownloads","ariaLabel":"正在下載…"},{"$i":"statusbarNetworkActivity","ariaLabel":"網路開啟"},{"$i":"statusbarEmergencyCBNotification","ariaLabel":"緊急回電"},{"$i":"statusbarNotifications","$v":{"few":[{"t":"idOrVar","v":"n"},"個通知"],"many":[{"t":"idOrVar","v":"n"},"個通知"],"one":[{"t":"idOrVar","v":"n"},"個通知"],"other":[{"t":"idOrVar","v":"n"},"個通知"],"two":[{"t":"idOrVar","v":"n"},"個通知"]},"$x":[{"t":"idOrVar","v":"plural"},"n"]},{"$i":"statusbarNotifications-unread","ariaLabel":{"$x":[{"t":"idOrVar","v":"plural"},"n"],"$v":{"few":[{"t":"idOrVar","v":"n"},"條未讀取通知"],"many":[{"t":"idOrVar","v":"n"},"條未讀取通知"],"one":[{"t":"idOrVar","v":"n"},"條未讀取通知"],"other":[{"t":"idOrVar","v":"n"},"條未讀取通知"],"two":[{"t":"idOrVar","v":"n"},"條未讀取通知"]}}},{"$i":"clear","$v":"清除"},{"$i":"clear-all","$v":"全部清除"},{"$i":"notification-title","$v":{"few":[{"t":"idOrVar","v":"n"},"個通知"],"many":[{"t":"idOrVar","v":"n"},"個通知"],"one":[{"t":"idOrVar","v":"n"},"個通知"],"other":[{"t":"idOrVar","v":"n"},"個通知"],"two":[{"t":"idOrVar","v":"n"},"個通知"],"zero":[{"t":"idOrVar","v":"n"},"個通知"]},"$x":[{"t":"idOrVar","v":"plural"},"n"]},{"$i":"notification-dialog-no-notices","$v":"無通知"},{"$i":"notification-title-new","$v":{"few":[{"t":"idOrVar","v":"n"},"個通知"],"many":[{"t":"idOrVar","v":"n"},"個通知"],"other":[{"t":"idOrVar","v":"n"},"個通知"],"two":[{"t":"idOrVar","v":"n"},"個通知"],"one":[{"t":"idOrVar","v":"n"},"個通知"],"zero":[{"t":"idOrVar","v":"n"},"個通知"]},"$x":[{"t":"idOrVar","v":"plural"},"n"]},{"$i":"notification-dialog-no-notices-new","$v":"無通知"},{"$i":"tcl-ntf-open","$v":"開啟"},{"$i":"tcl-ntf-next_song","$v":"下一步"},{"$i":"tcl-ntf_play","$v":"播放"},{"$i":"tcl-ntf-pause","$v":"暫停"},{"$i":"tcl-ntf-dismiss-all","$v":"全部解除"},{"$i":"tcl-ntf-dismiss","$v":"解除"},{"$i":"tcl-ntf-toaster-clear","$v":"通知已解除"},{"$i":"tcl-ntf-toaster-clear-all","$v":"通知已解除"},{"$i":"attentionScreen-tapToShow","$v":"點擊以顯示"},{"$i":"tcl-cmas-ok","$v":"確認"},{"$i":"tcl-cmas-screen-help","$v":"按「確認」以檢視更多資訊"},{"$i":"tcl-cmas-title","$v":"CMAS警報"},{"$i":"camera","$v":"相機"},{"$i":"tcl-dflt-value-level","$v":"設定值層級"},{"$i":"tcl-dflt-range-value-name","$v":"層級"},{"$i":"newVoicemails","$v":{"few":[{"t":"idOrVar","v":"n"},"條新語音留言"],"many":[{"t":"idOrVar","v":"n"},"條新語音留言"],"one":"1條新語音留言","other":[{"t":"idOrVar","v":"n"},"條新語音留言"],"two":[{"t":"idOrVar","v":"n"},"條新語音留言"],"zero":"沒有新語音留言"},"$x":[{"t":"idOrVar","v":"plural"},"n"]},{"$i":"newVoicemailsUnknown","$v":"新語音留言"},{"$i":"dialNumber","$v":["撥號",{"t":"idOrVar","v":"number"}]},{"$i":"voicemailNotificationMultiSim","$v":["(SIM卡",{"t":"idOrVar","v":"n"},")",{"t":"idOrVar","v":"title"}]},{"$i":"euRoamingNotificationTitle","$v":"偵測到EU網際網路"},{"$i":"euRoamingNotificationMsg","$v":"點擊以變更。"},{"$i":"restart","$v":"重新啟動"},{"$i":"power","$v":"關機"},{"$i":"lock","$v":"鎖定"},{"$i":"cleanup","$v":"清理記憶體"},{"$i":"no-recent-app-windows","$v":"您最近的應用程式視窗將在此顯示"},{"$i":"no-recent-browser-windows","$v":"您最近的瀏覽器視窗將在此顯示"},{"$i":"closeCard","ariaLabel":"關閉"},{"$i":"openCard","ariaLabel":"開啟"},{"$i":"yes","$v":"是"},{"$i":"no","$v":"否"},{"$i":"dontallow","$v":"不允許"},{"$i":"allow","$v":"允許"},{"$i":"dontshare-geolocation","$v":"不分享"},{"$i":"share-geolocation","$v":"分享"},{"$i":"dontshare-audio-capture","$v":"不分享"},{"$i":"share-audio-capture","$v":"分享"},{"$i":"dontshare-video-capture","$v":"不分享"},{"$i":"share-video-capture","$v":"分享"},{"$i":"dontshare-media-capture","$v":"不分享"},{"$i":"share-media-capture","$v":"分享"},{"$i":"device-front","$v":"正面相機"},{"$i":"device-back","$v":"背面相機"},{"$i":"front-camera","$v":"正面相機"},{"$i":"back-camera","$v":"後面相機"},{"$i":"more-info","$v":"更多資訊…"},{"$i":"hide-info","$v":"隱藏資訊"},{"$i":"tcl-permission","$v":"權限"},{"$i":"install-app","$v":["安裝",{"t":"idOrVar","v":"name"},"？"]},{"$i":"size","$v":"大小"},{"$i":"author","$v":"作者"},{"$i":"size-unknown","$v":"不明"},{"$i":"author-unknown","$v":"不明"},{"$i":"install","$v":"安裝"},{"$i":"bytes","$v":"位元組"},{"$i":"kB","$v":"KB"},{"$i":"MB","$v":"MB"},{"$i":"GB","$v":"GB"},{"$i":"TB","$v":"TB"},{"$i":"PB","$v":"PB"},{"$i":"app-install-generic-error","$v":[{"t":"idOrVar","v":"appName"},"下載停止"]},{"$i":"app-install-download-failed","$v":[{"t":"idOrVar","v":"appName"},"下載失敗"]},{"$i":"app-install-install-failed","$v":[{"t":"idOrVar","v":"appName"},"安裝失敗"]},{"$i":"cancelling-will-not-refund","$v":"取消不會退還購買金額。已付內容的退款將由原始銷售者提供。"},{"$i":"apps-can-be-installed-later","$v":"稍後可從原始安裝來源安裝應用程式。"},{"$i":"are-you-sure-you-want-to-cancel","$v":"確認要取消此安裝？"},{"$i":"cancel-install","$v":"取消安裝"},{"$i":"cancel-install-button","$v":"取消安裝"},{"$i":"resume","$v":"恢復"},{"$i":"continue","$v":"繼續"},{"$i":"stopDownloading","$v":["停止下載",{"t":"idOrVar","v":"app"},"？"]},{"$i":"app-download-can-be-restarted","$v":"可稍後重新啟動下載。"},{"$i":"app-download-stop-button","$v":"停止下載"},{"$i":"not-enough-space","$v":"空間不足"},{"$i":"not-enough-space-message","$v":"空間不足，無法安裝此應用程式。請刪除舊的應用程式或媒體並嘗試從原始來源再次安裝，以釋放空間。"},{"$i":"app-install-success","$v":[{"t":"idOrVar","v":"appName"},"已安裝"]},{"$i":"app-install-update","$v":[{"t":"idOrVar","v":"appName"},"已更新"]},{"$i":"langpack-install-success2","$v":[{"t":"idOrVar","v":"appName"},"已安裝。若要將其啟用，請前往「設定」>「語言」。"]},{"$i":"setup","$v":"設定"},{"$i":"ime-addkeyboards","$v":"增加鍵盤"},{"$i":"ime-lowercase","$v":"小寫"},{"$i":"ime-uppercase","$v":"大寫"},{"$i":"ime-number","$v":"號碼"},{"$i":"ime-capitalize","$v":"大寫"},{"$i":"ime-t9","$v":"T9"},{"$i":"ime-r9","$v":"R9"},{"$i":"ime-predictive","$v":"智慧輸入法"},{"$i":"ime-insert-word","$v":"插入單詞"},{"$i":"ime-voice-input-messsage","$v":"在文字欄位中長按確\"認以\"說話。"},{"$i":"later","$v":"稍後"},{"$i":"download","$v":"下載"},{"$i":"wantToDownload","$v":"立即下載更新？"},{"$i":"wantToInstallNow","$v":"是否要立即安裝更新？將在幾分鐘內無法使用您的手機。"},{"$i":"installNow","$v":"立即安裝"},{"$i":"notNow","$v":"不是現在"},{"$i":"downloadingUpdateMessage","innerHTML":{"$o":["正在下載更新…<span>已下載",{"t":"idOrVar","v":"progress"},"。</span>"]}},{"$i":"downloadingAppMessage","$v":["正在下載",{"t":"idOrVar","v":"appName"}]},{"$i":"downloadingAppProgressNoMax","$v":["已下載",{"t":"idOrVar","v":"progress"}]},{"$i":"downloadingAppProgressIndeterminate","$v":"正在下載"},{"$i":"downloadingAppProgress","$v":["已下載",{"t":"idOrVar","v":"progress"},"/",{"t":"idOrVar","v":"max"}]},{"$i":"cancelAllDownloads","$v":"取消所有下載"},{"$i":"wantToCancelAll","$v":"確認要取消所有下載？"},{"$i":"downloadError","$v":"下載更新時發生錯誤。"},{"$i":"updateAvailableInfo","innerHTML":{"$x":[{"t":"idOrVar","v":"plural"},"n"],"$v":{"few":{"$o":[{"t":"idOrVar","v":"n"},"個更新可用。<span>點擊以獲得更多資訊。</span>"]},"many":{"$o":[{"t":"idOrVar","v":"n"},"個更新可用。<span>點擊以獲得更多資訊。</span>"]},"one":{"$o":[{"t":"idOrVar","v":"n"},"個更新可用。<span>點擊以獲得更多資訊。</span>"]},"other":{"$o":[{"t":"idOrVar","v":"n"},"個更新可用。<span>點擊以獲得更多資訊。</span>"]},"two":{"$o":[{"t":"idOrVar","v":"n"},"個更新可用。<span>點擊以獲得更多資訊。</span>"]}}}},{"$i":"numberOfUpdates","$v":{"few":[{"t":"idOrVar","v":"n"},"個通知"],"many":[{"t":"idOrVar","v":"n"},"個通知"],"one":[{"t":"idOrVar","v":"n"},"個通知"],"other":[{"t":"idOrVar","v":"n"},"個通知"],"two":[{"t":"idOrVar","v":"n"},"個通知"]},"$x":[{"t":"idOrVar","v":"plural"},"n"]},{"$i":"systemUpdate","$v":"系統更新"},{"$i":"systemUpdateReady","$v":"系統更新就緒"},{"$i":"updates","$v":"更新"},{"$i":"systemUpdateLowBatteryThreshold","$v":["您需要至少",{"t":"idOrVar","v":"threshold"},"%電池電量才能安裝更新。"]},{"$i":"required","$v":"必要"},{"$i":"uncompressingMessage","innerHTML":{"$o":"正在解壓縮… <span>這可能需要幾分鐘的時間。</span>"}},{"$i":"downloadWifiPrioritizedUsing2G","$v":"當Wi-Fi不可用時，將透過數據連線下載更新。使用數據連線時，可能會攔截手機來電，並且還可能會產生其他費用。"},{"$i":"downloadWifiPrioritized3","$v":"當Wi-Fi不可用時，將透過數據連線下載更新。使用數據連線時，可能會產生其他費用。"},{"$i":"downloadNoWifiWarning","$v":"Wi-Fi不可用。更新當前連線可能會產生其他費用。"},{"$i":"downloadOfflineWarning2","$v":"連線至網路以下載更新。"},{"$i":"downloadUpdatesViaDataConnection","$v":"透過數據連線下載更新？"},{"$i":"downloadUpdatesVia2GForbidden3","$v":"無法透過較慢連線(2G)下載更新。請透過Wi-Fi或3G(如果可用)連線，然後再試一次。"},{"$i":"downloadUpdatesViaDataConnectionMessage3","$v":"使用數據連線時，可能會產生其他費用。是否要繼續？"},{"$i":"downloadUpdatesViaDataRoamingConnection","$v":"透過數據漫遊下載更新？"},{"$i":"downloadUpdatesViaDataRoamingConnectionMessage","$v":"您目前正在漫遊，可能會產生其他費用。是否要繼續？"},{"$i":"screenshotSaved","$v":"螢幕擷取畫面已儲存至圖庫"},{"$i":"screenshotFailed","$v":"螢幕擷取畫面無法儲存"},{"$i":"screenshotNoSDCard","$v":"找不到記憶卡"},{"$i":"screenshotSDCardInUse","$v":"記憶卡正在使用中"},{"$i":"screenshotSDCardLow","$v":"記憶卡空間不足"},{"$i":"emergency-call-button","$v":"緊急通話"},{"$i":"emergency-call","$v":"緊急"},{"$i":"unlock-a11y-button","ariaLabel":"解鎖"},{"$i":"camera-a11y-button","ariaLabel":"相機"},{"$i":"longDateFormat","$v":"%Y年%B月%d日%a"},{"$i":"clockDateFormat","$v":"%a, %e %b"},{"$i":"panel-passcode","ariaLabel":"密碼面板"},{"$i":"open-notification","$v":"開啟"},{"$i":"unlock","$v":"解鎖"},{"$i":"login","$v":"登入"},{"$i":"sign-in-to-website","$v":"登入網站"},{"$i":"username","$v":"使用者名稱"},{"$i":"password","$v":"密碼"},{"$i":"show-password","$v":"顯示密碼"},{"$i":"http-authentication-message2","$v":["網站",{"t":"idOrVar","v":"host"},"需要登入。"]},{"$i":"error-message","$v":[{"t":"idOrVar","v":"name"},"未正確載入"]},{"$i":"error-title","$v":[{"t":"idOrVar","v":"name"},"存在問題"]},{"$i":"unable-to-connect","$v":"無法連線"},{"$i":"tap-to-check-settings","$v":"點擊以檢查設定"},{"$i":"set","$v":"設定"},{"$i":"delete-title","$v":["刪除",{"t":"idOrVar","v":"name"}]},{"$i":"delete-body","$v":["將會刪除",{"t":"idOrVar","v":"name"},"及其所有資料。"]},{"$i":"delete","$v":"解除安裝"},{"$i":"delete-desc","$v":"確認要解除安裝？"},{"$i":"unrecoverable-error-title","$v":"移除應用程式"},{"$i":"unrecoverable-error-body","$v":"由於無法復原的錯誤，無法安裝應用程式。請再次嘗試下載。應用程式將會移除。"},{"$i":"unrecoverable-error-action","$v":"確認"},{"$i":"instant-settings","$v":"即時設定"},{"$i":"settings","$v":"設定"},{"$i":"flashlight","$v":"閃光燈"},{"$i":"brightness","$v":"亮度"},{"$i":"volume","$v":"音量"},{"$i":"calculator","$v":"計算機"},{"$i":"airplane-mode","$v":"飛航模式"},{"$i":"wifi","$v":"管理Wi-Fi"},{"$i":"bluetooth","$v":"藍牙"},{"$i":"cellular-data","$v":"行動數據"},{"$i":"on","$v":"開啟"},{"$i":"off","$v":"關閉"},{"$i":"percentage-number","$v":[{"t":"idOrVar","v":"number"},"%"]},{"$i":"select-time","$v":"選取時間"},{"$i":"select-date","$v":"選取日期"},{"$i":"tcl-select-day","$v":"選取天"},{"$i":"tcl-add","$v":"增加"},{"$i":"battery-almost-empty-plug-in-your-charger","$v":"您的電池電量不足。請插入您的充電器。"},{"$i":"battery-temperature-warning-header","$v":"警告"},{"$i":"battery-temperature-high","$v":"溫度過高。如果溫度不斷上升，手機將會關閉。"},{"$i":"battery-temperature-high-stop-charging","$v":"溫度過高。電池已停止充電。如果溫度不斷上升，手機將會關閉。"},{"$i":"battery-temperature-low","$v":"溫度過低。如果溫度不斷下降，手機將會關閉。"},{"$i":"battery-temperature-low-stop-charging","$v":"溫度過低。電池已停止充電。如果溫度不斷下降，手機將會關閉。"},{"$i":"crash-dialog2-os","$v":[{"t":"idOrVar","v":"brandShortName"},"剛從當機復原"]},{"$i":"crash-dialog-app","$v":[{"t":"idOrVar","v":"name"},"剛當機"]},{"$i":"crash-dialog-app-noname","$v":"某些內容"},{"$i":"crash-dialog-message","$v":"是否要向KaiOS傳送有關當機的報告以協助我們解決問題？(報告僅透過Wi-Fi傳送。)"},{"$i":"crash-info-link","$v":"當機報告內容為何？"},{"$i":"crash-always-report","$v":"發生當機時，總是向KaiOS傳送報告。"},{"$i":"crash-dont-send","$v":"不傳送"},{"$i":"crash-end","$v":"傳送報告"},{"$i":"crashReports","$v":"當機報告"},{"$i":"done","$v":"已完成"},{"$i":"crash-reports-description-1","$v":"當機報告包含一些有關當機和裝置的詳情，以及裝置當機時的狀態影片定格。"},{"$i":"crash-reports-description-2","$v":"這可能包含開啟頁面和應用程式、輸入表單的文字和開啟訊息內容、最近瀏覽記錄或開啟應用程式所使用的地理位置等內容。"},{"$i":"crash-reports-description-3-start","$v":"我們會使用當機報告來嘗試解決問題並改進我們的產品。我們處理您資訊的方式如下所述 "},{"$i":"crash-reports-description-3-privacy","$v":"隱私權原則"},{"$i":"crash-reports-description-3-end","$v":"."},{"$i":"crash-banner-os2","$v":[{"t":"idOrVar","v":"brandShortName"},"剛當機。"]},{"$i":"crash-banner-app","$v":[{"t":"idOrVar","v":"name"},"剛當機。"]},{"$i":"crash-banner-report","$v":"報告"},{"$i":"bluetooth-sending-progress","$v":"正在透過藍牙傳送檔案"},{"$i":"bluetooth-receiving-progress","$v":"正在透過藍牙接收檔案"},{"$i":"acceptFileTransfer","$v":"傳輸請求"},{"$i":"requestToReceive","$v":[{"t":"idOrVar","v":"deviceName"},"想要傳送檔案。是否要接受？"]},{"$i":"wantToReceiveFile","$v":[{"t":"idOrVar","v":"deviceName"},"想要傳輸",{"t":"idOrVar","v":"fileName"},"(",{"t":"idOrVar","v":"fileSize"},")。"]},{"$i":"transfer-confirmation-title","$v":[{"t":"idOrVar","v":"deviceName"}]},{"$i":"transfer-confirmation-description","$v":"檢閱傳輸請求。"},{"$i":"byteUnit-B","$v":"位元組"},{"$i":"byteUnit-KB","$v":"KB"},{"$i":"byteUnit-MB","$v":"MB"},{"$i":"byteUnit-GB","$v":"GB"},{"$i":"byteUnit-TB","$v":"TB"},{"$i":"byteUnit-PB","$v":"PB"},{"$i":"byteUnit-EB","$v":"EB"},{"$i":"byteUnit-ZB","$v":"ZB"},{"$i":"byteUnit-YB","$v":"YB"},{"$i":"fileSize","$v":[{"t":"idOrVar","v":"size"}," ",{"t":"idOrVar","v":"unit"}]},{"$i":"deny","$v":"拒絕"},{"$i":"transfer","$v":"傳輸"},{"$i":"accept","$v":"接受"},{"$i":"stop","$v":"停止"},{"$i":"cancelFileTransfer","$v":"取消藍牙檔案傳輸？"},{"$i":"continueFileTransfer","$v":"繼續"},{"$i":"transfer-has-started-title","$v":"檔案傳輸已準備好開始"},{"$i":"transfer-has-started-description","$v":"正在等待確認"},{"$i":"transfer-has-started-toast","$v":"檔案傳輸已開始。檢查通知中的進度"},{"$i":"transferFinished-sentSuccessful-title","$v":"檔案已傳送"},{"$i":"transferFinished-receivedSuccessful-title","$v":"檔案已接收"},{"$i":"transferFinished-failed-title","$v":"檔案傳輸失敗"},{"$i":"transferFinished-try-again-description","$v":"無法立即傳送檔案，請稍後再試。"},{"$i":"transferReport-title","$v":"傳輸報告："},{"$i":"transferReport-description","$v":[{"t":"idOrVar","v":"numSuccessful"},"個檔案成功，",{"t":"idOrVar","v":"numUnsuccessful"},"個檔案失敗"]},{"$i":"unknown-file","$v":"不明檔案"},{"$i":"unknown-device","$v":"不明裝置"},{"$i":"cannotOpenFile","$v":"無法取得已接收檔案"},{"$i":"unknownMediaTypeToOpenFile","$v":["無法開啟不明媒體類型：",{"t":"idOrVar","v":"fileName"}]},{"$i":"cannotReceiveFile","$v":"無法接收檔案"},{"$i":"cannotGetStorageState","$v":"無法取得裝置儲存空間狀態。"},{"$i":"sdcard-not-exist2","$v":"找不到記憶卡。請插入一張記憶卡。"},{"$i":"sdcard-in-use","$v":"當手機插上電源時無法使用藍牙。請拔除手機以接收檔案。"},{"$i":"sdcard-no-space2","$v":"無法完成傳輸：記憶卡已滿。"},{"$i":"unknown-error","$v":"不明錯誤"},{"$i":"confirm","$v":"確認"},{"$i":"stopTransferTitle","$v":"停止文件傳輸"},{"$i":"stopTransferContent","$v":"您想通過藍牙停止文件傳輸嗎？"},{"$i":"storage","$v":"儲存"},{"$i":"sdcard-detected-title","$v":"已偵測到SD卡"},{"$i":"no-sdcard-title","$v":"無SD卡"},{"$i":"sdcard-total-size-body","$v":["大小總計：",{"t":"idOrVar","v":"size"}," ",{"t":"idOrVar","v":"unit"}]},{"$i":"sdcard-unknown-size-then-tap-to-format-body","$v":"不明大小(點擊以格式化)"},{"$i":"sdcard-removed-title","$v":"SD卡已移除"},{"$i":"sdcard-removed-ejected-successfully","$v":"已成功退出"},{"$i":"sdcard-removed-not-ejected-properly","$v":"未正確退出"},{"$i":"set-sdcard-as-default-media-location","$v":"已偵測到SD卡。將SD卡設為預設媒體位置？"},{"$i":"no-sdcard-content","$v":"插入SD卡以取得更多空間。"},{"$i":"sim-confirmation-content","$v":["行動數據已指派給SIM",{"t":"idOrVar","v":"n"},"卡。"]},{"$i":"sim-confirmation-title","$v":"已變更SIM卡"},{"$i":"sim-confirmation-notice-title","$v":"已變更SIM卡"},{"$i":"sim-confirmation-notice","$v":"選取以查看詳情。"},{"$i":"sim-hot-plug","$v":"手機將重新啟動"},{"$i":"sim-hot-plug-empty","$v":"由於SIM卡已拔出，手機將重新啟動。"},{"$i":"sim-hot-plug-empty-confirm","$v":"請確保已完全拉出SIM卡，然後按「確認」以重新啟動。"},{"$i":"noSimCard","$v":"無SIM卡"},{"$i":"lockedSim","$v":"已鎖定SIM卡"},{"$i":"noService","$v":"無服務"},{"$i":"eccOnly","$v":"Emergency calls only"},{"$i":"nocard-eccOnly","$v":"No SIM card-Emergency calls only"},{"$i":"unusablecard-eccOnly","$v":"Unusable SIM card-Emergency calls only"},{"$i":"searching","$v":"Searching"},{"$i":"simPin","$v":"SIM PIN"},{"$i":"pukCode","$v":"PUK碼"},{"$i":"nckCode","$v":"NCK碼"},{"$i":"cckCode","$v":"CCK碼"},{"$i":"spckCode","$v":"SPCK碼"},{"$i":"nck1code","$v":"NCK1碼"},{"$i":"nck2code","$v":"NCK2碼"},{"$i":"hnckcode","$v":"HNCK碼"},{"$i":"rcckcode","$v":"RCCK碼"},{"$i":"rspckcode","$v":"RSPCK碼"},{"$i":"ncklockContent","$v":["插槽",{"t":"idOrVar","v":"n"},"已使用NCK碼進行鎖定。"]},{"$i":"whatIsSimPin","$v":"什麼是SIM PIN？"},{"$i":"simPinIntro1","$v":"SIM卡PIN防止存取SIM卡行動數據網路。啟用時，任何包含SIM卡的裝置都將在重新啟動後要求PIN。"},{"$i":"simPinIntro2","$v":"SIM卡PIN與用於解鎖裝置的密碼不相同。"},{"$i":"changeSimPin","$v":"更改PIN"},{"$i":"pinTitle","$v":"輸入SIM PIN"},{"$i":"multiSIMpinTitle","$v":["輸入SIM ",{"t":"idOrVar","v":"n"}," PIN"]},{"$i":"multiSIMpukTitle","$v":["輸入PUK",{"t":"idOrVar","v":"n"}," PIN"]},{"$i":"multiSIMnckTitle","$v":["輸入NCK",{"t":"idOrVar","v":"n"}," PIN"]},{"$i":"multiSIMxckTitle","$v":["輸入SIM",{"t":"idOrVar","v":"n"},"卡",{"t":"idOrVar","v":"type"}]},{"$i":"xckTitle","$v":["輸入",{"t":"idOrVar","v":"type"},"碼"]},{"$i":"xckCode","$v":[{"t":"idOrVar","v":"type"},"碼"]},{"$i":"xckBlocked","$v":[{"t":"idOrVar","v":"type"},"已封鎖"]},{"$i":"pukTitle","$v":"輸入PUK碼"},{"$i":"nckTitle","$v":"輸入NCK碼"},{"$i":"cckTitle","$v":"輸入CCK碼"},{"$i":"spckTitle","$v":"輸入SPCK碼"},{"$i":"nck1Title","$v":"輸入NCK1碼"},{"$i":"nck2Title","$v":"輸入NCK2碼"},{"$i":"hnckTitle","$v":"輸入HNCK碼"},{"$i":"rcckTitle","$v":"輸入RCCK碼"},{"$i":"rspckTitle","$v":"輸入RSPCK碼"},{"$i":"newpinTitle","$v":"新PIN"},{"$i":"inputCodeRetriesLeft","$v":{"few":["剩",{"t":"idOrVar","v":"n"},"次嘗試。"],"many":["剩",{"t":"idOrVar","v":"n"},"次嘗試。"],"one":"剩1次嘗試。","other":["剩",{"t":"idOrVar","v":"n"},"次嘗試。"],"two":["剩",{"t":"idOrVar","v":"n"},"次嘗試。"]},"$x":[{"t":"idOrVar","v":"plural"},"n"]},{"$i":"pinErrorMsg","$v":"PIN錯誤。"},{"$i":"pinAttemptMsg2","$v":{"few":["在鎖定SIM卡之前，您還剩",{"t":"idOrVar","v":"n"},"次嘗試來輸入正確的代碼。"],"many":["在鎖定SIM卡之前，您還剩",{"t":"idOrVar","v":"n"},"次嘗試來輸入正確的代碼。"],"one":"在鎖定SIM卡之前，您還剩1次嘗試來輸入正確的代碼。","other":["在鎖定SIM卡之前，您還剩",{"t":"idOrVar","v":"n"},"次嘗試來輸入正確的代碼。"],"two":["在鎖定SIM卡之前，您還剩",{"t":"idOrVar","v":"n"},"次嘗試來輸入正確的代碼。"]},"$x":[{"t":"idOrVar","v":"plural"},"n"]},{"$i":"pinLastChanceMsg","$v":"這是您最後一次機會來輸入正確的PIN。否則，您必須輸入PUK碼才能使用此SIM卡。"},{"$i":"simCardLockedMsg","$v":"SIM卡已鎖定。"},{"$i":"enterPukMsg","$v":"您必須輸入SIM卡的個人解鎖金鑰(PUK)代碼。如需詳細資訊，請參閱您的SIM卡說明文件或連絡系統業者。"},{"$i":"pukErrorMsg","$v":"PUK錯誤。"},{"$i":"pukAttemptMsg2","$v":{"few":["在此SIM卡永久無法使用之前，您還剩",{"t":"idOrVar","v":"n"},"次嘗試來輸入正確的代碼。如需詳細資訊，請參閱您的SIM卡說明文件或連絡系統業者。"],"many":["在此SIM卡永久無法使用之前，您還剩",{"t":"idOrVar","v":"n"},"次嘗試來輸入正確的代碼。如需詳細資訊，請參閱您的SIM卡說明文件或連絡系統業者。"],"one":"在此SIM卡永久無法使用之前，您還剩1次嘗試來輸入正確的代碼。如需詳細資訊，請參閱您的SIM卡說明文件或連絡系統業者。","other":["在此SIM卡永久無法使用之前，您還剩",{"t":"idOrVar","v":"n"},"次嘗試來輸入正確的代碼。如需詳細資訊，請參閱您的SIM卡說明文件或連絡系統業者。"],"two":["在此SIM卡永久無法使用之前，您還剩",{"t":"idOrVar","v":"n"},"次嘗試來輸入正確的代碼。如需詳細資訊，請參閱您的SIM卡說明文件或連絡系統業者。"]},"$x":[{"t":"idOrVar","v":"plural"},"n"]},{"$i":"pukLastChanceMsg","$v":"這是最後一次機會來輸入正確的PUK碼。如果輸入的PUK碼錯誤，您的SIM卡將永久無法使用。如需詳細資訊，請參閱您的SIM卡說明文件或連絡系統業者。"},{"$i":"cardPermanentlyLockMsg-head","$v":"PUK不正確。"},{"$i":"cardPermanentlyLockMsg-body","$v":"您的SIM卡已永久鎖定。如需詳細資訊，請連絡系統業者。"},{"$i":"newSimPinMsg","$v":"建立PIN(必須包含4到8位數)"},{"$i":"confirmNewSimPinMsg","$v":"確認新PIN"},{"$i":"newPinErrorMsg","$v":"PIN不符。"},{"$i":"nckErrorMsg","$v":"NCK碼不正確。"},{"$i":"nckAttemptMsg2","$v":{"few":["網路取消個人化請求失敗。您還剩",{"t":"idOrVar","v":"n"},"次嘗試以輸入正確的代碼。如需詳細資訊，請參閱您的裝置說明文件或連絡系統業者。"],"many":["網路取消個人化請求失敗。您還剩",{"t":"idOrVar","v":"n"},"次嘗試以輸入正確的代碼。如需詳細資訊，請參閱您的裝置說明文件或連絡系統業者。"],"one":"網路取消個人化請求失敗。您還剩1次嘗試以輸入正確的代碼。如需詳細資訊，請參閱您的裝置說明文件或連絡系統業者。","other":["網路取消個人化請求失敗。您還剩",{"t":"idOrVar","v":"n"},"次嘗試以輸入正確的代碼。如需詳細資訊，請參閱您的裝置說明文件或連絡系統業者。"],"two":["網路取消個人化請求失敗。您還剩",{"t":"idOrVar","v":"n"},"次嘗試以輸入正確的代碼。如需詳細資訊，請參閱您的裝置說明文件或連絡系統業者。"]},"$x":[{"t":"idOrVar","v":"plural"},"n"]},{"$i":"nckLastChanceMsg","$v":"網路取消個人化請求失敗。這是最後一次機會來輸入正確的NCK碼。如需詳細資訊，請參閱您的裝置說明文件或連絡系統業者。"},{"$i":"sim-attention-header","$v":"SIM卡已鎖定"},{"$i":"multiSIM-attention-header","$v":["SIM卡",{"t":"idOrVar","v":"n"},"已鎖定"]},{"$i":"sim-attention-head","$v":"SIM卡已鎖定。"},{"$i":"sim-attention-body","$v":"是否要輸入PUK碼以解鎖SIM卡？"},{"$i":"enter-puk-rsk","$v":"輸入PUK"},{"$i":"verify-rsk","$v":"已完成"},{"$i":"activity-pick","$v":"選取來源"},{"$i":"activity-view","$v":"檢視方式"},{"$i":"activity-test","$v":"測試方式"},{"$i":"activity-share","$v":"分享"},{"$i":"activity-new","$v":"建立方式"},{"$i":"activity-open","$v":"開啟方式"},{"$i":"activity-save-bookmark","$v":"加入書籤至"},{"$i":"activity-record","$v":"錄製來源"},{"$i":"activity-browse","$v":"瀏覽方式"},{"$i":"activity-configure","$v":"設定方式"},{"$i":"activity-dial","$v":"撥號來源"},{"$i":"remoteDebuggerMessage","$v":"偵測到允許遠端偵錯連線的內送請求。允許連線？"},{"$i":"captive-wifi-available","$v":["已找到網路",{"t":"idOrVar","v":"networkName"},"。加入網路？"]},{"$i":"ceWarningtitle","$v":"音量警告"},{"$i":"ceWarningcontent","$v":"為避免聽力可能受損，請勿長時間以高音量聆聽。"},{"$i":"is-volume-type-notification","$v":"鈴聲與提示"},{"$i":"is-volume-type-telephony","$v":"音量"},{"$i":"is-volume-type-alarm","$v":"鬧鐘"},{"$i":"is-volume-type-content","$v":"媒體"},{"$i":"tcl-volume-type-notification","$v":"鈴聲與提示"},{"$i":"tcl-volume-type-telephony","$v":"音量"},{"$i":"volume-type-alarm","$v":"鬧鐘"},{"$i":"volume-type-content","$v":"媒體"},{"$i":"vibrate-only","$v":"僅震動"},{"$i":"silent","$v":"無聲"},{"$i":"vibrate-on","$v":"震動：開啟"},{"$i":"vibrate-off","$v":"震動：關閉"},{"$i":"vibrate","$v":"震動"},{"$i":"tcl-volume","$v":["音量：",{"t":"idOrVar","v":"n"},"/",{"t":"idOrVar","v":"c"}]},{"$i":"notification-powersaving-mode-on-title","$v":"省電模式"},{"$i":"notification-powersaving-mode-on-description","$v":"省電模式已開啟。"},{"$i":"low-device-storage","$v":"裝置空間不足。"},{"$i":"storage-alert","$v":"存儲警報"},{"$i":"phone-almost-full","$v":"手機幾乎已滿。"},{"$i":"free-space","$v":{"few":["還剩少於",{"t":"idOrVar","v":"value"}," ",{"t":"idOrVar","v":"unit"},"。"],"many":["還剩少於",{"t":"idOrVar","v":"value"}," ",{"t":"idOrVar","v":"unit"},"。"],"one":["還剩少於",{"t":"idOrVar","v":"value"}," ",{"t":"idOrVar","v":"unit"},"。"],"other":["還剩少於",{"t":"idOrVar","v":"value"}," ",{"t":"idOrVar","v":"unit"},"。"],"two":["還剩少於",{"t":"idOrVar","v":"value"}," ",{"t":"idOrVar","v":"unit"},"。"],"zero":"沒有剩餘的可用空間。"},"$x":[{"t":"idOrVar","v":"plural"},"value"]},{"$i":"unknown-free-space","$v":"剩餘空間不明。"},{"$i":"can-delete-data-to-get-space","$v":"可以刪除部分媒體檔案或管理應用程式數據，以釋放更多可用空間。"},{"$i":"should-delete-data-to-get-space","$v":"必須先刪除部分媒體檔案或管理應用程式資料以取得更多可用空間，再繼續使用此裝置。"},{"$i":"storage-full-level-1-title","$v":"電話幾乎滿了"},{"$i":"storage-full-level-2-title","$v":"手機儲存空間已滿。"},{"$i":"delete-to-get-space","$v":"刪除媒體檔案、應用程式資料或下載的應用程式以釋出空間。"},{"$i":"delete-to-get-space-level-2","$v":"刪除媒體檔案、應用程式資料或下載的應用程式以釋出空間，否則手機將無法正常運作。"},{"$i":"system-alert","$v":"系統提示"},{"$i":"cb-channel","$v":["頻道",{"t":"idOrVar","v":"channel"}]},{"$i":"cell-broadcast-subtitle","$v":"區域廣播"},{"$i":"cb-etws-warningType-earthquake","$v":"地震警告！"},{"$i":"cb-etws-warningType-tsunami","$v":"海嘯警告！"},{"$i":"cb-etws-warningType-earthquake-tsunami","$v":"地震與海嘯警告！"},{"$i":"cb-etws-warningType-test","$v":"提示系統正在測試中。"},{"$i":"cb-etws-warningType-other","$v":"緊急警告！"},{"$i":"icc-message-maintitle","$v":"系統業者訊息"},{"$i":"icc-message-subtitle","$v":"SIM卡"},{"$i":"icc-confirmCall-defaultmessage","$v":["撥號",{"t":"idOrVar","v":"number"},"？"]},{"$i":"icc-alertMessage-defaultmessage","$v":"正在傳送訊息"},{"$i":"icc-confirmMessage-defaultmessage","$v":"傳送訊息？"},{"$i":"icc-notification-title","$v":["SIM ",{"t":"idOrVar","v":"id"}," STK"]},{"$i":"icc-inputbox-maintitle","$v":"STK查詢"},{"$i":"icc-inputbox-subtitle","$v":["SIM ",{"t":"idOrVar","v":"id"}]},{"$i":"emergency-callback-mode","$v":"緊急回電模式"},{"$i":"emergency-callback-message","$v":"無法撥打電話、傳送訊息或連線，因為已啟用緊急回電模式。是否要關閉？"},{"$i":"cdma-record-info","$v":"CDMA記錄資訊"},{"$i":"download_started","$v":"下載已開始"},{"$i":"download_stopped","$v":"下載已停止"},{"$i":"download_downloading","$v":[{"t":"idOrVar","v":"percentage"},"%"]},{"$i":"download_succeeded","$v":"下載完成"},{"$i":"download_failed","$v":"下載失敗"},{"$i":"update_succeeded","$v":"更新完成"},{"$i":"download_text_by_default","$v":[{"t":"idOrVar","v":"name"}]},{"$i":"phone-storage-full-title","$v":"手機儲存空間已滿"},{"$i":"phone-storage-full-warning","$v":"無法下載檔案。請刪除媒體檔案或應用程式資料以釋放空間。您還可以插入SD卡來擴充媒體儲存空間。"},{"$i":"sdcard-storage-full-title","$v":"SD卡已滿。"},{"$i":"sdcard-storage-full-warning","$v":"無法下載檔案。請刪除SD卡中的檔案以釋放空間。"},{"$i":"opt-settings","$v":"設定"},{"$i":"search-the-web","$v":"搜尋瀏覽器"},{"$i":"search-or-enter-address","$v":"搜尋或輸入地址","placeholder":"搜尋或輸入地址"},{"$i":"search-or-enter-url","$v":"搜尋或輸入URL","placeholder":"搜尋或輸入URL"},{"$i":"back-button","ariaLabel":"返回"},{"$i":"forward-button","ariaLabel":"轉接"},{"$i":"reload-button","ariaLabel":"重新載入"},{"$i":"stop-button","ariaLabel":"停止"},{"$i":"windows-button","ariaLabel":"顯示視窗"},{"$i":"noHotspotWhenAPMisOnWifiHotspot","$v":"關閉航空模式以使用Wi-Fi熱點。"},{"$i":"apmActivated","$v":"飛航模式已啟動"},{"$i":"save-image","$v":"儲存影像"},{"$i":"save-video","$v":"儲存影片"},{"$i":"save-audio","$v":"儲存音訊"},{"$i":"share-image","$v":"分享影像"},{"$i":"share-video","$v":"分享影片"},{"$i":"share-audio","$v":"分享音訊"},{"$i":"tcl-cancelButtonId","$v":"取消"},{"$i":"tcl-not-send","$v":"不傳送"},{"$i":"tcl-send-report","$v":"傳送報告"},{"$i":"refresh","$v":"重新載入"},{"$i":"goBack","$v":"返回"},{"$i":"goForward","$v":"前進"},{"$i":"goToTopSites","$v":"轉至熱門網站"},{"$i":"pinToTopSites","$v":"釘選至熱門網站"},{"$i":"pinToAllApps","$v":"固定至「所有應用程式」"},{"$i":"pinToAppsMenu","$v":"固定至「應用程式功能表」"},{"$i":"viewMessages","$v":"檢視訊息"},{"$i":"downloadImage","$v":"下載影像"},{"$i":"quit","$v":"退出"},{"$i":"minimizeBrowser","$v":"最小化瀏覽器"},{"$i":"pinSiteCompletely","$v":"此網站已釘選至熱門網站。"},{"$i":"siteWasPinnedBefore","$v":"此網站曾釘選至熱門網站。"},{"$i":"pinnedSitesOverLimit","$v":"已達釘選網站數目上限。"},{"$i":"pressBackAgainToQuitBrowser","$v":"再次按「返回」以退出瀏覽器。"},{"$i":"pressBackAgainToMinimizeBrowser","$v":"再次按「返回」以最小化瀏覽器。"},{"$i":"pinSiteToAllAppsCompletely","$v":"此網站已固定至「所有應用程式」。"},{"$i":"pinSiteToAppsMenuCompletely","$v":"此網站已固定至「應用程式功能表」。"},{"$i":"siteWasPinnedToAllAppsBefore","$v":"此網站先前已固定至「所有應用程式」。"},{"$i":"siteWasPinnedToAppsMenuBefore","$v":"此網站先前已固定至「應用程式功能表」。"},{"$i":"ext-bluetooth-req","$v":"正在配對請求"},{"$i":"ext-unknown","$v":"不明"},{"$i":"ext-new-message","$v":"新訊息"},{"$i":"ext-new-mail","$v":"新增郵件"},{"$i":"ext-calendar-event","$v":"行事曆活動"},{"$i":"ext-new-notification","$v":"新通知"},{"$i":"incoming","$v":"來電"},{"$i":"ext-volume-notification","$v":"鈴聲與通知"},{"$i":"ext-volume-content","$v":"媒體"},{"$i":"ext-volume-alarm","$v":"鬧鐘"},{"$i":"ext-new-cmas","$v":"緊急"},{"$i":"phone-storage-full-body","$v":"已停止通話錄音。請刪除媒體檔案或應用程式資料以釋放空間。"},{"$i":"sd-card-full-title","$v":"SD卡已滿。"},{"$i":"sd-card-full-body","$v":"已停止通話錄音。請刪除SD卡中的檔案以釋放空間。"},{"$i":"supl-notification-title","$v":"位置請求"},{"$i":"supl-notification-message","$v":"您的位置正在傳輸給系統業者。"},{"$i":"supl-verification-title","$v":"位置請求"},{"$i":"supl-verification-message","$v":"系統業者正在請求您的位置。是否要向系統業者提供您的位置資訊？"},{"$i":"supl-verification-message-for-notification","$v":"按一下此處以確認"},{"$i":"supl-verification-confirm","$v":"是"},{"$i":"supl-verification-cancel","$v":"否"},{"$i":"supl-more-message","$v":["訊息：",{"t":"idOrVar","v":"id"},"(",{"t":"idOrVar","v":"message"},")"]},{"$i":"confirmPbapMsg","$v":[{"t":"idOrVar","v":"deviceId"},"想要存取您的連絡人和通話記錄，是否接受？"]},{"$i":"confirmTitle","$v":"藍牙請求"},{"$i":"initialValue","$v":"輸入工作階段金鑰"},{"$i":"confirmMapMsg","$v":[{"t":"idOrVar","v":"deviceId"},"想要存取您的訊息。是否要接受？"]},{"$i":"wifiCallErrorMsg","$v":["Wifi通話錯誤：",{"t":"idOrVar","v":"error"}]},{"$i":"wifiCallMissEccTitle","$v":[{"t":"idOrVar","v":"operator"}," WiFi Calling"]},{"$i":"wifiCallMissEccMsg","$v":"Emergency calls in areas with cellular coverage only"},{"$i":"battery-full-title","$v":"電池已滿"},{"$i":"battery-full-body","$v":"電池已充滿電。"},{"$i":"sim-config-title","$v":"組態"},{"$i":"sim-config-content-init","$v":["按「開始」以針對",{"t":"idOrVar","v":"carrier"},"設定您的手機。"]},{"$i":"sim-config-content-change","$v":["是否要針對",{"t":"idOrVar","v":"carrier"},"設定您的手機？"]},{"$i":"sim-config-content-line1","$v":"做得好！"},{"$i":"sim-config-content-restart","$v":"重新啟動您的手機以套用變更。"},{"$i":"sim-config-content-finish","$v":"按「確認」以完成。"},{"$i":"sim-config-content-failed","$v":["找不到",{"t":"idOrVar","v":"carrier"},"的操作模式。"]},{"$i":"sim-config-button-restart","$v":"重新啟動"},{"$i":"sim-config-button-begin","$v":"開始"},{"$i":"open-wifi-available","$v":"開啟可用WiFi網路"},{"$i":"wifi-available","$v":"可用WiFi網路"},{"$i":"wifi-no-internet-title","$v":"Wifi無法存取網際網路"},{"$i":"wifi-no-internet-body","$v":"Tap for options"},{"$i":"wifi-no-internet-header","$v":"管理Wi-Fi"},{"$i":"wifi-no-internet-content","$v":[{"t":"idOrVar","v":"name"},"無法存取網際網路，是否保持連線？"]},{"$i":"ellipses_char","$v":"…"},{"$i":"fota-title-attention","$v":"注意"},{"$i":"fota-upgrade-success","$v":["韌體升級成功，目前您的裝置版本為",{"t":"idOrVar","v":"target"},"。"]},{"$i":"fota-upgrade-failed","$v":"升級失敗，已還原上一個版本。"},{"$i":"fota-title-software-update","$v":"軟體更新"},{"$i":"fota-message-software-update-available","$v":"軟體更新可用。"},{"$i":"fota-message-software-download-failed","$v":"軟體更新下載失敗。"},{"$i":"fota-message-software-download-complete","$v":"軟體更新下載完成。"},{"$i":"network-issue-title","$v":"網絡錯誤"},{"$i":"network-issue-detail","$v":"請檢查您的連線。"},{"$i":"device-issue-title","$v":"安裝錯誤"},{"$i":"device-issue-detail","$v":"發生不明錯誤。"},{"$i":"device-issue-update-title","$v":"更新錯誤"},{"$i":"install-generic-error","$v":"下載已停止。"},{"$i":"account-authenticator-invaild-grant-notice-title","$v":"帳戶錯誤"},{"$i":"account-authenticator-invaild-grant-notice-text","$v":"再次登錄"},{"$i":"account-authenticator-no-network-error","$v":"沒有網際網路連線。"},{"$i":"account-authenticator-access-denied-error","$v":"發生不明錯誤。"},{"$i":"qtn_els_alert_high_vol","$v":"高音量提示"},{"$i":"qtn_els_alert_in_call","$v":"來電"},{"$i":"GetEmptyUssdPrompt","$v":"收到空回复。"},{"$i":"message-sent","$v":"訊息已傳送"},{"$i":"send","$v":"傳送"},{"$i":"confirmation","$v":"確認"},{"$i":"feedback-dialogview-header","$v":"回饋"},{"$i":"feedback-dialogview-message","$v":"HMD Global非常重視您的意見，請告訴我們您對新手機的看法。如果您想要稍後再填寫此問卷，您可以在「設定」中找到它。"},{"$i":"accessibility-enableScreenReaderSteps","$v":"To enable screen reader, press the volume up and then volume down buttons three more times"},{"$i":"accessibility-disableScreenReaderSteps","$v":"To disable screen reader, press the volume up and then volume down buttons three more times"},{"$i":"accessibility-screenReaderStarted","$v":"Screen reader started"},{"$i":"accessibility-screenReaderStopped","$v":"Screen reader stopped"},{"$i":"accessibility-menubar","$v":"menu bar"},{"$i":"accessibility-scrollbar","$v":"scroll bar"},{"$i":"accessibility-grip","$v":"grip"},{"$i":"accessibility-alert","$v":"alert"},{"$i":"accessibility-menupopup","$v":"menu popup"},{"$i":"accessibility-document","$v":"document"},{"$i":"accessibility-pane","$v":"pane"},{"$i":"accessibility-dialog","$v":"dialogue"},{"$i":"accessibility-separator","$v":"separator"},{"$i":"accessibility-toolbar","$v":"toolbar"},{"$i":"accessibility-statusbar","$v":"status bar"},{"$i":"accessibility-table","$v":"table"},{"$i":"accessibility-columnheader","$v":"column header"},{"$i":"accessibility-rowheader","$v":"row header"},{"$i":"accessibility-column","$v":"column"},{"$i":"accessibility-row","$v":"row"},{"$i":"accessibility-cell","$v":"cell"},{"$i":"accessibility-link","$v":"link"},{"$i":"accessibility-list","$v":"list"},{"$i":"accessibility-listitem","$v":"list item"},{"$i":"accessibility-outline","$v":"outline"},{"$i":"accessibility-outlineitem","$v":"outline item"},{"$i":"accessibility-pagetab","$v":"tab"},{"$i":"accessibility-propertypage","$v":"property page"},{"$i":"accessibility-graphic","$v":"graphic"},{"$i":"accessibility-pushbutton","$v":"button"},{"$i":"accessibility-checkbutton","$v":"check button"},{"$i":"accessibility-radiobutton","$v":"radio button"},{"$i":"accessibility-combobox","$v":"combo box"},{"$i":"accessibility-progressbar","$v":"progress bar"},{"$i":"accessibility-slider","$v":"slider"},{"$i":"accessibility-spinbutton","$v":"spin button"},{"$i":"accessibility-diagram","$v":"diagram"},{"$i":"accessibility-animation","$v":"animation"},{"$i":"accessibility-equation","$v":"equation"},{"$i":"accessibility-buttonmenu","$v":"button menu"},{"$i":"accessibility-whitespace","$v":"white space"},{"$i":"accessibility-pagetablist","$v":"tab list"},{"$i":"accessibility-canvas","$v":"canvas"},{"$i":"accessibility-checkmenuitem","$v":"檢查功能表項"},{"$i":"accessibility-label","$v":"label"},{"$i":"accessibility-passwordtext","$v":"password text"},{"$i":"accessibility-radiomenuitem","$v":"收音機功能表項"},{"$i":"accessibility-textcontainer","$v":"text container"},{"$i":"accessibility-togglebutton","$v":"toggle button"},{"$i":"accessibility-treetable","$v":"tree table"},{"$i":"accessibility-header","$v":"header"},{"$i":"accessibility-footer","$v":"footer"},{"$i":"accessibility-paragraph","$v":"paragraph"},{"$i":"accessibility-entry","$v":"entry"},{"$i":"accessibility-caption","$v":"caption"},{"$i":"accessibility-heading","$v":"heading"},{"$i":"accessibility-section","$v":"section"},{"$i":"accessibility-form","$v":"form"},{"$i":"accessibility-comboboxlist","$v":"combo box list"},{"$i":"accessibility-comboboxoption","$v":"combo box option"},{"$i":"accessibility-imagemap","$v":"image map"},{"$i":"accessibility-listboxoption","$v":"option"},{"$i":"accessibility-listbox","$v":"list box"},{"$i":"accessibility-flatequation","$v":"flat equation"},{"$i":"accessibility-gridcell","$v":"gridcell"},{"$i":"accessibility-note","$v":"note"},{"$i":"accessibility-figure","$v":"figure"},{"$i":"accessibility-definitionlist","$v":"definition list"},{"$i":"accessibility-term","$v":"term"},{"$i":"accessibility-definition","$v":"definition"},{"$i":"accessibility-textarea","$v":"text area"},{"$i":"accessibility-textInputType_date","$v":"date"},{"$i":"accessibility-textInputType_email","$v":"電子郵件"},{"$i":"accessibility-textInputType_search","$v":"search"},{"$i":"accessibility-textInputType_tel","$v":"telephone"},{"$i":"accessibility-textInputType_url","$v":"URL"},{"$i":"accessibility-headingLevel","$v":["heading level ",{"t":"idOrVar","v":"0"}]},{"$i":"accessibility-listStart","$v":"First item"},{"$i":"accessibility-listEnd","$v":"Last item"},{"$i":"accessibility-listItemsCount","$v":{"few":[{"t":"idOrVar","v":"count"}," items"],"many":[{"t":"idOrVar","v":"count"}," items"],"one":[{"t":"idOrVar","v":"count"}," item"],"other":[{"t":"idOrVar","v":"count"}," items"],"two":[{"t":"idOrVar","v":"count"}," items"],"zero":[{"t":"idOrVar","v":"count"}," items"]},"$x":[{"t":"idOrVar","v":"plural"},"count"]},{"$i":"accessibility-objItemOfN","$v":[{"t":"idOrVar","v":"0"}," of ",{"t":"idOrVar","v":"1"}]},{"$i":"accessibility-banner","$v":"banner"},{"$i":"accessibility-complementary","$v":"complementary"},{"$i":"accessibility-contentinfo","$v":"content info"},{"$i":"accessibility-main","$v":"main"},{"$i":"accessibility-navigation","$v":"navigation"},{"$i":"accessibility-search","$v":"search"},{"$i":"accessibility-tblColumnInfo","$v":{"few":["with ",{"t":"idOrVar","v":"count"}," columns"],"many":["with ",{"t":"idOrVar","v":"count"}," columns"],"one":["with ",{"t":"idOrVar","v":"count"}," column"],"other":["with ",{"t":"idOrVar","v":"count"}," columns"],"two":["with ",{"t":"idOrVar","v":"count"}," columns"],"zero":["with ",{"t":"idOrVar","v":"count"}," columns"]},"$x":[{"t":"idOrVar","v":"plural"},"count"]},{"$i":"accessibility-tblRowInfo","$v":{"few":["and ",{"t":"idOrVar","v":"count"}," rows"],"many":["and ",{"t":"idOrVar","v":"count"}," rows"],"one":["and ",{"t":"idOrVar","v":"count"}," row"],"other":["and ",{"t":"idOrVar","v":"count"}," rows"],"two":["and ",{"t":"idOrVar","v":"count"}," rows"],"zero":["and ",{"t":"idOrVar","v":"count"}," rows"]},"$x":[{"t":"idOrVar","v":"plural"},"count"]},{"$i":"accessibility-columnInfo","$v":["Column ",{"t":"idOrVar","v":"0"}]},{"$i":"accessibility-rowInfo","$v":["Row ",{"t":"idOrVar","v":"0"}]},{"$i":"accessibility-spansColumns","$v":{"few":["spans ",{"t":"idOrVar","v":"0"}," columns"],"many":["spans ",{"t":"idOrVar","v":"0"}," columns"],"one":["spans ",{"t":"idOrVar","v":"0"}," column"],"other":["spans ",{"t":"idOrVar","v":"0"}," columns"],"two":["spans ",{"t":"idOrVar","v":"0"}," columns"],"zero":["spans ",{"t":"idOrVar","v":"0"}," columns"]},"$x":[{"t":"idOrVar","v":"plural"},"0"]},{"$i":"accessibility-spansRows","$v":{"few":["spans ",{"t":"idOrVar","v":"0"}," rows"],"many":["spans ",{"t":"idOrVar","v":"0"}," rows"],"one":["spans ",{"t":"idOrVar","v":"0"}," row"],"other":["spans ",{"t":"idOrVar","v":"0"}," rows"],"two":["spans ",{"t":"idOrVar","v":"0"}," rows"],"zero":["spans ",{"t":"idOrVar","v":"0"}," rows"]},"$x":[{"t":"idOrVar","v":"plural"},"0"]},{"$i":"accessibility-jumpAction","$v":"jumped"},{"$i":"accessibility-pressAction","$v":"pressed"},{"$i":"accessibility-checkAction","$v":"checked"},{"$i":"accessibility-uncheckAction","$v":"unchecked"},{"$i":"accessibility-selectAction","$v":"選中"},{"$i":"accessibility-unselectAction","$v":"unselected"},{"$i":"accessibility-openAction","$v":"opened"},{"$i":"accessibility-closeAction","$v":"closed"},{"$i":"accessibility-switchAction","$v":"switched"},{"$i":"accessibility-clickAction","$v":"clicked"},{"$i":"accessibility-collapseAction","$v":"collapsed"},{"$i":"accessibility-expandAction","$v":"expanded"},{"$i":"accessibility-activateAction","$v":"activated"},{"$i":"accessibility-cycleAction","$v":"cycled"},{"$i":"accessibility-hidden","$v":"hidden"},{"$i":"accessibility-tabLoading","$v":"loading"},{"$i":"accessibility-tabLoaded","$v":"loaded"},{"$i":"accessibility-tabNew","$v":"new tab"},{"$i":"accessibility-tabLoadStopped","$v":"loading stopped"},{"$i":"accessibility-tabReload","$v":"reloading"},{"$i":"accessibility-stateChecked","$v":"checked"},{"$i":"accessibility-stateNotChecked","$v":"not checked"},{"$i":"accessibility-statePressed","$v":"pressed"},{"$i":"accessibility-stateExpanded","$v":"expanded"},{"$i":"accessibility-stateCollapsed","$v":"collapsed"},{"$i":"accessibility-stateUnavailable","$v":"unavailable"},{"$i":"accessibility-stateRequired","$v":"required"},{"$i":"accessibility-stateTraversed","$v":"visited"},{"$i":"accessibility-stateHasPopup","$v":"has pop up"},{"$i":"accessibility-stateSelected","$v":"選中"},{"$i":"accessibility-editingMode","$v":"editing"},{"$i":"accessibility-navigationMode","$v":"navigating"},{"$i":"accessibility-quicknav_Simple","$v":"Default"},{"$i":"accessibility-quicknav_Anchor","$v":"Anchors"},{"$i":"accessibility-quicknav_Button","$v":"Buttons"},{"$i":"accessibility-quicknav_Combobox","$v":"Combo boxes"},{"$i":"accessibility-quicknav_Landmark","$v":"Landmarks"},{"$i":"accessibility-quicknav_Entry","$v":"Entries"},{"$i":"accessibility-quicknav_FormElement","$v":"Form elements"},{"$i":"accessibility-quicknav_Graphic","$v":"Images"},{"$i":"accessibility-quicknav_Heading","$v":"Headings"},{"$i":"accessibility-quicknav_ListItem","$v":"List items"},{"$i":"accessibility-quicknav_Link","$v":"Links"},{"$i":"accessibility-quicknav_List","$v":"Lists"},{"$i":"accessibility-quicknav_PageTab","$v":"Page tabs"},{"$i":"accessibility-quicknav_RadioButton","$v":"Radio buttons"},{"$i":"accessibility-quicknav_Separator","$v":"Separators"},{"$i":"accessibility-quicknav_Table","$v":"Tables"},{"$i":"accessibility-quicknav_Checkbox","$v":"Check boxes"},{"$i":"accessibility-menubarAbbr","$v":"menu bar"},{"$i":"accessibility-scrollbarAbbr","$v":"scroll bar"},{"$i":"accessibility-gripAbbr","$v":"grip"},{"$i":"accessibility-alertAbbr","$v":"alert"},{"$i":"accessibility-menupopupAbbr","$v":"menu popup"},{"$i":"accessibility-documentAbbr","$v":"document"},{"$i":"accessibility-paneAbbr","$v":"pane"},{"$i":"accessibility-dialogAbbr","$v":"dialogue"},{"$i":"accessibility-separatorAbbr","$v":"separator"},{"$i":"accessibility-toolbarAbbr","$v":"toolbar"},{"$i":"accessibility-statusbarAbbr","$v":"status bar"},{"$i":"accessibility-tableAbbr","$v":"tbl"},{"$i":"accessibility-columnheaderAbbr","$v":"column header"},{"$i":"accessibility-rowheaderAbbr","$v":"row header"},{"$i":"accessibility-columnAbbr","$v":"column"},{"$i":"accessibility-rowAbbr","$v":"row"},{"$i":"accessibility-cellAbbr","$v":"cell"},{"$i":"accessibility-linkAbbr","$v":"lnk"},{"$i":"accessibility-listAbbr","$v":"list"},{"$i":"accessibility-listitemAbbr","$v":"list item"},{"$i":"accessibility-outlineAbbr","$v":"outline"},{"$i":"accessibility-outlineitemAbbr","$v":"outline item"},{"$i":"accessibility-pagetabAbbr","$v":"tab"},{"$i":"accessibility-propertypageAbbr","$v":"property page"},{"$i":"accessibility-graphicAbbr","$v":"graphic"},{"$i":"accessibility-pushbuttonAbbr","$v":"btn"},{"$i":"accessibility-checkbuttonAbbr","$v":"check button"},{"$i":"accessibility-radiobuttonAbbr","$v":"radio button"},{"$i":"accessibility-comboboxAbbr","$v":"combo box"},{"$i":"accessibility-progressbarAbbr","$v":"progress bar"},{"$i":"accessibility-sliderAbbr","$v":"slider"},{"$i":"accessibility-spinbuttonAbbr","$v":"spin button"},{"$i":"accessibility-diagramAbbr","$v":"diagram"},{"$i":"accessibility-animationAbbr","$v":"animation"},{"$i":"accessibility-equationAbbr","$v":"equation"},{"$i":"accessibility-buttonmenuAbbr","$v":"button menu"},{"$i":"accessibility-whitespaceAbbr","$v":"white space"},{"$i":"accessibility-pagetablistAbbr","$v":"tab list"},{"$i":"accessibility-canvasAbbr","$v":"canvas"},{"$i":"accessibility-checkmenuitemAbbr","$v":"check menu item"},{"$i":"accessibility-labelAbbr","$v":"label"},{"$i":"accessibility-passwordtextAbbr","$v":"passwdtxt"},{"$i":"accessibility-radiomenuitemAbbr","$v":"radio menu item"},{"$i":"accessibility-textcontainerAbbr","$v":"text container"},{"$i":"accessibility-togglebuttonAbbr","$v":"toggle button"},{"$i":"accessibility-treetableAbbr","$v":"tree table"},{"$i":"accessibility-headerAbbr","$v":"header"},{"$i":"accessibility-footerAbbr","$v":"footer"},{"$i":"accessibility-paragraphAbbr","$v":"paragraph"},{"$i":"accessibility-entryAbbr","$v":"entry"},{"$i":"accessibility-captionAbbr","$v":"caption"},{"$i":"accessibility-headingAbbr","$v":"heading"},{"$i":"accessibility-sectionAbbr","$v":"section"},{"$i":"accessibility-formAbbr","$v":"form"},{"$i":"accessibility-comboboxlistAbbr","$v":"combo box list"},{"$i":"accessibility-comboboxoptionAbbr","$v":"combo box option"},{"$i":"accessibility-imagemapAbbr","$v":"imgmap"},{"$i":"accessibility-listboxoptionAbbr","$v":"option"},{"$i":"accessibility-listboxAbbr","$v":"list box"},{"$i":"accessibility-flatequationAbbr","$v":"flat equation"},{"$i":"accessibility-gridcellAbbr","$v":"gridcell"},{"$i":"accessibility-noteAbbr","$v":"note"},{"$i":"accessibility-figureAbbr","$v":"fig"},{"$i":"accessibility-definitionlistAbbr","$v":"definition list"},{"$i":"accessibility-termAbbr","$v":"term"},{"$i":"accessibility-definitionAbbr","$v":"definition"},{"$i":"accessibility-textareaAbbr","$v":"txtarea"},{"$i":"accessibility-tblColumnInfoAbbr","$v":{"few":[{"t":"idOrVar","v":"count"},"c"],"many":[{"t":"idOrVar","v":"count"},"c"],"one":[{"t":"idOrVar","v":"count"},"c"],"other":[{"t":"idOrVar","v":"count"},"c"],"two":[{"t":"idOrVar","v":"count"},"c"]},"$x":[{"t":"idOrVar","v":"plural"},"count"]},{"$i":"accessibility-tblRowInfoAbbr","$v":{"few":[{"t":"idOrVar","v":"count"},"r"],"many":[{"t":"idOrVar","v":"count"},"r"],"one":[{"t":"idOrVar","v":"count"},"r"],"other":[{"t":"idOrVar","v":"count"},"r"],"two":[{"t":"idOrVar","v":"count"},"r"]},"$x":[{"t":"idOrVar","v":"plural"},"count"]},{"$i":"accessibility-cellInfoAbbr","$v":["c",{"t":"idOrVar","v":"0"},"r",{"t":"idOrVar","v":"1"}]},{"$i":"accessibility-stateCheckedAbbr","$v":"(x)"},{"$i":"accessibility-stateUncheckedAbbr","$v":"( )"},{"$i":"accessibility-statePressedAbbr","$v":"(x)"},{"$i":"accessibility-stateUnpressedAbbr","$v":"( )"},{"$i":"accessibility-pushbutton-hint","$v":"Double tap to activate"},{"$i":"accessibility-checkbutton-hint","$v":"Double tap to activate"},{"$i":"accessibility-combobox-hint","$v":"Double tap to activate"},{"$i":"accessibility-key-hint","$v":"Tap and hold to activate"},{"$i":"accessibility-link-hint","$v":"Double tap to activate"},{"$i":"accessibility-menuitem-hint","$v":"Double tap to activate"},{"$i":"accessibility-option-hint","$v":"Double tap to activate"},{"$i":"accessibility-radiobutton-hint","$v":"Double tap to activate"},{"$i":"accessibility-slider-hint","$v":"Swipe up to increase or down to decrease"},{"$i":"accessibility-spinbutton-hint","$v":"Swipe up to increase or down to decrease"},{"$i":"accessibility-pagetab-hint","$v":"Double tap to activate"},{"$i":"accessibility-entry-hint","$v":"Double tap to activate"},{"$i":"accessibility-outlineitem-hint","$v":"Double tap to activate"},{"$i":"SoftLeft","$v":"左軟鍵"},{"$i":"Enter","$v":"確認鍵"},{"$i":"SoftRight","$v":"右軟鍵"},{"$i":"weekday-0-long","$v":"星期日"},{"$i":"weekday-1-long","$v":"星期一"},{"$i":"weekday-2-long","$v":"星期二"},{"$i":"weekday-3-long","$v":"星期三"},{"$i":"weekday-4-long","$v":"星期四"},{"$i":"weekday-5-long","$v":"星期五"},{"$i":"weekday-6-long","$v":"星期六"},{"$i":"weekday-0-short","$v":"周日"},{"$i":"weekday-1-short","$v":"周一"},{"$i":"weekday-2-short","$v":"周二"},{"$i":"weekday-3-short","$v":"周三"},{"$i":"weekday-4-short","$v":"周四"},{"$i":"weekday-5-short","$v":"周五"},{"$i":"weekday-6-short","$v":"周六"},{"$i":"month-0-long","$v":"一月"},{"$i":"month-1-long","$v":"二月"},{"$i":"month-2-long","$v":"三月"},{"$i":"month-3-long","$v":"四月"},{"$i":"month-4-long","$v":"五月"},{"$i":"month-5-long","$v":"六月"},{"$i":"month-6-long","$v":"七月"},{"$i":"month-7-long","$v":"八月"},{"$i":"month-8-long","$v":"九月"},{"$i":"month-9-long","$v":"十月"},{"$i":"month-10-long","$v":"十一月"},{"$i":"month-11-long","$v":"十二月"},{"$i":"month-0-genitive","$v":"一月"},{"$i":"month-1-genitive","$v":"二月"},{"$i":"month-2-genitive","$v":"三月"},{"$i":"month-3-genitive","$v":"四月"},{"$i":"month-4-genitive","$v":"五月"},{"$i":"month-5-genitive","$v":"六月"},{"$i":"month-6-genitive","$v":"七月"},{"$i":"month-7-genitive","$v":"八月"},{"$i":"month-8-genitive","$v":"九月"},{"$i":"month-9-genitive","$v":"十月"},{"$i":"month-10-genitive","$v":"十一月"},{"$i":"month-11-genitive","$v":"十二月"},{"$i":"month-0-short","$v":"1月"},{"$i":"month-1-short","$v":"2月"},{"$i":"month-2-short","$v":"3月"},{"$i":"month-3-short","$v":"4月"},{"$i":"month-4-short","$v":"5月"},{"$i":"month-5-short","$v":"6月"},{"$i":"month-6-short","$v":"7月"},{"$i":"month-7-short","$v":"8月"},{"$i":"month-8-short","$v":"9月"},{"$i":"month-9-short","$v":"10月"},{"$i":"month-10-short","$v":"11月"},{"$i":"month-11-short","$v":"12月"},{"$i":"minutes-ago-long","$v":{"few":[{"t":"idOrVar","v":"value"},"分鐘前"],"many":[{"t":"idOrVar","v":"value"},"分鐘前"],"one":"一分鐘前","other":[{"t":"idOrVar","v":"value"},"分鐘前"],"two":[{"t":"idOrVar","v":"value"},"分鐘前"],"zero":"現在"},"$x":[{"t":"idOrVar","v":"plural"},"value"]},{"$i":"hours-ago-long","$v":{"few":[{"t":"idOrVar","v":"value"},"小時前"],"many":[{"t":"idOrVar","v":"value"},"小時前"],"one":"1小時前","other":[{"t":"idOrVar","v":"value"},"小時前"],"two":[{"t":"idOrVar","v":"value"},"小時前"],"zero":"現在"},"$x":[{"t":"idOrVar","v":"plural"},"value"]},{"$i":"days-ago-long","$v":{"few":[{"t":"idOrVar","v":"value"},"天前"],"many":[{"t":"idOrVar","v":"value"},"天前"],"one":"昨天","other":[{"t":"idOrVar","v":"value"},"天前"],"two":[{"t":"idOrVar","v":"value"},"天前"],"zero":"今天"},"$x":[{"t":"idOrVar","v":"plural"},"value"]},{"$i":"weeks-ago-long","$v":{"few":[{"t":"idOrVar","v":"value"},"星期前"],"many":[{"t":"idOrVar","v":"value"},"星期前"],"one":"上週","other":[{"t":"idOrVar","v":"value"},"星期前"],"two":[{"t":"idOrVar","v":"value"},"星期前"],"zero":"本週"},"$x":[{"t":"idOrVar","v":"plural"},"value"]},{"$i":"months-ago-long","$v":{"few":[{"t":"idOrVar","v":"value"},"個月前"],"many":[{"t":"idOrVar","v":"value"},"個月前"],"one":"上個月","other":[{"t":"idOrVar","v":"value"},"個月前"],"two":[{"t":"idOrVar","v":"value"},"個月前"],"zero":"本月"},"$x":[{"t":"idOrVar","v":"plural"},"value"]},{"$i":"years-ago-long","$v":{"few":[{"t":"idOrVar","v":"value"},"年前"],"many":[{"t":"idOrVar","v":"value"},"年前"],"one":"上一年","other":[{"t":"idOrVar","v":"value"},"年前"],"two":[{"t":"idOrVar","v":"value"},"年前"],"zero":"今年"},"$x":[{"t":"idOrVar","v":"plural"},"value"]},{"$i":"minutes-until-long","$v":{"few":["在",{"t":"idOrVar","v":"value"},"分鐘後"],"many":["在",{"t":"idOrVar","v":"value"},"分鐘後"],"one":"在1分鐘後","other":["在",{"t":"idOrVar","v":"value"},"分鐘後"],"two":["在",{"t":"idOrVar","v":"value"},"分鐘後"],"zero":"現在"},"$x":[{"t":"idOrVar","v":"plural"},"value"]},{"$i":"hours-until-long","$v":{"few":["在",{"t":"idOrVar","v":"value"},"小時後"],"many":["在",{"t":"idOrVar","v":"value"},"小時後"],"one":"在1小時後","other":["在",{"t":"idOrVar","v":"value"},"小時後"],"two":["在",{"t":"idOrVar","v":"value"},"小時後"],"zero":"現在"},"$x":[{"t":"idOrVar","v":"plural"},"value"]},{"$i":"days-until-long","$v":{"few":["在",{"t":"idOrVar","v":"value"},"天後"],"many":["在",{"t":"idOrVar","v":"value"},"天後"],"one":"明天","other":["在",{"t":"idOrVar","v":"value"},"天後"],"two":["在",{"t":"idOrVar","v":"value"},"天後"],"zero":"今天"},"$x":[{"t":"idOrVar","v":"plural"},"value"]},{"$i":"weeks-until-long","$v":{"few":["在",{"t":"idOrVar","v":"value"},"週後"],"many":["在",{"t":"idOrVar","v":"value"},"週後"],"one":"下週","other":["在",{"t":"idOrVar","v":"value"},"週後"],"two":["在",{"t":"idOrVar","v":"value"},"週後"],"zero":"本週"},"$x":[{"t":"idOrVar","v":"plural"},"value"]},{"$i":"months-until-long","$v":{"few":["在",{"t":"idOrVar","v":"value"},"個月後"],"many":["在",{"t":"idOrVar","v":"value"},"個月後"],"one":"下個月","other":["在",{"t":"idOrVar","v":"value"},"個月後"],"two":["在",{"t":"idOrVar","v":"value"},"個月後"],"zero":"本月"},"$x":[{"t":"idOrVar","v":"plural"},"value"]},{"$i":"years-until-long","$v":{"few":["在",{"t":"idOrVar","v":"value"},"年後"],"many":["在",{"t":"idOrVar","v":"value"},"年後"],"one":"明年","other":["在",{"t":"idOrVar","v":"value"},"年後"],"two":["在",{"t":"idOrVar","v":"value"},"年後"],"zero":"今年"},"$x":[{"t":"idOrVar","v":"plural"},"value"]},{"$i":"minutes-ago-short","$v":{"other":[{"t":"idOrVar","v":"value"},"分鐘前"],"zero":"現在"},"$x":[{"t":"idOrVar","v":"plural"},"value"]},{"$i":"hours-ago-short","$v":{"other":[{"t":"idOrVar","v":"value"},"小時前"],"zero":"現在"},"$x":[{"t":"idOrVar","v":"plural"},"value"]},{"$i":"days-ago-short","$v":{"other":[{"t":"idOrVar","v":"value"},"天前"],"zero":"今天"},"$x":[{"t":"idOrVar","v":"plural"},"value"]},{"$i":"minutes-until-short","$v":{"other":["在",{"t":"idOrVar","v":"value"},"分鐘後"],"zero":"現在"},"$x":[{"t":"idOrVar","v":"plural"},"value"]},{"$i":"hours-until-short","$v":{"other":["在",{"t":"idOrVar","v":"value"},"小時後"],"zero":"現在"},"$x":[{"t":"idOrVar","v":"plural"},"value"]},{"$i":"days-until-short","$v":{"other":["在",{"t":"idOrVar","v":"value"},"天後"],"zero":"今天"},"$x":[{"t":"idOrVar","v":"plural"},"value"]},{"$i":"incorrectDate","$v":"(日期不正確)"},{"$i":"dateTimeFormat_%c","$v":"%a %b %e %Y %I:%M:%S %p"},{"$i":"dateTimeFormat_%x","$v":"%m/%d/%Y"},{"$i":"dateTimeFormat_%X","$v":"%I:%M:%S %p"},{"$i":"shortTimeFormat","$v":"%I:%M %p"},{"$i":"shortTimeFormat12","$v":"%I:%M %p"},{"$i":"shortTimeFormat24","$v":"%H:%M"},{"$i":"shortDateTimeFormat","$v":"%x %I:%M %p"},{"$i":"weekStartsOnMonday","$v":"0.0"},{"$i":"firstDayOfTheWeek","$v":"0.0"},{"$i":"time_am","$v":"上午"},{"$i":"time_pm","$v":"下午"},{"$i":"title-app","$v":"應用程式權限"},{"$i":"title-web","$v":"網站權限"},{"$i":"title-cam","$v":"選取相機"},{"$i":"perm-alarms","$v":"排程鬧鐘"},{"$i":"perm-audio-capture","$v":"麥克風"},{"$i":"perm-audio-capture-appRequest","$v":["是否要將麥克風與",{"t":"idOrVar","v":"app"},"分享？"]},{"$i":"perm-audio-capture-webRequest","$v":["是否要將麥克風與",{"t":"idOrVar","v":"site"},"分享？"]},{"$i":"perm-audio-channel-content","$v":"播放聲音"},{"$i":"perm-audio-channel-notification","$v":"播放通知聲音"},{"$i":"perm-audio-channel-ringer","$v":"Play Ringtone Sounds"},{"$i":"perm-background-sensors","$v":"存取感應器數據"},{"$i":"perm-bluetooth","$v":"藍牙"},{"$i":"perm-browser","$v":"插入網頁"},{"$i":"perm-camera","$v":"相機"},{"$i":"perm-camera-selector-appRequest","$v":["為",{"t":"idOrVar","v":"app"},"選取相機。"]},{"$i":"perm-camera-selector-webRequest","$v":["為",{"t":"idOrVar","v":"site"},"選取相機。"]},{"$i":"perm-camera-appRequest","$v":[{"t":"idOrVar","v":"app"},"想要使用您的相機。"]},{"$i":"perm-camera-webRequest","$v":[{"t":"idOrVar","v":"site"},"想要使用您的相機。"]},{"$i":"perm-cellbroadcast","$v":"區域廣播"},{"$i":"perm-contacts","$v":"通訊錄"},{"$i":"perm-contacts-appRequest","$v":[{"t":"idOrVar","v":"app"},"想要存取您的連絡人清單。"]},{"$i":"perm-contacts-webRequest","$v":[{"t":"idOrVar","v":"site"},"想要存取您的連絡人清單。"]},{"$i":"perm-desktop-notification","$v":"通知"},{"$i":"perm-desktop-notification-appRequest","$v":[{"t":"idOrVar","v":"app"},"想要顯示通知。"]},{"$i":"perm-desktop-notification-webRequest","$v":[{"t":"idOrVar","v":"site"},"想要顯示通知。"]},{"$i":"perm-device-storage-apps","$v":"應用程式儲存空間"},{"$i":"perm-device-storage-music","$v":"音樂儲存空間"},{"$i":"perm-device-storage-music-appRequest","$v":[{"t":"idOrVar","v":"app"},"想要存取您的音樂。"]},{"$i":"perm-device-storage-music-webRequest","$v":[{"t":"idOrVar","v":"site"},"想要存取您的音樂。"]},{"$i":"perm-device-storage-pictures","$v":"影像儲存空間"},{"$i":"perm-device-storage-pictures-appRequest","$v":[{"t":"idOrVar","v":"app"},"想要存取您的影像。"]},{"$i":"perm-device-storage-pictures-webRequest","$v":[{"t":"idOrVar","v":"site"},"想要存取您的影像。"]},{"$i":"perm-device-storage-sdcard","$v":"記憶卡儲存空間"},{"$i":"perm-device-storage-sdcard-appRequest","$v":[{"t":"idOrVar","v":"app"},"想要存取您的記憶卡。"]},{"$i":"perm-device-storage-sdcard-webRequest","$v":[{"t":"idOrVar","v":"site"},"想要存取您的記憶卡。"]},{"$i":"perm-device-storage-videos","$v":"影片儲存空間"},{"$i":"perm-device-storage-videos-appRequest","$v":[{"t":"idOrVar","v":"app"},"想要存取您的影片庫。"]},{"$i":"perm-device-storage-videos-webRequest","$v":[{"t":"idOrVar","v":"site"},"想要存取您的影片庫。"]},{"$i":"perm-fullscreen-appRequest","$v":[{"t":"idOrVar","v":"app"},"現在為全螢幕。"]},{"$i":"perm-fullscreen-webRequest","$v":[{"t":"idOrVar","v":"site"},"現在為全螢幕。"]},{"$i":"perm-embed-apps","$v":"內嵌應用程式"},{"$i":"perm-fmradio","$v":"FM收音機"},{"$i":"perm-fmradio-appRequest","$v":[{"t":"idOrVar","v":"app"},"想要使用FM收音機。"]},{"$i":"perm-fmradio-webRequest","$v":[{"t":"idOrVar","v":"site"},"想要使用FM收音機。"]},{"$i":"perm-geolocation","$v":"地理位置"},{"$i":"perm-geolocation-appRequest","$v":[{"t":"idOrVar","v":"app"},"想要獲取您的位置。"]},{"$i":"perm-geolocation-more-info","$v":[{"t":"idOrVar","v":"brandShortName"},"可使用GPS和其他補充資訊(如WiFi和行動網路)獲取您的大致位置。",{"t":"idOrVar","v":"brandShortName"},"和服務提供商可能使用位置資料來改善位置資料庫的精確度和涵蓋範圍。當應用程式需要存取您的裝置位置時，",{"t":"idOrVar","v":"brandShortName"},"將一律詢問是否具有權限。"]},{"$i":"perm-geolocation-webRequest","$v":[{"t":"idOrVar","v":"site"},"想要獲取您的位置。"]},{"$i":"perm-idle","$v":"請查看閒置狀態"},{"$i":"perm-indexedDB-chrome-settings","$v":"有權限的IndexedDB"},{"$i":"perm-indexedDB-unlimited","$v":"無限IndexedDB儲存空間"},{"$i":"perm-input-manage","$v":"管理鍵盤"},{"$i":"perm-input","$v":"充當鍵盤"},{"$i":"perm-media-capture","$v":"相機與麥克風"},{"$i":"perm-media-capture-appRequest","$v":["是否要將相機和麥克風與",{"t":"idOrVar","v":"app"},"分享？"]},{"$i":"perm-media-capture-webRequest","$v":["是否要將相機和麥克風與",{"t":"idOrVar","v":"site"},"分享？"]},{"$i":"perm-mobileconnection","$v":"手機連線"},{"$i":"perm-mobileid","$v":"手機識別"},{"$i":"perm-network-events","$v":"網路活動"},{"$i":"perm-open-remote-window","$v":"啟動應用程式"},{"$i":"perm-permissions","$v":"修改應用程式權限"},{"$i":"perm-power","$v":"電源設定"},{"$i":"perm-settings","$v":"修改設定"},{"$i":"perm-systemXHR","$v":"跨域請求"},{"$i":"perm-telephony","$v":"電話"},{"$i":"perm-video-capture","$v":"相機"},{"$i":"perm-video-capture-appRequest","$v":["是否要將相機與",{"t":"idOrVar","v":"app"},"分享？"]},{"$i":"perm-video-capture-webRequest","$v":["是否要將相機與",{"t":"idOrVar","v":"site"},"分享？"]},{"$i":"perm-voicemail","$v":"控制語音留言"},{"$i":"perm-webapps-manage","$v":"安裝網路應用程式"},{"$i":"perm-wifi-manage","$v":"管理Wi-Fi"},{"$i":"perm-attention","$v":"開啟覆疊快顯"},{"$i":"perm-audio-channel-alarm","$v":"播放鬧鐘聲音"},{"$i":"perm-audio-channel-normal","$v":"播放聲音"},{"$i":"perm-audio-channel-publicnotification","$v":"播放公開通知聲音"},{"$i":"perm-audio-channel-telephony","$v":"播放電話聲音"},{"$i":"perm-backgroundservice","$v":"充當背景服務"},{"$i":"perm-device-storage-crashes","$v":"當機數據儲存"},{"$i":"perm-downloads","$v":"存取下載"},{"$i":"perm-embed-widgets","$v":"內嵌Widget"},{"$i":"perm-feature-detection","$v":"功能偵測"},{"$i":"perm-firefox-accounts","$v":"Firefox帳號"},{"$i":"perm-mobilenetwork","$v":"行動網路"},{"$i":"perm-moz-attention","$v":"開啟覆疊快顯(moz)"},{"$i":"perm-moz-audio-channel-ringer","$v":"Play Ringtone Sounds (moz)"},{"$i":"perm-moz-audio-channel-telephony","$v":"播放電話聲音(moz)"},{"$i":"perm-moz-firefox-accounts","$v":"Firefox帳號(moz)"},{"$i":"perm-networkstats-manage","$v":"控制用量統計資料"},{"$i":"perm-nfc","$v":"NFC"},{"$i":"perm-nfc-hci-events","$v":"NFC HCI活動"},{"$i":"perm-nfc-manager","$v":"管理NFC"},{"$i":"perm-phonenumberservice","$v":"電話號碼服務"},{"$i":"perm-push","$v":"推送API"},{"$i":"perm-resourcestats-manage","$v":"資源統計資料"},{"$i":"perm-sms","$v":"傳送和讀取簡訊"},{"$i":"perm-speaker-control","$v":"控制音量"},{"$i":"perm-storage","$v":"存取儲存空間"},{"$i":"perm-tcp-socket","$v":"TCP通訊端"},{"$i":"perm-test-permission","$v":"Test Permission"},{"$i":"perm-time","$v":"設定日期和時間"},{"$i":"perm-udp-socket","$v":"UDP通訊端"},{"$i":"perm-wappush","$v":"WAP推送"},{"$i":"stopped_download_title","$v":"下載已停止"},{"$i":"tcl-stopped_download_message","$v":"此下載已停止。是否要恢復下載？"},{"$i":"stopped_download_left_button","$v":"取消"},{"$i":"stopped_download_right_button","$v":"再試一次"},{"$i":"failed_download_title","$v":"下載失敗"},{"$i":"failed_download_message","$v":[{"t":"idOrVar","v":"name"},"無法下載。再次嘗試下載？"]},{"$i":"failed_download_left_button","$v":"取消"},{"$i":"failed_download_right_button","$v":"再試一次"},{"$i":"stop_download_title","$v":"停止下載"},{"$i":"stop_download_message","$v":"確認要停止下載？"},{"$i":"stop_download_left_button","$v":"取消"},{"$i":"stop_download_right_button","$v":"停止"},{"$i":"delete_download_title","$v":"刪除"},{"$i":"delete_download_message","$v":["刪除\"",{"t":"idOrVar","v":"name"},"\"？"]},{"$i":"delete_download_left_button","$v":"取消"},{"$i":"delete_download_right_button","$v":"刪除"},{"$i":"delete_all_download_title","$v":"刪除"},{"$i":"delete_all_download_left_button","$v":"取消"},{"$i":"delete_all_download_right_button","$v":"刪除"},{"$i":"delete_all_download_message_ext","$v":"刪除所選的檔案？"},{"$i":"delete_all_download_message","$v":{"few":["刪除",{"t":"idOrVar","v":"number"},"個檔案？"],"many":["刪除",{"t":"idOrVar","v":"number"},"個檔案？"],"one":"刪除1個檔案？","other":["刪除",{"t":"idOrVar","v":"number"},"個檔案？"],"two":["刪除",{"t":"idOrVar","v":"number"},"個檔案？"],"zero":"不刪除任何檔案？"},"$x":[{"t":"idOrVar","v":"plural"},"number"]},{"$i":"unsupported_file_type_download_title","$v":"無法開啟"},{"$i":"unsupported_file_type_download_message","$v":["沒有可開啟",{"t":"idOrVar","v":"name"},"的應用程式。是否要儲存檔案或將其刪除？"]},{"$i":"unsupported_file_type_download_left_button","$v":"保留檔案"},{"$i":"unsupported_file_type_download_right_button","$v":"刪除"},{"$i":"file_not_found_download_title","$v":"找不到檔案"},{"$i":"file_not_found_download_message","$v":"在裝置上找不到檔案"},{"$i":"file_not_found_download_right_button","$v":"確認"},{"$i":"unmounted_sdcard_2_download_title","$v":"記憶卡正在使用中"},{"$i":"unmounted_sdcard_2_download_message","$v":"拔除手機"},{"$i":"unmounted_sdcard_2_download_right_button","$v":"確認"},{"$i":"no_provider_download_title","$v":"無法開啟"},{"$i":"no_provider_download_message","$v":"此檔案格式無效或不受支援。"},{"$i":"no_provider_download_right_button","$v":"確認"},{"$i":"no_memory_download_title","$v":"SD卡已滿"},{"$i":"no_memory_download_message","$v":"您的SD卡中沒有更多空間可用於儲存下載。請先移除一些檔案，然後再重新啟動下載。"},{"$i":"no_memory_download_right_button","$v":"確認"},{"$i":"no_sdcard_found_2_download_title","$v":"找不到記憶卡"},{"$i":"no_sdcard_found_2_download_message","$v":"插入記憶卡或在設定中選取備用預設媒體位置"},{"$i":"no_sdcard_found_2_download_right_button","$v":"確認"},{"$i":"file_open_error_download_title","$v":"確認"},{"$i":"file_open_error_download_message","$v":"此檔案格式無效或不受支援。是否要刪除該檔案？"},{"$i":"file_open_error_download_left_button","$v":"保留檔案"},{"$i":"file_open_error_download_right_button","$v":"刪除"},{"$i":"restart_download_error","$v":"重新啟動下載時發生錯誤。請再次嘗試下載。"},{"$i":"no-downloads","$v":"無下載"},{"$i":"percentage","$v":[{"t":"idOrVar","v":"percentage"},"%"]},{"$i":"partialResult","$v":[{"t":"idOrVar","v":"partial"},"/",{"t":"idOrVar","v":"total"}]},{"$i":"summary","$v":[{"t":"idOrVar","v":"date"}," - ",{"t":"idOrVar","v":"status"}]},{"$i":"download-stopped","$v":"已停止"},{"$i":"download-failed","$v":"下載失敗"},{"$i":"open_downloaded_file","$v":"開啟"},{"$i":"share_downloaded_file","$v":"分享"},{"$i":"wallpaper_downloaded_file","$v":"設定為桌布"},{"$i":"ringtone_downloaded_file","$v":"設定為鈴聲"},{"$i":"cancel_downloaded_file","$v":"取消"},{"$i":"voicemailNoNumberTitle","$v":"語音留言號碼無法使用"},{"$i":"voicemailNoNumberText","$v":"無法呼叫語音留言。請設定語音留言號碼以進行呼叫。"},{"$i":"voicemailNoNumberSettings","$v":"設定"},{"$i":"voicemailNoNumberCancel","$v":"取消"},{"$i":"airplaneMode","$v":"飛航模式"},{"$i":"noNetwork","$v":"無網路"},{"$i":"roaming","$v":[{"t":"idOrVar","v":"operator"},"(漫遊)"]},{"$i":"operator-info","$v":[{"t":"idOrVar","v":"carrier"}," ",{"t":"idOrVar","v":"region"}]},{"$i":"emergencyCallsOnly","$v":"只能撥出緊急電話"},{"$i":"emergencyCallsOnly-unknownSIMState","$v":"(不明SIM卡狀態)"},{"$i":"emergencyCallsOnly-noSIM","$v":"(無SIM卡)"},{"$i":"emergencyCallsOnly-pinRequired","$v":"(需要SIM卡PIN)"},{"$i":"emergencyCallsOnly-pukRequired","$v":"(需要SIM卡PUK)"},{"$i":"emergencyCallsOnly-networkLocked","$v":"(網路已鎖定)"},{"$i":"emergencyCallsOnly-serviceProviderLocked","$v":"(服務提供商已鎖定)"},{"$i":"emergencyCallsOnly-corporateLocked","$v":"(公司已鎖定)"},{"$i":"emergencyCallsOnly-network1Locked","$v":"(網路1已鎖定)"},{"$i":"emergencyCallsOnly-network2Locked","$v":"(網路2已鎖定)"},{"$i":"emergencyCallsOnly-hrpdNetworkLocked","$v":"(hrpd網路已鎖定)"},{"$i":"emergencyCallsOnly-ruimCorporateLocked","$v":"(ruim公司已鎖定)"},{"$i":"emergencyCallsOnly-ruimServiceProviderLocked","$v":"(ruim服務提供商已鎖定)"},{"$i":"lockscreen-sim-id","$v":["SIM ",{"t":"idOrVar","v":"n"}]},{"$i":"charging-no-time","$v":["已充電",{"t":"idOrVar","v":"level"},"%"]},{"$i":"charging-minutes","$v":{"few":["已充電",{"t":"idOrVar","v":"level"},"%(還有",{"t":"idOrVar","v":"minutes"},"分鐘可充滿電)"],"many":["已充電",{"t":"idOrVar","v":"level"},"%(還有",{"t":"idOrVar","v":"minutes"},"分鐘可充滿電)"],"one":["已充電",{"t":"idOrVar","v":"level"},"%(還有",{"t":"idOrVar","v":"minutes"},"分鐘可充滿電)"],"other":["已充電",{"t":"idOrVar","v":"level"},"%(還有",{"t":"idOrVar","v":"minutes"},"分鐘可充滿電)"],"two":["已充電",{"t":"idOrVar","v":"level"},"%(還有",{"t":"idOrVar","v":"minutes"},"分鐘可充滿電)"],"zero":["已充電",{"t":"idOrVar","v":"level"},"%(還有",{"t":"idOrVar","v":"minutes"},"分鐘可充滿電)"]},"$x":[{"t":"idOrVar","v":"plural"},"minutes"]},{"$i":"charging-hours","$v":{"few":["已充電",{"t":"idOrVar","v":"level"},"%(還有",{"t":"idOrVar","v":"hours"},"小時",{"t":"idOrVar","v":"minutes"},"分鐘可充滿電)"],"many":["已充電",{"t":"idOrVar","v":"level"},"%(還有",{"t":"idOrVar","v":"hours"},"小時",{"t":"idOrVar","v":"minutes"},"分鐘可充滿電)"],"one":["已充電",{"t":"idOrVar","v":"level"},"%(還有",{"t":"idOrVar","v":"hours"},"小時",{"t":"idOrVar","v":"minutes"},"分鐘可充滿電)"],"other":["已充電",{"t":"idOrVar","v":"level"},"%(還有",{"t":"idOrVar","v":"hours"},"小時",{"t":"idOrVar","v":"minutes"},"分鐘可充滿電)"],"two":["已充電",{"t":"idOrVar","v":"level"},"%(還有",{"t":"idOrVar","v":"hours"},"小時",{"t":"idOrVar","v":"minutes"},"分鐘可充滿電)"],"zero":["已充電",{"t":"idOrVar","v":"level"},"%(還有",{"t":"idOrVar","v":"hours"},"小時",{"t":"idOrVar","v":"minutes"},"分鐘可充滿電)"]},"$x":[{"t":"idOrVar","v":"plural"},"minutes"]},{"$i":"network-error-in-app","$v":"目前無法存取網際網路。"},{"$i":"network-error-launching","$v":[{"t":"idOrVar","v":"name"},"需要網際網路連線。"]},{"$i":"network-error-launching-title","$v":"沒有網際網路連線"},{"$i":"network-error-launching-message","$v":"使用Wi-Fi或行動數據存取網際網路。"},{"$i":"server-not-found","$v":"找不到伺服器"},{"$i":"server-not-found-error","$v":["在",{"t":"idOrVar","v":"name"},"中找不到伺服器。"]},{"$i":"file-not-found","$v":"找不到檔案"},{"$i":"file-not-found-error","$v":"裝置無法顯示此頁面，因為找不到檔案。"},{"$i":"connection-failed","$v":"無法連線"},{"$i":"connection-failed-error","$v":"嘗試連線網站時發生網路錯誤。"},{"$i":"invalid-connection","$v":"無法連線"},{"$i":"invalid-connection-error","$v":"嘗試連線網站時發生網路錯誤。"},{"$i":"malformed-uri","$v":"網址無效"},{"$i":"malformed-uri-error","$v":"輸入的URL無效且無法載入。"},{"$i":"redirect-loop","$v":"無法顯示頁面"},{"$i":"redirect-loop-error","$v":"裝置無法顯示此頁面，因為該頁面未正確重新導向。請稍後再次嘗試此頁面。"},{"$i":"not-cached","$v":"頁面已過期"},{"$i":"not-cached-error","$v":"做為一種安全性措施，裝置無法顯示此頁面，因為該頁面已過期。"},{"$i":"is-printing","$v":"存取遭拒"},{"$i":"is-printing-error","$v":"在列印中或列印預覽時無法修改文件。"},{"$i":"denied-port-access","$v":"地址受限制"},{"$i":"denied-port-access-error","$v":"此地址使用通常用於除網頁瀏覽以外目的的網路埠。裝置已取消請求來為您提供保護。"},{"$i":"proxy-resolve-failure","$v":"代理伺服器錯誤"},{"$i":"proxy-resolve-failure-error","$v":"裝置已設定為使用無法找到的代理伺服器。"},{"$i":"proxy-connect-failure","$v":"代理伺服器錯誤"},{"$i":"proxy-connect-failure-error","$v":"裝置已設定為使用拒絕連線的代理伺服器。"},{"$i":"content-encoding","$v":"無法顯示頁面"},{"$i":"content-encoding-error","$v":"裝置無法顯示此頁面，因為發生內容編碼錯誤。"},{"$i":"remote-xul","$v":"頁面不受支援"},{"$i":"remote-xul-error","$v":"無法顯示此頁面，因為所使用的技術在裝置上不受支援。"},{"$i":"phishing-blocked","$v":"警告"},{"$i":"phishing-blocked-error","$v":"網站已報告為欺騙網站，目的是誘騙使用者分享個人或財務資訊。"},{"$i":"malware-blocked","$v":"已攔截惡意軟體攻擊"},{"$i":"malware-blocked-error","$v":"網站已報告為攻擊網站。裝置已攔截請求來為您提供保護。"},{"$i":"unsafe-content-type","$v":"不安全的內容"},{"$i":"unsafe-content-type-error","$v":"無法顯示此頁面，因為開啟此頁面可能不安全。"},{"$i":"corrupted-content","$v":"無法連線"},{"$i":"corrupted-content-error","$v":"無法顯示此頁面，因為在數據傳輸中偵測到錯誤。"},{"$i":"unknown-protocol-found","$v":"頁面不受支援"},{"$i":"unknown-protocol-found-error","$v":"無法顯示頁面，因為所使用的技術在裝置上不受支援。"},{"$i":"try-again","$v":"再試一次"},{"$i":"check-settings","$v":"檢查設定"},{"$i":"firefox-accounts-title","$v":"KaiOS帳號"},{"$i":"firefox-accounts-title-sign-in","$v":"登入"},{"$i":"firefox-accounts-title-create-account","$v":"建立帳號"},{"$i":"kaios-accounts-title-about-kaios-account","$v":"關於KaiOS帳號"},{"$i":"kaios-accounts-phone-verification","$v":"手機驗證"},{"$i":"kaios-accounts-title-account-info","$v":"帳號資訊"},{"$i":"fxa-next","$v":"下一步"},{"$i":"fxa-back","$v":"返回"},{"$i":"fxa-done","$v":"已完成"},{"$i":"fxa-ok","$v":"確認"},{"$i":"tcl-changessaved","$v":"變更已儲存"},{"$i":"tcl-verification-mail-has-been-sent","$v":"驗證連結已傳送至"},{"$i":"fxa-decline","$v":"拒絕"},{"$i":"fxa-accept","$v":"接受"},{"$i":"fxa-sining-in","$v":"正在登入..."},{"$i":"not-now","$v":"不是現在"},{"$i":"send-sms","$v":"傳送簡訊"},{"$i":"resend-sms","$v":"重新傳送簡訊"},{"$i":"fxa-connection-error-title","$v":"無法連線"},{"$i":"fxa-connection-error-message","$v":"可以建立帳號或從「設定」登入。"},{"$i":"fxa-reset-password-error-title","$v":"重設密碼"},{"$i":"fxa-reset-password-error-message","$v":"可以從「設定」重設密碼。"},{"$i":"fxa-incorrect-email-address-or-password","$v":"fxa incorrect email address or password"},{"$i":"fxa-internet-connection-is-required","$v":"fxa需要網際網路連線"},{"$i":"fxa-server-error","$v":"伺服器錯誤，請稍後再試"},{"$i":"fxa-server-error-2","$v":"錯誤"},{"$i":"fxa-server-error-message","$v":"無法建立帳號。請稍後再試一次。"},{"$i":"fxa-server-error-message-2","$v":"伺服器無法使用，請稍後再試一次。"},{"$i":"fxa-offline-error-title","$v":"無法連線"},{"$i":"fxa-offline-error-message","$v":"請透過「設定」連線至網路。"},{"$i":"fxa-offline-error-message-1","$v":"沒有網際網路連線。"},{"$i":"fxa-invalid-email-title","$v":"錯誤"},{"$i":"fxa-invalid-email-message","$v":"請輸入有效的電子郵件。"},{"$i":"fxa-invalid-password-title","$v":"錯誤"},{"$i":"fxa-invalid-password-message","$v":"電子郵件地址或密碼不正確"},{"$i":"fxa-invalid-password-message-1","$v":"密碼不正確。"},{"$i":"fxa-unknown-error-title","$v":"無法連線"},{"$i":"fxa-unknown-error-message","$v":"系統無法使用，請稍後再試一次。"},{"$i":"fxa-email-is-taken-title","$v":"錯誤"},{"$i":"fxa-email-is-taken-message","$v":"此電子郵件已有一個帳號。請登入您的帳號。"},{"$i":"fxa-confirm-age-title","$v":"錯誤"},{"$i":"fxa-confirm-age-message","$v":"請確認您的年齡超過13歲"},{"$i":"fxa-account-does-not-exist","$v":"錯誤"},{"$i":"fxa-account-does-not-exist-message","$v":"電子郵件地址或密碼不正確"},{"$i":"fxa-account-does-not-exist-message-1","$v":"Account does not exist."},{"$i":"fxa-password-dont-match","$v":"錯誤"},{"$i":"fxa-password-dont-match-message","$v":"密碼不符。"},{"$i":"fxa-password-less","$v":"錯誤"},{"$i":"fxa-password-less-message","$v":"密碼少於8個字元。"},{"$i":"fxa-password-less-message-1","$v":"密碼少於8個字元。"},{"$i":"fxa-password-more","$v":"錯誤"},{"$i":"fxa-password-more-message","$v":"密碼超過20個字元。"},{"$i":"fxa-password-more-message-1","$v":"密碼超過20個字元。"},{"$i":"fxa-password-error","$v":"錯誤"},{"$i":"fxa-password-error-message","$v":"密碼必須介於8到20個字元之間，且使用字母與數字組合。"},{"$i":"fxa-connecting","$v":"正在連線"},{"$i":"fxa-enter-phone-number-message","$v":"請輸入您的電話號碼。將會傳送簡訊並啟用自動驗證。"},{"$i":"fxa-sms-has-been-sent-message","$v":"簡訊已傳送。一旦接收，將立即啟用自動驗證。只需坐在一旁，盡情享受！"},{"$i":"fxa-time-remaining","$v":"剩餘時間："},{"$i":"fxa-sms-verification-failed-message","$v":"簡訊驗證失敗。請確認您的手機並按「重新傳送簡訊」以再試一次。"},{"$i":"fxa-phone-number-label","$v":"電話號碼"},{"$i":"fxa-enter-your-infomation","$v":"請輸入您的資訊。"},{"$i":"fxa-birthday-label","$v":"生日"},{"$i":"fxa-birthday-select","$v":"選取"},{"$i":"fxa-gender-label","$v":"性別"},{"$i":"fxa-gender-select","$v":"選取"},{"$i":"fxa-gender-male","$v":"男"},{"$i":"fxa-gender-female","$v":"女"},{"$i":"fxa-gender-confidential","$v":"機密"},{"$i":"fxa-enter-email-input","placeholder":"輸入您的電子郵件"},{"$i":"fxa-use-email-to-sign-in","$v":"請輸入電子郵件。您的電子郵件將成為您的帳號名稱。"},{"$i":"fxa-notice","$v":["透過繼續，即表示我同意KaiOS雲端服務的",{"t":"idOrVar","v":"tos"},"和",{"t":"idOrVar","v":"pn"},"。"]},{"$i":"fxa-placeholder","$v":"此處為電子郵件"},{"$i":"fxa-tos","$v":"服務條款"},{"$i":"fxa-pn","$v":"隱私權聲明"},{"$i":"fxa-create-account-title","$v":"建立帳號"},{"$i":"fxa-show-age-title","$v":"我已超過13嵗"},{"$i":"fxa-enter-password-title","$v":"請輸入密碼。您的密碼必須具有8到20個字元，且同時包含字母和數字。"},{"$i":"fxa-enter-password-title-1","$v":"請輸入密碼。您的密碼必須具有8到20個字元，且同時包含字母和數字。"},{"$i":"fxa-setup-password-title","$v":"設定密碼"},{"$i":"fxa-create-password-title","$v":"建立密碼"},{"$i":"fxa-hello-user","$v":[{"t":"idOrVar","v":"email"},"，您好"]},{"$i":"fxa-password-refresh","$v":"請輸入KaiOS帳號密碼以繼續。"},{"$i":"fxa-password","$v":"密碼","placeholder":"密碼"},{"$i":"fxa-forgot-your-password","$v":"忘記密碼？"},{"$i":"fxa-show-password","$v":"顯示密碼"},{"$i":"fxa-password-length-requirement","$v":"密碼長度必須至少為8個字元。"},{"$i":"fxa-confirm-account","$v":"確認您的帳號"},{"$i":"fxa-will-send-email","$v":"已建立您的帳號。"},{"$i":"fxa-signup-click-verification-link-in-email","$v":["我們已將確認電子郵件傳送至",{"t":"idOrVar","v":"email"},"。請檢查您的收件匣，然後驗證並啟動您的帳號。"]},{"$i":"fxa-access-manage-account-settings","$v":"啟動連結將在24小時後過期。"},{"$i":"fxa-signup-success-title","$v":"已建立帳號"},{"$i":"about-kaios-account-text","$v":"Lorem ipsum dolor sit amet, con-sectetur adipiscing elit, sed do eiusmod tempor incididunt ut labore et dolore magna aliqua. Ut enim ad minim veniam, quis nos-trud exercitation ullamco laboris nisi ut aliquip ex ea commodo consequat. Duis aute irure dolor in reprehenderit in voluptate velit esse cillum dolore eu fugiat nulla pariatur. Excepteur sint occaecat cupidatat non proident, sunt in culpa qui officia deserunt mollit anim id est laborum."},{"$i":"about-kaios-account-text1","$v":"KaiOS帳號為KaiOS服務提供驗證。此帳號會識別使用者和裝置，並允許存取裝置和其他服務遠端管理等功能。"},{"$i":"about-kaios-account-text2","$v":"建立帳號需要電子郵件地址和密碼。使用者必須透過在帳號建立期間傳送的電子郵件連結來驗證電子郵件地址。帳號將不會啟動，直到此電子郵件地址驗證為止。"},{"$i":"about-kaios-account-text3","$v":"透過繼續建立帳號，即表示您同意條款與隱私權聲明。"},{"$i":"fxa-signin-email","$v":"帳號名稱"},{"$i":"fxa-signin-password","$v":"密碼"},{"$i":"fxa-signin-success-title","$v":"您的帳號"},{"$i":"fxa-signin-lsk","$v":"忘記密碼"},{"$i":"fxa-signin-rsk","$v":"登入"},{"$i":"fxa-change-password-title","$v":"變更密碼"},{"$i":"fxa-change-password-description","$v":"輸入您的目前密碼並設定新密碼。"},{"$i":"fxa-new-password","$v":"新密碼"},{"$i":"fxa-changing-password","$v":"正在變更密碼..."},{"$i":"fxa-forgot-password-title","$v":"忘記密碼"},{"$i":"fxa-forgot-password","$v":"忘記密碼"},{"$i":"fxa-forgot-password-sk","$v":"忘記PWD"},{"$i":"fxa-forgot-password-success-title","$v":"重設密碼郵件已傳送"},{"$i":"fxa-reset-password-succcess-content","$v":"用於重設密碼的電子郵件已傳送至電子郵件帳號。"},{"$i":"fxa-reset-password-succcess-content-part2","$v":"請檢查您的電子郵件收件匣並重設密碼。"},{"$i":"fxa-sign-out-title","$v":"防盜已啟用"},{"$i":"fxa-sign-out-intro","$v":"請確認您要關閉防盜功能並登出。"},{"$i":"fxa-sign-out-intro-1","$v":"請確認您要關閉防盜模式並登出。"},{"$i":"fxa-signout-email","$v":"您的帳號"},{"$i":"fxa-confirm-password","$v":"確認密碼"},{"$i":"fxa-signing-out","$v":"正在登出..."},{"$i":"fxa-sign-out-error-title","$v":"錯誤"},{"$i":"fxa-sign-out-error-message","$v":"帳號登出失敗。請稍後再試"},{"$i":"fxa-sign-out-error-message-1","$v":"帳號登出失敗。請稍後再試一次。"},{"$i":"fxa-connection-is-required-title","$v":"錯誤"},{"$i":"fxa-connection-is-required-message","$v":"需要網際網路連線"},{"$i":"fxa-check-password-title","$v":"停用防盜"},{"$i":"fxa-disable-antitheft-checkpassword-message","$v":"請確認您要關閉防盜功能。"},{"$i":"fxa-reset-factory-checkpassword-message","$v":"若要重設裝置，您需要輸入密碼並停用防盜功能。"},{"$i":"fxa-reset-factory-checkpassword-message-1","$v":"若要重設裝置，您需要輸入密碼並停用防盜模式。"},{"$i":"fxa-enter-email-to-reset-password","$v":"請輸入您的帳號電子郵件，我們將向您傳送重設密碼的連結。"},{"$i":"fxa-enter-email-to-reset-password-1","$v":"請輸入您的帳號電子郵件，我們將向您傳送重設密碼的連結。"},{"$i":"fxa-account-not-found","$v":"找不到帳號。請重試。"},{"$i":"fxa-multiple-sign-in-attempts-title","$v":"多次登入嘗試"},{"$i":"fxa-multiple-sign-in-attempts-content","$v":"您已多次輸入錯誤的密碼"},{"$i":"fxa-multiple-sign-in-attempts-content-1","$v":"您已多次輸入錯誤的密碼。"},{"$i":"fxa-multiple-sign-in-attempts-content-retry","$v":"請稍後再試"},{"$i":"shortDateFormat","$v":"%B %d, %Y"}]